period,region_id,region_name_en,indicator,unit,region_cell_count,valid_days,daily_region_mean_p50,daily_region_mean_p90,daily_region_mean_p95,daily_region_mean_max,daily_region_max_p50,daily_region_max_p90,daily_region_max_p95,daily_region_max_max,daily_spatial_p95_p50,daily_spatial_p95_p90,daily_spatial_p95_p95,daily_spatial_p95_max
annual,SA-01,Riyadh Region,daily_precip_total,mm,3309,363,0,0.22618189,0.65767778,5.9121523,0,7,11.45,54.75,0,1.5,3.675,29
annual,SA-01,Riyadh Region,t2m_c,degC,3309,362,29.191586,36.690515,37.145204,37.944083,32.878357,40.360703,40.731068,41.734833,31.783813,39.230527,39.619978,40.734833
annual,SA-01,Riyadh Region,tmax_c,degC,3309,363,35.179925,42.987381,43.40509,44.258419,38.449982,46.629999,47.461298,48.350006,37.662476,45.550006,46.445599,47.100006
annual,SA-01,Riyadh Region,tmin_c,degC,3309,363,23.105655,29.464314,30.036606,30.575635,27.163513,34.565533,35.209995,36.602905,26.412537,32.764996,33.5836,34.579315
annual,SA-01,Riyadh Region,wind10_speed,m s-1,3309,364,3.4802039,4.8932188,5.2821409,7.5109264,6.3748331,8.297553,8.922254,11.068317,5.3496361,6.9464322,7.5683026,8.8372297
annual,SA-01,Riyadh Region,pwat,kg m-2,3309,292,15.152162,21.02207,23.336589,31.5731,20.607924,28.196859,35.609137,49.599998,19.105118,26.552036,31.384138,47.099998
annual,SA-01,Riyadh Region,ivt,kg m-1 s-1,3309,291,76.492917,145.15152,168.29109,279.35603,145.49521,271.39756,331.30405,494.95818,127.71513,232.83622,282.38518,459.33138
annual,SA-01,Riyadh Region,wind850_speed,m s-1,3309,291,5.8057081,8.21567,8.9031494,12.43064,10.489596,13.367482,14.586563,17.683117,9.1382732,12.059165,13.06526,15.163209
annual,SA-01,Riyadh Region,wind_shear_850_200,m s-1,3309,291,19.135785,42.470864,46.352888,57.692058,29.75728,52.397343,58.352184,73.052315,27.619181,50.165314,54.338902,65.589111
annual,SA-01,Riyadh Region,omega500,Pa s-1,3309,292,0.013543265,0.056031079,0.068848331,0.1764515,0.16399097,0.32793512,0.39836485,0.60224819,0.090543985,0.17407134,0.20135118,0.38788295
annual,SA-01,Riyadh Region,geopotential_height500,gpm,3309,293,5889.3695,5913.5165,5918.0644,5936.1583,5899.3164,5925.2599,5928.4446,5948.1362,5897.2207,5921.4018,5926.175,5946.5112
annual,SA-02,Makkah Region,daily_precip_total,mm,1202,363,0.0067137511,0.49281998,1.1586167,6.1103795,1.25,20.25,29.45,125,0,2.7,5.4237488,22.224976
annual,SA-02,Makkah Region,t2m_c,degC,1202,362,29.00944,34.110037,34.675664,35.731601,33.523453,38.397195,39.096289,40.602814,32.544228,36.894724,37.708864,39.283142
annual,SA-02,Makkah Region,tmax_c,degC,1202,363,34.243856,40.07312,40.500658,41.487889,39.550018,46.401813,47.248846,48.8013,38.444664,43.842706,44.687567,46.353088
annual,SA-02,Makkah Region,tmin_c,degC,1202,363,23.547651,28.202987,28.605207,29.757972,29.559357,33.116132,33.606729,36.149994,27.852509,31.163422,31.635979,32.991905
annual,SA-02,Makkah Region,wind10_speed,m s-1,1202,364,3.3220104,4.8790052,5.2834273,6.5665598,7.4923971,9.6598147,10.080227,15.079572,5.8782492,7.8978156,8.4415356,11.872541
annual,SA-02,Makkah Region,pwat,kg m-2,1202,292,17.872626,26.566206,30.04103,39.681699,33.980577,47.173495,50.827824,62.130993,29.6,42.685386,45.630832,59.605968
annual,SA-02,Makkah Region,ivt,kg m-1 s-1,1202,291,86.589871,157.42746,181.32962,222.88141,162.69754,309.71152,354.66003,445.8365,128.81769,237.95285,275.8316,384.27869
annual,SA-02,Makkah Region,wind850_speed,m s-1,1202,291,5.657977,8.54383,9.5426913,11.371462,10.882947,14.146223,14.829049,22.266626,9.5669765,12.729581,13.684744,19.010183
annual,SA-02,Makkah Region,wind_shear_850_200,m s-1,1202,291,20.706182,42.908854,48.171282,56.169724,27.928617,49.212849,54.814808,67.222771,25.264679,47.817505,52.853926,64.081291
annual,SA-02,Makkah Region,omega500,Pa s-1,1202,292,0.013342948,0.054618835,0.066400755,0.1092807,0.26517057,0.45456405,0.54176142,0.84478045,0.12084126,0.21251101,0.2472206,0.51508141
annual,SA-02,Makkah Region,geopotential_height500,gpm,1202,293,5892.7621,5917.6362,5922.4943,5935.5223,5900.8457,5927.1592,5933.1204,5942.8267,5896.9072,5921.648,5928.1454,5940.4517
annual,SA-03,Al Madinah Region,daily_precip_total,mm,1317,363,0,0.30414857,0.78037188,8.0056488,0,8.7,15.725,70.375,0,1.95,3.9799988,32.899994
annual,SA-03,Al Madinah Region,t2m_c,degC,1317,362,27.580453,33.847883,34.703869,36.992371,32.521576,38.313617,39.646733,42.470734,31.223373,36.664799,37.839095,39.979889
annual,SA-03,Al Madinah Region,tmax_c,degC,1317,363,33.68531,40.295244,40.967592,43.39476,39.249786,45.819,46.949158,48.75,37.682121,43.663763,44.741968,46.449982
annual,SA-03,Al Madinah Region,tmin_c,degC,1317,363,21.069152,26.820382,27.723351,29.388939,27.850189,32.23504,33.464526,35.925079,25.373749,30.156,31.137975,33.187469
annual,SA-03,Al Madinah Region,wind10_speed,m s-1,1317,364,2.9531612,4.5531669,4.8046647,5.3960654,7.317354,9.2713138,10.079519,14.720086,5.2255909,7.0436855,7.468463,9.105298
annual,SA-03,Al Madinah Region,pwat,kg m-2,1317,292,13.651688,21.725853,23.941112,29.556035,22.1,34.055046,37.838933,53.099998,18.654639,29.1,33.656274,49.599998
annual,SA-03,Al Madinah Region,ivt,kg m-1 s-1,1317,291,72.496948,142.779,174.87714,306.11909,140.86585,251.75213,319.73799,504.86074,117.38075,218.28813,274.09194,443.10888
annual,SA-03,Al Madinah Region,wind850_speed,m s-1,1317,291,5.374427,7.7405562,8.6964466,11.616892,10.061598,13.069556,14.14886,21.59878,8.6959972,11.278586,12.313928,15.701859
annual,SA-03,Al Madinah Region,wind_shear_850_200,m s-1,1317,291,18.73959,45.620976,51.034479,69.019435,28.267851,53.948666,60.059315,75.058418,25.949301,51.242157,57.978769,71.73748
annual,SA-03,Al Madinah Region,omega500,Pa s-1,1317,292,0.011659657,0.054882725,0.068937146,0.23948139,0.24207139,0.41737976,0.49873366,1.0046558,0.12714505,0.21654526,0.2619159,0.55437291
annual,SA-03,Al Madinah Region,geopotential_height500,gpm,1317,293,5886.2004,5922.074,5929.8414,5943.962,5898.1064,5933.5347,5942.6133,5958.4927,5893.6338,5926.9616,5935.1425,5953.7427
annual,SA-04,Eastern Region,daily_precip_total,mm,4923,363,0,0.19820632,0.53817479,5.0524347,0,5.5,9.4875,54.75,0,1.5,3.7,30.75
annual,SA-04,Eastern Region,t2m_c,degC,4923,362,31.615799,39.208081,39.929749,41.312366,34.680923,42.577002,43.025412,43.850006,33.819366,41.415375,42.025412,43.350006
annual,SA-04,Eastern Region,tmax_c,degC,4923,363,37.737449,46.072756,47.000943,48.347695,40.350006,48.435248,49.050018,50.748322,40.163727,47.560699,48.472119,49.962555
annual,SA-04,Eastern Region,tmin_c,degC,4923,363,24.776466,32.278635,32.797913,34.06684,28.835999,36.928241,37.604111,38.820526,27.332916,35.342719,35.89769,37.132263
annual,SA-04,Eastern Region,wind10_speed,m s-1,4923,364,3.5565534,5.0974962,5.7810705,7.7226043,6.6329751,8.664879,9.4685344,11.714346,5.3222814,7.4559486,7.769191,9.9068174
annual,SA-04,Eastern Region,pwat,kg m-2,4923,292,16.805984,28.206812,30.694219,43.307017,26.607381,41.607272,45.622116,63.099998,23.706324,38.123279,41.342156,61.599998
annual,SA-04,Eastern Region,ivt,kg m-1 s-1,4923,291,88.599672,165.76302,180.92483,247.36195,179.11794,308.27597,360.53965,531.7215,148.60417,270.77073,311.01628,424.19859
annual,SA-04,Eastern Region,wind850_speed,m s-1,4923,291,5.2274016,9.4367797,10.305074,12.363424,10.978176,16.642132,18.467773,22.66869,9.1775131,14.576239,16.466846,20.010405
annual,SA-04,Eastern Region,wind_shear_850_200,m s-1,4923,291,20.095193,35.957926,41.311099,55.950699,31.619284,49.746113,55.314402,77.316887,29.400732,47.729649,53.20269,74.774956
annual,SA-04,Eastern Region,omega500,Pa s-1,4923,292,0.018668999,0.065475221,0.078965465,0.16195286,0.15122938,0.30171711,0.36596657,0.62360573,0.088045835,0.16417031,0.19551892,0.32733607
annual,SA-04,Eastern Region,geopotential_height500,gpm,4923,293,5884.836,5904.0767,5909.2372,5926.0479,5898.4458,5921.4696,5926.6916,5947.7612,5897.0708,5918.1876,5924.0637,5945.7612
annual,SA-05,Al-Qassim Region,daily_precip_total,mm,611,363,0,0.8076942,1.579976,7.6919338,0,5.2,9.7,30.5,0,2.725,5.25,26.625
annual,SA-05,Al-Qassim Region,t2m_c,degC,611,362,27.620727,35.611056,36.327999,37.73589,29.614349,36.98569,37.949896,39.120789,29.07814,36.740985,37.546098,38.975006
annual,SA-05,Al-Qassim Region,tmax_c,degC,611,363,33.560966,42.14276,42.842633,44.503552,35.351227,43.99964,44.478864,46.149994,35.037476,43.539679,43.99743,45.649994
annual,SA-05,Al-Qassim Region,tmin_c,degC,611,363,21.020755,28.281714,28.898953,30.834631,23.420746,30.839984,31.69472,32.895172,22.555634,30.226849,31.111865,32.25
annual,SA-05,Al-Qassim Region,wind10_speed,m s-1,611,364,3.2419876,5.006906,5.4257409,7.6580012,5.0731516,6.9448996,7.4463556,9.0616903,4.6368556,6.4692435,6.9172073,8.5310917
annual,SA-05,Al-Qassim Region,pwat,kg m-2,611,292,13.668858,21.03945,22.188978,27.296877,15.590961,23.999909,25.668641,29.59737,15.081573,23.145431,25.20205,29.09737
annual,SA-05,Al-Qassim Region,ivt,kg m-1 s-1,611,291,58.825514,157.39209,190.56931,368.51996,104.47086,206.47357,268.44018,435.67273,94.446183,182.26546,241.87134,420.57898
annual,SA-05,Al-Qassim Region,wind850_speed,m s-1,611,291,5.2127383,8.3757629,9.4387981,14.713693,8.4836941,11.455292,12.909755,17.365574,7.6641603,10.622641,12.28042,16.590965
annual,SA-05,Al-Qassim Region,wind_shear_850_200,m s-1,611,291,20.694208,45.416902,50.9416,64.529679,25.990475,50.942898,57.183708,73.763321,24.945444,49.648796,56.139517,73.021706
annual,SA-05,Al-Qassim Region,omega500,Pa s-1,611,292,0.015641698,0.074740786,0.098235803,0.39404799,0.11390054,0.28689342,0.36779847,0.70721889,0.077258945,0.19835324,0.24852825,0.63446498
annual,SA-05,Al-Qassim Region,geopotential_height500,gpm,611,293,5883.1472,5919.942,5925.4525,5946.4318,5891.7051,5924.2044,5929.0707,5948.5112,5888.8643,5923.303,5928.1437,5948.3862
annual,SA-06,Hayel Region,daily_precip_total,mm,1021,363,0,0.3638266,1.3885557,5.8695675,0,4.45,10.45,28.75,0,1.6,5,16.625
annual,SA-06,Hayel Region,t2m_c,degC,1021,362,25.747248,33.248839,33.883442,36.237296,28.423416,36.672388,37.705174,39.100006,27.744461,35.72395,36.656653,38.172333
annual,SA-06,Hayel Region,tmax_c,degC,1021,363,31.73102,40.201879,40.759403,42.989825,34.25,43.041669,43.728369,45.350006,33.417267,42.119611,42.648859,44.449982
annual,SA-06,Hayel Region,tmin_c,degC,1021,363,18.951166,25.944251,26.584328,29.111896,22.540405,30.50152,31.29668,33.009155,21.435211,28.969635,29.850171,31.738708
annual,SA-06,Hayel Region,wind10_speed,m s-1,1021,364,3.1899745,4.6129522,5.2717339,6.5426745,5.6044617,7.4583798,8.028603,12.185988,4.8321114,6.5377564,7.0477251,8.258606
annual,SA-06,Hayel Region,pwat,kg m-2,1021,292,12.436802,19.099513,21.078942,24.285298,15.231235,23.107013,24.95108,28.1,14.575886,22.107013,23.869693,28.1
annual,SA-06,Hayel Region,ivt,kg m-1 s-1,1021,291,66.477753,140.30457,187.51996,370.70294,110.18172,204.80293,281.05617,457.94277,101.07388,186.45844,265.98037,444.20233
annual,SA-06,Hayel Region,wind850_speed,m s-1,1021,291,5.31541,8.2363122,9.5622995,11.916126,8.8900356,12.075683,13.24247,18.090475,7.8618603,11.025998,12.371153,17.414114
annual,SA-06,Hayel Region,wind_shear_850_200,m s-1,1021,291,22.372802,46.009148,51.248484,67.963876,28.240709,52.696045,58.253489,74.703522,26.975725,50.536221,56.743458,74.122856
annual,SA-06,Hayel Region,omega500,Pa s-1,1021,292,0.016002024,0.072212315,0.09793657,0.32068735,0.16287732,0.33618307,0.39807229,0.65839076,0.10261559,0.2005079,0.23949385,0.54608607
annual,SA-06,Hayel Region,geopotential_height500,gpm,1021,293,5875.9073,5919.6545,5927.1509,5946.4175,5887.623,5927.3717,5933.0141,5949.2612,5884.623,5924.4097,5930.5439,5948.3862
annual,SA-07,Tabuk Region,daily_precip_total,mm,1260,363,0,0.097210464,0.38152563,11.121248,0,3.875,8.9,80.25,0,0.5,2,55.381241
annual,SA-07,Tabuk Region,t2m_c,degC,1260,362,24.905907,31.290497,32.208518,36.580053,30.434448,35.523788,36.996538,42.599945,29.200531,34.208091,35.833731,40.622101
annual,SA-07,Tabuk Region,tmax_c,degC,1260,363,31.284803,38.428915,38.995236,43.129126,37.20224,43.184888,44.846234,49.949982,36.016876,41.748724,43.221448,48.294556
annual,SA-07,Tabuk Region,tmin_c,degC,1260,363,18.34721,24.018275,25.487377,29.674583,26.89621,30.6427,31.378641,37.395782,23.516876,27.695148,29.152375,34.020782
annual,SA-07,Tabuk Region,wind10_speed,m s-1,1260,364,2.572871,3.760708,4.2004727,5.2784126,6.6399806,9.6015011,10.56316,12.987504,4.3621325,6.0093847,6.4877272,10.621782
annual,SA-07,Tabuk Region,pwat,kg m-2,1260,292,12.420289,18.367986,20.896466,26.433545,20.150589,30.0975,33.563749,43.700001,16.602117,25.16143,29.614928,38.392353
annual,SA-07,Tabuk Region,ivt,kg m-1 s-1,1260,291,60.502965,122.45077,146.71814,344.10666,113.39059,205.95265,250.2101,484.29565,95.995497,177.71756,229.97832,440.63247
annual,SA-07,Tabuk Region,wind850_speed,m s-1,1260,291,4.2702126,6.6949124,7.4496823,10.628813,8.7394381,11.742872,13.000346,17.94928,7.0937362,10.160319,11.170077,16.508432
annual,SA-07,Tabuk Region,wind_shear_850_200,m s-1,1260,291,23.653879,46.545119,51.586362,70.216468,31.633869,55.105042,61.85527,80.684097,29.216785,53.375153,59.945396,75.636322
annual,SA-07,Tabuk Region,omega500,Pa s-1,1260,292,0.024701072,0.086128503,0.1157898,0.44381006,0.29738879,0.59367299,0.6737902,1.2760837,0.13584822,0.29195676,0.36992719,0.72442341
annual,SA-07,Tabuk Region,geopotential_height500,gpm,1260,293,5868.1453,5918.1337,5926.6828,5952.537,5889.3838,5927.8701,5935.426,5966.7427,5882.2124,5923.7737,5932.8676,5959.374
annual,SA-08,Northern Borders Region,daily_precip_total,mm,1065,363,0,0.40272062,1.063692,6.9627794,0,4.25,8.975,32.6875,0,1.6,4.6125,20.662495
annual,SA-08,Northern Borders Region,t2m_c,degC,1065,362,26.125776,35.338767,36.301657,38.633885,29.226654,38.623761,39.385823,41.120789,28.650848,37.740985,38.78439,40.234833
annual,SA-08,Northern Borders Region,tmax_c,degC,1065,363,31.981268,41.55263,42.594822,45.088389,35.39389,45.149994,46.085828,47.649994,34.53125,44.206451,44.969275,47.049988
annual,SA-08,Northern Borders Region,tmin_c,degC,1065,363,19.892284,28.636621,29.396854,31.608653,23.408478,32.263055,33.312317,35.754791,22.464727,31.217636,32.030737,34.102905
annual,SA-08,Northern Borders Region,wind10_speed,m s-1,1065,364,3.3431111,5.2526595,5.6873659,8.4853915,5.768425,7.6620749,8.487519,12.584535,5.1087024,6.9200053,7.5685361,11.927549
annual,SA-08,Northern Borders Region,pwat,kg m-2,1065,292,12.97638,17.993457,20.218596,26.058968,16.115196,24.192247,26.0999,30.09383,15.540687,22.690491,25.1,29.5
annual,SA-08,Northern Borders Region,ivt,kg m-1 s-1,1065,291,79.56172,155.07361,177.17868,300.73242,127.79848,239.35893,289.64598,489.81,115.01086,225.01769,266.7857,470.17389
annual,SA-08,Northern Borders Region,wind850_speed,m s-1,1065,291,4.7601685,8.1932732,9.2947756,13.718638,9.172946,12.676467,13.885496,18.969715,7.7929273,11.503644,12.499094,17.57172
annual,SA-08,Northern Borders Region,wind_shear_850_200,m s-1,1065,291,25.232259,41.597828,46.636423,64.457958,33.315365,50.158527,55.435078,76.793007,31.576015,47.954216,53.688883,75.582489
annual,SA-08,Northern Borders Region,omega500,Pa s-1,1065,292,0.02653905,0.08519246,0.10411123,0.26932025,0.14862895,0.32195837,0.36767502,0.60626674,0.10176431,0.21412693,0.26076217,0.39577925
annual,SA-08,Northern Borders Region,geopotential_height500,gpm,1065,293,5859.2295,5912.332,5922.4335,5939.1301,5879.2344,5922.0863,5928.1142,5956.0166,5876.1797,5920.3236,5927.369,5952.3916
annual,SA-09,Jazan Region,daily_precip_total,mm,134,363,0.21719643,1.9336709,3.1852926,22.967201,5.125,43.2,60.975,254.875,0.875,9.5499985,14.531874,100.45625
annual,SA-09,Jazan Region,t2m_c,degC,134,362,30.433217,33.741165,34.276828,35.907574,32.582474,36.145023,37.061635,39.284637,32.425674,35.844806,36.771555,38.744011
annual,SA-09,Jazan Region,tmax_c,degC,134,363,34.515055,38.990554,40.19526,42.006209,37.406036,42.570001,44.747934,46.649994,37.049957,42.309991,44.21756,46.149994
annual,SA-09,Jazan Region,tmin_c,degC,134,363,26.830432,29.447815,29.748629,32.195531,30.145416,31.905048,32.372473,35.818512,29.191254,31.549738,32.149994,35.318512
annual,SA-09,Jazan Region,wind10_speed,m s-1,134,364,2.2720646,2.9310278,3.2865319,4.2341708,4.3007197,7.5982562,8.1546026,10.156806,3.2807672,5.6319025,6.4571526,8.9350834
annual,SA-09,Jazan Region,pwat,kg m-2,134,292,31.35186,45.764965,49.647667,61.316527,38.789618,53.193129,57.11248,68.630989,37.80196,52.670163,56.83748,68.130989
annual,SA-09,Jazan Region,ivt,kg m-1 s-1,134,291,63.327897,160.7905,194.80863,311.65351,126.88765,299.82163,342.29796,471.10279,99.706386,242.30956,303.15917,446.48561
annual,SA-09,Jazan Region,wind850_speed,m s-1,134,291,2.2166174,4.9586086,6.1950468,9.1977547,5.6242156,12.761887,14.58919,18.867105,4.4570069,10.968944,13.671536,15.944035
annual,SA-09,Jazan Region,wind_shear_850_200,m s-1,134,291,18.73731,32.578451,36.436081,42.781689,22.226238,36.136726,40.463066,47.678192,20.979092,34.881187,39.18758,47.142033
annual,SA-09,Jazan Region,omega500,Pa s-1,134,292,0.012837237,0.062402416,0.080167358,0.15823433,0.27452278,0.50212853,0.59849958,0.72289848,0.15808724,0.33551127,0.37278665,0.48881644
annual,SA-09,Jazan Region,geopotential_height500,gpm,134,293,5889.6905,5907.7504,5911.6738,5922.3181,5897.1831,5916.3431,5920.0388,5930.4341,5893.4785,5912.2526,5916.1269,5925.5215
annual,SA-10,Najran Region,daily_precip_total,mm,753,363,0,0.0050409581,0.13738896,3.1736908,0,0.5,3.3375,38.875,0,0,0.5,15.25
annual,SA-10,Najran Region,t2m_c,degC,753,362,29.51313,35.044739,35.597898,36.557583,32.288315,38.475317,39.204802,40.222137,31.41408,37.801794,38.493292,39.622135
annual,SA-10,Najran Region,tmax_c,degC,753,363,34.93054,41.394524,42.090193,42.890163,37.750092,44.923578,45.544794,46.649994,37.274445,44.128876,44.939981,45.899994
annual,SA-10,Najran Region,tmin_c,degC,753,363,22.556052,29.068048,29.754501,31.40419,25.711151,32.655859,33.803339,35.668732,24.887451,31.868036,33.173151,34.539886
annual,SA-10,Najran Region,wind10_speed,m s-1,753,364,3.3109611,4.8184505,5.299823,6.8403474,5.2986183,6.8010421,7.4625035,10.29215,4.5065708,6.1578999,6.6855767,9.3379936
annual,SA-10,Najran Region,pwat,kg m-2,753,292,14.515535,23.252171,27.709618,43.0333,17.11471,27.18218,32.539013,50.099998,16.6,26.106544,31.790536,49.099998
annual,SA-10,Najran Region,ivt,kg m-1 s-1,753,291,76.88574,187.65488,234.16186,318.68302,123.80687,264.44114,307.58952,531.53399,104.93941,239.06377,278.53524,415.1726
annual,SA-10,Najran Region,wind850_speed,m s-1,753,291,5.6393791,8.569676,9.2679132,11.708473,8.3077383,11.562919,12.679968,16.250242,7.5163932,10.986319,12.068778,15.717101
annual,SA-10,Najran Region,wind_shear_850_200,m s-1,753,291,17.595831,35.905491,41.257463,46.319529,21.399824,41.312481,45.714247,52.92688,20.238008,40.104271,44.405025,51.483944
annual,SA-10,Najran Region,omega500,Pa s-1,753,292,0.0090657962,0.054644948,0.071796156,0.11103363,0.15279412,0.27984226,0.34097203,0.70642185,0.074412346,0.1597726,0.19147529,0.42849177
annual,SA-10,Najran Region,geopotential_height500,gpm,753,293,5888.5662,5905.1432,5909.1967,5920.361,5893.8643,5912.4345,5915.4129,5926.6841,5892.3379,5909.4708,5913.3347,5923.9341
annual,SA-11,Al Bahah Region,daily_precip_total,mm,91,363,0,0.85377501,2.4063317,9.1890585,0,11.975,21.8125,93.25,0,4.975,12,54.25
annual,SA-11,Al Bahah Region,t2m_c,degC,91,362,27.121193,31.685231,32.270909,33.460331,32.425507,37.000934,37.711084,40.203613,32.032257,36.156982,36.637263,38.703613
annual,SA-11,Al Bahah Region,tmax_c,degC,91,363,31.570309,36.951528,37.452094,38.943162,37.55603,43.479889,44.466095,47.100006,37.000885,42.46004,43.547461,46.350006
annual,SA-11,Al Bahah Region,tmin_c,degC,91,363,22.469179,26.566768,26.969815,28.124956,28.428162,31.859766,32.434485,34.249969,27.899994,30.996906,31.568195,33.186554
annual,SA-11,Al Bahah Region,wind10_speed,m s-1,91,364,2.471184,3.5218545,3.8474172,6.9230866,4.9764163,7.0880172,8.1189266,12.780798,4.6184094,6.7461098,7.5438222,12.389837
annual,SA-11,Al Bahah Region,pwat,kg m-2,91,292,18.446172,28.305424,31.242446,40.718937,30.601275,45.645388,49.32764,61.630993,29.597667,44.182887,48.639683,60.630993
annual,SA-11,Al Bahah Region,ivt,kg m-1 s-1,91,291,76.10103,162.00786,203.40271,323.71451,117.58654,213.06247,271.85879,456.65497,108.11035,206.88181,263.59442,441.07904
annual,SA-11,Al Bahah Region,wind850_speed,m s-1,91,291,3.2061107,5.0620949,5.6472853,7.4137144,6.5929632,9.7241383,10.791199,13.532979,5.802475,8.7905025,9.6707439,12.252614
annual,SA-11,Al Bahah Region,wind_shear_850_200,m s-1,91,291,18.940759,37.605511,43.875904,48.669281,22.382866,42.954777,47.299706,52.705841,21.700344,40.867935,46.331573,52.185516
annual,SA-11,Al Bahah Region,omega500,Pa s-1,91,292,0.0081736715,0.066418044,0.084883405,0.16794918,0.20449364,0.36043086,0.43798766,0.60607672,0.14954388,0.28658686,0.35201061,0.46154547
annual,SA-11,Al Bahah Region,geopotential_height500,gpm,91,293,5893.3311,5915.5325,5918.8133,5929.2184,5898.5391,5923.3142,5927.1037,5937.4072,5897.2646,5921.0642,5924.5063,5935.0322
annual,SA-12,Al Jawf Region,daily_precip_total,mm,761,363,0,0.13617802,0.46759613,5.7711189,0,2.6,5.5,28.5,0,0.875,2,18
annual,SA-12,Al Jawf Region,t2m_c,degC,761,362,24.769019,33.159502,34.182945,38.031463,27.225159,36.017493,36.971088,40.808533,26.388626,35.162912,36.018526,39.949982
annual,SA-12,Al Jawf Region,tmax_c,degC,761,363,30.955409,39.773529,40.741934,44.090284,33.665802,42.608771,43.544958,46.474579,32.798126,41.842517,42.545013,45.850006
annual,SA-12,Al Jawf Region,tmin_c,degC,761,363,18.586449,26.324574,27.245005,31.253124,21.425659,29.939453,30.658508,36.415405,20.456909,29.03996,29.847281,34.884155
annual,SA-12,Al Jawf Region,wind10_speed,m s-1,761,364,3.4337107,5.3254323,5.8887742,9.3476243,5.8903306,7.9151215,8.4698161,12.671912,5.2133737,7.1027885,7.8228917,10.934495
annual,SA-12,Al Jawf Region,pwat,kg m-2,761,292,12.512249,17.390396,19.623976,26.869007,15.6,21.6,24.096607,29.607792,14.6099,20.1225,22.867584,29.107792
annual,SA-12,Al Jawf Region,ivt,kg m-1 s-1,761,291,75.186816,144.13718,182.33355,349.33125,118.69346,214.88028,246.12436,467.53974,102.76265,195.90065,222.91775,440.7079
annual,SA-12,Al Jawf Region,wind850_speed,m s-1,761,291,4.9153837,7.9564369,9.0185806,15.433729,8.3050203,11.786757,12.807561,18.604181,7.1880684,10.76284,11.747853,17.959032
annual,SA-12,Al Jawf Region,wind_shear_850_200,m s-1,761,291,25.946584,43.319663,50.816505,66.381118,31.408894,49.980721,55.764414,73.591446,30.213978,47.666042,54.374994,72.483826
annual,SA-12,Al Jawf Region,omega500,Pa s-1,761,292,0.021577551,0.090614075,0.11430131,0.37985077,0.15312767,0.36145284,0.45710758,0.64798784,0.10510683,0.22695527,0.30170292,0.51286912
annual,SA-12,Al Jawf Region,geopotential_height500,gpm,761,293,5857.8077,5912.0515,5924.6941,5949.72,5869.0835,5918.7266,5928.1029,5955.8916,5866.2344,5917.5896,5927.1029,5954.3916
annual,SA-14,'Asir Region,daily_precip_total,mm,661,363,0.030937282,1.1091329,2.003344,12.284357,3,46.775,61.725,154.75,0,6.325,10.8625,60
annual,SA-14,'Asir Region,t2m_c,degC,661,362,26.927457,31.04264,31.590866,32.495516,32.473877,37.182678,37.538428,39.025726,31.368958,35.967505,36.310814,37.703613
annual,SA-14,'Asir Region,tmax_c,degC,661,363,31.680349,36.907716,37.405104,38.155341,37.75,43.550006,44.2901,45.649994,36.163727,41.997723,42.474561,43.305023
annual,SA-14,'Asir Region,tmin_c,degC,661,363,21.528686,25.245675,25.733182,26.553586,28.283478,31.529242,31.874643,34.818512,26.653107,30.145776,30.674878,32.549957
annual,SA-14,'Asir Region,wind10_speed,m s-1,661,364,3.0612411,4.5537927,5.0180094,6.3431541,6.1250224,8.2810035,8.9882667,12.150674,5.2960234,7.3345863,7.7980132,11.12249
annual,SA-14,'Asir Region,pwat,kg m-2,661,292,15.238645,22.965619,25.251481,37.329933,33.650856,47.169777,50.565911,61.630993,26.1,40.527594,43.608194,56.130993
annual,SA-14,'Asir Region,ivt,kg m-1 s-1,661,291,86.944304,182.00483,217.15833,356.03804,149.24782,280.03153,344.34351,512.63193,124.85855,242.04897,292.56874,475.12584
annual,SA-14,'Asir Region,wind850_speed,m s-1,661,291,4.3715224,6.7895471,7.257525,8.9255286,8.7674122,12.496014,13.632358,15.292685,7.8048048,11.582795,12.652323,14.581332
annual,SA-14,'Asir Region,wind_shear_850_200,m s-1,661,291,18.852491,37.854268,41.901549,48.044855,24.656006,45.807316,49.504025,62.613373,22.724905,44.743721,47.959738,59.035122
annual,SA-14,'Asir Region,omega500,Pa s-1,661,292,0.0046953136,0.049759575,0.070211527,0.14496008,0.32717085,0.59949579,0.6628306,0.86235857,0.15238905,0.26785264,0.2985665,0.4458859
annual,SA-14,'Asir Region,geopotential_height500,gpm,661,293,5891.7068,5912.573,5915.1631,5924.9459,5901.252,5921.8517,5925.7612,5934.5322,5896.9487,5917.1112,5919.9683,5931.5767
DJF,SA-01,Riyadh Region,daily_precip_total,mm,3309,90,0,0.79166426,1.208054,5.9121523,0,10.6,15.603125,54.75,0,4.05,7.1,29
DJF,SA-01,Riyadh Region,t2m_c,degC,3309,88,17.047932,20.970526,21.391483,22.681784,21.382812,25.398508,25.755046,28.208527,20.086426,24.433066,24.717848,27.083527
DJF,SA-01,Riyadh Region,tmax_c,degC,3309,90,22.943952,26.868877,27.447594,29.877964,27.734421,32.716516,33.420099,36.578766,26.38588,31.48172,32.35034,34.641266
DJF,SA-01,Riyadh Region,tmin_c,degC,3309,90,11.748024,15.299255,15.910844,16.479171,15.468872,19.588849,19.841028,20.963379,14.44397,17.888971,18.781615,19.53952
DJF,SA-01,Riyadh Region,wind10_speed,m s-1,3309,90,3.5339843,5.0138862,5.2559636,6.5179211,6.6774571,8.6547486,9.1927177,10.399343,5.3626235,6.8364645,7.4181255,8.0099258
DJF,SA-01,Riyadh Region,pwat,kg m-2,3309,32,14.313069,19.6006,20.922462,22.751866,20.234694,26.224528,26.688569,28.293829,17.972436,24.085365,25.201668,26.793829
DJF,SA-01,Riyadh Region,ivt,kg m-1 s-1,3309,32,86.199454,177.6058,194.68053,216.11608,142.31228,314.39489,325.0586,371.9414,127.37078,279.36159,285.3516,337.20842
DJF,SA-01,Riyadh Region,wind850_speed,m s-1,3309,32,5.4436552,8.660733,9.3179033,10.145173,10.543205,13.344868,14.29083,16.804832,8.6952648,12.308517,12.943622,15.163209
DJF,SA-01,Riyadh Region,wind_shear_850_200,m s-1,3309,32,44.603999,53.241248,54.373774,57.692058,53.809484,63.995243,67.714312,73.052315,52.138361,61.281457,63.212101,65.589111
DJF,SA-01,Riyadh Region,omega500,Pa s-1,3309,32,0.0011758572,0.077568914,0.13174201,0.1764515,0.19093239,0.39486432,0.43884184,0.50604701,0.12021261,0.20352731,0.29307041,0.38788295
DJF,SA-01,Riyadh Region,geopotential_height500,gpm,3309,32,5810.365,5843.5714,5856.9522,5861.8751,5855.0232,5872.2181,5877.4887,5883.6313,5849.1204,5869.4576,5873.2565,5881.3188
DJF,SA-02,Makkah Region,daily_precip_total,mm,1202,90,0.050931425,0.7072532,1.2256441,4.3670972,2.5,16.55,27.95625,43.25,0.1875,3.525,7.05,18.993744
DJF,SA-02,Makkah Region,t2m_c,degC,1202,88,21.120674,23.084869,23.303803,23.523475,28.067474,28.982837,29.191341,29.763641,27.070812,28.211371,28.486682,29.109772
DJF,SA-02,Makkah Region,tmax_c,degC,1202,90,26.224424,28.348359,28.636859,29.415458,31.616425,33.39241,34.230374,35.783661,30.823898,32.37029,32.733013,34.282097
DJF,SA-02,Makkah Region,tmin_c,degC,1202,90,16.129689,18.529973,18.901073,19.336142,26.359085,27.240936,27.381812,27.758698,24.270718,25.302872,25.521852,25.868927
DJF,SA-02,Makkah Region,wind10_speed,m s-1,1202,90,2.9375081,4.3121562,4.6234386,5.086471,7.3313525,9.2597205,9.7816352,10.585054,5.6003475,7.4740927,7.9463957,8.4637003
DJF,SA-02,Makkah Region,pwat,kg m-2,1202,32,16.641009,20.706029,23.288711,23.774726,34.017179,38.987726,39.239092,42.601181,30.861234,35.186288,36.706742,40.601181
DJF,SA-02,Makkah Region,ivt,kg m-1 s-1,1202,32,82.286947,167.20691,201.99418,214.94151,157.64246,338.99033,354.37239,434.30712,124.84063,266.7503,305.07973,384.27869
DJF,SA-02,Makkah Region,wind850_speed,m s-1,1202,32,5.2087164,7.1115829,8.0334584,10.082691,10.762968,13.255053,14.292653,16.636106,9.1088877,12.190656,13.467744,15.872515
DJF,SA-02,Makkah Region,wind_shear_850_200,m s-1,1202,32,47.21764,52.484946,53.840752,56.169724,54.065311,60.931443,62.242489,67.222771,51.548912,59.208091,60.414293,64.081291
DJF,SA-02,Makkah Region,omega500,Pa s-1,1202,32,0.028767258,0.084707033,0.10332132,0.1092807,0.27785492,0.36655235,0.42793772,0.5552814,0.14800882,0.24679554,0.25893276,0.29922652
DJF,SA-02,Makkah Region,geopotential_height500,gpm,1202,32,5829.8322,5851.1907,5856.5403,5863.0997,5860.5002,5871.3642,5875.1066,5891.2588,5848.4597,5865.9255,5868.8501,5880.2524
DJF,SA-03,Al Madinah Region,daily_precip_total,mm,1317,90,0,0.3862112,2.3938301,8.0056488,0,15.075,26.9125,70.375,0,1.844989,9.1756233,32.899994
DJF,SA-03,Al Madinah Region,t2m_c,degC,1317,88,17.568896,20.630509,21.330438,22.694712,24.562256,27.421793,28.037726,28.542023,22.535534,25.785403,26.3716,26.948273
DJF,SA-03,Al Madinah Region,tmax_c,degC,1317,90,22.841368,26.232425,26.844245,27.828476,29.076813,32.098615,32.711481,33.71402,27.512505,30.44325,30.978135,31.92614
DJF,SA-03,Al Madinah Region,tmin_c,degC,1317,90,12.289987,15.4513,15.998638,17.856405,21.958389,25.019043,25.532259,26.369354,17.700706,21.430937,21.958389,23.556427
DJF,SA-03,Al Madinah Region,wind10_speed,m s-1,1317,90,2.8595788,4.1777171,4.7427466,5.2484239,6.942373,9.0305345,9.5985818,10.388369,5.2176638,7.0869731,7.3274528,8.6063175
DJF,SA-03,Al Madinah Region,pwat,kg m-2,1317,32,11.233165,19.978411,22.461727,25.045671,20.688579,36.546451,38.089092,44.392353,16.188578,29.134417,31.764091,36.392353
DJF,SA-03,Al Madinah Region,ivt,kg m-1 s-1,1317,32,84.309006,166.42719,296.25292,306.11909,162.62113,348.59678,418.56497,504.86074,129.31789,281.61452,383.02445,443.10888
DJF,SA-03,Al Madinah Region,wind850_speed,m s-1,1317,32,5.3722392,7.6227649,9.0389353,9.7094907,10.293063,13.342418,14.300091,15.793447,8.9523015,11.011497,13.104954,14.239874
DJF,SA-03,Al Madinah Region,wind_shear_850_200,m s-1,1317,32,50.855138,58.542089,61.382246,69.019435,56.685074,70.238369,72.128053,75.058418,54.983648,65.3452,69.446442,71.73748
DJF,SA-03,Al Madinah Region,omega500,Pa s-1,1317,32,-0.0066022836,0.12213816,0.20411008,0.23948139,0.35145748,0.68401527,0.81023773,1.0046558,0.17740619,0.36423776,0.43525782,0.55437291
DJF,SA-03,Al Madinah Region,geopotential_height500,gpm,1317,32,5783.6287,5817.8232,5819.9731,5844.6993,5819.2312,5846.0866,5847.7003,5860.6484,5813.0549,5840.8759,5842.1539,5858.6484
DJF,SA-04,Eastern Region,daily_precip_total,mm,4923,90,0.00027181284,0.52715564,0.85622425,5.0524347,0.25,8.45,17.7875,54.75,0,3.8724976,5.3875,30.75
DJF,SA-04,Eastern Region,t2m_c,degC,4923,88,19.035741,23.239061,23.551681,25.061365,23.817719,27.976602,29.062375,31.021027,22.942719,27.428165,28.006125,30.271027
DJF,SA-04,Eastern Region,tmax_c,degC,4923,90,24.32064,28.829978,29.927542,31.62249,29.581787,35.133087,36.318097,38.641266,28.795517,34.604266,35.366534,38.203766
DJF,SA-04,Eastern Region,tmin_c,degC,4923,90,13.718639,17.685485,17.885906,18.719647,18.785187,23.159454,23.281264,24.521362,17.059921,20.321652,20.866583,22.463379
DJF,SA-04,Eastern Region,wind10_speed,m s-1,4923,90,3.565404,4.6937005,5.1270073,7.7226043,6.4234028,8.3719995,8.9566525,11.714346,5.2609477,6.7192379,7.219784,9.9068174
DJF,SA-04,Eastern Region,pwat,kg m-2,4923,32,17.166045,22.25359,23.042259,24.56432,23.440422,32.591189,33.188569,33.369923,21.925382,29.628259,30.27091,30.369923
DJF,SA-04,Eastern Region,ivt,kg m-1 s-1,4923,32,87.724547,155.48292,175.55611,182.15406,181.09078,323.92428,358.26114,378.92441,131.2187,283.65547,310.18475,336.04935
DJF,SA-04,Eastern Region,wind850_speed,m s-1,4923,32,4.4237942,7.8424325,8.4679485,11.443117,10.009586,12.482569,13.241023,17.672062,8.1820183,11.77218,12.332718,17.01161
DJF,SA-04,Eastern Region,wind_shear_850_200,m s-1,4923,32,41.256312,48.013714,49.81398,55.950699,48.139269,60.062211,70.004457,77.316887,46.618677,59.465909,66.498067,74.774956
DJF,SA-04,Eastern Region,omega500,Pa s-1,4923,32,0.00098292771,0.082950898,0.12948302,0.16160331,0.14697504,0.25581408,0.39710505,0.42792201,0.073904634,0.18226564,0.2853863,0.32733607
DJF,SA-04,Eastern Region,geopotential_height500,gpm,4923,32,5808.3888,5852.8027,5856.6803,5868.5715,5863.2673,5879.3604,5882.4554,5895.3838,5850.0833,5877.2326,5881.772,5885.1338
DJF,SA-05,Al-Qassim Region,daily_precip_total,mm,611,90,0,1.5476309,3.757755,7.6919338,0,7.9,13.49375,30.5,0,5.175,9.49375,26.625
DJF,SA-05,Al-Qassim Region,t2m_c,degC,611,88,15.066679,19.680894,21.024856,22.095343,17.532684,21.872525,22.424725,23.409088,16.687927,21.323044,22.165936,23.096588
DJF,SA-05,Al-Qassim Region,tmax_c,degC,611,90,19.488987,25.283468,26.30702,27.791985,22.950195,27.335175,28.284787,29.546478,21.899109,27.096167,27.568283,29.296478
DJF,SA-05,Al-Qassim Region,tmin_c,degC,611,90,10.498915,14.757387,16.126224,17.903694,12.732605,16.84389,17.777881,19.680206,11.834671,16.224359,17.496777,19.008331
DJF,SA-05,Al-Qassim Region,wind10_speed,m s-1,611,90,3.6204838,5.0786951,5.266658,5.9684689,5.145587,6.8117838,7.2426368,8.1165876,4.7953873,6.4157709,6.7815083,7.4926133
DJF,SA-05,Al-Qassim Region,pwat,kg m-2,611,32,11.525055,18.451767,21.831367,24.336745,14.766123,22.226946,24.711825,26.601183,14.009276,21.332501,24.436825,25.601183
DJF,SA-05,Al-Qassim Region,ivt,kg m-1 s-1,611,32,85.495872,187.12878,249.23455,368.51996,123.07808,248.34386,319.81011,426.31102,109.49536,227.57965,311.33985,402.70176
DJF,SA-05,Al-Qassim Region,wind850_speed,m s-1,611,32,5.9755324,9.8144912,10.812679,11.361426,8.8284435,12.681136,13.432503,15.548724,8.4033532,12.357161,12.731104,14.848299
DJF,SA-05,Al-Qassim Region,wind_shear_850_200,m s-1,611,32,44.510409,62.029234,62.373434,64.529679,50.563911,66.686031,68.706791,73.763321,48.652161,65.943651,68.001331,73.021706
DJF,SA-05,Al-Qassim Region,omega500,Pa s-1,611,32,-0.030457636,0.096147286,0.18047086,0.39404799,0.14272702,0.31205838,0.34648707,0.70721889,0.078036785,0.21196163,0.27461207,0.63446498
DJF,SA-05,Al-Qassim Region,geopotential_height500,gpm,611,32,5757.6709,5814.4702,5821.0792,5845.1279,5785.8201,5829.4234,5838.191,5856.2734,5778.9036,5825.1246,5833.0894,5853.6484
DJF,SA-06,Hayel Region,daily_precip_total,mm,1021,90,0,1.035937,2.3945439,5.3043676,0,8.525,15.2875,28.75,0,4,9.15625,13.875
DJF,SA-06,Hayel Region,t2m_c,degC,1021,88,12.820296,18.018908,19.345397,20.387128,15.986237,20.955133,21.844466,22.416229,15.388382,20.500446,20.979594,21.978729
DJF,SA-06,Hayel Region,tmax_c,degC,1021,90,17.568625,23.412171,24.432057,24.945033,21.645966,26.630408,27.44874,28.368011,20.763336,26.2578,26.642639,27.368011
DJF,SA-06,Hayel Region,tmin_c,degC,1021,90,8.4524317,12.757456,14.651947,17.100974,11.169312,15.568488,17.407178,19.369354,10.295822,14.927863,16.700928,18.900604
DJF,SA-06,Hayel Region,wind10_speed,m s-1,1021,90,3.1972327,5.0016568,5.3638715,5.7064572,5.6405933,7.4756824,8.6693729,12.185988,4.846014,6.7745945,7.3789637,8.258606
DJF,SA-06,Hayel Region,pwat,kg m-2,1021,32,10.269355,17.767252,21.053732,22.606875,14.102009,20.49601,24.955423,25.392353,13.602009,19.89601,24.361449,24.601183
DJF,SA-06,Hayel Region,ivt,kg m-1 s-1,1021,32,83.535147,140.22405,311.42921,348.83741,122.01278,248.48207,405.15541,428.08954,103.82214,184.19995,387.26322,400.85712
DJF,SA-06,Hayel Region,wind850_speed,m s-1,1021,32,6.4650081,10.659492,11.02029,11.916126,9.5734124,14.603394,15.842447,18.090475,8.6805334,13.561037,13.94698,17.414114
DJF,SA-06,Hayel Region,wind_shear_850_200,m s-1,1021,32,43.306505,61.253809,65.233662,67.963876,51.991358,66.260368,70.712685,74.703522,50.144449,65.146396,69.448344,74.122856
DJF,SA-06,Hayel Region,omega500,Pa s-1,1021,32,-0.027653682,0.11160972,0.20778833,0.32068735,0.20376587,0.36267982,0.48519226,0.65839076,0.12544501,0.22812819,0.39659444,0.54608607
DJF,SA-06,Hayel Region,geopotential_height500,gpm,1021,32,5738.0405,5794.4306,5802.7578,5829.0361,5777.9961,5816.5257,5818.5708,5846.8984,5768.3711,5812.1046,5814.0958,5843.3984
DJF,SA-07,Tabuk Region,daily_precip_total,mm,1260,90,0,0.081531142,0.74273347,11.121248,0,3.15,8.19375,80.25,0,0.5,2.43125,55.381241
DJF,SA-07,Tabuk Region,t2m_c,degC,1260,88,13.593837,17.291909,18.321213,21.530814,23.411789,26.501028,27.135248,28.135773,20.847137,24.19152,25.425701,26.824833
DJF,SA-07,Tabuk Region,tmax_c,degC,1260,90,18.815589,23.227505,24.032224,27.000189,26.791458,30.67392,31.571249,33.388641,25.443436,29.385279,30.44971,31.518322
DJF,SA-07,Tabuk Region,tmin_c,degC,1260,90,8.2766182,11.923049,13.155556,17.040417,21.640945,24.298972,25.226064,26.681854,16.959904,20.080518,21.460076,23.214664
DJF,SA-07,Tabuk Region,wind10_speed,m s-1,1260,90,2.5536298,3.7823603,4.1525712,5.2784126,7.8205097,10.581162,10.715045,12.512624,4.4032469,5.8803244,6.7135979,10.621782
DJF,SA-07,Tabuk Region,pwat,kg m-2,1260,32,10.357886,15.463097,18.709744,23.316288,20.194926,31.094996,37.347547,43.392353,15.270759,25.736521,30.868204,38.392353
DJF,SA-07,Tabuk Region,ivt,kg m-1 s-1,1260,32,74.266169,131.1065,214.43958,344.10666,131.40117,241.73976,349.56577,484.29565,107.71031,190.30328,324.5067,440.63247
DJF,SA-07,Tabuk Region,wind850_speed,m s-1,1260,32,4.0618665,9.3436668,10.168352,10.628813,9.1827893,14.088354,16.940623,17.94928,7.0977068,12.718493,15.069081,16.508432
DJF,SA-07,Tabuk Region,wind_shear_850_200,m s-1,1260,32,46.043373,61.887088,66.605751,70.216468,55.647919,72.794987,74.325418,80.684097,53.299522,67.81086,71.210529,75.636322
DJF,SA-07,Tabuk Region,omega500,Pa s-1,1260,32,0.026923604,0.16243004,0.2168754,0.44381006,0.47720993,0.82891409,1.0701894,1.187284,0.18054083,0.42619308,0.52231874,0.69206834
DJF,SA-07,Tabuk Region,geopotential_height500,gpm,1260,32,5738.9596,5780.8761,5785.3796,5806.1506,5797.3718,5821.2295,5822.7992,5843.7734,5783.5552,5807.3321,5811.4662,5833.2983
DJF,SA-08,Northern Borders Region,daily_precip_total,mm,1065,90,0.0053761154,0.63933182,1.4753658,5.3067851,0.5,7.4625,11.36875,32.6875,0,3,5.1375,20.662495
DJF,SA-08,Northern Borders Region,t2m_c,degC,1065,88,12.058816,16.217317,18.20647,21.62905,14.476898,18.957959,21.567429,24.359772,13.777985,18.38717,21.211179,23.672272
DJF,SA-08,Northern Borders Region,tmax_c,degC,1065,90,16.419729,21.352759,23.207786,26.540804,19.093948,25.075436,27.933871,30.21701,18.398102,24.454333,27.424496,29.638885
DJF,SA-08,Northern Borders Region,tmin_c,degC,1065,90,7.8631178,12.171433,14.13,17.492143,10.332275,15.39505,17.471085,20.525177,9.5830412,14.215363,16.584633,20.150177
DJF,SA-08,Northern Borders Region,wind10_speed,m s-1,1065,90,3.2708853,5.343493,6.0858995,8.4853915,5.3416584,7.7337321,8.7055656,12.584535,4.8426845,7.1142769,8.2141671,11.927549
DJF,SA-08,Northern Borders Region,pwat,kg m-2,1065,32,12.316935,16.062202,20.886757,22.463739,16.429908,21.250403,26.042068,29.101183,15.929907,19.852995,25.361449,28.101183
DJF,SA-08,Northern Borders Region,ivt,kg m-1 s-1,1065,32,88.257315,177.47866,248.76505,300.73242,142.80443,255.00837,361.03125,406.66477,131.24902,248.62427,349.77594,394.52089
DJF,SA-08,Northern Borders Region,wind850_speed,m s-1,1065,32,6.2764516,11.869388,13.064271,13.718638,9.722508,16.904288,17.5219,17.909679,8.9127994,15.809633,16.743207,17.289047
DJF,SA-08,Northern Borders Region,wind_shear_850_200,m s-1,1065,32,35.530618,55.366067,60.673872,62.982156,45.581137,58.585632,68.65014,76.793007,44.087595,57.806056,67.699524,75.582489
DJF,SA-08,Northern Borders Region,omega500,Pa s-1,1065,32,-0.0122623,0.16572789,0.1999082,0.26932025,0.18280053,0.3375844,0.40938555,0.49382615,0.1034124,0.26417389,0.32694734,0.39577925
DJF,SA-08,Northern Borders Region,geopotential_height500,gpm,1065,32,5694.6778,5762.1322,5778.6482,5794.0018,5746.2869,5803.5121,5813.9958,5833.7734,5734.0869,5797.4459,5806.647,5826.7485
DJF,SA-09,Jazan Region,daily_precip_total,mm,134,90,0.098771466,1.04713,1.9048169,3.8958006,1.25,9.025,10.775,18.5,0.5,4.6481248,6.6749992,12.762499
DJF,SA-09,Jazan Region,t2m_c,degC,134,88,25.667839,26.714773,27.09132,27.712264,27.941772,28.953052,29.120944,30.013641,27.844351,28.774512,29.028367,29.857391
DJF,SA-09,Jazan Region,tmax_c,degC,134,90,29.058693,30.353448,30.903808,31.979538,31.44194,33.234613,33.503426,34.817535,31.21843,32.769765,33.21151,34.703472
DJF,SA-09,Jazan Region,tmin_c,degC,134,90,22.764753,23.535114,23.943163,24.395018,26.541687,27.482364,27.662064,28.845001,25.930426,26.672352,26.863779,27.266577
DJF,SA-09,Jazan Region,wind10_speed,m s-1,134,90,1.9723283,2.6685458,3.021034,3.5417305,3.7194492,7.0125226,7.8895081,9.6069489,2.9748869,4.583989,5.009889,6.3534074
DJF,SA-09,Jazan Region,pwat,kg m-2,134,32,26.01036,31.24923,31.420151,33.796932,34.471291,39.362468,40.899339,41.293827,33.721291,39.059538,40.174339,40.793827
DJF,SA-09,Jazan Region,ivt,kg m-1 s-1,134,32,60.087617,113.43084,149.55429,157.48371,118.56512,190.94011,203.81576,229.28435,93.057831,166.97687,179.20626,201.8783
DJF,SA-09,Jazan Region,wind850_speed,m s-1,134,32,1.6094057,2.7916112,3.1702564,4.8257429,3.739053,5.9988839,6.711662,9.0031281,2.9306004,4.9931126,5.4849042,8.2457094
DJF,SA-09,Jazan Region,wind_shear_850_200,m s-1,134,32,34.59099,39.603227,40.669596,42.781689,39.141657,42.932219,43.646169,47.168919,37.512348,41.973556,42.96956,45.972115
DJF,SA-09,Jazan Region,omega500,Pa s-1,134,32,0.042879902,0.099535249,0.12598342,0.15823433,0.20823252,0.41762393,0.4975812,0.60335159,0.15643405,0.28759896,0.34467346,0.41985548
DJF,SA-09,Jazan Region,geopotential_height500,gpm,134,32,5863.6967,5873.9451,5878.2811,5893.9396,5866.8723,5878.699,5883.6243,5897.0088,5866.0886,5877.3449,5882.0748,5896.4277
DJF,SA-10,Najran Region,daily_precip_total,mm,753,90,0,0,0,0,0,0,0,0,0,0,0,0
DJF,SA-10,Najran Region,t2m_c,degC,753,88,19.487076,24.137821,24.940705,26.376584,21.947266,26.367081,27.09404,28.333527,21.186066,25.839233,26.418414,27.796024
DJF,SA-10,Najran Region,tmax_c,degC,753,90,25.857123,31.636878,32.439404,33.983058,28.253845,33.793817,34.994659,36.953766,27.764642,33.517365,34.517158,36.391266
DJF,SA-10,Najran Region,tmin_c,degC,753,90,13.166777,17.227841,17.595531,18.675312,15.810547,19.9689,20.331819,20.694153,14.73172,19.160617,19.67797,20.175402
DJF,SA-10,Najran Region,wind10_speed,m s-1,753,90,3.3974125,4.2873586,4.6076553,5.3797927,5.0564857,6.2370862,6.4508054,7.1942348,4.483259,5.6369664,5.737158,6.5460238
DJF,SA-10,Najran Region,pwat,kg m-2,753,32,12.288617,19.167529,20.499543,20.608753,15.589788,21.753238,23.950926,25.369923,14.528672,20.878513,23.175926,24.369923
DJF,SA-10,Najran Region,ivt,kg m-1 s-1,753,32,38.419946,101.16092,154.44702,184.55188,93.127492,181.65207,250.38017,302.52187,69.345441,133.7754,183.09196,226.62254
DJF,SA-10,Najran Region,wind850_speed,m s-1,753,32,4.1179618,6.4132193,6.9227366,7.308229,7.6673148,10.146159,10.747949,12.522683,6.2565124,8.6646194,8.9248142,11.986791
DJF,SA-10,Najran Region,wind_shear_850_200,m s-1,753,32,40.163646,43.657835,45.020015,46.319529,45.177036,49.896101,50.740348,52.92688,43.822136,48.238831,48.584948,51.483944
DJF,SA-10,Najran Region,omega500,Pa s-1,753,32,0.028073842,0.053521171,0.071831127,0.10127288,0.18769312,0.49119117,0.57601422,0.70642185,0.09345144,0.33596856,0.38178707,0.42849177
DJF,SA-10,Najran Region,geopotential_height500,gpm,753,32,5859.512,5873.5607,5878.398,5889.2929,5864.1023,5876.735,5881.7626,5896.1338,5863.2273,5875.8668,5881.0451,5894.3838
DJF,SA-11,Al Bahah Region,daily_precip_total,mm,91,90,0,0.242664,0.54279213,2.4842153,0,3.275,5.025,22.875,0,1.4,2.375,12.375
DJF,SA-11,Al Bahah Region,t2m_c,degC,91,88,20.478754,22.268326,22.529589,23.207408,27.830368,28.912073,29.273969,29.951141,27.533173,28.703851,29.051003,29.716766
DJF,SA-11,Al Bahah Region,tmax_c,degC,91,90,25.452383,27.234248,27.533904,28.389933,31.226776,32.583069,32.815469,34.317535,30.891464,32.277423,32.527902,33.880035
DJF,SA-11,Al Bahah Region,tmin_c,degC,91,90,15.637882,17.901208,18.362962,18.944185,25.137085,26.045721,26.416313,26.672882,24.419434,25.648328,26.104596,26.53952
DJF,SA-11,Al Bahah Region,wind10_speed,m s-1,91,90,2.1161625,3.1376346,3.3438468,3.6168747,4.4690676,6.1829331,6.8678171,7.4911861,4.1729126,5.7825323,6.2687936,7.4127645
DJF,SA-11,Al Bahah Region,pwat,kg m-2,91,32,15.337225,18.38073,19.821811,21.305761,30.258291,35.591883,35.881082,37.053879,28.739259,34.191018,34.700972,36.053879
DJF,SA-11,Al Bahah Region,ivt,kg m-1 s-1,91,32,54.830101,156.64466,170.92605,215.29614,89.361132,223.88752,240.42759,321.50597,81.227634,215.52747,229.36024,312.24096
DJF,SA-11,Al Bahah Region,wind850_speed,m s-1,91,32,2.6845674,3.5088146,3.557829,4.5486261,5.3037102,7.7083146,8.6059562,9.6777334,4.7708502,6.7001862,7.2519958,8.302721
DJF,SA-11,Al Bahah Region,wind_shear_850_200,m s-1,91,32,43.468365,48.094428,48.478982,48.669281,46.172962,52.062368,52.464839,52.705841,45.753239,50.477911,51.321165,52.185516
DJF,SA-11,Al Bahah Region,omega500,Pa s-1,91,32,-0.0065450136,0.050832468,0.086377066,0.13596865,0.1967262,0.28978827,0.3535374,0.43377066,0.1306895,0.22194355,0.29335561,0.35418081
DJF,SA-11,Al Bahah Region,geopotential_height500,gpm,91,32,5844.6307,5864.4369,5867.5447,5875.203,5851.2319,5867.7434,5872.2472,5883.0088,5850.2161,5866.8871,5870.6097,5881.6338
DJF,SA-12,Al Jawf Region,daily_precip_total,mm,761,90,0,0.26865401,0.64246983,2.9479773,0,4.075,7.94375,15.25,0,1.525,3.6625,9.5
DJF,SA-12,Al Jawf Region,t2m_c,degC,761,88,11.593165,15.46367,16.890969,20.488231,13.285828,17.407114,19.064539,23.266022,12.97641,16.75668,18.176501,22.234772
DJF,SA-12,Al Jawf Region,tmax_c,degC,761,90,15.904106,21.187755,21.83957,26.337874,17.946915,23.509781,25.2274,29.294891,17.647934,23.168555,24.179259,28.669891
DJF,SA-12,Al Jawf Region,tmin_c,degC,761,90,7.3606806,10.607986,12.414403,16.219935,9.2259674,12.896698,15.249092,19.587677,8.7277985,12.150543,14.217842,18.931427
DJF,SA-12,Al Jawf Region,wind10_speed,m s-1,761,90,3.1011662,5.440792,6.3735667,9.3476243,4.7283709,7.978824,8.7113202,12.671912,4.2909715,7.3267505,7.9892998,10.934495
DJF,SA-12,Al Jawf Region,pwat,kg m-2,761,32,10.867877,17.087932,17.533576,22.65148,14.46109,19.579127,22.374037,25.392353,13.554551,18.979127,21.424037,24.392353
DJF,SA-12,Al Jawf Region,ivt,kg m-1 s-1,761,32,85.453542,181.88852,194.87352,349.33125,117.8054,255.35111,306.61617,415.10518,113.1299,238.15709,288.98587,410.3778
DJF,SA-12,Al Jawf Region,wind850_speed,m s-1,761,32,5.5369776,10.008379,13.449307,15.433729,8.7784257,13.328964,17.583419,18.604181,7.591881,12.61526,16.289623,17.959032
DJF,SA-12,Al Jawf Region,wind_shear_850_200,m s-1,761,32,37.645351,55.090784,60.315538,64.148167,43.559456,61.171922,66.088869,73.591446,41.147669,59.687152,64.507425,72.483826
DJF,SA-12,Al Jawf Region,omega500,Pa s-1,761,32,-0.004696745,0.14535174,0.26327907,0.37985077,0.172068,0.38521452,0.54690765,0.5636642,0.10901701,0.30581999,0.4209129,0.51286912
DJF,SA-12,Al Jawf Region,geopotential_height500,gpm,761,32,5702.6421,5757.2753,5768.922,5785.3529,5732.1265,5778.6691,5789.0297,5810.8984,5725.0952,5774.6066,5784.6922,5806.8984
DJF,SA-14,'Asir Region,daily_precip_total,mm,661,90,0.015583267,0.15181625,0.21841141,0.70096599,1,8.075,10.25,30.25,0,0.525,1.19375,4.5
DJF,SA-14,'Asir Region,t2m_c,degC,661,88,18.713646,22.226731,22.677026,23.696374,27.47261,28.602423,28.936183,29.607391,24.972046,26.533661,26.747238,27.861115
DJF,SA-14,'Asir Region,tmax_c,degC,661,90,24.610026,28.491918,29.002933,29.569674,31.286774,33.48002,34.070828,34.692535,29.050446,32.319357,32.795239,33.417511
DJF,SA-14,'Asir Region,tmin_c,degC,661,90,12.867611,16.469379,16.884002,18.515447,24.64859,25.4595,25.815898,26.516632,21.061493,22.298996,22.601654,23.735382
DJF,SA-14,'Asir Region,wind10_speed,m s-1,661,90,2.8181715,3.9528148,4.227234,5.0809643,6.2751894,8.6772346,9.0046838,9.839468,5.3884702,7.4522869,7.6501729,8.2454548
DJF,SA-14,'Asir Region,pwat,kg m-2,661,32,11.010406,15.273192,16.195078,19.094716,30.10399,35.724562,36.1592,39.053879,20.29555,25.285937,26.542995,29.293829
DJF,SA-14,'Asir Region,ivt,kg m-1 s-1,661,32,59.614184,145.33356,187.96299,231.0747,120.8054,244.58795,329.60841,397.52115,105.151,208.1965,290.24019,348.39114
DJF,SA-14,'Asir Region,wind850_speed,m s-1,661,32,3.7019958,5.4504951,5.9065236,6.5621734,8.0464797,12.320356,13.240898,14.886276,6.9048007,11.575405,12.297935,14.087841
DJF,SA-14,'Asir Region,wind_shear_850_200,m s-1,661,32,40.825682,45.887828,46.607239,48.044855,48.30596,54.506466,55.870637,62.613373,46.884201,53.142163,54.651534,59.035122
DJF,SA-14,'Asir Region,omega500,Pa s-1,661,32,0.014580406,0.079313536,0.1179749,0.14496008,0.27428317,0.47752435,0.53877223,0.70174527,0.17180634,0.30891826,0.38567866,0.4458859
DJF,SA-14,'Asir Region,geopotential_height500,gpm,661,32,5851.7334,5867.2819,5872.975,5881.7633,5863.5911,5874.6884,5879.0253,5893.8838,5861.2502,5871.9642,5876.9972,5892.1338
MAM,SA-01,Riyadh Region,daily_precip_total,mm,3309,92,0.0079246747,0.39224167,1.4007844,3.3725437,1.25,10.9,17.0125,30.25,0,2.725,5.775,11.25
MAM,SA-01,Riyadh Region,t2m_c,degC,3309,92,31.246535,35.261057,36.111846,37.145529,34.066971,38.073178,39.373943,40.475006,33.231049,37.070053,38.349794,39.420197
MAM,SA-01,Riyadh Region,tmax_c,degC,3309,92,35.84538,40.758013,41.91648,43.003375,39.800034,44.234973,46.022481,47.75,38.899994,43.484973,44.939967,46.25
MAM,SA-01,Riyadh Region,tmin_c,degC,3309,92,25.096174,28.655081,29.437573,30.132262,28.392303,31.95329,32.752188,33.990021,27.286049,30.957196,31.456686,32.615021
MAM,SA-01,Riyadh Region,wind10_speed,m s-1,3309,92,3.9433026,5.2970153,5.5509433,6.8177659,6.7840686,8.4211253,9.1469336,11.068317,5.8895862,7.5292412,7.9204468,8.8372297
MAM,SA-01,Riyadh Region,pwat,kg m-2,3309,78,15.747797,19.996947,20.690264,26.542005,21.168804,26.320786,27.594128,36.099998,19.606194,24.320354,25.589282,33.599998
MAM,SA-01,Riyadh Region,ivt,kg m-1 s-1,3309,78,69.782909,132.34158,151.42106,279.35603,153.89815,285.60641,371.17572,494.95818,125.16715,234.05817,262.67254,449.60675
MAM,SA-01,Riyadh Region,wind850_speed,m s-1,3309,78,6.4825257,8.4038593,9.1346242,10.285565,11.091287,13.720651,14.510683,17.683117,9.5880399,12.013201,12.83567,14.159431
MAM,SA-01,Riyadh Region,wind_shear_850_200,m s-1,3309,78,31.080723,41.967107,43.80247,46.612282,41.781311,52.846217,59.644809,63.196709,39.243025,51.366473,53.644049,59.28614
MAM,SA-01,Riyadh Region,omega500,Pa s-1,3309,78,0.027633583,0.070505595,0.075625651,0.11010602,0.25141382,0.42610319,0.48365693,0.60224819,0.13852572,0.209864,0.24316214,0.27190208
MAM,SA-01,Riyadh Region,geopotential_height500,gpm,3309,79,5878.7563,5904.277,5914.7428,5927.4546,5895.8706,5915.4709,5922.4122,5932.0127,5893.3706,5913.1959,5919.7575,5930.7397
MAM,SA-02,Makkah Region,daily_precip_total,mm,1202,92,0.039900626,0.77326596,1.4870841,6.1103795,3.375,17.6,25.3625,77.25,0,3.725,6.3596848,19.5
MAM,SA-02,Makkah Region,t2m_c,degC,1202,92,29.854783,33.322919,33.845518,34.706744,33.447815,38.121918,38.9149,39.717224,32.670517,36.381723,36.98797,38.166351
MAM,SA-02,Makkah Region,tmax_c,degC,1202,92,34.893536,38.402335,39.236915,40.113659,39.002228,45.243396,46.245522,47.149994,37.679398,42.863635,43.407486,45.149994
MAM,SA-02,Makkah Region,tmin_c,degC,1202,92,24.659504,27.655786,27.963703,28.852792,29.713058,32.272714,32.612332,33.612457,28.582653,30.495667,30.883951,31.579643
MAM,SA-02,Makkah Region,wind10_speed,m s-1,1202,92,3.2446254,4.686064,4.8776775,6.5665598,7.8270717,9.6617017,10.022093,12.603776,5.708689,7.6987871,8.0965865,10.964253
MAM,SA-02,Makkah Region,pwat,kg m-2,1202,78,18.716654,24.352916,25.705606,29.26071,33.601603,42.599998,43.205001,52.188187,29.596915,36.238169,38.430682,45.188187
MAM,SA-02,Makkah Region,ivt,kg m-1 s-1,1202,78,90.058099,150.8833,186.75222,221.37295,169.08828,292.12449,337.99415,373.91798,139.01884,257.15984,294.62311,315.93666
MAM,SA-02,Makkah Region,wind850_speed,m s-1,1202,78,5.0223958,7.309023,7.8547021,9.0206678,10.299138,13.565332,14.376369,14.919018,8.9698787,11.942212,13.075297,13.9184
MAM,SA-02,Makkah Region,wind_shear_850_200,m s-1,1202,78,29.44524,40.996157,43.815504,50.599889,37.432232,48.252715,52.451536,59.936642,35.881847,46.413412,49.120807,59.22163
MAM,SA-02,Makkah Region,omega500,Pa s-1,1202,78,0.0056367268,0.059593088,0.072450022,0.093378907,0.3008728,0.50581534,0.67400737,0.84478045,0.15466583,0.26517819,0.28197213,0.51508141
MAM,SA-02,Makkah Region,geopotential_height500,gpm,1202,79,5881.227,5914.6245,5917.7624,5926.3862,5893.7227,5922.2142,5926.148,5932.9897,5886.9727,5917.1792,5921.1498,5928.3877
MAM,SA-03,Al Madinah Region,daily_precip_total,mm,1317,92,0,0.55633192,1.0474443,4.3634331,0,10.875,14.3125,47.5,0,3.25,4.8625,14.625
MAM,SA-03,Al Madinah Region,t2m_c,degC,1317,92,27.678372,32.620044,34.151197,35.351577,32.256561,37.150867,38.557826,41.931763,31.132523,35.519098,37.140021,39.431763
MAM,SA-03,Al Madinah Region,tmax_c,degC,1317,92,33.288666,38.557478,40.115791,40.772385,38.229401,44.271841,45.239986,47.600006,36.350281,41.869501,43.184966,45.600006
MAM,SA-03,Al Madinah Region,tmin_c,degC,1317,92,22.073801,26.33158,27.304391,28.471289,27.556656,31.585645,32.947224,35.862274,25.701412,29.06851,30.300578,33.081024
MAM,SA-03,Al Madinah Region,wind10_speed,m s-1,1317,92,3.297698,4.6571916,4.8749731,5.3220436,7.5185177,9.6525433,10.063523,11.251246,5.2849646,7.2072183,7.678336,9.105298
MAM,SA-03,Al Madinah Region,pwat,kg m-2,1317,78,13.424363,19.332015,21.202688,22.888159,22.143096,30.890759,32.179991,34.099998,19.1125,25.89604,27.66,30.1
MAM,SA-03,Al Madinah Region,ivt,kg m-1 s-1,1317,78,90.908327,183.27267,228.06486,286.85834,164.52325,322.81206,384.62002,482.98305,138.32587,279.25344,340.99953,414.61655
MAM,SA-03,Al Madinah Region,wind850_speed,m s-1,1317,78,5.2648026,7.6289718,8.1542113,9.9319994,9.4906135,13.094303,14.252984,14.718795,7.9785771,11.110522,12.136581,14.11315
MAM,SA-03,Al Madinah Region,wind_shear_850_200,m s-1,1317,78,33.585243,45.979653,48.176589,52.176109,42.579388,54.829292,56.745511,66.191231,40.388622,51.874299,54.13278,63.577705
MAM,SA-03,Al Madinah Region,omega500,Pa s-1,1317,78,-0.012293318,0.052144786,0.063412958,0.10766852,0.3419838,0.49824629,0.55195211,0.93135715,0.16026676,0.25500474,0.2805891,0.33744478
MAM,SA-03,Al Madinah Region,geopotential_height500,gpm,1317,79,5851.0669,5907.8111,5919.8605,5936.7168,5873.8965,5921.9042,5930.6871,5951.6377,5869.0371,5915.8103,5924.5371,5948.6377
MAM,SA-04,Eastern Region,daily_precip_total,mm,4923,92,0.0027256846,0.27836624,0.60354349,1.6273502,0.625,5.75,11.525,24,0,1.75,4.0875,12
MAM,SA-04,Eastern Region,t2m_c,degC,4923,92,32.106822,37.412906,38.226144,39.066386,34.820023,40.391354,41.372549,42.325562,33.973984,39.130588,40.222517,40.85968
MAM,SA-04,Eastern Region,tmax_c,degC,4923,92,38.71363,44.679952,45.433756,46.493405,41.987503,47.144995,48.067497,48.849976,40.917755,46.632278,47.453328,48.349976
MAM,SA-04,Eastern Region,tmin_c,degC,4923,92,25.096369,29.441437,30.194935,30.941798,28.340897,33.667413,34.271622,35.75,27.273026,32.125906,32.799115,34.050903
MAM,SA-04,Eastern Region,wind10_speed,m s-1,4923,92,3.7819067,5.6393718,6.1451981,7.7026838,7.1429012,9.4697278,9.8303686,11.53018,5.7487409,7.599217,8.3306503,9.1233759
MAM,SA-04,Eastern Region,pwat,kg m-2,4923,78,16.036626,19.861132,20.699846,21.301531,23.625569,29.089969,30.622983,34.099998,21.599509,26.739969,27.33705,32.099998
MAM,SA-04,Eastern Region,ivt,kg m-1 s-1,4923,78,84.869411,119.72209,132.31461,170.95236,178.48495,306.88035,362.32949,479.47185,146.9607,241.88476,285.26412,395.26762
MAM,SA-04,Eastern Region,wind850_speed,m s-1,4923,78,5.014596,8.2356299,9.1884,11.911394,11.011547,15.954819,16.989265,19.254078,9.0665827,13.631198,14.679903,17.232069
MAM,SA-04,Eastern Region,wind_shear_850_200,m s-1,4923,78,27.257807,35.801825,37.189322,39.257921,41.049219,53.084333,56.57323,66.968201,37.753805,50.868593,54.42633,62.700737
MAM,SA-04,Eastern Region,omega500,Pa s-1,4923,78,0.030615926,0.080497772,0.091746851,0.12225127,0.25468767,0.39707432,0.45149357,0.62360573,0.13073623,0.19544439,0.19991716,0.28274965
MAM,SA-04,Eastern Region,geopotential_height500,gpm,4923,79,5881.9915,5901.4992,5903.75,5920.9085,5896.7051,5913.6321,5920.7626,5931.6147,5894.7422,5911.9821,5916.9626,5930.4897
MAM,SA-05,Al-Qassim Region,daily_precip_total,mm,611,92,0.00020535826,1.42885,1.9206629,7.5278948,0.0625,9.675,11.1,27.75,0,5.175,6.54375,19
MAM,SA-05,Al-Qassim Region,t2m_c,degC,611,92,28.689686,34.647038,35.460664,37.73589,30.71759,36.110001,36.619606,38.975006,30.31134,35.914688,36.402742,38.975006
MAM,SA-05,Al-Qassim Region,tmax_c,degC,611,92,34.114038,39.294747,40.680107,42.992561,35.7034,41.087207,42.239986,44.649994,35.399979,40.590292,41.739999,44.649994
MAM,SA-05,Al-Qassim Region,tmin_c,degC,611,92,23.197811,28.379439,28.87073,30.746554,25.33876,30.065662,30.865308,32.75,24.848495,29.787695,30.421558,32.25
MAM,SA-05,Al-Qassim Region,wind10_speed,m s-1,611,92,3.676922,5.6141016,6.0854992,7.6580012,5.9210343,7.9404284,8.1423884,9.0616903,5.3394544,7.0053258,7.8206983,8.5310917
MAM,SA-05,Al-Qassim Region,pwat,kg m-2,611,78,13.728352,21.800682,23.135103,27.296877,16.375512,25.387537,27.248994,29.59737,15.842796,24.772865,26.255033,29.09737
MAM,SA-05,Al-Qassim Region,ivt,kg m-1 s-1,611,78,68.166274,214.1628,255.62516,351.79322,129.83341,281.54099,367.64385,435.67273,108.0648,251.15285,338.71123,420.57898
MAM,SA-05,Al-Qassim Region,wind850_speed,m s-1,611,78,5.3167845,9.2959794,9.9577789,14.713693,9.2662344,13.000962,13.495679,17.365574,8.1534505,11.61805,12.617244,16.590965
MAM,SA-05,Al-Qassim Region,wind_shear_850_200,m s-1,611,78,35.306926,49.200955,51.320648,57.45197,41.179314,53.79486,58.321494,65.966034,40.485939,52.971538,56.789956,64.83699
MAM,SA-05,Al-Qassim Region,omega500,Pa s-1,611,78,-0.0044384648,0.077255162,0.098513594,0.17780898,0.20279121,0.41817389,0.4484844,0.58076382,0.13289893,0.25876987,0.29238684,0.39634752
MAM,SA-05,Al-Qassim Region,geopotential_height500,gpm,611,79,5858.6517,5901.8467,5916.5658,5932.848,5869.1538,5910.1084,5920.6758,5935.6377,5867.8193,5908.5584,5919.9383,5935.1377
MAM,SA-06,Hayel Region,daily_precip_total,mm,1021,92,0,1.592393,3.2896056,5.8695675,0,12.425,20,26.875,0,5,10.3625,15.5
MAM,SA-06,Hayel Region,t2m_c,degC,1021,92,25.915893,32.299136,33.491425,35.402144,28.815536,34.716901,36.037328,38.325562,27.816483,34.085001,35.333992,37.825562
MAM,SA-06,Hayel Region,tmax_c,degC,1021,92,31.01611,37.229771,38.864343,41.068065,34.649979,40.04024,41.485001,44.649994,33.883591,39.030017,40.485001,43.149994
MAM,SA-06,Hayel Region,tmin_c,degC,1021,92,20.254899,25.520449,26.757904,28.35132,23.271759,29.232928,29.92764,32.050903,22.387543,28.153314,28.805844,31.050903
MAM,SA-06,Hayel Region,wind10_speed,m s-1,1021,92,3.6587122,5.0458568,5.4046505,6.4748445,6.1894293,7.5924407,7.9766477,8.9581337,5.2879739,6.7779387,7.0586586,7.964119
MAM,SA-06,Hayel Region,pwat,kg m-2,1021,78,11.51855,18.613273,21.347896,24.230291,14.659956,24.4,25.672864,27.59383,13.849667,23.626457,24.674606,27
MAM,SA-06,Hayel Region,ivt,kg m-1 s-1,1021,78,76.873238,195.91146,234.18368,370.70294,132.07691,315.9642,353.1291,457.94277,118.16752,274.38482,315.17677,444.20233
MAM,SA-06,Hayel Region,wind850_speed,m s-1,1021,78,5.478426,7.8811741,8.9067387,10.243252,9.3695097,11.823143,12.980514,14.623672,8.3594551,11.21513,12.076523,13.043701
MAM,SA-06,Hayel Region,wind_shear_850_200,m s-1,1021,78,36.37216,49.729603,52.086087,64.082815,42.568966,55.589939,59.214627,71.629158,41.014467,54.732928,57.78345,71.154724
MAM,SA-06,Hayel Region,omega500,Pa s-1,1021,78,-0.023122443,0.062554362,0.10022073,0.13518722,0.26152444,0.43795025,0.47012881,0.62918854,0.14847863,0.25116973,0.28648524,0.39970326
MAM,SA-06,Hayel Region,geopotential_height500,gpm,1021,79,5834.6493,5895.1122,5912.4667,5938.9926,5856.2651,5908.9457,5920.2121,5946.1377,5851.7651,5905.0824,5917.8371,5944.2627
MAM,SA-07,Tabuk Region,daily_precip_total,mm,1260,92,0,0.38152563,0.75403547,1.3303375,0,8.9,12.3625,17.75,0,2.225,4.1125,5.75
MAM,SA-07,Tabuk Region,t2m_c,degC,1260,92,24.477933,30.908708,31.814237,32.8759,30.293365,35.356488,36.938303,40.365723,29.191162,34.259726,35.938303,38.365723
MAM,SA-07,Tabuk Region,tmax_c,degC,1260,92,30.069125,36.880459,38.102249,39.399208,36.208481,42.379501,44.139986,46.434235,35.166382,40.861993,42.639986,44.684235
MAM,SA-07,Tabuk Region,tmin_c,degC,1260,92,18.613616,23.893416,24.776788,25.955926,25.644913,29.06134,30.70161,35.518524,23.452744,27.524011,29.252188,32.768524
MAM,SA-07,Tabuk Region,wind10_speed,m s-1,1260,92,3.1315822,4.2858858,4.5403666,4.857645,6.9580688,9.6593727,10.493782,12.924521,5.1374524,6.4898874,6.6934914,7.8635335
MAM,SA-07,Tabuk Region,pwat,kg m-2,1260,78,9.6749634,15.153844,17.732128,20.383368,17.1,24.97865,27.824075,34.099998,13.902278,21.6,23.249075,31.1
MAM,SA-07,Tabuk Region,ivt,kg m-1 s-1,1260,78,68.014961,157.37345,208.67476,291.65247,119.04035,266.37496,341.86468,467.05377,99.87177,243.94276,290.07194,409.24536
MAM,SA-07,Tabuk Region,wind850_speed,m s-1,1260,78,4.7677672,6.8954102,7.393931,10.121197,9.1327057,11.872541,12.60098,14.200404,7.4851029,10.425959,11.024094,13.135948
MAM,SA-07,Tabuk Region,wind_shear_850_200,m s-1,1260,78,36.305389,51.26657,54.759774,66.046191,44.144522,57.155726,62.09232,72.538208,41.708542,55.846043,60.902854,71.810387
MAM,SA-07,Tabuk Region,omega500,Pa s-1,1260,78,0.0075780092,0.10253704,0.12590952,0.25036363,0.4395113,0.6859148,0.82469593,1.2760837,0.20541459,0.35563255,0.42462608,0.72442341
MAM,SA-07,Tabuk Region,geopotential_height500,gpm,1260,79,5821.2162,5893.6287,5906.405,5948.4148,5856.6069,5912.9479,5919.927,5957.6377,5845.2524,5906.2626,5914.9276,5952.5127
MAM,SA-08,Northern Borders Region,daily_precip_total,mm,1065,92,0.00011507788,1.2027677,2.2647564,6.9627794,0.0625,9.0625,12.675,29,0,5.225,8.5875,17.5
MAM,SA-08,Northern Borders Region,t2m_c,degC,1065,92,25.777351,33.352404,34.601315,35.700758,29.864365,36.874167,38.037328,39.475006,29.054642,35.846353,37.111432,38.475006
MAM,SA-08,Northern Borders Region,tmax_c,degC,1065,92,30.635138,38.511384,40.250423,41.259091,35.150055,42.730597,43.847501,45.149994,34.105835,41.820001,42.884326,44.649994
MAM,SA-08,Northern Borders Region,tmin_c,degC,1065,92,19.90761,27.121132,28.061581,28.951434,24.169907,30.740945,31.70264,33.25,23.213855,29.840753,30.967737,32.550903
MAM,SA-08,Northern Borders Region,wind10_speed,m s-1,1065,92,3.7222684,5.1758775,5.5003059,7.694442,6.3328757,8.7123577,9.4086287,10.214173,5.613445,7.7996016,8.3702203,9.1819201
MAM,SA-08,Northern Borders Region,pwat,kg m-2,1065,78,12.752392,18.888228,20.719135,22.542306,15.601212,26.626457,27.094522,30.09383,15.1,25.248067,25.753979,29.5
MAM,SA-08,Northern Borders Region,ivt,kg m-1 s-1,1065,78,97.709047,186.44256,216.43324,274.24523,152.75018,339.05499,358.45488,489.81,137.89771,291.06143,339.6562,470.17389
MAM,SA-08,Northern Borders Region,wind850_speed,m s-1,1065,78,5.3378841,8.0706892,8.7011096,10.295816,10.110179,13.309323,13.960563,18.969715,8.8453188,11.922662,13.050702,17.57172
MAM,SA-08,Northern Borders Region,wind_shear_850_200,m s-1,1065,78,34.287432,48.242513,55.690857,64.457958,42.80617,55.378402,63.112794,71.484383,41.065262,54.942636,62.322429,71.147141
MAM,SA-08,Northern Borders Region,omega500,Pa s-1,1065,78,0.0062996375,0.091691612,0.11430917,0.2248934,0.26502061,0.37845533,0.49336776,0.60626674,0.15958789,0.27180673,0.3097126,0.36504549
MAM,SA-08,Northern Borders Region,geopotential_height500,gpm,1065,79,5803.1173,5870.8607,5904.7715,5937.7648,5850.1572,5893.2726,5913.5924,5943.5127,5844.332,5888.1079,5912.9799,5942.2627
MAM,SA-09,Jazan Region,daily_precip_total,mm,134,92,0.23666025,1.6942229,1.9432568,5.2769821,6.9375,38.6875,48.65625,81,0.91874981,8.2662447,9.3534359,19.031246
MAM,SA-09,Jazan Region,t2m_c,degC,134,92,30.586346,33.344303,33.549512,34.127174,32.577621,35.621445,35.840866,36.825562,32.393051,35.36822,35.569383,36.325562
MAM,SA-09,Jazan Region,tmax_c,degC,134,92,34.538951,37.706843,38.090077,38.653742,37.361481,41.031012,41.549985,41.999969,36.999969,40.73605,41.022491,41.549957
MAM,SA-09,Jazan Region,tmin_c,degC,134,92,27.048374,29.027385,29.210158,29.942013,29.316254,31.302945,31.606537,32.056366,29.106833,31.043855,31.357677,31.806366
MAM,SA-09,Jazan Region,wind10_speed,m s-1,134,92,2.426129,2.9030625,3.1335852,3.5785746,4.5094855,7.2983747,7.979996,10.156806,3.5838672,4.7174481,5.8728415,6.6973443
MAM,SA-09,Jazan Region,pwat,kg m-2,134,78,31.31152,39.97816,41.366267,42.747621,37.599998,48.106002,50.023784,53.194874,37.099998,47.602087,48.960258,52.369873
MAM,SA-09,Jazan Region,ivt,kg m-1 s-1,134,78,54.53562,98.274788,111.22303,238.1901,122.05347,196.27784,216.49243,333.40147,90.924906,160.37038,182.12504,300.68242
MAM,SA-09,Jazan Region,wind850_speed,m s-1,134,78,1.9029619,3.6882299,4.5498676,6.0727462,5.1209586,9.4766712,10.092662,15.273851,3.9646701,8.0546453,9.064034,13.347125
MAM,SA-09,Jazan Region,wind_shear_850_200,m s-1,134,78,17.599482,28.657083,30.801063,39.365668,21.430715,32.393293,34.879093,41.017498,20.355535,31.257909,34.134258,40.693916
MAM,SA-09,Jazan Region,omega500,Pa s-1,134,78,0.024576044,0.066146821,0.071893013,0.10739702,0.27354348,0.50725555,0.61580024,0.72289848,0.16244058,0.33683498,0.39614363,0.48881644
MAM,SA-09,Jazan Region,geopotential_height500,gpm,134,79,5891.6934,5908.8402,5910.8039,5919.7405,5898.1455,5916.4192,5918.8514,5926.4897,5894.5815,5911.7687,5915.1681,5923.5771
MAM,SA-10,Najran Region,daily_precip_total,mm,753,92,0,0.026309365,0.1532751,0.93572865,0,2.5,3.725,19.75,0,0.1125,1.1125,4.8499908
MAM,SA-10,Najran Region,t2m_c,degC,753,92,30.03429,33.389671,34.087107,34.694042,32.836121,36.877887,37.332826,38.701447,31.635361,35.311653,36.105446,37.276443
MAM,SA-10,Najran Region,tmax_c,degC,753,92,36.241329,40.001359,40.851266,41.823926,38.775665,43.670197,44.453328,45.549957,38.422531,43.260202,43.807497,44.649994
MAM,SA-10,Najran Region,tmin_c,degC,753,92,22.882864,25.447773,25.9272,27.838036,26.19371,29.161441,29.947224,31.70871,25.173553,27.738433,28.442992,30.396271
MAM,SA-10,Najran Region,wind10_speed,m s-1,753,92,3.5007187,4.9982151,5.4648243,6.2775183,5.5100908,6.8990427,7.6364851,8.8811216,4.6994917,6.2335693,6.722551,7.8085494
MAM,SA-10,Najran Region,pwat,kg m-2,753,78,13.922172,20.9612,22.825775,25.932949,16.597651,23.312422,26.62178,31.1,16.056571,22.962422,25.767233,29.6
MAM,SA-10,Najran Region,ivt,kg m-1 s-1,753,78,67.251971,107.73298,137.82786,153.09897,110.87546,157.62584,187.38564,329.57868,88.191826,130.70755,159.20048,239.16912
MAM,SA-10,Najran Region,wind850_speed,m s-1,753,78,6.3188381,8.7971135,9.3493236,10.487836,8.868248,11.22282,11.595146,12.962345,8.3661103,10.803179,11.062686,12.634426
MAM,SA-10,Najran Region,wind_shear_850_200,m s-1,753,78,22.12255,35.273281,36.942832,44.377968,26.378007,39.18337,42.235016,46.521877,25.752448,37.791028,41.223444,46.094345
MAM,SA-10,Najran Region,omega500,Pa s-1,753,78,0.01878261,0.071559778,0.08729715,0.11103363,0.16909719,0.28019388,0.33879665,0.40252542,0.092231318,0.17893613,0.19381367,0.27642107
MAM,SA-10,Najran Region,geopotential_height500,gpm,753,79,5893.507,5905.7956,5906.6686,5918.6734,5895.9443,5910.6563,5914.7145,5923.2397,5895.6943,5909.0593,5911.7762,5922.2397
MAM,SA-11,Al Bahah Region,daily_precip_total,mm,91,92,0.0013691617,1.5636995,2.7881688,5.5022507,0.125,14.2,23.73125,59.25,0,7.19375,12.26875,23.75
MAM,SA-11,Al Bahah Region,t2m_c,degC,91,92,27.571909,31.23569,32.183819,32.54581,32.770264,36.382132,36.98797,38.717224,32.406235,35.932214,36.558348,38.467224
MAM,SA-11,Al Bahah Region,tmax_c,degC,91,92,32.033809,35.969553,36.564419,37.578361,37.371918,41.879501,42.610844,45.289093,36.946869,41.13999,41.594974,44.414093
MAM,SA-11,Al Bahah Region,tmin_c,degC,91,92,23.397789,26.147261,26.587114,27.338635,28.887787,31.297269,31.641379,33.206207,28.728455,30.877582,31.328299,32.581207
MAM,SA-11,Al Bahah Region,wind10_speed,m s-1,91,92,2.4356784,3.6167603,4.345294,6.9230866,4.799006,7.8975011,8.7023879,12.780798,4.1315763,7.5657555,8.1384188,12.389837
MAM,SA-11,Al Bahah Region,pwat,kg m-2,91,78,18.501454,25.598019,26.746457,31.207976,30.387386,40.602087,42.205001,50.688187,28.949706,39.143159,40.780001,48.688187
MAM,SA-11,Al Bahah Region,ivt,kg m-1 s-1,91,78,72.783077,151.94592,174.9132,319.18424,108.31485,212.1104,257.8453,456.65497,102.41868,201.20456,245.64864,441.07904
MAM,SA-11,Al Bahah Region,wind850_speed,m s-1,91,78,2.7838422,4.4235684,4.7134615,7.1698202,5.5978475,8.7895084,9.3996449,10.313004,4.9813313,7.927929,8.8694282,9.6981564
MAM,SA-11,Al Bahah Region,wind_shear_850_200,m s-1,91,78,24.674865,35.96334,37.027702,40.694208,27.688636,40.451726,42.969211,46.177868,26.838278,39.459261,40.73626,45.456844
MAM,SA-11,Al Bahah Region,omega500,Pa s-1,91,78,0.0013489872,0.082808304,0.10383228,0.16371733,0.2258805,0.38187251,0.43030748,0.57836723,0.17462254,0.30185266,0.37399645,0.44067192
MAM,SA-11,Al Bahah Region,geopotential_height500,gpm,91,79,5884.955,5913.6119,5916.1691,5926.3022,5894.5977,5920.0817,5922.7615,5932.2397,5891.4727,5917.5567,5920.5043,5930.0522
MAM,SA-12,Al Jawf Region,daily_precip_total,mm,761,92,0,0.43704331,1.7993214,5.7711189,0,5.3,9.75,28.5,0,2,6.175,18
MAM,SA-12,Al Jawf Region,t2m_c,degC,761,92,24.230034,31.474719,32.906452,33.521716,27.219254,34.097067,35.620441,37.841705,26.209396,33.032617,34.650829,36.341705
MAM,SA-12,Al Jawf Region,tmax_c,degC,761,92,29.376308,36.963372,38.757235,39.749884,32.571945,39.955704,41.622501,43.349976,31.799988,39.316843,40.649994,42.349976
MAM,SA-12,Al Jawf Region,tmin_c,degC,761,92,18.905077,24.909272,25.907277,27.267712,21.590607,28.529962,29.20161,30.362396,20.454056,27.340005,28.157155,29.862396
MAM,SA-12,Al Jawf Region,wind10_speed,m s-1,761,92,3.602994,5.4781207,6.3718141,7.8762674,6.1019382,8.369967,8.8853892,10.626945,5.4549787,7.686469,8.14286,10.087735
MAM,SA-12,Al Jawf Region,pwat,kg m-2,761,78,11.13745,16.242661,18.811759,22.76482,14.4188,21.049649,23.589075,26.1,13.6,19.67985,21.21837,25.625
MAM,SA-12,Al Jawf Region,ivt,kg m-1 s-1,761,78,77.721708,185.67581,214.50824,341.54436,125.21986,247.56569,300.5528,467.53974,109.65885,220.67444,275.13661,440.7079
MAM,SA-12,Al Jawf Region,wind850_speed,m s-1,761,78,5.1461867,8.0164465,8.6259667,10.780613,9.1716561,11.935616,12.727924,15.387333,7.7237456,10.867245,11.164854,13.300899
MAM,SA-12,Al Jawf Region,wind_shear_850_200,m s-1,761,78,35.153756,51.582554,55.394344,66.381118,40.504881,55.726677,61.1043,72.278465,39.417316,55.17212,60.191198,71.680351
MAM,SA-12,Al Jawf Region,omega500,Pa s-1,761,78,-0.0026253798,0.11267545,0.14962382,0.23837777,0.24727643,0.48009131,0.5489436,0.64798784,0.15859067,0.3112951,0.35142512,0.37728047
MAM,SA-12,Al Jawf Region,geopotential_height500,gpm,761,79,5797.4743,5875.6952,5898.8045,5944.7875,5822.3901,5888.5707,5911.6799,5948.8877,5816.0151,5885.4524,5909.5178,5947.8877
MAM,SA-14,'Asir Region,daily_precip_total,mm,661,92,0.16161071,1.5823273,2.0922842,3.4200652,13.875,53.35,61.6125,106.5,0.25,6.75,9.90625,15.25
MAM,SA-14,'Asir Region,t2m_c,degC,661,92,27.737913,30.75183,31.660968,32.176122,33.011032,36.052972,36.655682,37.85968,31.919144,35.22265,35.666501,36.85968
MAM,SA-14,'Asir Region,tmax_c,degC,661,92,32.283357,35.487534,36.636358,37.17416,37.699997,41.389499,42.194997,43.749969,36.800003,40.339978,41.149994,42.049957
MAM,SA-14,'Asir Region,tmin_c,degC,661,92,22.343287,25.045359,25.380725,26.17536,28.721237,30.653912,31.24817,31.737457,27.06781,29.601944,29.744478,30.57193
MAM,SA-14,'Asir Region,wind10_speed,m s-1,661,92,3.3541142,4.962523,5.1590246,6.3431541,6.1267214,8.6863102,9.4232408,12.150674,5.4291995,7.9052978,8.5233257,11.12249
MAM,SA-14,'Asir Region,pwat,kg m-2,661,78,15.982842,22.055373,22.802312,23.496349,33.599998,41.269764,42.3025,52.188187,25.596778,33.758672,34.622046,39.188187
MAM,SA-14,'Asir Region,ivt,kg m-1 s-1,661,78,79.815452,123.92806,146.43308,305.20956,134.02187,222.37534,236.85946,456.9728,117.03628,185.71929,202.31344,425.29951
MAM,SA-14,'Asir Region,wind850_speed,m s-1,661,78,4.4609029,6.7761714,7.0590534,8.4315359,8.8798423,12.025687,12.348392,14.829318,8.3416467,11.269411,11.516045,14.044567
MAM,SA-14,'Asir Region,wind_shear_850_200,m s-1,661,78,22.958608,35.61849,38.298651,40.901073,30.553679,44.010544,46.718709,51.628792,28.941128,43.160818,45.668599,49.797062
MAM,SA-14,'Asir Region,omega500,Pa s-1,661,78,0.00078816841,0.061092438,0.078229166,0.13379932,0.33079958,0.64340801,0.73868867,0.86235857,0.17454231,0.27568774,0.31491729,0.38127708
MAM,SA-14,'Asir Region,geopotential_height500,gpm,661,79,5890.3654,5911.2939,5913.4122,5924.4705,5899.3193,5920.3062,5924.0984,5932.2397,5894.0693,5915.2919,5917.5506,5927.3647
JJA,SA-01,Riyadh Region,daily_precip_total,mm,3309,90,0,0.003275556,0.092156478,1.1396718,0,0.825,4.9125,11.5,0,0,0.3875,6.5
JJA,SA-01,Riyadh Region,t2m_c,degC,3309,91,36.263628,37.414265,37.535681,37.944083,39.999969,41.06488,41.153854,41.734833,38.949982,39.897247,40.098419,40.734833
JJA,SA-01,Riyadh Region,tmax_c,degC,3309,90,42.695703,43.702455,43.917554,44.258419,46.074982,47.720496,47.855005,48.350006,45.052948,46.571759,46.763757,47.100006
JJA,SA-01,Riyadh Region,tmin_c,degC,3309,90,29.076768,30.260951,30.387871,30.575635,33.786911,35.501379,35.835641,36.602905,32.068359,33.864337,34.003995,34.579315
JJA,SA-01,Riyadh Region,wind10_speed,m s-1,3309,91,3.7026568,4.6772029,5.1671433,7.5109264,6.8012395,8.3097801,8.7860508,10.179658,5.7747416,7.4167614,7.6105349,8.7931881
JJA,SA-01,Riyadh Region,pwat,kg m-2,3309,91,17.75696,24.359532,26.419746,31.5731,23.118599,36.200001,41.346697,49.599998,21.6,31.6,36.877996,47.099998
JJA,SA-01,Riyadh Region,ivt,kg m-1 s-1,3309,90,91.770989,164.87601,172.68682,269.69714,174.27146,270.37913,304.20963,484.8326,146.74353,233.38096,270.95309,459.33138
JJA,SA-01,Riyadh Region,wind850_speed,m s-1,3309,90,6.3166891,8.2587256,9.2839268,12.43064,11.440217,14.617754,15.054797,16.071068,10.141635,13.083956,13.730872,14.834043
JJA,SA-01,Riyadh Region,wind_shear_850_200,m s-1,3309,90,13.41699,19.267907,20.96631,23.995984,22.311622,29.043816,30.814689,31.855165,19.525678,27.391086,28.334916,29.939615
JJA,SA-01,Riyadh Region,omega500,Pa s-1,3309,91,0.0044242808,0.033863773,0.041927728,0.056163028,0.13640356,0.23550606,0.26012754,0.340307,0.077963829,0.1306386,0.14082807,0.19436669
JJA,SA-01,Riyadh Region,geopotential_height500,gpm,3309,91,5901.8253,5917.7554,5921.563,5936.1583,5912.5796,5928.0166,5933.491,5948.1362,5909.291,5925.8574,5929.9514,5946.5112
JJA,SA-02,Makkah Region,daily_precip_total,mm,1202,90,0,0.32586376,1.1647816,3.2551348,0,29.425,72.075,125,0,1.2868744,4.3999878,22.224976
JJA,SA-02,Makkah Region,t2m_c,degC,1202,91,33.660705,34.961915,35.37133,35.731601,37.384979,39.483551,39.813049,40.602814,36.148071,37.89328,38.074966,38.60125
JJA,SA-02,Makkah Region,tmax_c,degC,1202,90,39.763927,40.967528,41.125515,41.487889,45.276764,47.540625,48.365918,48.8013,43.47197,45.070935,45.685916,46.128937
JJA,SA-02,Makkah Region,tmin_c,degC,1202,90,27.2887,29.092943,29.290482,29.757972,32.411652,33.826242,34.102448,36.149994,30.287548,31.824882,32.137469,32.749969
JJA,SA-02,Makkah Region,wind10_speed,m s-1,1202,91,4.1080411,5.4205049,5.5986874,6.2562645,8.6054544,9.9814463,10.139456,10.753523,6.4069376,8.5022154,8.8123994,9.6566992
JJA,SA-02,Makkah Region,pwat,kg m-2,1202,91,19.126977,31.553991,33.833655,39.681699,34.101608,53.09153,59.349998,62.130993,29.1,49.09153,56.099998,59.605968
JJA,SA-02,Makkah Region,ivt,kg m-1 s-1,1202,90,117.25824,172.08435,182.51749,222.88141,206.94985,351.35375,396.22292,445.8365,163.13276,263.98786,276.00622,343.46442
JJA,SA-02,Makkah Region,wind850_speed,m s-1,1202,90,7.1340717,9.5568697,10.160554,11.332382,12.213237,14.57402,15.080235,16.275269,10.843972,13.639109,14.102297,14.974393
JJA,SA-02,Makkah Region,wind_shear_850_200,m s-1,1202,90,18.058272,24.004194,24.712891,25.757478,25.121783,30.143091,30.571706,32.72625,21.954813,28.065624,28.894432,30.37883
JJA,SA-02,Makkah Region,omega500,Pa s-1,1202,91,0.0088284653,0.042881863,0.050322135,0.074248526,0.27561688,0.49383688,0.5519563,0.75100112,0.12137127,0.20565486,0.24174565,0.35232639
JJA,SA-02,Makkah Region,geopotential_height500,gpm,1202,91,5906.0711,5925.6567,5929.3553,5935.5223,5914.6372,5934.6416,5937.8477,5942.8267,5910.5391,5930.1392,5934.5698,5940.4517
JJA,SA-03,Al Madinah Region,daily_precip_total,mm,1317,90,0,0.040990884,0.15025206,0.97804043,0,2.3875,10.96875,69.5,0,0,0.5,3.7999878
JJA,SA-03,Al Madinah Region,t2m_c,degC,1317,91,32.649209,35.885125,36.159767,36.992371,36.55188,39.808533,40.558044,41.599945,35.234833,38.334625,38.879257,39.979889
JJA,SA-03,Al Madinah Region,tmax_c,degC,1317,90,39.88786,42.017433,42.402794,43.39476,44.500427,47.778754,48.182892,48.600006,42.763412,45.487119,45.827512,46.449982
JJA,SA-03,Al Madinah Region,tmin_c,degC,1317,90,25.214715,28.000777,29.060501,29.388939,30.803864,33.589487,34.21748,35.149994,28.7519,31.259753,31.934762,33.187469
JJA,SA-03,Al Madinah Region,wind10_speed,m s-1,1317,91,3.270871,4.5478042,4.8527213,5.377819,7.5550127,9.2234926,9.9320407,10.687499,5.5381355,7.0127649,7.3256414,8.1368456
JJA,SA-03,Al Madinah Region,pwat,kg m-2,1317,91,15.130718,23.877804,27.544229,29.556035,22.620354,41.099998,47.890154,53.099998,19.1,36.125,42.940142,49.599998
JJA,SA-03,Al Madinah Region,ivt,kg m-1 s-1,1317,90,78.180319,129.07834,141.92862,166.02578,151.73788,210.34843,224.53361,258.77059,126.13569,181.35784,198.72488,219.58914
JJA,SA-03,Al Madinah Region,wind850_speed,m s-1,1317,90,5.781169,7.8818655,8.5732399,9.9583922,10.393944,12.8031,13.086722,14.305235,8.9575295,11.267234,11.896477,12.527152
JJA,SA-03,Al Madinah Region,wind_shear_850_200,m s-1,1317,90,13.074565,18.142047,18.737678,23.492519,20.694355,26.554767,27.721535,31.107477,18.592062,24.156347,25.502123,29.220337
JJA,SA-03,Al Madinah Region,omega500,Pa s-1,1317,91,0.019413243,0.050153842,0.056164245,0.076587453,0.20033932,0.33590364,0.36863947,0.49309731,0.11566138,0.1739502,0.18955708,0.2215755
JJA,SA-03,Al Madinah Region,geopotential_height500,gpm,1317,91,5907.9933,5931.0705,5937.9856,5943.962,5918.9829,5945.3862,5948.4819,5958.4927,5913.6196,5935.9824,5943.9814,5953.7427
JJA,SA-04,Eastern Region,daily_precip_total,mm,4923,90,0,0.10124811,0.28288365,1.2405818,0,4.575,6.825,23.25,0,0.55,1.95625,5.5
JJA,SA-04,Eastern Region,t2m_c,degC,4923,91,38.970757,40.398155,40.509117,41.312366,41.899994,43.306152,43.477844,43.850006,40.986664,42.361694,42.569077,43.350006
JJA,SA-04,Eastern Region,tmax_c,degC,4923,90,45.51967,47.41118,47.585937,48.347695,47.971954,49.828418,50.184402,50.748322,47.249969,49.078418,49.686014,49.962555
JJA,SA-04,Eastern Region,tmin_c,degC,4923,90,31.700008,33.068473,33.29513,34.06684,36.436539,37.965356,38.218503,38.820526,34.772568,36.33952,36.841656,37.132263
JJA,SA-04,Eastern Region,wind10_speed,m s-1,4923,91,3.653904,5.2970951,5.9189085,6.3508994,7.3773518,9.0066833,9.4592137,10.528831,6.3513632,7.7676492,8.0687466,8.8447552
JJA,SA-04,Eastern Region,pwat,kg m-2,4923,91,22.78193,32.608792,37.12,43.307017,37.099998,46.099998,54.363836,63.099998,31.608526,42.64603,49.088812,61.599998
JJA,SA-04,Eastern Region,ivt,kg m-1 s-1,4923,90,115.07486,175.61913,187.26079,230.68075,200.34687,301.39787,366.95636,531.7215,173.17325,272.19033,321.08019,424.19859
JJA,SA-04,Eastern Region,wind850_speed,m s-1,4923,90,6.6811428,10.489745,10.924108,12.363424,12.50987,19.134161,20.819091,22.66869,10.717345,16.689753,17.117241,20.010405
JJA,SA-04,Eastern Region,wind_shear_850_200,m s-1,4923,90,15.894355,21.822514,24.136929,25.928366,24.005411,31.15611,33.058071,37.523418,21.82038,28.696157,30.8147,35.838127
JJA,SA-04,Eastern Region,omega500,Pa s-1,4923,91,0.01339291,0.039199006,0.042570387,0.063543644,0.14189339,0.24618077,0.28556883,0.3579855,0.084075689,0.12594271,0.1397109,0.179842
JJA,SA-04,Eastern Region,geopotential_height500,gpm,4923,91,5892.7085,5906.9735,5912.8534,5926.0479,5908.4741,5924.5854,5928.1401,5947.7612,5906.4741,5919.8062,5926.0962,5945.7612
JJA,SA-05,Al-Qassim Region,daily_precip_total,mm,611,90,0,0,0,0.0065355077,0,0,0,0.5,0,0,0,0
JJA,SA-05,Al-Qassim Region,t2m_c,degC,611,91,34.996289,37.034529,37.219113,37.714286,36.622101,38.361694,38.816315,39.120789,36.224976,38.23114,38.43454,38.620789
JJA,SA-05,Al-Qassim Region,tmax_c,degC,611,90,41.897803,43.2241,43.761671,44.503552,43.462189,45.115967,45.549991,46.149994,42.968475,44.615967,45.169458,45.649994
JJA,SA-05,Al-Qassim Region,tmin_c,degC,611,90,27.405766,29.434787,29.917339,30.834631,30.573395,32.162573,32.469241,32.895172,29.616379,31.4112,31.824347,31.946655
JJA,SA-05,Al-Qassim Region,wind10_speed,m s-1,611,91,3.3968482,4.7829575,5.1665882,6.5052732,5.1668677,6.8980865,7.0812492,8.0010681,4.7279444,6.2817507,6.5729916,7.707078
JJA,SA-05,Al-Qassim Region,pwat,kg m-2,611,91,14.488853,20.949577,21.334712,23.80835,16.601469,23.6,24.634479,27.1,16.101469,23.04357,23.776213,25.6
JJA,SA-05,Al-Qassim Region,ivt,kg m-1 s-1,611,90,69.291112,133.87194,156.74877,188.92671,116.51313,164.71856,181.09897,230.29388,104.13949,159.70713,175.42027,226.10453
JJA,SA-05,Al-Qassim Region,wind850_speed,m s-1,611,90,5.8846196,8.4647189,8.8843161,10.796419,8.7208462,11.465777,12.352876,13.080156,8.0869722,10.504597,11.830047,12.419075
JJA,SA-05,Al-Qassim Region,wind_shear_850_200,m s-1,611,90,11.535734,18.413459,21.027217,23.552196,16.830264,23.895808,25.80383,28.234543,15.112457,22.786159,24.227044,27.787033
JJA,SA-05,Al-Qassim Region,omega500,Pa s-1,611,91,0.020753255,0.062732413,0.088029384,0.10395597,0.099388599,0.20796466,0.23034239,0.2892406,0.067204475,0.14036298,0.1729871,0.22287607
JJA,SA-05,Al-Qassim Region,geopotential_height500,gpm,611,91,5904.6556,5923.9419,5929.2314,5946.4318,5910.4829,5928.9248,5935.8752,5948.5112,5908.126,5928.2998,5934.3127,5948.3862
JJA,SA-06,Hayel Region,daily_precip_total,mm,1021,90,0,0,0,0.20203568,0,0,0,8,0,0,0,1.25
JJA,SA-06,Hayel Region,t2m_c,degC,1021,91,32.88232,35.248936,35.733775,36.237296,36.141754,38.012848,38.405838,39.100006,35.18222,37.120789,37.590561,38.172333
JJA,SA-06,Hayel Region,tmax_c,degC,1021,90,39.839792,41.312662,42.086684,42.989825,42.512207,44.482117,45.005002,45.350006,41.645477,43.573419,43.896027,44.449982
JJA,SA-06,Hayel Region,tmin_c,degC,1021,90,25.454104,27.629482,28.397201,29.111896,30.158142,31.662885,32.294543,33.009155,28.749115,30.242682,31.066878,31.738708
JJA,SA-06,Hayel Region,wind10_speed,m s-1,1021,91,3.3252084,4.3704509,4.7487244,6.5426745,5.8211546,7.2012577,8.0007002,9.4630718,4.8976865,6.4322371,6.8825605,8.2027092
JJA,SA-06,Hayel Region,pwat,kg m-2,1021,91,13.483885,20.21221,21.336943,24.285298,15.610595,23.1,24.103344,28.1,15.098865,22.1,23.115497,28.1
JJA,SA-06,Hayel Region,ivt,kg m-1 s-1,1021,90,67.619938,108.75683,132.45177,177.80349,119.56387,172.27584,179.10954,229.04063,106.1804,154.23076,166.32241,212.42146
JJA,SA-06,Hayel Region,wind850_speed,m s-1,1021,90,5.2815199,7.4910405,8.0969728,10.690639,8.6456208,11.002263,12.372641,12.794238,7.7014284,10.100066,11.02904,12.25778
JJA,SA-06,Hayel Region,wind_shear_850_200,m s-1,1021,90,11.721424,20.980817,24.052919,26.090214,17.990355,26.504074,28.610353,34.461956,16.137486,25.111668,27.681586,31.858688
JJA,SA-06,Hayel Region,omega500,Pa s-1,1021,91,0.023981892,0.06385371,0.092459067,0.11221029,0.13762212,0.23837256,0.2522856,0.30589032,0.090395212,0.16117764,0.18577719,0.25852704
JJA,SA-06,Hayel Region,geopotential_height500,gpm,1021,91,5903.188,5928.0821,5937.3913,5946.4175,5911.5176,5934.0747,5947.1846,5949.2612,5909.2959,5931.3892,5944.3977,5948.3862
JJA,SA-07,Tabuk Region,daily_precip_total,mm,1260,90,0,2.0404911e-05,0.015647728,0.49492165,0,0.025,1.33125,11,0,0,0.06875,2
JJA,SA-07,Tabuk Region,t2m_c,degC,1260,91,30.337493,33.540423,35.871976,36.580053,34.512848,38.042084,40.714661,42.599945,32.986664,37.354584,39.214661,40.622101
JJA,SA-07,Tabuk Region,tmax_c,degC,1260,90,37.598671,40.702103,42.27124,43.129126,41.930389,45.670013,47.924994,49.949982,40.780472,44.370013,46.869974,48.294556
JJA,SA-07,Tabuk Region,tmin_c,degC,1260,90,23.064327,26.406521,28.598545,29.674583,29.957947,33.031409,34.642845,37.395782,26.409672,31.261076,32.582982,34.020782
JJA,SA-07,Tabuk Region,wind10_speed,m s-1,1260,91,2.4693151,3.2378451,3.5650203,4.3302871,6.0110474,7.8934426,8.515275,12.987504,4.0895629,5.1391034,5.3857384,6.4239106
JJA,SA-07,Tabuk Region,pwat,kg m-2,1260,91,14.256872,22.027567,22.972252,26.433545,21.6,34.125,39.861261,43.700001,19.000957,30.125,34.123014,35.224964
JJA,SA-07,Tabuk Region,ivt,kg m-1 s-1,1260,90,50.580518,95.46835,112.32603,148.30028,111.44093,163.39478,177.70899,200.39836,91.127361,137.10042,144.93964,179.85849
JJA,SA-07,Tabuk Region,wind850_speed,m s-1,1260,90,3.922448,5.272279,5.8703985,7.026568,8.6534338,10.908828,11.290019,12.000621,6.9454343,8.565236,9.0503969,10.778051
JJA,SA-07,Tabuk Region,wind_shear_850_200,m s-1,1260,90,10.763299,21.018528,26.20656,33.562053,17.672625,29.782874,36.134164,41.908707,15.276395,28.795693,34.562661,39.897823
JJA,SA-07,Tabuk Region,omega500,Pa s-1,1260,91,0.029158791,0.062844429,0.080302874,0.11814824,0.19817734,0.41189837,0.46148682,0.60867596,0.10549164,0.18647742,0.22300008,0.33724034
JJA,SA-07,Tabuk Region,geopotential_height500,gpm,1260,91,5899.993,5930.8478,5941.22,5952.537,5914.5483,5942.9497,5950.6082,5966.7427,5910.9663,5940.0244,5944.6738,5959.374
JJA,SA-08,Northern Borders Region,daily_precip_total,mm,1065,90,0,0,0,0.23798362,0,0,0,2.75,0,0,0,1.25
JJA,SA-08,Northern Borders Region,t2m_c,degC,1065,91,34.848233,36.799455,38.157668,38.633885,37.777191,39.872009,40.704269,41.120789,37.06488,39.106598,39.879257,40.234833
JJA,SA-08,Northern Borders Region,tmax_c,degC,1065,90,41.094391,43.173511,44.135189,45.088389,44.484741,46.801685,47.127499,47.649994,43.555389,45.659991,46.173192,47.049988
JJA,SA-08,Northern Borders Region,tmin_c,degC,1065,90,27.999024,30.317218,31.078397,31.608653,31.649033,33.944525,34.551662,35.754791,30.50528,32.659991,33.373594,34.102905
JJA,SA-08,Northern Borders Region,wind10_speed,m s-1,1065,91,3.7591734,5.6885549,6.0689018,6.4546869,6.4242439,7.5258555,7.6925328,8.9507017,5.606997,6.6621819,7.1967874,7.8191886
JJA,SA-08,Northern Borders Region,pwat,kg m-2,1065,91,13.062396,18.080584,20.019198,26.058968,16.601469,22.102587,23.597024,29.607792,15.6,20.602587,22.163952,29.1
JJA,SA-08,Northern Borders Region,ivt,kg m-1 s-1,1065,90,89.006578,133.43726,144.2414,175.53216,134.32046,204.26759,214.46087,239.35893,118.59971,186.90042,197.16407,233.07079
JJA,SA-08,Northern Borders Region,wind850_speed,m s-1,1065,90,5.4387773,8.6056099,9.4094665,10.668181,10.032332,12.329757,13.377091,16.313154,8.4773288,10.88835,11.867368,13.662427
JJA,SA-08,Northern Borders Region,wind_shear_850_200,m s-1,1065,90,11.905791,27.354511,30.608175,34.031608,17.9298,39.360125,41.43876,48.240227,16.753833,37.510318,39.978274,46.85305
JJA,SA-08,Northern Borders Region,omega500,Pa s-1,1065,91,0.031979612,0.083137908,0.096265672,0.17850959,0.12222791,0.22653866,0.2723825,0.37172627,0.084913433,0.1676493,0.21017091,0.25625747
JJA,SA-08,Northern Borders Region,geopotential_height500,gpm,1065,91,5892.9634,5925.4608,5933.6798,5939.1301,5904.6279,5930.5591,5945.9097,5956.0166,5902.7905,5929.4092,5943.0564,5952.3916
JJA,SA-09,Jazan Region,daily_precip_total,mm,134,90,0.21911481,4.1878135,7.8562887,22.967201,9.125,60.825,76.19375,254.875,1.0249996,17.482495,30.886246,100.45625
JJA,SA-09,Jazan Region,t2m_c,degC,134,91,33.227717,34.690147,34.811675,35.907574,35.483551,37.425568,37.964828,39.284637,35.183136,37.049988,37.636475,38.744011
JJA,SA-09,Jazan Region,tmax_c,degC,134,90,38.18842,41.046631,41.289857,42.006209,41.136765,45.65578,46.233545,46.649994,40.669577,45.203979,45.483545,46.149994
JJA,SA-09,Jazan Region,tmin_c,degC,134,90,28.797041,29.682595,29.85647,30.690159,31.484375,32.599866,33.025751,33.861053,31.177109,32.256342,32.795792,33.361053
JJA,SA-09,Jazan Region,wind10_speed,m s-1,134,91,2.5046513,3.4088732,3.8112008,4.2341708,6.080792,8.1787071,8.6142416,10.054615,3.8576965,7.0782027,7.519202,8.9350834
JJA,SA-09,Jazan Region,pwat,kg m-2,134,91,36.665843,50.473655,56.115709,61.316527,43.61515,58.599998,63.103344,68.630989,43.11515,58.099998,62.603344,68.130989
JJA,SA-09,Jazan Region,ivt,kg m-1 s-1,134,90,113.45516,203.76058,236.89828,311.65351,249.4944,386.57947,432.58238,471.10279,198.66821,340.8307,402.41686,446.48561
JJA,SA-09,Jazan Region,wind850_speed,m s-1,134,90,3.4993333,7.0103862,7.8329691,9.1977547,10.764643,15.743984,16.54744,18.867105,8.0190554,14.250382,15.104734,15.944035
JJA,SA-09,Jazan Region,wind_shear_850_200,m s-1,134,90,20.846367,25.243286,26.57158,29.644245,26.354547,32.259559,33.359951,34.242374,23.847991,29.360784,30.245782,34.030807
JJA,SA-09,Jazan Region,omega500,Pa s-1,134,91,-0.010619377,0.038903329,0.057128525,0.1090209,0.35079288,0.55282569,0.61539769,0.65115619,0.18074207,0.36194134,0.39134784,0.48764437
JJA,SA-09,Jazan Region,geopotential_height500,gpm,134,91,5897.9257,5912.5749,5915.5247,5922.3181,5906.8667,5921.8091,5924.0383,5930.4341,5902.3467,5917.978,5920.1882,5925.5215
JJA,SA-10,Najran Region,daily_precip_total,mm,753,90,0,0.037416951,0.87148359,2.6423373,0,1.1625,7.6,38.875,0,0.1625,3.492495,8.1499863
JJA,SA-10,Najran Region,t2m_c,degC,753,91,34.549425,35.794767,36.048394,36.557583,37.808533,39.508392,39.770493,40.222137,36.949982,38.820892,39.098419,39.622135
JJA,SA-10,Najran Region,tmax_c,degC,753,90,40.968329,42.366171,42.439184,42.890163,44.318176,46.056012,46.328088,46.649994,43.549988,45.299963,45.404993,45.899994
JJA,SA-10,Najran Region,tmin_c,degC,753,90,27.337717,29.764198,30.453804,31.169683,31.178055,33.865732,34.491933,35.350006,30.256226,33.203671,33.643767,34.268951
JJA,SA-10,Najran Region,wind10_speed,m s-1,753,91,3.3640007,5.3056526,5.6488417,6.8403474,5.7024794,7.6403284,8.403018,10.29215,4.9286036,7.0583963,7.6911888,9.3379936
JJA,SA-10,Najran Region,pwat,kg m-2,753,91,19.638296,29.145749,37.810487,43.0333,22.6,33.650002,44.123014,50.099998,21.6,32.650002,43.603344,49.099998
JJA,SA-10,Najran Region,ivt,kg m-1 s-1,753,90,129.33072,228.61581,261.43561,318.68302,182.018,299.5709,335.18162,531.53399,170.52103,282.6853,309.28525,415.1726
JJA,SA-10,Najran Region,wind850_speed,m s-1,753,90,5.8675539,9.1538986,9.627336,11.708473,8.9806046,13.084465,14.487207,16.250242,8.5416851,12.595614,13.553532,15.717101
JJA,SA-10,Najran Region,wind_shear_850_200,m s-1,753,90,16.523334,23.707312,24.346526,28.493271,20.810305,27.603184,28.717259,33.323677,19.518068,26.487964,27.997503,31.742931
JJA,SA-10,Najran Region,omega500,Pa s-1,753,91,-0.0062868844,0.026115049,0.029258505,0.058385206,0.19231725,0.28573704,0.34405375,0.40649176,0.082209349,0.13617781,0.17626074,0.2856195
JJA,SA-10,Najran Region,geopotential_height500,gpm,753,91,5894.5963,5910.5796,5913.4086,5920.361,5901.1699,5917.8374,5921.6423,5926.6841,5898.3926,5914.4624,5919.668,5923.9341
JJA,SA-11,Al Bahah Region,daily_precip_total,mm,91,90,0,2.1350175,4.0726824,9.1890585,0,19.875,38.64375,93.25,0,11.38125,20.2875,54.25
JJA,SA-11,Al Bahah Region,t2m_c,degC,91,91,31.086582,32.476409,32.682256,33.460331,35.925568,38.047943,39.102875,40.203613,35.064667,36.868439,37.315598,38.703613
JJA,SA-11,Al Bahah Region,tmax_c,degC,91,90,36.476993,37.988523,38.426124,38.943162,42.475098,45.506464,46.018213,47.100006,41.665192,44.776453,45.051968,46.350006
JJA,SA-11,Al Bahah Region,tmin_c,degC,91,90,25.790698,27.254523,27.615418,28.124956,30.871857,32.59248,33.149165,34.249969,29.602112,31.203561,31.43833,31.825195
JJA,SA-11,Al Bahah Region,wind10_speed,m s-1,91,91,2.9043368,3.5786871,3.8023834,4.2667697,5.7207932,7.8642516,8.1345243,8.8941746,5.1150603,7.0088606,7.4066262,8.6923733
JJA,SA-11,Al Bahah Region,pwat,kg m-2,91,91,21.565222,34.103179,37.207257,40.718937,32.610596,52.09153,58.353344,61.630993,31.860596,51.09153,57.478344,60.630993
JJA,SA-11,Al Bahah Region,ivt,kg m-1 s-1,91,90,95.848478,190.2299,220.9425,323.71451,147.62884,272.71752,290.9786,412.19083,134.23067,263.50135,280.585,410.04467
JJA,SA-11,Al Bahah Region,wind850_speed,m s-1,91,90,3.9513002,5.6041837,5.98646,7.4137144,7.9982607,10.885565,11.596226,12.40489,6.9887676,9.9804812,10.39692,10.925159
JJA,SA-11,Al Bahah Region,wind_shear_850_200,m s-1,91,90,17.153924,22.409075,23.075199,26.710165,21.031242,26.41797,27.961875,30.947323,20.40196,25.518569,27.160737,30.096611
JJA,SA-11,Al Bahah Region,omega500,Pa s-1,91,91,0.0083746768,0.062161321,0.085736579,0.16794918,0.21883702,0.43696499,0.53083229,0.60607672,0.168432,0.28683877,0.37989402,0.46154547
JJA,SA-11,Al Bahah Region,geopotential_height500,gpm,91,91,5903.464,5921.8195,5924.9096,5929.2184,5910.9829,5929.542,5931.7063,5937.4072,5908.7427,5927.8545,5929.6294,5935.0322
JJA,SA-12,Al Jawf Region,daily_precip_total,mm,761,90,0,0,0,0.46200151,0,0,0,5.5,0,0,0,1.75
JJA,SA-12,Al Jawf Region,t2m_c,degC,761,91,32.591947,35.050044,37.216712,38.031463,35.67688,38.122101,40.024963,40.808533,34.486664,37.23114,39.099976,39.949982
JJA,SA-12,Al Jawf Region,tmax_c,degC,761,90,39.073025,41.966463,43.02364,44.090284,41.971954,44.441531,45.314987,46.474579,40.83844,43.494998,44.877968,45.850006
JJA,SA-12,Al Jawf Region,tmin_c,degC,761,90,25.815563,28.168153,30.1342,31.253124,29.550201,32.212933,34.025467,36.415405,28.356354,30.963562,32.991092,34.884155
JJA,SA-12,Al Jawf Region,wind10_speed,m s-1,761,91,3.9327187,5.3336631,5.5210484,6.2928534,6.5016575,7.9055796,8.1118379,9.2438231,5.7203555,6.8844628,7.2332432,8.3357038
JJA,SA-12,Al Jawf Region,pwat,kg m-2,761,91,13.598752,19.531558,21.056877,26.869007,16.110594,23.1,24.620766,29.607792,15.6,22.677425,24.150239,29.107792
JJA,SA-12,Al Jawf Region,ivt,kg m-1 s-1,761,90,73.729952,134.42005,145.93934,184.47626,120.36716,181.83881,196.36749,237.31732,105.44361,164.51482,179.28764,216.10768
JJA,SA-12,Al Jawf Region,wind850_speed,m s-1,761,90,4.8158677,7.0387221,8.1048013,10.319953,8.3152699,10.964868,12.282351,13.901501,7.1616926,9.6285683,10.650347,12.109563
JJA,SA-12,Al Jawf Region,wind_shear_850_200,m s-1,761,90,11.398975,28.757913,30.94587,37.289487,15.966702,35.475801,41.060969,47.82975,15.069722,33.247118,39.449368,46.456413
JJA,SA-12,Al Jawf Region,omega500,Pa s-1,761,91,0.032442663,0.080142919,0.094712781,0.16269741,0.13922334,0.24890852,0.29654622,0.43862081,0.096087456,0.1741991,0.20387852,0.31362081
JJA,SA-12,Al Jawf Region,geopotential_height500,gpm,761,91,5893.1281,5926.608,5939.1481,5949.72,5901.5415,5928.9531,5944.5862,5955.8916,5900.6816,5928.4531,5943.1487,5954.3916
JJA,SA-14,'Asir Region,daily_precip_total,mm,661,90,0.029181209,1.6056747,4.8212186,12.284357,5.375,67.85,96.85,154.75,0,10.7625,28.225,60
JJA,SA-14,'Asir Region,t2m_c,degC,661,91,30.606061,31.605338,32.011261,32.495516,36.70578,37.631958,37.868149,39.025726,35.549988,36.50177,36.803772,37.703613
JJA,SA-14,'Asir Region,tmax_c,degC,661,90,36.587996,37.720139,37.949433,38.155341,43.288437,44.786243,45.137186,45.649994,41.650452,42.854803,42.984286,43.305023
JJA,SA-14,'Asir Region,tmin_c,degC,661,90,24.41884,25.670609,26.034893,26.436797,30.468613,31.949207,32.311066,33.049957,29.009521,30.690402,30.970708,32.549957
JJA,SA-14,'Asir Region,wind10_speed,m s-1,661,91,3.2640946,4.5555092,5.0893607,6.0385781,6.275631,8.512681,8.7847962,10.10207,5.0056119,7.2541203,7.747082,8.8021479
JJA,SA-14,'Asir Region,pwat,kg m-2,661,91,19.122775,27.643876,31.52785,37.329933,36.605167,53.09153,58.623014,61.630993,30.097628,45.599998,52.099998,56.130993
JJA,SA-14,'Asir Region,ivt,kg m-1 s-1,661,90,117.52801,206.3791,246.52312,356.03804,189.78019,331.19693,384.02127,512.63193,157.31208,282.07107,311.23814,475.12584
JJA,SA-14,'Asir Region,wind850_speed,m s-1,661,90,4.7809767,7.1954167,7.7495673,8.9255286,9.4988518,13.756938,14.770964,15.292685,7.9610126,12.784069,13.70965,14.581332
JJA,SA-14,'Asir Region,wind_shear_850_200,m s-1,661,90,17.599081,23.954063,25.844338,27.070212,23.458076,30.072315,30.628068,33.659786,21.051102,28.105153,29.186679,30.996367
JJA,SA-14,'Asir Region,omega500,Pa s-1,661,91,-0.0082334537,0.030982083,0.04310258,0.063316558,0.36506891,0.65334487,0.67046642,0.814538,0.16208553,0.26311684,0.29176283,0.36404681
JJA,SA-14,'Asir Region,geopotential_height500,gpm,661,91,5901.0795,5917.7759,5922.3024,5924.9459,5911.1729,5928.7676,5930.0798,5934.5322,5905.0479,5921.3892,5926.8169,5931.5767
SON,SA-01,Riyadh Region,daily_precip_total,mm,3309,91,0,0.0017130097,0.0080035013,0.10670255,0,0.25,1.8125,8.25,0,0,0,0.5
SON,SA-01,Riyadh Region,t2m_c,degC,3309,91,27.329425,35.00029,35.294452,35.833735,30.757843,39.093536,39.56897,40.351776,29.86911,37.998199,38.472717,39.351776
SON,SA-01,Riyadh Region,tmax_c,degC,3309,91,33.051213,41.235456,41.362648,41.565951,36.178741,44.049957,44.599976,45.199982,35.294891,43.213722,43.599976,43.949982
SON,SA-01,Riyadh Region,tmin_c,degC,3309,91,20.703989,27.949383,28.314882,29.086286,25.028107,33.952942,34.624969,36.230957,24.261261,32.392609,32.994934,34.376953
SON,SA-01,Riyadh Region,wind10_speed,m s-1,3309,91,2.9165477,4.0100392,4.4107858,4.756653,5.4760675,6.4335332,6.8183241,7.8320637,4.5212178,5.626689,5.8377881,6.4388146
SON,SA-01,Riyadh Region,pwat,kg m-2,3309,91,12.597122,20.592136,21.788034,23.65515,18.604429,28.051105,32.604638,47.599998,16.846537,25.200001,29.104639,45.099998
SON,SA-01,Riyadh Region,ivt,kg m-1 s-1,3309,91,67.962538,125.20483,138.85403,188.81202,126.81445,231.52412,304.66404,393.44005,110.03251,199.84244,262.72613,370.4013
SON,SA-01,Riyadh Region,wind850_speed,m s-1,3309,91,5.4839573,7.479998,7.9219969,8.8976719,9.5048161,11.694304,12.350945,13.313132,8.2913084,10.498446,11.178556,12.309871
SON,SA-01,Riyadh Region,wind_shear_850_200,m s-1,3309,91,15.524886,32.779688,33.877283,39.557231,24.890795,42.759823,45.561861,50.180931,22.419954,39.402775,42.850569,47.353592
SON,SA-01,Riyadh Region,omega500,Pa s-1,3309,91,0.016231595,0.048382351,0.055332418,0.1479165,0.11697197,0.2090168,0.22533524,0.3220005,0.065136433,0.11617231,0.13485694,0.20257378
SON,SA-01,Riyadh Region,geopotential_height500,gpm,3309,91,5884.9963,5912.6989,5917.117,5923.5219,5894.5669,5925.4199,5927.4614,5934.8477,5893.7495,5921.5659,5926.0979,5931.9727
SON,SA-02,Makkah Region,daily_precip_total,mm,1202,91,0.000422678,0.15813,0.43427905,1.6878884,0.125,18.375,24.875,70,0,0.25,1.125,8.375
SON,SA-02,Makkah Region,t2m_c,degC,1202,91,27.816768,33.471703,33.821985,34.425245,33.322357,37.794159,38.294434,40.595642,32.046661,36.215057,36.661785,39.283142
SON,SA-02,Makkah Region,tmax_c,degC,1202,91,33.517479,38.761062,39.062726,40.377548,40.319977,44.669952,45.933945,48.353088,38.955559,42.540611,43.586884,46.353088
SON,SA-02,Makkah Region,tmin_c,degC,1202,91,21.909275,27.899628,28.197616,28.550107,29.552948,33.229279,33.641693,35.712219,27.153107,31.376953,31.786602,32.991905
SON,SA-02,Makkah Region,wind10_speed,m s-1,1202,91,3.028602,4.3095779,4.8793567,6.1925666,6.8826256,8.8371372,9.8812513,15.079572,5.3542438,6.9197993,7.8797309,11.872541
SON,SA-02,Makkah Region,pwat,kg m-2,1202,91,16.427923,24.516739,26.098034,27.306272,34.070164,46.10144,47.868824,50.604801,29.208838,40.56995,43.326385,45.662647
SON,SA-02,Makkah Region,ivt,kg m-1 s-1,1202,91,65.62498,116.86221,132.44722,170.69299,119.21999,212.45603,241.53459,364.08034,103.64117,174.55075,198.18744,298.16826
SON,SA-02,Makkah Region,wind850_speed,m s-1,1202,91,5.5346108,7.8776764,8.5245453,11.371462,10.333074,13.605155,15.845395,22.266626,9.0907602,12.15387,13.962423,19.010183
SON,SA-02,Makkah Region,wind_shear_850_200,m s-1,1202,91,13.665301,34.05109,39.196393,42.435243,21.204151,43.61512,46.170282,48.34034,18.558395,41.437355,43.962608,47.237766
SON,SA-02,Makkah Region,omega500,Pa s-1,1202,91,0.015074301,0.045188255,0.054834807,0.10612512,0.21701574,0.3578763,0.40067732,0.83669853,0.089374781,0.14911699,0.16307777,0.21350503
SON,SA-02,Makkah Region,geopotential_height500,gpm,1202,91,5889.4717,5915.3608,5917.3157,5926.3607,5894.8223,5924.1709,5927.8325,5936.7227,5892.3784,5920.3257,5924.175,5932.4727
SON,SA-03,Al Madinah Region,daily_precip_total,mm,1317,91,0,0.0092780712,0.3972175,4.9107161,0,1.75,8.9375,33.625,0,0,2.3125,16.274994
SON,SA-03,Al Madinah Region,t2m_c,degC,1317,91,27.376566,33.082243,33.366495,34.872337,32.606659,37.812897,38.909485,42.470734,31.215088,35.846222,36.697227,38.320732
SON,SA-03,Al Madinah Region,tmax_c,degC,1317,91,33.879258,40.06759,40.138524,40.975683,40.198517,45.561676,46.207794,48.75,38.239983,43.153717,44.207794,45.25
SON,SA-03,Al Madinah Region,tmin_c,degC,1317,91,20.294576,25.617433,26.423317,28.035344,28.290558,31.574982,32.390625,35.925079,24.507477,29.618454,30.708172,32.750076
SON,SA-03,Al Madinah Region,wind10_speed,m s-1,1317,91,2.6404636,3.6061331,4.0879945,5.3960654,7.2038364,9.120512,10.249793,14.720086,4.7894554,6.1171298,7.0518205,8.024065
SON,SA-03,Al Madinah Region,pwat,kg m-2,1317,91,14.269047,18.608421,23.55278,25.001098,22.618212,31.307249,33.580349,42.145313,18.700001,26.407225,29.134294,36.145313
SON,SA-03,Al Madinah Region,ivt,kg m-1 s-1,1317,91,59.299709,101.93671,121.13006,269.98416,121.45027,195.88559,251.33259,416.50896,99.205498,167.57971,223.92181,375.38972
SON,SA-03,Al Madinah Region,wind850_speed,m s-1,1317,91,5.0899016,7.6788144,8.8319446,11.616892,9.9482498,13.658054,15.622095,21.59878,8.6959972,11.385242,12.626755,15.701859
SON,SA-03,Al Madinah Region,wind_shear_850_200,m s-1,1317,91,15.940237,37.187277,40.207987,43.513552,26.092949,44.405186,45.111891,49.583572,23.162081,43.312675,43.996866,48.839298
SON,SA-03,Al Madinah Region,omega500,Pa s-1,1317,91,0.017674913,0.054935463,0.069032029,0.098496675,0.19516969,0.29980254,0.33504748,0.43195605,0.10764956,0.16131258,0.17842615,0.24982715
SON,SA-03,Al Madinah Region,geopotential_height500,gpm,1317,91,5881.9187,5920.5279,5925.4803,5932.8788,5892.4253,5930.6484,5936.8064,5944.7227,5890.1831,5922.5137,5929.095,5936.1226
SON,SA-04,Eastern Region,daily_precip_total,mm,4923,91,0,0.0014933636,0.062858368,0.15690422,0,0.75,4.125,9.375,0,0,0.125,0.75
SON,SA-04,Eastern Region,t2m_c,degC,4923,91,30.016729,37.664267,38.276957,39.20885,33.77948,40.816071,41.700607,43.346222,32.789093,40.052216,40.877441,42.346222
SON,SA-04,Eastern Region,tmax_c,degC,4923,91,35.721764,43.603514,44.122519,44.738831,38.076141,45.949982,46.558075,47.399994,37.421341,45.342926,45.895096,46.649994
SON,SA-04,Eastern Region,tmin_c,degC,4923,91,24.055453,31.326781,31.757334,32.993921,29.726013,36.106598,36.844711,38.477386,27.965607,34.674957,35.704086,37.074982
SON,SA-04,Eastern Region,wind10_speed,m s-1,4923,91,2.9713301,4.4617294,4.7309908,5.9686081,5.7079353,7.7966599,8.4224896,9.6943235,4.6167951,6.0402923,6.6756434,7.3415184
SON,SA-04,Eastern Region,pwat,kg m-2,4923,91,15.579678,25.800211,28.626318,36.395261,26.141773,38.609276,43.371399,49.588299,23.225826,36.103462,41.121399,48.088299
SON,SA-04,Eastern Region,ivt,kg m-1 s-1,4923,91,77.882711,172.45378,197.91984,247.36195,151.62342,293.33201,343.78265,397.08096,127.68335,266.69351,294.4614,378.61936
SON,SA-04,Eastern Region,wind850_speed,m s-1,4923,91,4.8939187,7.6144091,8.3185614,9.9693419,10.342808,14.495888,16.031627,18.833025,8.4874935,12.244282,13.639029,16.967716
SON,SA-04,Eastern Region,wind_shear_850_200,m s-1,4923,91,16.471409,27.823258,31.927599,35.133791,28.56954,44.255409,44.921261,51.839165,25.148901,40.745926,42.626219,50.435993
SON,SA-04,Eastern Region,omega500,Pa s-1,4923,91,0.021566567,0.056755865,0.064471766,0.16195286,0.11939478,0.1848011,0.23837137,0.29044437,0.069092751,0.13544512,0.16131425,0.22110844
SON,SA-04,Eastern Region,geopotential_height500,gpm,4923,91,5883.4398,5905.4354,5909.8569,5916.0058,5894.7563,5921.6909,5926.6968,5931.877,5893.4185,5920.3115,5925.4546,5929.877
SON,SA-05,Al-Qassim Region,daily_precip_total,mm,611,91,0,0,0.022694619,3.4682575,0,0,0.5,13.125,0,0,0.125,7.75
SON,SA-05,Al-Qassim Region,t2m_c,degC,611,91,26.164363,33.85238,34.215059,34.607749,28.265411,35.453217,35.909271,36.418121,27.44986,34.846222,35.356018,35.855621
SON,SA-05,Al-Qassim Region,tmax_c,degC,611,91,33.120987,40.934944,41.252365,41.751384,34.732391,42.444977,42.696838,43.249176,34.248016,42.149994,42.398468,42.937042
SON,SA-05,Al-Qassim Region,tmin_c,degC,611,91,19.217013,25.936904,26.499352,27.165926,22.477905,28.876953,29.363602,30.18222,21.446655,28.089355,28.344223,29.468567
SON,SA-05,Al-Qassim Region,wind10_speed,m s-1,611,91,2.6844947,3.8550635,4.1765474,5.3959303,4.1323929,5.738728,6.0469632,7.3252311,3.7479098,5.1901078,5.7348375,6.9568071
SON,SA-05,Al-Qassim Region,pwat,kg m-2,611,91,13.127529,19.959898,22.397689,25.772089,14.743944,22.6,25.150001,29.051105,14.592315,22.1,24.712501,28.551105
SON,SA-05,Al-Qassim Region,ivt,kg m-1 s-1,611,91,42.969904,84.418812,118.74285,312.72573,81.213532,125.98549,172.57077,393.61868,67.970945,112.94675,162.92104,382.85043
SON,SA-05,Al-Qassim Region,wind850_speed,m s-1,611,91,4.6479032,6.8386081,7.2152415,10.451957,7.23768,9.9488487,10.787605,13.736122,6.4445667,9.22682,10.194382,13.238062
SON,SA-05,Al-Qassim Region,wind_shear_850_200,m s-1,611,91,18.918735,37.883278,39.464992,44.132391,24.494009,41.731045,43.678448,46.655197,22.760014,40.768013,42.499016,45.775272
SON,SA-05,Al-Qassim Region,omega500,Pa s-1,611,91,0.022215145,0.07015192,0.078501748,0.13239868,0.091448545,0.17697477,0.21124578,0.35937285,0.065542221,0.13836241,0.16564357,0.25634551
SON,SA-05,Al-Qassim Region,geopotential_height500,gpm,611,91,5879.588,5919.9657,5923.9875,5929.4622,5887.3271,5924.1699,5927.916,5934.9727,5885.2373,5923.3574,5926.8848,5933.7227
SON,SA-06,Hayel Region,daily_precip_total,mm,1021,91,0,0.00073765977,0.065821684,5.712766,0,0.25,1.875,24.875,0,0,0.375,16.625
SON,SA-06,Hayel Region,t2m_c,degC,1021,91,25.281777,32.184572,32.575969,32.935674,28.213837,35.032745,35.420502,36.156647,27.05661,34.345245,34.57431,35.250397
SON,SA-06,Hayel Region,tmax_c,degC,1021,91,32.099439,39.312013,39.774037,40.326423,34.107391,41.549957,42.306229,42.937042,33.402039,40.850006,41.537048,42.437042
SON,SA-06,Hayel Region,tmin_c,degC,1021,91,18.539958,24.493325,24.91493,25.494272,22.163513,28.424957,28.843384,29.392609,21.139496,27.299957,27.697723,28.225006
SON,SA-06,Hayel Region,wind10_speed,m s-1,1021,91,2.9607304,4.0974186,4.4066399,6.3213076,5.0498595,6.5290842,6.8838372,8.2798567,4.4025054,5.793921,5.8780708,7.6983919
SON,SA-06,Hayel Region,pwat,kg m-2,1021,91,13.330048,17.983041,19.100373,22.38855,15.102796,22.1,23.122657,25.551105,14.580974,21.6,22.122657,24.200016
SON,SA-06,Hayel Region,ivt,kg m-1 s-1,1021,91,53.805712,98.451502,125.77403,271.72996,98.858775,160.96237,198.60188,349.58103,87.549201,145.33077,189.19768,334.74216
SON,SA-06,Hayel Region,wind850_speed,m s-1,1021,91,5.0713219,7.55326,8.7984624,10.848584,8.4605322,11.174644,12.318156,14.366161,7.5078239,10.39277,11.277764,13.891223
SON,SA-06,Hayel Region,wind_shear_850_200,m s-1,1021,91,19.868181,38.889048,40.617768,46.879824,26.104147,42.440792,43.795244,49.499466,25.049421,41.71508,42.583107,48.829025
SON,SA-06,Hayel Region,omega500,Pa s-1,1021,91,0.025644684,0.07237337,0.0824282,0.12560317,0.13640928,0.21776676,0.24185908,0.32392406,0.09135747,0.15668488,0.1710583,0.21626806
SON,SA-06,Hayel Region,geopotential_height500,gpm,1021,91,5874.9975,5918.0806,5921.5003,5929.3703,5882.4673,5924.3887,5930.728,5937.3477,5880.5923,5922.5137,5925.9575,5933.3477
SON,SA-07,Tabuk Region,daily_precip_total,mm,1260,91,0,0,0.06290524,1.7618295,0,0,3,16.125,0,0,0.375,8
SON,SA-07,Tabuk Region,t2m_c,degC,1260,91,24.937251,29.846157,30.927324,32.21473,30.763153,34.846222,35.126175,38.001984,29.086884,32.488106,33.537048,36.659794
SON,SA-07,Tabuk Region,tmax_c,degC,1260,91,32.095259,37.410473,38.627768,39.263477,38.190369,42.94693,43.941757,46.75,36.931244,41.34375,42.02771,45.25
SON,SA-07,Tabuk Region,tmin_c,degC,1260,91,18.269718,22.577556,23.499039,24.817602,27.535065,30.139679,30.683533,32.737579,23.576488,26.392799,27.145172,30.425079
SON,SA-07,Tabuk Region,wind10_speed,m s-1,1260,91,2.3229078,3.1312397,3.477261,3.9834348,6.3281565,8.4071932,8.5982919,11.082195,4.0550838,5.7463088,6.0422614,7.669961
SON,SA-07,Tabuk Region,pwat,kg m-2,1260,91,13.469482,16.472156,18.195581,19.832087,21.604429,28.118212,29.884294,35.145313,18.243944,23.6,25.184294,28.609592
SON,SA-07,Tabuk Region,ivt,kg m-1 s-1,1260,91,59.018556,120.29693,136.19356,171.71624,106.55044,192.30853,220.03883,294.48801,93.866373,177.71756,201.52958,253.75574
SON,SA-07,Tabuk Region,wind850_speed,m s-1,1260,91,4.2095405,6.4351745,7.4216186,8.3818687,8.5465822,11.590186,13.210357,15.037117,7.0053334,10.562649,11.309675,13.419295
SON,SA-07,Tabuk Region,wind_shear_850_200,m s-1,1260,91,22.704127,36.356377,40.564359,45.637949,30.944273,44.36879,46.461483,50.260376,28.414921,42.049503,44.240746,49.412777
SON,SA-07,Tabuk Region,omega500,Pa s-1,1260,91,0.024498009,0.068943232,0.082994796,0.13262231,0.26713872,0.40177631,0.43224347,0.48763132,0.11369669,0.18617254,0.21253121,0.26254684
SON,SA-07,Tabuk Region,geopotential_height500,gpm,1260,91,5868.1838,5912.2218,5918.8286,5927.6418,5884.4673,5924.9209,5929.5173,5935.5977,5879.8232,5920.2637,5924.9287,5932.6865
SON,SA-08,Northern Borders Region,daily_precip_total,mm,1065,91,0,0,0.0076422837,1.5579389,0,0,0.75,11.625,0,0,0,6.25
SON,SA-08,Northern Borders Region,t2m_c,degC,1065,91,26.280331,32.843863,33.860405,34.728445,28.764099,35.848724,36.728882,38.191071,28.11972,35.411224,35.929886,37.503571
SON,SA-08,Northern Borders Region,tmax_c,degC,1065,91,32.799906,39.474621,40.569983,41.729283,35.579681,42.850006,43.543518,45.155426,35.402039,42.350006,43.1185,44.436676
SON,SA-08,Northern Borders Region,tmin_c,degC,1065,91,19.883794,26.230138,26.874089,27.717529,22.961548,29.418732,30.334595,31.105957,21.758759,28.318731,29.021838,30.037848
SON,SA-08,Northern Borders Region,wind10_speed,m s-1,1065,91,2.7956835,4.3568956,4.6967712,5.2199768,5.2171502,6.8030944,7.1343274,7.9648695,4.5509686,5.9745159,6.3005257,6.8497272
SON,SA-08,Northern Borders Region,pwat,kg m-2,1065,91,13.434913,17.495603,18.052397,21.245324,16.092314,21.6,24.237918,27.051105,15.225826,21.079666,22.691125,25.200016
SON,SA-08,Northern Borders Region,ivt,kg m-1 s-1,1065,91,61.202222,111.90795,157.01901,180.3384,111.65745,196.31142,229.78125,370.01983,95.845503,180.59299,220.31878,270.78576
SON,SA-08,Northern Borders Region,wind850_speed,m s-1,1065,91,3.7937865,6.060106,7.0352648,8.4709414,7.7251992,10.591632,11.272833,13.908732,6.546042,9.438529,10.147988,12.824879
SON,SA-08,Northern Borders Region,wind_shear_850_200,m s-1,1065,91,24.642029,37.981382,40.50689,42.489853,30.991739,44.689083,46.700865,53.930454,29.925503,43.907436,46.237783,52.678478
SON,SA-08,Northern Borders Region,omega500,Pa s-1,1065,91,0.031856728,0.076513658,0.083718201,0.14359194,0.12787843,0.20260286,0.22329891,0.38393497,0.081532001,0.15168262,0.17309839,0.28979433
SON,SA-08,Northern Borders Region,geopotential_height500,gpm,1065,91,5863.5931,5906.1988,5912.6262,5920.8583,5879.0732,5919.7637,5923.0176,5927.5615,5875.5928,5917.0396,5919.7029,5926.6616
SON,SA-09,Jazan Region,daily_precip_total,mm,134,91,0.47987069,1.915974,2.8272072,5.2125695,10.75,56,63,136.625,2.3812494,10.674999,17.662497,25.312494
SON,SA-09,Jazan Region,t2m_c,degC,134,91,30.635439,32.779661,33.314081,35.190617,32.651917,35.204865,35.673813,38.851196,32.526215,34.913788,35.294125,38.351196
SON,SA-09,Jazan Region,tmax_c,degC,134,91,34.863335,36.667654,37.471334,39.009686,37.899139,39.903717,40.792618,43.049957,37.597576,39.459724,40.355118,42.549957
SON,SA-09,Jazan Region,tmin_c,degC,134,91,26.815714,29.813135,30.136072,32.195531,30.664825,31.868469,32.475082,35.818512,29.45644,31.691906,32.183432,35.318512
SON,SA-09,Jazan Region,wind10_speed,m s-1,134,91,2.045019,2.687175,2.8290882,3.5287426,3.5824153,5.918716,6.9967916,9.4660912,3.0755961,4.0117922,4.5708723,8.0956926
SON,SA-09,Jazan Region,pwat,kg m-2,134,91,28.298205,41.129912,44.701857,51.096451,37.526104,51.088146,52.3524,60.138126,36.560612,50.102795,51.8524,59.638126
SON,SA-09,Jazan Region,ivt,kg m-1 s-1,134,91,45.461361,133.36966,152.04537,196.16091,105.28993,206.33992,225.76315,307.12617,79.575153,169.12094,202.33125,258.84653
SON,SA-09,Jazan Region,wind850_speed,m s-1,134,91,2.0387644,3.2829894,4.0009838,4.9586086,4.7886624,8.0059929,9.5925145,12.635522,4.1866856,6.1621919,8.2853937,11.097359
SON,SA-09,Jazan Region,wind_shear_850_200,m s-1,134,91,12.218992,27.917271,32.769111,41.058984,15.231961,33.393688,36.364887,47.678192,14.077681,31.696226,35.292997,47.142033
SON,SA-09,Jazan Region,omega500,Pa s-1,134,91,0.015902613,0.055776033,0.060470804,0.092978838,0.21500778,0.43677759,0.48937511,0.61998367,0.14647317,0.26208609,0.29506364,0.42120436
SON,SA-09,Jazan Region,geopotential_height500,gpm,134,91,5884.8842,5899.2255,5901.9972,5908.0141,5888.4185,5907.9624,5910.8064,5914.7896,5887.2124,5903.6699,5906.7375,5911.7144
SON,SA-10,Najran Region,daily_precip_total,mm,753,91,0,0,0.0068165781,3.1736908,0,0,0.375,28.25,0,0,0,15.25
SON,SA-10,Najran Region,t2m_c,degC,753,91,27.033054,34.834993,35.72214,36.201881,29.860718,38.120575,38.757172,39.351776,29.426914,37.781647,38.322159,39.050018
SON,SA-10,Najran Region,tmax_c,degC,753,91,31.391966,38.990708,39.300879,40.003641,34.549469,42.649994,43.104477,43.549957,33.799469,41.556183,41.963104,42.549957
SON,SA-10,Najran Region,tmin_c,degC,753,91,21.534925,29.472284,30.865917,31.40419,24.819763,33.666779,34.556107,35.668732,24.165009,33.166779,33.702995,34.539886
SON,SA-10,Najran Region,wind10_speed,m s-1,753,91,3.0117828,4.3309869,4.9016487,5.9278391,4.8977027,6.4932833,6.9256942,8.6791315,4.0450983,5.3404117,5.707094,7.0885572
SON,SA-10,Najran Region,pwat,kg m-2,753,91,11.471351,22.38517,23.824296,39.848062,15.570165,26.1,29.402336,44.099998,15.127681,25.1,28.103733,43.11821
SON,SA-10,Najran Region,ivt,kg m-1 s-1,753,91,67.997036,187.65488,241.37127,303.05027,113.59358,234.58692,324.25671,407.78175,94.493438,214.91595,278.0501,342.20768
SON,SA-10,Najran Region,wind850_speed,m s-1,753,91,5.3026113,7.7684151,8.6287851,10.73739,7.3604283,10.276214,10.64116,13.581736,6.765223,9.5421724,10.020929,12.971045
SON,SA-10,Najran Region,wind_shear_850_200,m s-1,753,91,12.233382,30.277817,34.90416,41.164851,16.018175,34.688293,39.692467,45.367584,14.938366,33.337029,38.616783,44.037777
SON,SA-10,Najran Region,omega500,Pa s-1,753,91,0.0134541,0.040572555,0.068284481,0.10251239,0.10351348,0.21096992,0.24125111,0.33991814,0.053940773,0.11607271,0.14481589,0.21101189
SON,SA-10,Najran Region,geopotential_height500,gpm,753,91,5885.1489,5898.9064,5903.0154,5907.9768,5890.2935,5904.9253,5908.0833,5913.1646,5888.9707,5903.0615,5906.6458,5911.8643
SON,SA-11,Al Bahah Region,daily_precip_total,mm,91,91,0,0.49996857,1.4628894,4.0087463,0,9.5,20.75,53.25,0,3,10.4375,26.3125
SON,SA-11,Al Bahah Region,t2m_c,degC,91,91,25.838116,30.821854,31.510507,32.341223,32.117279,36.851196,37.510376,38.658142,31.759735,36.158234,36.515915,37.970642
SON,SA-11,Al Bahah Region,tmax_c,degC,91,91,30.731462,35.39374,35.977424,36.978133,37.781036,41.665588,42.624985,44.960236,37.330719,41.049957,41.743118,44.600861
SON,SA-11,Al Bahah Region,tmin_c,degC,91,91,20.845423,26.422525,26.769567,27.587135,27.922028,31.942596,32.532379,33.618469,27.445923,31.780304,32.149414,33.186554
SON,SA-11,Al Bahah Region,wind10_speed,m s-1,91,91,2.5620273,3.6798547,3.8980454,5.1736606,5.2059922,6.769556,7.770221,10.021153,4.6991835,6.5297661,7.4224582,9.7017851
SON,SA-11,Al Bahah Region,pwat,kg m-2,91,91,15.468943,25.856755,27.588818,30.169192,29.209682,43.075001,45.651405,49.104801,28.110235,41.638126,44.901405,49.104801
SON,SA-11,Al Bahah Region,ivt,kg m-1 s-1,91,91,64.402617,130.024,146.97984,215.62086,99.301636,178.15777,199.27596,297.39598,93.93925,171.27499,191.92491,284.83213
SON,SA-11,Al Bahah Region,wind850_speed,m s-1,91,91,3.1963017,4.9263965,5.6689186,7.3484333,6.7877078,8.7850533,9.5252142,13.532979,6.1218958,8.1789761,8.7767854,12.252614
SON,SA-11,Al Bahah Region,wind_shear_850_200,m s-1,91,91,12.815441,30.148316,35.237465,43.214204,16.274889,35.143673,39.936701,47.145779,15.552809,34.163361,38.122488,46.753551
SON,SA-11,Al Bahah Region,omega500,Pa s-1,91,91,0.014773516,0.0600633,0.065440176,0.085688913,0.16852522,0.29886055,0.33343732,0.49670291,0.12120628,0.24616504,0.28607404,0.44689822
SON,SA-11,Al Bahah Region,geopotential_height500,gpm,91,91,5889.3581,5910.2609,5913.3049,5920.6908,5891.6895,5916.6387,5921.3496,5931.2227,5891.0645,5914.7949,5918.8184,5927.7852
SON,SA-12,Al Jawf Region,daily_precip_total,mm,761,91,0,0,0.0064015434,0.93526369,0,0,0.4375,9,0,0,0.0625,5
SON,SA-12,Al Jawf Region,t2m_c,degC,761,91,24.772228,30.777903,31.839876,33.208687,27.153564,33.480621,34.617691,35.972321,26.360718,32.720734,33.767609,35.102875
SON,SA-12,Al Jawf Region,tmax_c,degC,761,91,31.873504,38.010117,39.195458,40.580961,34.260986,40.85318,42.126862,43.75,33.698486,40.44693,40.996429,42.196838
SON,SA-12,Al Jawf Region,tmin_c,degC,761,91,18.58613,24.031874,24.473105,26.0172,21.40744,27.587219,28.403152,29.875458,20.456909,26.624969,27.559402,28.844208
SON,SA-12,Al Jawf Region,wind10_speed,m s-1,761,91,3.2737016,4.9827949,5.334895,6.6892805,5.519671,7.418818,7.8362331,9.769063,4.945251,6.6240907,7.0830557,9.0287333
SON,SA-12,Al Jawf Region,pwat,kg m-2,761,91,13.539348,16.6781,17.573686,21.275768,16.600548,20.075001,21.6,24.162647,15.6,18.609592,20.609106,23.162647
SON,SA-12,Al Jawf Region,ivt,kg m-1 s-1,761,91,71.370987,124.52489,155.66094,204.32139,108.1836,181.99816,222.67148,263.10666,97.298015,157.25781,205.51769,248.46716
SON,SA-12,Al Jawf Region,wind850_speed,m s-1,761,91,4.8209037,7.4835458,8.1657283,10.81115,7.6817636,11.054252,11.815421,14.443254,6.7980394,10.144764,11.013039,12.915065
SON,SA-12,Al Jawf Region,wind_shear_850_200,m s-1,761,91,25.251997,38.272736,41.852079,47.426386,31.03661,43.916515,47.592102,56.035774,29.957176,42.242069,47.064234,53.947613
SON,SA-12,Al Jawf Region,omega500,Pa s-1,761,91,0.026033017,0.069590191,0.090391527,0.15260973,0.12584305,0.18141413,0.24748111,0.29907632,0.086467505,0.14981937,0.17839253,0.21857715
SON,SA-12,Al Jawf Region,geopotential_height500,gpm,761,91,5861.2316,5907.1215,5911.3928,5921.2481,5870.3423,5915.1597,5918.6936,5928.6865,5869.1982,5913.7847,5917.4912,5927.3115
SON,SA-14,'Asir Region,daily_precip_total,mm,661,91,0.016042103,1.1074256,1.6492993,2.3255091,2.375,41.75,55.125,69,0,8.5,11.875,18
SON,SA-14,'Asir Region,t2m_c,degC,661,91,24.178865,30.47339,31.041709,31.467962,31.891968,36.440948,37.110519,38.204865,30.751038,35.408142,35.697205,37.204865
SON,SA-14,'Asir Region,tmax_c,degC,661,91,28.696864,34.872115,35.23632,35.935188,37.757477,41.417175,41.959976,42.960236,35.919891,39.949982,40.315094,41.350006
SON,SA-14,'Asir Region,tmin_c,degC,661,91,18.748539,25.518918,26.061848,26.553586,27.553558,31.786346,32.410324,34.818512,26.239166,30.656219,30.897705,31.727386
SON,SA-14,'Asir Region,wind10_speed,m s-1,661,91,3.0559005,4.2833164,4.8805638,5.3773463,5.7627158,7.7671947,8.1892576,9.7871418,5.0802264,6.5896931,7.2858768,8.4646816
SON,SA-14,'Asir Region,pwat,kg m-2,661,91,12.229006,20.472926,23.25463,29.803541,32.517166,46.10144,47.900007,51.104801,24.104429,39.094975,41.419071,43.61821
SON,SA-14,'Asir Region,ivt,kg m-1 s-1,661,91,72.925797,152.98648,200.86146,302.29136,127.70866,249.38547,337.79054,470.73714,108.64234,209.87968,280.83691,425.42697
SON,SA-14,'Asir Region,wind850_speed,m s-1,661,91,4.4119222,6.2223817,7.2345722,8.2198175,8.3637657,10.735645,11.629429,13.307758,7.5283599,10.199831,10.934894,12.662191
SON,SA-14,'Asir Region,wind_shear_850_200,m s-1,661,91,12.213325,30.173286,35.707735,44.325165,17.391514,36.679359,43.142851,48.082829,16.17766,36.168659,42.327881,47.657871
SON,SA-14,'Asir Region,omega500,Pa s-1,661,91,0.011118913,0.046256753,0.055198347,0.1038356,0.25178027,0.49286699,0.56137967,0.62294006,0.10822558,0.21561527,0.23843384,0.28462744
SON,SA-14,'Asir Region,geopotential_height500,gpm,661,91,5886.4268,5905.6252,5907.7023,5915.0225,5891.8169,5915.3887,5918.6621,5924.0977,5889.0342,5910.7734,5913.8762,5920.1646
