region_id,date,element,station_count,minimum,maximum
SA-01,20200501,TMAX,2,37.5,40.0
SA-01,20200501,TMIN,1,26.0,26.0
SA-01,20200502,TMAX,2,39.0,39.0
SA-01,20200502,TMIN,1,30.0,30.0
SA-01,20200503,TMAX,2,38.0,39.0
SA-01,20200503,TMIN,1,28.0,28.0
SA-01,20200504,TMAX,2,39.0,39.0
SA-01,20200504,TMIN,2,20.7,27.0
SA-01,20200505,TMAX,2,39.2,41.0
SA-01,20200505,TMIN,2,25.0,26.0
SA-01,20200506,TMAX,1,39.0,39.0
SA-01,20200506,TMIN,2,27.0,28.0
SA-01,20200507,TMAX,2,35.1,40.0
SA-01,20200507,TMIN,1,28.0,28.0
SA-01,20200508,TMAX,2,35.4,40.0
SA-01,20200508,TMIN,1,26.0,26.0
SA-01,20200509,TMAX,2,41.0,42.0
SA-01,20200509,TMIN,2,24.3,26.0
SA-01,20200510,TMAX,2,40.1,42.0
SA-01,20200510,TMIN,1,28.0,28.0
SA-01,20200511,TMAX,2,35.6,43.0
SA-01,20200511,TMIN,1,26.0,26.0
SA-01,20200512,TMAX,2,39.0,39.0
SA-01,20200512,TMIN,2,23.7,28.0
SA-01,20200513,TMAX,2,37.3,40.0
SA-01,20200513,TMIN,2,23.0,26.0
SA-01,20200514,TMAX,2,38.0,40.0
SA-01,20200514,TMIN,2,21.2,28.0
SA-01,20200515,TMAX,2,39.0,40.0
SA-01,20200515,TMIN,1,26.0,26.0
SA-01,20200516,TMAX,2,40.0,40.7
SA-01,20200516,TMIN,1,22.8,22.8
SA-01,20200517,TMAX,2,40.0,40.4
SA-01,20200517,TMIN,2,22.7,25.0
SA-01,20200518,TMAX,2,41.0,42.0
SA-01,20200518,TMIN,1,27.0,27.0
SA-01,20200519,TMAX,2,40.0,40.8
SA-01,20200519,TMIN,2,27.8,29.0
SA-01,20200520,TMAX,2,39.0,41.0
SA-01,20200520,TMIN,1,26.0,26.0
SA-01,20200521,TMAX,2,41.0,41.4
SA-01,20200521,TMIN,2,23.0,25.0
SA-01,20200522,TMAX,2,41.0,42.0
SA-01,20200522,TMIN,2,22.0,28.0
SA-01,20200523,TMAX,2,41.5,42.0
SA-01,20200523,TMIN,2,23.0,27.0
SA-01,20200524,TMAX,2,42.0,42.3
SA-01,20200524,TMIN,2,23.3,26.0
SA-01,20200525,TMAX,2,41.0,42.2
SA-01,20200525,TMIN,1,28.0,28.0
SA-01,20200526,TMAX,2,39.8,42.0
SA-01,20200526,TMIN,2,25.6,28.0
SA-01,20200527,TMAX,2,41.0,41.8
SA-01,20200527,TMIN,2,23.8,30.0
SA-01,20200528,TMAX,1,43.0,43.0
SA-01,20200528,TMIN,1,23.0,23.0
SA-01,20200529,TMAX,2,43.1,44.0
SA-01,20200529,TMIN,2,24.0,25.3
SA-01,20200530,TMAX,2,44.0,44.9
SA-01,20200530,TMIN,2,24.0,25.8
SA-01,20200531,TMAX,2,44.0,44.2
SA-01,20200531,TMIN,2,26.0,26.0
SA-01,20200601,TMAX,2,43.0,44.0
SA-01,20200601,TMIN,2,25.6,27.0
SA-01,20200602,TMAX,2,43.0,43.4
SA-01,20200602,TMIN,2,25.8,27.0
SA-01,20200603,TMAX,2,42.0,45.1
SA-01,20200603,TMIN,2,26.0,27.5
SA-01,20200604,TMAX,2,43.0,45.0
SA-01,20200604,TMIN,2,27.0,27.9
SA-01,20200605,TMAX,2,44.0,44.5
SA-01,20200605,TMIN,2,26.0,27.5
SA-01,20200606,TMAX,2,44.0,44.3
SA-01,20200606,TMIN,2,25.0,28.0
SA-01,20200607,TMAX,2,42.0,43.3
SA-01,20200607,TMIN,2,28.0,30.0
SA-01,20200608,TMAX,1,44.0,44.0
SA-01,20200608,TMIN,1,29.0,29.0
SA-01,20200609,TMAX,2,43.0,43.0
SA-01,20200609,TMIN,2,29.8,30.0
SA-01,20200610,TMAX,2,43.0,45.4
SA-01,20200610,TMIN,2,28.6,31.0
SA-01,20200611,TMAX,2,43.0,44.2
SA-01,20200611,TMIN,2,27.0,29.0
SA-01,20200612,TMAX,2,45.0,46.0
SA-01,20200612,TMIN,2,27.0,27.0
SA-01,20200613,TMAX,2,44.4,45.0
SA-01,20200613,TMIN,1,26.0,26.0
SA-01,20200614,TMAX,2,42.0,44.0
SA-01,20200614,TMIN,2,26.6,28.0
SA-01,20200615,TMAX,1,43.0,43.0
SA-01,20200615,TMIN,2,26.0,26.0
SA-01,20200616,TMAX,2,44.0,46.0
SA-01,20200616,TMIN,1,25.5,25.5
SA-01,20200617,TMIN,2,26.0,26.6
SA-01,20200618,TMAX,2,44.0,45.4
SA-01,20200618,TMIN,2,26.3,29.0
SA-01,20200619,TMAX,2,42.9,44.0
SA-01,20200619,TMIN,2,26.0,28.0
SA-01,20200620,TMAX,2,44.0,44.0
SA-01,20200620,TMIN,2,23.0,28.0
SA-01,20200621,TMAX,2,40.2,41.0
SA-01,20200621,TMIN,2,26.0,28.0
SA-01,20200622,TMAX,2,39.4,42.0
SA-01,20200622,TMIN,2,25.5,26.0
SA-01,20200623,TMAX,2,41.0,42.0
SA-01,20200623,TMIN,1,26.0,26.0
SA-01,20200624,TMAX,2,41.0,41.4
SA-01,20200624,TMIN,1,26.6,26.6
SA-01,20200625,TMAX,2,42.0,43.0
SA-01,20200625,TMIN,2,24.0,27.5
SA-01,20200626,TMAX,1,44.0,44.0
SA-01,20200626,TMIN,2,26.0,29.0
SA-01,20200627,TMAX,2,45.0,46.0
SA-01,20200627,TMIN,2,27.4,29.0
SA-01,20200628,TMAX,2,44.0,45.5
SA-01,20200628,TMIN,1,25.9,25.9
SA-01,20200629,TMAX,2,44.0,46.2
SA-01,20200629,TMIN,2,25.8,28.0
SA-01,20200630,TMAX,2,46.0,46.0
SA-01,20200630,TMIN,2,27.0,27.7
SA-01,20200701,TMAX,2,46.0,46.4
SA-01,20200701,TMIN,2,27.0,27.1
SA-01,20200702,TMAX,1,45.0,45.0
SA-01,20200702,TMIN,2,29.0,30.4
SA-01,20200703,TMAX,1,44.0,44.0
SA-01,20200703,TMIN,2,28.4,29.0
SA-01,20200704,TMAX,2,44.0,46.3
SA-01,20200704,TMIN,1,27.6,27.6
SA-01,20200705,TMAX,2,45.0,46.8
SA-01,20200705,TMIN,2,28.0,28.0
SA-01,20200706,TMAX,2,45.0,47.0
SA-01,20200706,TMIN,1,28.0,28.0
SA-01,20200707,TMAX,2,45.0,48.4
SA-01,20200707,TMIN,2,28.0,29.7
SA-01,20200708,TMAX,1,46.0,46.0
SA-01,20200708,TMIN,2,29.0,29.0
SA-01,20200709,TMAX,2,45.3,47.0
SA-01,20200709,TMIN,1,30.0,30.0
SA-01,20200710,TMAX,2,44.0,46.0
SA-01,20200710,TMIN,2,28.5,29.0
SA-01,20200711,TMAX,1,46.0,46.0
SA-01,20200711,TMIN,2,28.6,31.0
SA-01,20200712,TMAX,2,45.7,46.0
SA-01,20200712,TMIN,2,28.3,30.0
SA-01,20200713,TMAX,2,44.0,45.5
SA-01,20200713,TMIN,2,28.0,30.2
SA-01,20200714,TMAX,2,44.0,45.6
SA-01,20200714,TMIN,2,28.0,33.0
SA-01,20200715,TMAX,2,45.0,47.5
SA-01,20200715,TMIN,2,29.0,30.0
SA-01,20200716,TMAX,2,45.0,45.4
SA-01,20200716,TMIN,2,31.8,34.0
SA-01,20200717,TMAX,2,44.0,45.0
SA-01,20200717,TMIN,2,29.5,33.0
SA-01,20200718,TMAX,2,44.0,45.0
SA-01,20200718,TMIN,1,29.2,29.2
SA-01,20200719,TMAX,2,44.5,45.0
SA-01,20200719,TMIN,2,27.7,28.0
SA-01,20200720,TMAX,2,45.0,46.9
SA-01,20200720,TMIN,2,28.0,30.9
SA-01,20200721,TMAX,2,46.0,46.1
SA-01,20200721,TMIN,2,30.0,34.0
SA-01,20200722,TMAX,2,46.0,46.8
SA-01,20200722,TMIN,2,30.3,31.0
SA-01,20200723,TMAX,2,44.0,45.4
SA-01,20200723,TMIN,2,29.0,30.5
SA-01,20200724,TMAX,2,42.0,43.0
SA-01,20200724,TMIN,2,32.2,33.0
SA-01,20200725,TMAX,2,43.0,44.0
SA-01,20200725,TMIN,1,30.0,30.0
SA-01,20200726,TMAX,1,42.0,42.0
SA-01,20200726,TMIN,2,30.0,32.5
SA-01,20200727,TMAX,2,42.0,45.3
SA-01,20200727,TMIN,2,29.0,29.6
SA-01,20200728,TMAX,2,42.0,47.4
SA-01,20200728,TMIN,2,29.5,32.0
SA-01,20200729,TMAX,2,42.0,47.5
SA-01,20200729,TMIN,2,31.0,33.0
SA-01,20200730,TMAX,2,43.0,48.0
SA-01,20200730,TMIN,2,30.0,30.8
SA-01,20200731,TMAX,2,44.0,48.2
SA-01,20200731,TMIN,2,29.0,32.0
SA-01,20200801,TMAX,2,44.0,48.0
SA-01,20200801,TMIN,2,29.0,31.0
SA-01,20200802,TMAX,1,48.8,48.8
SA-01,20200802,TMIN,2,32.0,34.0
SA-01,20200803,TMAX,1,47.3,47.3
SA-01,20200803,TMIN,2,29.8,32.0
SA-01,20200804,TMAX,2,45.0,47.1
SA-01,20200804,TMIN,2,28.0,34.0
SA-01,20200805,TMAX,2,43.0,43.7
SA-01,20200805,TMIN,2,29.0,31.0
SA-01,20200806,TMAX,2,43.5,44.0
SA-01,20200806,TMIN,2,28.7,30.0
SA-01,20200807,TMAX,1,43.0,43.0
SA-01,20200807,TMIN,2,29.4,30.0
SA-01,20200808,TMAX,2,43.0,44.2
SA-01,20200808,TMIN,2,28.7,29.0
SA-01,20200809,TMAX,2,44.0,44.0
SA-01,20200809,TMIN,2,27.0,30.0
SA-01,20200810,TMAX,2,42.7,45.0
SA-01,20200810,TMIN,2,27.1,29.0
SA-01,20200811,TMAX,2,41.2,43.0
SA-01,20200811,TMIN,2,26.0,27.8
SA-01,20200812,TMAX,1,42.0,42.0
SA-01,20200812,TMIN,2,26.0,26.5
SA-01,20200813,TMAX,1,43.0,43.0
SA-01,20200813,TMIN,2,25.0,25.0
SA-01,20200814,TMAX,2,42.0,43.0
SA-01,20200814,TMIN,2,27.0,29.0
SA-01,20200815,TMAX,2,43.0,44.0
SA-01,20200815,TMIN,1,29.0,29.0
SA-01,20200816,TMAX,1,43.0,43.0
SA-01,20200817,TMAX,1,43.0,43.0
SA-01,20200817,TMIN,2,27.5,29.0
SA-01,20200818,TMAX,1,43.0,43.0
SA-01,20200818,TMIN,2,26.5,28.0
SA-01,20200819,TMAX,1,44.0,44.0
SA-01,20200819,TMIN,2,22.9,29.0
SA-01,20200820,TMAX,2,44.0,44.0
SA-01,20200820,TMIN,2,24.8,26.0
SA-01,20200821,TMIN,2,25.7,26.0
SA-01,20200822,TMAX,2,44.0,44.2
SA-01,20200822,TMIN,1,27.0,27.0
SA-01,20200823,TMAX,2,44.0,46.2
SA-01,20200823,TMIN,2,27.4,30.0
SA-01,20200824,TMAX,1,46.0,46.0
SA-01,20200824,TMIN,1,28.0,28.0
SA-01,20200825,TMAX,2,42.4,46.0
SA-01,20200825,TMIN,1,32.0,32.0
SA-01,20200826,TMAX,2,42.8,45.0
SA-01,20200826,TMIN,1,31.0,31.0
SA-01,20200827,TMAX,1,41.4,41.4
SA-01,20200827,TMIN,1,31.0,31.0
SA-01,20200828,TMAX,1,43.0,43.0
SA-01,20200828,TMIN,2,25.0,30.0
SA-01,20200829,TMAX,2,41.1,42.0
SA-01,20200829,TMIN,2,25.6,30.0
SA-01,20200830,TMAX,2,42.4,43.0
SA-01,20200830,TMIN,2,25.8,29.0
SA-01,20200831,TMAX,2,41.3,43.0
SA-01,20200831,TMIN,2,23.7,25.0
SA-01,20200901,TMAX,2,42.0,42.0
SA-01,20200901,TMIN,2,25.0,27.7
SA-01,20200902,TMIN,2,27.0,29.0
SA-01,20200903,TMAX,1,41.0,41.0
SA-01,20200903,TMIN,1,27.2,27.2
SA-01,20200904,TMAX,2,42.0,43.8
SA-01,20200904,TMIN,2,25.0,26.4
SA-01,20200905,TMAX,2,42.0,44.0
SA-01,20200905,TMIN,2,25.0,26.4
SA-01,20200906,TMAX,2,42.0,42.0
SA-01,20200906,TMIN,2,26.0,26.1
SA-01,20200907,TMAX,2,41.0,42.0
SA-01,20200907,TMIN,1,26.0,26.0
SA-01,20200908,TMAX,2,40.0,40.1
SA-01,20200908,TMIN,1,26.0,26.0
SA-01,20200909,TMAX,1,40.0,40.0
SA-01,20200909,TMIN,2,24.9,28.0
SA-01,20200910,TMAX,1,41.0,41.0
SA-01,20200910,TMIN,2,24.9,26.0
SA-01,20200911,TMAX,2,42.0,44.1
SA-01,20200911,TMIN,2,25.0,28.0
SA-01,20200912,TMAX,2,43.0,43.3
SA-01,20200912,TMIN,2,25.0,26.7
SA-01,20200913,TMAX,2,42.0,42.9
SA-01,20200913,TMIN,1,25.0,25.0
SA-01,20200914,TMAX,2,41.0,42.0
SA-01,20200914,TMIN,2,25.0,25.5
SA-01,20200915,TMAX,1,42.0,42.0
SA-01,20200915,TMIN,2,27.0,29.0
SA-01,20200916,TMAX,2,42.0,42.9
SA-01,20200916,TMIN,2,26.0,27.0
SA-01,20200917,TMAX,2,41.0,41.1
SA-01,20200917,TMIN,2,23.6,25.0
SA-01,20200918,TMAX,2,41.0,42.2
SA-01,20200918,TMIN,2,24.0,24.8
SA-01,20200919,TMAX,2,41.0,41.5
SA-01,20200919,TMIN,2,22.0,25.0
SA-01,20200920,TMAX,2,40.0,40.0
SA-01,20200920,TMIN,2,24.0,25.0
SA-01,20200921,TMAX,2,40.0,41.0
SA-01,20200921,TMIN,2,22.0,25.6
SA-01,20200922,TMAX,2,40.0,41.0
SA-01,20200922,TMIN,1,27.0,27.0
SA-01,20200923,TMAX,1,40.0,40.0
SA-01,20200923,TMIN,2,22.0,24.4
SA-01,20200924,TMAX,2,40.0,40.1
SA-01,20200924,TMIN,2,21.0,23.7
SA-01,20200925,TMAX,2,41.0,41.2
SA-01,20200925,TMIN,2,22.0,23.9
SA-01,20200926,TMAX,2,39.0,41.9
SA-01,20200926,TMIN,1,23.0,23.0
SA-01,20200927,TMAX,1,41.0,41.0
SA-01,20200927,TMIN,1,22.0,22.0
SA-01,20200928,TMAX,1,40.0,40.0
SA-01,20200928,TMIN,2,25.0,25.6
SA-01,20200929,TMAX,2,38.5,40.0
SA-01,20200929,TMIN,2,21.0,24.1
SA-01,20200930,TMAX,2,39.5,40.0
SA-01,20200930,TMIN,2,21.2,23.0
SA-01,20201001,TMAX,2,39.0,40.2
SA-01,20201001,TMIN,2,20.9,23.5
SA-01,20201002,TMIN,1,21.2,21.2
SA-01,20201003,TMAX,2,38.0,38.0
SA-01,20201003,TMIN,2,21.0,21.8
SA-01,20201004,TMAX,1,37.0,37.0
SA-01,20201004,TMIN,1,21.0,21.0
SA-01,20201005,TMAX,1,39.0,39.0
SA-01,20201005,TMIN,2,20.4,21.0
SA-01,20201006,TMAX,2,40.0,41.0
SA-01,20201006,TMIN,2,20.0,21.9
SA-01,20201007,TMAX,2,38.1,39.0
SA-01,20201007,TMIN,1,21.0,21.0
SA-01,20201008,TMAX,2,36.0,38.0
SA-01,20201008,TMIN,2,20.7,21.0
SA-01,20201009,TMAX,2,37.0,37.4
SA-01,20201009,TMIN,1,18.2,18.2
SA-01,20201010,TMAX,2,35.0,37.0
SA-01,20201010,TMIN,2,18.0,19.8
SA-01,20201011,TMAX,2,34.0,35.0
SA-01,20201011,TMIN,2,16.8,18.0
SA-01,20201012,TMAX,1,35.0,35.0
SA-01,20201012,TMIN,2,16.3,19.0
SA-01,20201013,TMAX,2,34.0,34.4
SA-01,20201013,TMIN,2,17.0,17.7
SA-01,20201014,TMAX,2,34.0,34.0
SA-01,20201014,TMIN,2,15.9,17.0
SA-01,20201015,TMAX,1,34.0,34.0
SA-01,20201015,TMIN,2,15.3,16.0
SA-01,20201016,TMAX,2,32.2,34.0
SA-01,20201016,TMIN,2,15.0,16.0
SA-01,20201017,TMAX,2,33.0,34.0
SA-01,20201017,TMIN,2,16.0,18.0
SA-01,20201018,TMAX,2,33.0,34.0
SA-01,20201018,TMIN,2,15.4,17.0
SA-01,20201019,TMAX,2,32.4,34.0
SA-01,20201019,TMIN,2,15.5,16.0
SA-01,20201020,TMAX,2,32.6,33.0
SA-01,20201020,TMIN,1,15.0,15.0
SA-01,20201021,TMAX,2,33.0,33.2
SA-01,20201021,TMIN,2,14.0,15.7
SA-01,20201022,TMAX,2,32.3,34.0
SA-01,20201022,TMIN,2,14.6,16.0
SA-01,20201023,TMAX,2,34.0,34.0
SA-01,20201023,TMIN,1,16.6,16.6
SA-01,20201024,TMAX,1,32.0,32.0
SA-01,20201024,TMIN,2,12.0,13.0
SA-01,20201025,TMAX,2,31.0,32.0
SA-01,20201025,TMIN,2,13.6,15.5
SA-01,20201026,TMAX,2,32.1,33.0
SA-01,20201026,TMIN,2,13.7,16.0
SA-01,20201027,TMAX,1,33.0,33.0
SA-01,20201027,TMIN,2,14.0,16.0
SA-01,20201028,TMAX,1,31.0,31.0
SA-01,20201028,TMIN,1,17.0,17.0
SA-01,20201029,TMAX,2,31.0,31.1
SA-01,20201029,TMIN,2,13.3,16.0
SA-01,20201030,TMAX,1,31.0,31.0
SA-01,20201030,TMIN,2,13.0,15.0
SA-01,20201031,TMAX,2,30.2,32.0
SA-01,20201031,TMIN,2,13.8,16.0
SA-01,20201101,TMAX,1,32.0,32.0
SA-01,20201101,TMIN,2,14.6,15.0
SA-01,20201102,TMAX,2,31.2,32.0
SA-01,20201102,TMIN,2,13.9,16.0
SA-01,20201103,TMAX,2,31.3,32.0
SA-01,20201103,TMIN,2,13.7,15.0
SA-01,20201104,TMAX,1,31.0,31.0
SA-01,20201104,TMIN,1,14.0,14.0
SA-01,20201105,TMAX,2,32.0,32.1
SA-01,20201105,TMIN,2,14.0,14.3
SA-01,20201106,TMAX,2,32.0,32.1
SA-01,20201107,TMAX,2,32.0,33.0
SA-01,20201107,TMIN,2,16.0,18.0
SA-01,20201108,TMAX,2,31.0,33.0
SA-01,20201108,TMIN,2,17.0,17.9
SA-01,20201109,TMAX,2,31.0,32.0
SA-01,20201109,TMIN,1,19.0,19.0
SA-01,20201110,TMAX,2,32.2,33.0
SA-01,20201110,TMIN,2,17.0,18.3
SA-01,20201111,TMAX,1,33.0,33.0
SA-01,20201111,TMIN,2,17.0,19.1
SA-01,20201112,TMAX,2,32.4,33.0
SA-01,20201112,TMIN,1,18.0,18.0
SA-01,20201113,TMAX,2,32.0,32.0
SA-01,20201113,TMIN,2,16.6,17.0
SA-01,20201114,TMAX,2,25.1,31.0
SA-01,20201114,TMIN,2,16.0,17.0
SA-01,20201115,TMAX,2,27.9,31.0
SA-01,20201115,TMIN,2,13.8,16.0
SA-01,20201116,TMIN,1,16.0,16.0
SA-01,20201117,TMAX,2,30.1,32.0
SA-01,20201117,TMIN,1,16.0,16.0
SA-01,20201118,TMAX,2,27.4,32.0
SA-01,20201118,TMIN,1,16.0,16.0
SA-01,20201119,TMAX,2,28.4,30.0
SA-01,20201119,TMIN,2,14.0,14.1
SA-01,20201120,TMAX,2,28.8,31.0
SA-01,20201120,TMIN,2,15.0,16.5
SA-01,20201121,TMAX,1,30.0,30.0
SA-01,20201121,TMIN,2,15.0,17.9
SA-01,20201122,TMAX,2,27.0,31.0
SA-01,20201122,TMIN,2,13.0,16.7
SA-01,20201123,TMAX,2,26.0,29.0
SA-01,20201123,TMIN,1,15.0,15.0
SA-01,20201124,TMAX,2,25.2,28.0
SA-01,20201124,TMIN,1,11.4,11.4
SA-01,20201125,TMAX,1,28.0,28.0
SA-01,20201125,TMIN,2,10.9,13.0
SA-01,20201126,TMAX,2,27.2,29.0
SA-01,20201126,TMIN,2,12.9,14.0
SA-02,20200501,TMAX,2,32.0,35.0
SA-02,20200501,TMIN,1,23.0,23.0
SA-02,20200502,TMAX,2,31.4,32.0
SA-02,20200502,TMIN,1,19.0,19.0
SA-02,20200503,TMAX,1,33.0,33.0
SA-02,20200503,TMIN,2,15.0,20.8
SA-02,20200504,TMAX,1,35.0,35.0
SA-02,20200504,TMIN,2,18.0,24.0
SA-02,20200505,TMAX,2,33.0,37.4
SA-02,20200505,TMIN,1,21.0,21.0
SA-02,20200506,TMAX,1,34.0,34.0
SA-02,20200506,TMIN,1,18.0,18.0
SA-02,20200507,TMAX,2,33.2,34.0
SA-02,20200507,TMIN,2,18.0,23.6
SA-02,20200508,TMAX,2,33.0,35.4
SA-02,20200508,TMIN,2,19.0,24.6
SA-02,20200509,TMAX,2,33.4,34.0
SA-02,20200509,TMIN,1,21.0,21.0
SA-02,20200510,PRCP,1,5.1,5.1
SA-02,20200510,TMAX,2,33.0,33.2
SA-02,20200510,TMIN,1,19.0,19.0
SA-02,20200511,TMAX,2,33.0,34.4
SA-02,20200511,TMIN,2,19.0,27.8
SA-02,20200512,TMIN,2,19.0,26.8
SA-02,20200513,TMAX,2,36.0,39.0
SA-02,20200513,TMIN,1,23.4,23.4
SA-02,20200514,TMAX,2,34.0,37.0
SA-02,20200514,TMIN,2,19.0,28.0
SA-02,20200515,TMAX,1,40.2,40.2
SA-02,20200516,PRCP,1,6.1,6.1
SA-02,20200516,TMAX,1,33.0,33.0
SA-02,20200516,TMIN,2,15.0,32.0
SA-02,20200517,TMAX,2,31.0,41.4
SA-02,20200517,TMIN,1,19.0,19.0
SA-02,20200518,TMAX,2,29.0,40.0
SA-02,20200518,TMIN,1,19.0,19.0
SA-02,20200519,PRCP,1,0.0,0.0
SA-02,20200519,TMAX,2,31.0,38.0
SA-02,20200519,TMIN,2,19.0,29.6
SA-02,20200520,TMAX,2,33.0,38.0
SA-02,20200520,TMIN,1,19.0,19.0
SA-02,20200521,TMAX,2,33.0,38.0
SA-02,20200521,TMIN,1,20.0,20.0
SA-02,20200522,TMAX,2,34.0,40.0
SA-02,20200522,TMIN,2,20.0,27.8
SA-02,20200523,TMAX,1,32.0,32.0
SA-02,20200523,TMIN,1,21.0,21.0
SA-02,20200524,TMAX,2,35.0,35.2
SA-02,20200524,TMIN,1,20.0,20.0
SA-02,20200525,TMAX,2,33.2,34.0
SA-02,20200526,TMAX,1,34.0,34.0
SA-02,20200526,TMIN,1,21.0,21.0
SA-02,20200527,TMAX,2,35.0,35.2
SA-02,20200527,TMIN,2,21.0,26.6
SA-02,20200528,TMAX,2,33.0,36.0
SA-02,20200528,TMIN,1,20.0,20.0
SA-02,20200529,TMIN,1,23.0,23.0
SA-02,20200530,TMAX,2,34.0,37.0
SA-02,20200530,TMIN,2,23.0,26.0
SA-02,20200531,TMAX,2,35.0,36.0
SA-02,20200531,TMIN,1,24.0,24.0
SA-02,20200601,TMAX,2,35.0,37.0
SA-02,20200601,TMIN,2,23.0,24.8
SA-02,20200602,TMAX,1,37.0,37.0
SA-02,20200602,TMIN,2,23.0,24.6
SA-02,20200603,TMAX,2,38.0,41.0
SA-02,20200603,TMIN,2,23.0,26.0
SA-02,20200604,TMAX,2,35.0,38.0
SA-02,20200604,TMIN,2,20.0,26.6
SA-02,20200605,TMIN,1,26.6,26.6
SA-02,20200606,TMAX,1,33.0,33.0
SA-02,20200606,TMIN,1,28.6,28.6
SA-02,20200607,TMAX,2,34.0,38.2
SA-02,20200607,TMIN,2,22.0,29.0
SA-02,20200608,TMAX,1,38.0,38.0
SA-02,20200608,TMIN,1,24.0,24.0
SA-02,20200609,TMAX,2,37.0,42.4
SA-02,20200609,TMIN,1,27.6,27.6
SA-02,20200610,TMAX,2,37.0,43.0
SA-02,20200610,TMIN,2,24.0,28.0
SA-02,20200611,TMAX,2,38.0,38.2
SA-02,20200611,TMIN,2,25.0,26.6
SA-02,20200612,TMAX,2,35.0,38.0
SA-02,20200612,TMIN,2,24.0,27.0
SA-02,20200613,TMAX,1,38.0,38.0
SA-02,20200613,TMIN,2,25.0,27.8
SA-02,20200614,TMAX,2,37.0,38.0
SA-02,20200615,TMAX,1,37.0,37.0
SA-02,20200615,TMIN,2,24.0,28.6
SA-02,20200616,TMAX,2,36.4,37.0
SA-02,20200616,TMIN,1,23.0,23.0
SA-02,20200617,TMIN,1,24.0,24.0
SA-02,20200618,TMAX,2,38.0,39.4
SA-02,20200618,TMIN,2,24.0,26.6
SA-02,20200619,TMAX,1,37.0,37.0
SA-02,20200619,TMIN,2,25.3,27.8
SA-02,20200620,TMAX,2,34.0,35.0
SA-02,20200621,TMAX,2,34.2,36.0
SA-02,20200621,TMIN,2,20.0,25.0
SA-02,20200622,TMAX,2,36.0,36.0
SA-02,20200622,TMIN,1,21.0,21.0
SA-02,20200623,TMAX,2,36.0,46.6
SA-02,20200623,TMIN,1,26.6,26.6
SA-02,20200624,TMAX,1,36.0,36.0
SA-02,20200624,TMIN,1,24.0,24.0
SA-02,20200625,TMAX,1,34.0,34.0
SA-02,20200625,TMIN,1,21.0,21.0
SA-02,20200626,TMAX,1,38.0,38.0
SA-02,20200626,TMIN,1,24.0,24.0
SA-02,20200627,TMAX,1,36.4,36.4
SA-02,20200627,TMIN,2,25.0,28.2
SA-02,20200628,TMAX,2,38.0,40.0
SA-02,20200628,TMIN,2,26.0,29.0
SA-02,20200629,TMAX,1,40.0,40.0
SA-02,20200629,TMIN,1,27.0,27.0
SA-02,20200630,TMAX,2,38.0,39.0
SA-02,20200630,TMIN,2,26.0,28.6
SA-02,20200701,TMAX,1,38.0,38.0
SA-02,20200701,TMIN,2,26.0,29.0
SA-02,20200702,TMAX,1,38.0,38.0
SA-02,20200702,TMIN,1,26.0,26.0
SA-02,20200703,TMAX,2,37.0,41.4
SA-02,20200703,TMIN,2,27.0,28.8
SA-02,20200704,TMAX,2,37.2,39.0
SA-02,20200704,TMIN,2,25.0,27.6
SA-02,20200705,TMAX,2,38.0,39.0
SA-02,20200705,TMIN,2,26.0,28.0
SA-02,20200706,TMAX,2,34.0,37.6
SA-02,20200706,TMIN,2,25.0,28.6
SA-02,20200707,TMAX,2,35.0,39.2
SA-02,20200707,TMIN,1,24.0,24.0
SA-02,20200708,TMAX,2,35.0,41.0
SA-02,20200708,TMIN,2,25.0,26.6
SA-02,20200709,TMAX,2,36.0,41.2
SA-02,20200709,TMIN,2,24.0,27.6
SA-02,20200710,TMAX,1,35.0,35.0
SA-02,20200710,TMIN,2,24.0,28.2
SA-02,20200711,TMAX,2,36.0,39.4
SA-02,20200711,TMIN,1,24.0,24.0
SA-02,20200712,TMAX,2,35.2,36.0
SA-02,20200712,TMIN,2,23.0,28.0
SA-02,20200713,TMAX,2,33.0,36.0
SA-02,20200713,TMIN,2,23.0,28.8
SA-02,20200714,TMAX,1,35.0,35.0
SA-02,20200714,TMIN,2,22.0,27.0
SA-02,20200715,TMAX,2,36.0,43.0
SA-02,20200715,TMIN,2,22.0,29.0
SA-02,20200716,TMAX,2,37.0,39.6
SA-02,20200716,TMIN,1,27.0,27.0
SA-02,20200717,TMAX,2,35.0,39.0
SA-02,20200717,TMIN,2,25.0,27.4
SA-02,20200718,TMAX,2,35.0,40.0
SA-02,20200718,TMIN,1,24.0,24.0
SA-02,20200719,TMAX,2,38.0,38.0
SA-02,20200720,TMAX,2,35.0,36.4
SA-02,20200720,TMIN,2,27.0,27.6
SA-02,20200721,TMAX,2,37.6,39.0
SA-02,20200721,TMIN,1,26.0,26.0
SA-02,20200722,TMAX,2,37.0,38.0
SA-02,20200722,TMIN,2,27.0,31.0
SA-02,20200723,TMAX,2,36.4,37.0
SA-02,20200723,TMIN,2,27.0,30.0
SA-02,20200724,TMAX,2,35.0,38.0
SA-02,20200725,TMAX,2,36.0,41.0
SA-02,20200725,TMIN,2,22.0,31.0
SA-02,20200726,TMAX,1,35.0,35.0
SA-02,20200726,TMIN,1,24.0,24.0
SA-02,20200727,TMAX,1,34.0,34.0
SA-02,20200727,TMIN,2,23.0,31.0
SA-02,20200728,TMAX,2,34.0,38.0
SA-02,20200728,TMIN,1,22.0,22.0
SA-02,20200729,TMAX,2,31.0,36.4
SA-02,20200729,TMIN,1,23.0,23.0
SA-02,20200730,TMAX,2,33.0,37.0
SA-02,20200730,TMIN,2,21.0,30.0
SA-02,20200731,PRCP,1,4.1,4.1
SA-02,20200731,TMAX,2,33.0,38.0
SA-02,20200731,TMIN,1,23.5,23.5
SA-02,20200801,TMAX,2,33.0,37.0
SA-02,20200801,TMIN,1,22.0,22.0
SA-02,20200802,TMAX,2,33.0,36.2
SA-02,20200802,TMIN,2,21.0,31.6
SA-02,20200803,TMAX,2,34.0,40.4
SA-02,20200803,TMIN,2,23.0,32.6
SA-02,20200804,TMAX,2,33.0,38.0
SA-02,20200804,TMIN,1,23.0,23.0
SA-02,20200805,TMAX,2,32.0,38.0
SA-02,20200805,TMIN,1,30.6,30.6
SA-02,20200806,TMAX,1,30.0,30.0
SA-02,20200806,TMIN,2,22.5,30.0
SA-02,20200807,TMAX,2,31.0,38.0
SA-02,20200807,TMIN,1,22.0,22.0
SA-02,20200808,TMAX,2,32.0,37.4
SA-02,20200808,TMIN,2,22.0,30.8
SA-02,20200809,TMAX,2,32.0,37.4
SA-02,20200809,TMIN,2,22.0,30.0
SA-02,20200810,TMAX,1,34.0,34.0
SA-02,20200810,TMIN,2,24.0,30.0
SA-02,20200811,TMAX,2,35.0,37.0
SA-02,20200811,TMIN,2,24.0,30.0
SA-02,20200812,TMAX,2,34.0,41.6
SA-02,20200812,TMIN,2,24.0,30.6
SA-02,20200813,TMAX,1,33.0,33.0
SA-02,20200813,TMIN,2,24.0,29.9
SA-02,20200814,TMAX,2,33.0,40.0
SA-02,20200814,TMIN,2,23.0,29.0
SA-02,20200815,TMAX,2,33.0,40.0
SA-02,20200815,TMIN,2,22.0,29.0
SA-02,20200816,TMAX,2,34.0,41.0
SA-02,20200816,TMIN,2,22.0,29.6
SA-02,20200817,TMAX,2,36.0,41.4
SA-02,20200817,TMIN,1,24.0,24.0
SA-02,20200818,TMAX,2,36.0,39.2
SA-02,20200818,TMIN,2,24.5,30.8
SA-02,20200819,TMAX,1,38.0,38.0
SA-02,20200819,TMIN,2,25.0,30.0
SA-02,20200820,TMAX,2,38.0,38.0
SA-02,20200820,TMIN,2,25.0,30.0
SA-02,20200821,TMAX,2,38.0,38.0
SA-02,20200821,TMIN,1,27.0,27.0
SA-02,20200822,TMAX,2,37.0,38.0
SA-02,20200822,TMIN,2,26.0,29.0
SA-02,20200823,TMAX,2,36.0,40.4
SA-02,20200823,TMIN,2,25.0,28.8
SA-02,20200824,TMAX,2,36.0,40.6
SA-02,20200824,TMIN,2,24.0,28.8
SA-02,20200825,TMAX,2,35.0,40.4
SA-02,20200825,TMIN,1,26.0,26.0
SA-02,20200826,TMAX,1,37.0,37.0
SA-02,20200826,TMIN,1,25.0,25.0
SA-02,20200827,TMAX,2,35.0,38.4
SA-02,20200827,TMIN,2,25.0,28.6
SA-02,20200828,TMAX,2,34.0,39.4
SA-02,20200828,TMIN,2,23.0,29.0
SA-02,20200829,TMAX,1,36.0,36.0
SA-02,20200829,TMIN,2,23.0,28.5
SA-02,20200830,TMAX,1,37.0,37.0
SA-02,20200830,TMIN,2,24.0,28.0
SA-02,20200831,TMAX,2,37.0,38.0
SA-02,20200831,TMIN,1,23.0,23.0
SA-02,20200901,TMAX,1,36.0,36.0
SA-02,20200901,TMIN,2,24.0,30.0
SA-02,20200902,TMAX,2,36.0,38.2
SA-02,20200902,TMIN,2,24.0,31.8
SA-02,20200903,TMAX,1,37.0,37.0
SA-02,20200903,TMIN,1,32.6,32.6
SA-02,20200904,TMAX,2,36.0,39.0
SA-02,20200904,TMIN,1,22.0,22.0
SA-02,20200905,TMAX,1,36.0,36.0
SA-02,20200905,TMIN,2,22.0,30.0
SA-02,20200906,TMAX,2,36.0,37.4
SA-02,20200906,TMIN,2,22.0,29.6
SA-02,20200907,TMAX,2,37.0,37.2
SA-02,20200907,TMIN,2,22.0,29.0
SA-02,20200908,TMAX,2,36.2,37.0
SA-02,20200908,TMIN,2,22.0,30.0
SA-02,20200909,TMAX,1,37.0,37.0
SA-02,20200909,TMIN,2,23.0,30.8
SA-02,20200910,TMAX,1,36.0,36.0
SA-02,20200910,TMIN,1,31.6,31.6
SA-02,20200911,TMAX,1,34.0,34.0
SA-02,20200911,TMIN,1,24.0,24.0
SA-02,20200912,TMAX,1,36.0,36.0
SA-02,20200912,TMIN,2,23.0,31.6
SA-02,20200913,TMAX,1,36.0,36.0
SA-02,20200913,TMIN,1,22.0,22.0
SA-02,20200914,TMAX,2,36.0,39.4
SA-02,20200914,TMIN,1,22.0,22.0
SA-02,20200915,TMAX,2,36.0,36.2
SA-02,20200915,TMIN,2,21.0,28.4
SA-02,20200916,TMAX,2,36.0,37.0
SA-02,20200916,TMIN,1,24.0,24.0
SA-02,20200917,TMAX,2,36.0,40.0
SA-02,20200917,TMIN,2,21.0,23.0
SA-02,20200918,TMAX,1,35.0,35.0
SA-02,20200918,TMIN,1,22.0,22.0
SA-02,20200919,TMAX,1,35.0,35.0
SA-02,20200919,TMIN,1,20.0,20.0
SA-02,20200920,TMAX,2,34.0,39.4
SA-02,20200920,TMIN,1,21.0,21.0
SA-02,20200921,TMAX,2,34.0,39.3
SA-02,20200921,TMIN,1,20.0,20.0
SA-02,20200922,TMAX,2,35.0,38.0
SA-02,20200922,TMIN,2,21.0,28.0
SA-02,20200923,TMAX,1,35.0,35.0
SA-02,20200923,TMIN,1,21.0,21.0
SA-02,20200924,TMAX,2,35.0,43.4
SA-02,20200924,TMIN,2,21.0,28.8
SA-02,20200925,TMAX,2,35.0,38.4
SA-02,20200925,TMIN,1,20.0,20.0
SA-02,20200926,TMAX,2,35.0,36.4
SA-02,20200926,TMIN,2,20.0,28.7
SA-02,20200927,TMAX,2,34.0,39.6
SA-02,20200927,TMIN,2,21.0,29.5
SA-02,20200928,TMAX,2,35.0,38.0
SA-02,20200928,TMIN,2,21.0,28.6
SA-02,20200929,TMAX,2,34.0,39.2
SA-02,20200929,TMIN,2,20.0,28.2
SA-02,20200930,TMAX,2,33.0,36.8
SA-02,20200930,TMIN,2,21.0,30.6
SA-02,20201001,TMAX,2,34.0,35.0
SA-02,20201002,TMAX,2,34.0,37.8
SA-02,20201002,TMIN,1,19.0,19.0
SA-02,20201003,TMAX,2,33.0,35.4
SA-02,20201003,TMIN,2,19.0,28.6
SA-02,20201004,TMAX,2,33.0,35.4
SA-02,20201004,TMIN,2,18.0,28.8
SA-02,20201005,TMAX,2,33.0,36.0
SA-02,20201005,TMIN,2,20.0,28.4
SA-02,20201006,TMAX,2,33.0,38.4
SA-02,20201006,TMIN,2,22.0,27.5
SA-02,20201007,TMAX,2,34.0,37.9
SA-02,20201007,TMIN,2,19.0,28.8
SA-02,20201008,TMAX,2,34.0,36.0
SA-02,20201008,TMIN,2,19.0,28.8
SA-02,20201009,TMAX,2,33.0,39.4
SA-02,20201009,TMIN,2,18.0,28.0
SA-02,20201010,TMAX,2,32.0,43.4
SA-02,20201010,TMIN,2,18.0,28.0
SA-02,20201011,TMAX,2,31.0,43.4
SA-02,20201011,TMIN,1,18.0,18.0
SA-02,20201012,TMAX,1,31.0,31.0
SA-02,20201012,TMIN,2,15.0,26.6
SA-02,20201013,TMAX,2,31.0,43.0
SA-02,20201013,TMIN,2,15.0,26.7
SA-02,20201014,TMAX,2,31.0,43.2
SA-02,20201014,TMIN,2,15.0,26.0
SA-02,20201015,TMAX,2,30.0,43.5
SA-02,20201015,TMIN,2,15.0,25.0
SA-02,20201016,TMAX,2,31.0,42.8
SA-02,20201016,TMIN,1,17.0,17.0
SA-02,20201017,TMAX,1,31.0,31.0
SA-02,20201017,TMIN,2,16.0,26.4
SA-02,20201018,TMAX,2,30.0,41.2
SA-02,20201018,TMIN,2,15.0,25.7
SA-02,20201019,TMAX,1,29.0,29.0
SA-02,20201019,TMIN,2,14.0,25.7
SA-02,20201020,TMAX,1,29.0,29.0
SA-02,20201020,TMIN,2,13.0,25.9
SA-02,20201021,TMAX,2,30.0,40.6
SA-02,20201021,TMIN,2,14.0,25.4
SA-02,20201022,TMAX,2,31.0,42.5
SA-02,20201022,TMIN,2,15.0,25.9
SA-02,20201023,TMAX,1,30.0,30.0
SA-02,20201023,TMIN,1,15.0,15.0
SA-02,20201024,TMAX,2,31.0,40.4
SA-02,20201024,TMIN,1,15.0,15.0
SA-02,20201025,TMAX,2,31.0,35.3
SA-02,20201025,TMIN,2,15.0,27.0
SA-02,20201026,TMAX,1,31.0,31.0
SA-02,20201026,TMIN,1,16.0,16.0
SA-02,20201027,TMAX,2,30.0,36.2
SA-02,20201027,TMIN,1,14.0,14.0
SA-02,20201028,TMAX,2,28.0,39.6
SA-02,20201028,TMIN,2,14.0,23.8
SA-02,20201029,TMAX,2,28.0,36.6
SA-02,20201029,TMIN,2,14.0,26.4
SA-02,20201030,TMAX,2,30.0,36.2
SA-02,20201030,TMIN,2,13.0,26.5
SA-02,20201031,TMAX,1,30.0,30.0
SA-02,20201031,TMIN,2,13.0,27.7
SA-02,20201101,TMAX,1,31.0,31.0
SA-02,20201101,TMIN,1,13.0,13.0
SA-02,20201102,TMAX,1,30.0,30.0
SA-02,20201102,TMIN,2,14.0,27.5
SA-02,20201103,TMAX,2,30.0,34.7
SA-02,20201103,TMIN,2,14.0,26.5
SA-02,20201104,TMAX,2,29.0,33.9
SA-02,20201104,TMIN,2,15.0,27.6
SA-02,20201105,TMAX,2,28.0,35.3
SA-02,20201105,TMIN,2,15.0,26.9
SA-02,20201106,TMAX,1,26.0,26.0
SA-02,20201106,TMIN,2,14.0,26.0
SA-02,20201107,TMAX,1,26.0,26.0
SA-02,20201107,TMIN,2,14.0,26.6
SA-02,20201108,TMAX,2,29.0,34.6
SA-02,20201108,TMIN,2,14.0,26.0
SA-02,20201109,TMAX,2,30.0,34.9
SA-02,20201109,TMIN,2,16.0,28.0
SA-02,20201110,TMAX,2,29.0,35.5
SA-02,20201110,TMIN,2,17.0,26.5
SA-02,20201111,TMAX,2,29.0,33.2
SA-02,20201111,TMIN,2,16.0,26.6
SA-02,20201112,TMAX,2,29.0,34.0
SA-02,20201112,TMIN,1,16.0,16.0
SA-02,20201113,TMAX,1,29.0,29.0
SA-02,20201113,TMIN,2,15.0,25.6
SA-02,20201114,TMAX,2,30.0,35.3
SA-02,20201114,TMIN,2,15.0,24.5
SA-02,20201115,TMAX,2,28.0,33.4
SA-02,20201115,TMIN,1,15.0,15.0
SA-02,20201116,TMIN,1,13.0,13.0
SA-02,20201117,TMAX,2,29.0,33.5
SA-02,20201117,TMIN,2,14.0,18.2
SA-02,20201118,TMAX,1,28.0,28.0
SA-02,20201118,TMIN,1,24.0,24.0
SA-02,20201119,TMAX,2,27.0,33.8
SA-02,20201119,TMIN,2,14.0,25.0
SA-02,20201120,TMAX,1,28.0,28.0
SA-02,20201120,TMIN,1,14.0,14.0
SA-02,20201121,TMAX,1,26.0,26.0
SA-02,20201121,TMIN,1,13.0,13.0
SA-02,20201122,TMAX,2,27.0,30.3
SA-02,20201122,TMIN,2,15.0,23.0
SA-02,20201123,TMAX,2,28.0,31.4
SA-02,20201123,TMIN,2,12.0,23.6
SA-02,20201124,TMAX,2,29.0,31.2
SA-02,20201124,TMIN,2,12.0,23.8
SA-02,20201125,TMAX,2,29.0,31.6
SA-02,20201125,TMIN,2,14.0,24.7
SA-02,20201126,TMAX,1,23.0,23.0
SA-02,20201126,TMIN,1,15.0,15.0
SA-03,20200501,TMAX,3,34.5,37.1
SA-03,20200501,TMIN,3,20.0,21.4
SA-03,20200502,TMAX,3,34.7,35.2
SA-03,20200502,TMIN,3,20.0,22.6
SA-03,20200503,TMAX,3,36.6,38.3
SA-03,20200503,TMIN,3,21.0,21.0
SA-03,20200504,TMAX,2,36.0,39.7
SA-03,20200504,TMIN,3,21.4,25.0
SA-03,20200505,TMAX,3,35.5,38.3
SA-03,20200505,TMIN,3,22.4,25.9
SA-03,20200506,TMAX,3,35.0,38.0
SA-03,20200506,TMIN,2,21.2,22.0
SA-03,20200507,TMAX,3,36.2,38.3
SA-03,20200507,TMIN,3,18.0,24.2
SA-03,20200508,TMAX,3,36.0,39.1
SA-03,20200508,TMIN,3,20.4,25.8
SA-03,20200509,TMAX,3,35.6,38.0
SA-03,20200509,TMIN,2,20.7,29.0
SA-03,20200510,TMAX,3,34.7,38.0
SA-03,20200510,TMIN,3,19.9,27.0
SA-03,20200511,TMAX,3,38.0,39.2
SA-03,20200511,TMIN,3,18.8,25.5
SA-03,20200512,TMAX,3,39.9,41.4
SA-03,20200512,TMIN,2,23.5,24.0
SA-03,20200513,TMAX,3,40.2,42.1
SA-03,20200513,TMIN,3,25.0,29.7
SA-03,20200514,TMAX,3,38.4,41.4
SA-03,20200514,TMIN,2,26.0,32.1
SA-03,20200515,TMAX,3,36.5,40.5
SA-03,20200515,TMIN,2,28.0,29.0
SA-03,20200516,TMAX,3,38.4,42.0
SA-03,20200516,TMIN,2,25.2,28.0
SA-03,20200517,TMAX,3,38.8,41.4
SA-03,20200517,TMIN,2,27.0,30.0
SA-03,20200518,TMAX,2,39.0,41.0
SA-03,20200518,TMIN,2,23.4,31.0
SA-03,20200519,TMAX,3,40.0,40.8
SA-03,20200519,TMIN,3,25.0,28.0
SA-03,20200520,TMAX,2,39.6,40.0
SA-03,20200520,TMIN,3,23.8,26.8
SA-03,20200521,TMAX,3,39.5,41.2
SA-03,20200521,TMIN,2,25.0,25.5
SA-03,20200522,TMAX,3,40.4,41.0
SA-03,20200522,TMIN,3,26.6,27.0
SA-03,20200523,TMAX,3,41.2,42.0
SA-03,20200523,TMIN,2,26.6,28.0
SA-03,20200524,TMAX,3,39.3,43.0
SA-03,20200524,TMIN,2,23.3,26.6
SA-03,20200525,TMAX,3,34.5,40.1
SA-03,20200525,TMIN,3,21.8,26.1
SA-03,20200526,TMAX,3,38.0,40.0
SA-03,20200526,TMIN,3,21.0,25.8
SA-03,20200527,TMAX,2,40.8,42.0
SA-03,20200527,TMIN,3,23.0,27.0
SA-03,20200528,TMAX,3,40.0,42.9
SA-03,20200528,TMIN,3,22.1,29.0
SA-03,20200529,TMAX,2,39.4,40.5
SA-03,20200529,TMIN,3,25.0,29.4
SA-03,20200530,TMAX,2,38.6,40.0
SA-03,20200530,TMIN,3,25.0,29.5
SA-03,20200531,TMAX,3,40.4,43.2
SA-03,20200531,TMIN,3,24.0,29.7
SA-03,20200601,TMAX,3,37.8,42.3
SA-03,20200601,TMIN,3,23.0,28.5
SA-03,20200602,TMAX,3,39.0,41.6
SA-03,20200602,TMIN,3,22.5,28.5
SA-03,20200603,TMAX,2,42.3,44.0
SA-03,20200603,TMIN,3,25.2,28.0
SA-03,20200604,TMAX,3,39.4,43.3
SA-03,20200604,TMIN,3,28.0,29.0
SA-03,20200605,TMAX,2,39.0,44.3
SA-03,20200605,TMIN,1,30.9,30.9
SA-03,20200606,TMAX,3,40.4,42.4
SA-03,20200606,TMIN,3,26.0,31.7
SA-03,20200607,TMAX,2,41.2,43.5
SA-03,20200607,TMIN,2,27.0,28.5
SA-03,20200608,TMAX,3,41.7,43.0
SA-03,20200608,TMIN,3,24.1,28.0
SA-03,20200609,TMAX,3,42.2,44.0
SA-03,20200609,TMIN,3,24.3,27.7
SA-03,20200610,TMAX,2,42.5,43.2
SA-03,20200610,TMIN,3,26.0,29.0
SA-03,20200611,TMAX,2,39.7,40.0
SA-03,20200611,TMIN,3,26.0,29.2
SA-03,20200612,TMAX,2,39.0,41.3
SA-03,20200612,TMIN,3,27.7,29.4
SA-03,20200613,TMAX,3,40.6,44.5
SA-03,20200613,TMIN,3,27.0,31.5
SA-03,20200614,TMAX,2,41.0,43.3
SA-03,20200614,TMIN,2,26.0,26.0
SA-03,20200615,TMAX,3,37.0,44.1
SA-03,20200615,TMIN,3,27.6,29.6
SA-03,20200616,TMAX,3,38.4,44.6
SA-03,20200616,TMIN,3,25.2,31.0
SA-03,20200617,TMAX,3,38.0,44.4
SA-03,20200617,TMIN,3,25.0,30.0
SA-03,20200618,TMAX,3,40.8,45.0
SA-03,20200618,TMIN,3,24.0,30.1
SA-03,20200619,TMAX,3,40.3,43.4
SA-03,20200619,TMIN,2,27.8,29.5
SA-03,20200620,TMAX,3,38.0,43.0
SA-03,20200620,TMIN,2,24.0,28.9
SA-03,20200621,TMAX,3,37.0,41.0
SA-03,20200621,TMIN,3,24.0,28.5
SA-03,20200622,TMAX,2,41.0,41.2
SA-03,20200622,TMIN,2,25.0,25.0
SA-03,20200623,TMAX,3,41.3,47.6
SA-03,20200623,TMIN,3,27.0,29.2
SA-03,20200624,TMAX,3,38.8,46.0
SA-03,20200624,TMIN,3,29.0,29.8
SA-03,20200625,TMAX,3,40.8,42.0
SA-03,20200625,TMIN,2,23.5,28.0
SA-03,20200626,TMAX,1,40.0,40.0
SA-03,20200626,TMIN,3,25.5,28.0
SA-03,20200627,TMAX,3,43.4,45.2
SA-03,20200627,TMIN,3,26.1,31.6
SA-03,20200628,TMAX,3,44.4,48.5
SA-03,20200628,TMIN,2,28.2,31.7
SA-03,20200629,TMAX,3,45.0,45.1
SA-03,20200629,TMIN,2,29.4,30.5
SA-03,20200630,TMAX,2,42.0,44.0
SA-03,20200630,TMIN,2,29.0,32.0
SA-03,20200701,TMAX,3,39.0,43.6
SA-03,20200701,TMIN,3,27.0,32.5
SA-03,20200702,TMAX,3,37.0,44.4
SA-03,20200702,TMIN,3,25.0,28.7
SA-03,20200703,TMAX,3,40.0,44.1
SA-03,20200703,TMIN,3,24.0,30.0
SA-03,20200704,TMAX,3,44.0,45.0
SA-03,20200704,TMIN,3,26.0,32.6
SA-03,20200705,TMAX,2,42.7,43.0
SA-03,20200705,TMIN,3,28.2,31.9
SA-03,20200706,TMAX,2,39.0,41.1
SA-03,20200706,TMIN,1,26.8,26.8
SA-03,20200707,TMAX,2,40.3,41.4
SA-03,20200707,TMIN,2,26.0,26.5
SA-03,20200708,TMAX,3,39.4,41.7
SA-03,20200708,TMIN,3,24.0,30.5
SA-03,20200709,TMAX,2,41.7,42.0
SA-03,20200709,TMIN,3,23.0,27.7
SA-03,20200710,TMAX,2,40.7,41.0
SA-03,20200710,TMIN,2,28.0,30.0
SA-03,20200711,TMAX,2,38.0,40.7
SA-03,20200712,TMAX,3,37.0,43.5
SA-03,20200712,TMIN,3,24.0,30.0
SA-03,20200713,TMAX,3,38.0,41.5
SA-03,20200713,TMIN,2,28.0,29.0
SA-03,20200714,TMAX,3,41.6,42.0
SA-03,20200714,TMIN,3,27.0,30.5
SA-03,20200715,TMAX,3,42.4,44.0
SA-03,20200715,TMIN,3,26.2,30.0
SA-03,20200716,TMAX,2,44.0,44.0
SA-03,20200716,TMIN,3,26.5,29.8
SA-03,20200717,TMAX,3,41.0,42.7
SA-03,20200717,TMIN,2,27.0,29.4
SA-03,20200718,TMAX,2,38.6,41.7
SA-03,20200718,TMIN,2,27.0,27.2
SA-03,20200719,TMAX,2,41.2,44.8
SA-03,20200719,TMIN,3,25.0,30.0
SA-03,20200720,TMAX,2,47.0,47.0
SA-03,20200720,TMIN,3,28.0,31.4
SA-03,20200721,TMAX,2,38.0,46.2
SA-03,20200721,TMIN,2,31.3,31.7
SA-03,20200722,TMAX,3,37.6,46.7
SA-03,20200722,TMIN,3,30.0,34.0
SA-03,20200723,TMAX,3,38.0,46.7
SA-03,20200723,TMIN,3,30.0,33.0
SA-03,20200724,TMAX,3,39.0,46.8
SA-03,20200724,TMIN,3,31.0,34.0
SA-03,20200725,TMAX,3,36.0,46.4
SA-03,20200725,TMIN,2,31.0,33.7
SA-03,20200726,TMAX,3,40.0,46.0
SA-03,20200726,TMIN,3,29.8,32.4
SA-03,20200727,TMAX,3,38.4,45.2
SA-03,20200727,TMIN,2,32.0,32.4
SA-03,20200728,TMAX,3,39.0,45.1
SA-03,20200728,TMIN,2,29.0,31.0
SA-03,20200729,TMAX,3,36.8,47.1
SA-03,20200729,TMIN,2,30.4,31.0
SA-03,20200730,TMAX,2,36.8,47.5
SA-03,20200730,TMIN,3,31.0,35.0
SA-03,20200731,TMAX,3,37.0,46.6
SA-03,20200731,TMIN,2,31.0,36.8
SA-03,20200801,TMAX,3,36.0,45.0
SA-03,20200801,TMIN,2,32.0,32.0
SA-03,20200802,TMAX,3,38.0,43.2
SA-03,20200802,TMIN,2,31.0,31.8
SA-03,20200803,TMAX,3,39.0,43.7
SA-03,20200803,TMIN,3,29.0,31.0
SA-03,20200804,TMAX,2,38.0,42.8
SA-03,20200804,TMIN,3,29.0,31.5
SA-03,20200805,TMAX,3,38.2,41.4
SA-03,20200805,TMIN,3,29.0,29.2
SA-03,20200806,TMAX,3,38.0,40.6
SA-03,20200806,TMIN,3,24.8,30.0
SA-03,20200807,TMAX,2,37.0,40.6
SA-03,20200807,TMIN,3,24.7,29.0
SA-03,20200808,TMAX,3,36.0,41.6
SA-03,20200808,TMIN,3,29.0,30.2
SA-03,20200809,TMAX,2,41.8,42.3
SA-03,20200809,TMIN,1,31.0,31.0
SA-03,20200810,TMAX,3,38.0,42.6
SA-03,20200810,TMIN,2,30.0,30.0
SA-03,20200811,TMAX,3,40.4,44.0
SA-03,20200811,TMIN,3,28.0,32.0
SA-03,20200812,TMAX,2,40.2,41.6
SA-03,20200812,TMIN,1,26.1,26.1
SA-03,20200813,TMAX,2,40.0,41.7
SA-03,20200813,TMIN,3,27.3,31.5
SA-03,20200814,TMAX,3,39.0,41.8
SA-03,20200814,TMIN,2,28.0,28.4
SA-03,20200815,TMAX,3,40.0,42.2
SA-03,20200815,TMIN,2,27.6,29.2
SA-03,20200816,TMAX,2,38.8,42.3
SA-03,20200816,TMIN,3,28.3,31.5
SA-03,20200817,TMAX,2,41.0,42.8
SA-03,20200817,TMIN,3,28.0,32.0
SA-03,20200818,TMAX,3,43.4,44.0
SA-03,20200818,TMIN,3,27.8,31.0
SA-03,20200819,TMAX,2,43.8,44.0
SA-03,20200819,TMIN,3,27.7,31.9
SA-03,20200820,TMAX,2,44.0,44.8
SA-03,20200820,TMIN,3,28.6,32.0
SA-03,20200821,TMAX,3,42.4,44.5
SA-03,20200821,TMIN,3,27.2,33.0
SA-03,20200822,TMAX,2,37.0,42.0
SA-03,20200822,TMIN,3,28.0,33.0
SA-03,20200823,TMAX,3,38.0,41.2
SA-03,20200823,TMIN,2,25.6,27.8
SA-03,20200824,TMAX,3,41.0,42.7
SA-03,20200824,TMIN,2,25.2,26.8
SA-03,20200825,TMAX,2,41.0,41.5
SA-03,20200825,TMIN,3,26.6,29.9
SA-03,20200826,TMAX,3,40.0,41.0
SA-03,20200826,TMIN,2,25.7,31.0
SA-03,20200827,TMAX,3,39.0,42.5
SA-03,20200827,TMIN,3,26.3,29.9
SA-03,20200828,TMAX,2,37.0,42.0
SA-03,20200828,TMIN,2,25.8,30.5
SA-03,20200829,TMAX,2,39.0,42.2
SA-03,20200829,TMIN,3,25.0,30.0
SA-03,20200830,TMAX,3,41.0,43.8
SA-03,20200830,TMIN,3,25.0,29.0
SA-03,20200831,TMAX,3,43.0,44.2
SA-03,20200831,TMIN,3,25.5,29.7
SA-03,20200901,TMAX,3,42.0,43.5
SA-03,20200901,TMIN,2,26.3,28.0
SA-03,20200902,TMAX,2,43.6,46.0
SA-03,20200902,TMIN,3,27.0,32.0
SA-03,20200903,TMAX,3,42.0,43.8
SA-03,20200903,TMIN,3,28.0,31.0
SA-03,20200904,TMAX,2,43.3,46.0
SA-03,20200904,TMIN,2,29.8,32.4
SA-03,20200905,TMAX,2,42.0,43.4
SA-03,20200905,TMIN,3,28.4,30.8
SA-03,20200906,TMAX,3,43.0,44.1
SA-03,20200906,TMIN,2,28.3,29.0
SA-03,20200907,TMAX,3,43.0,44.7
SA-03,20200907,TMIN,2,27.4,29.0
SA-03,20200908,TMAX,3,39.8,43.7
SA-03,20200908,TMIN,2,27.0,28.0
SA-03,20200909,TMAX,2,38.0,43.3
SA-03,20200909,TMIN,2,28.0,29.0
SA-03,20200910,TMAX,2,38.0,42.9
SA-03,20200910,TMIN,3,29.0,30.0
SA-03,20200911,TMAX,3,41.0,42.6
SA-03,20200911,TMIN,3,28.7,30.0
SA-03,20200912,TMAX,2,39.0,42.2
SA-03,20200912,TMIN,1,30.8,30.8
SA-03,20200913,TMAX,2,43.3,45.0
SA-03,20200913,TMIN,2,30.0,31.8
SA-03,20200914,TMAX,3,43.9,45.0
SA-03,20200914,TMIN,2,29.0,31.0
SA-03,20200915,TMAX,1,43.0,43.0
SA-03,20200915,TMIN,3,28.7,30.0
SA-03,20200916,TMAX,2,42.0,44.1
SA-03,20200916,TMIN,1,30.0,30.0
SA-03,20200917,TMAX,2,43.7,47.0
SA-03,20200917,TMIN,2,27.2,30.0
SA-03,20200918,TMAX,2,43.6,48.0
SA-03,20200918,TMIN,3,28.5,31.3
SA-03,20200919,TMAX,3,42.6,44.0
SA-03,20200919,TMIN,3,26.9,27.9
SA-03,20200920,TMAX,3,41.8,43.3
SA-03,20200920,TMIN,3,26.2,28.0
SA-03,20200921,TMAX,3,40.0,42.6
SA-03,20200921,TMIN,3,24.5,27.0
SA-03,20200922,TMAX,2,42.0,42.5
SA-03,20200922,TMIN,3,26.0,28.0
SA-03,20200923,TMAX,2,42.3,43.2
SA-03,20200923,TMIN,3,26.0,27.1
SA-03,20200924,TMAX,3,42.3,43.0
SA-03,20200924,TMIN,3,26.7,27.8
SA-03,20200925,TMAX,3,41.4,43.6
SA-03,20200925,TMIN,2,27.2,27.3
SA-03,20200926,TMAX,3,40.6,42.3
SA-03,20200926,TMIN,3,25.1,27.5
SA-03,20200927,TMAX,2,40.7,41.0
SA-03,20200927,TMIN,2,24.2,26.5
SA-03,20200928,TMAX,2,39.6,46.0
SA-03,20200928,TMIN,3,27.9,30.0
SA-03,20200929,TMAX,3,38.3,44.0
SA-03,20200929,TMIN,3,25.1,28.6
SA-03,20200930,TMAX,3,39.3,41.0
SA-03,20200930,TMIN,2,23.1,27.0
SA-03,20201001,TMAX,3,36.0,41.3
SA-03,20201001,TMIN,3,23.9,27.5
SA-03,20201002,TMAX,2,40.0,40.9
SA-03,20201002,TMIN,1,27.9,27.9
SA-03,20201003,TMIN,1,28.0,28.0
SA-03,20201004,TMAX,3,36.0,39.7
SA-03,20201004,TMIN,3,25.3,29.0
SA-03,20201005,TMAX,3,35.0,38.2
SA-03,20201005,TMIN,3,22.9,28.6
SA-03,20201006,TMAX,3,38.0,39.9
SA-03,20201006,TMIN,1,23.2,23.2
SA-03,20201007,TMAX,3,39.1,41.0
SA-03,20201007,TMIN,3,23.2,28.0
SA-03,20201008,TMAX,2,38.5,39.2
SA-03,20201008,TMIN,1,27.8,27.8
SA-03,20201009,TMAX,1,39.0,39.0
SA-03,20201009,TMIN,2,27.0,27.8
SA-03,20201010,TMAX,3,37.3,40.2
SA-03,20201010,TMIN,3,23.6,27.0
SA-03,20201011,TMAX,3,37.6,40.0
SA-03,20201011,TMIN,3,23.6,25.0
SA-03,20201012,TMAX,3,36.4,42.0
SA-03,20201012,TMIN,2,23.6,25.0
SA-03,20201013,TMAX,3,37.0,42.0
SA-03,20201013,TMIN,2,22.8,26.0
SA-03,20201014,TMAX,3,36.6,41.0
SA-03,20201014,TMIN,2,20.9,24.0
SA-03,20201015,TMAX,3,35.8,39.0
SA-03,20201015,TMIN,3,22.0,24.7
SA-03,20201016,TMAX,3,36.3,41.5
SA-03,20201016,TMIN,3,23.0,24.0
SA-03,20201017,TMAX,3,36.4,40.4
SA-03,20201017,TMIN,3,22.0,24.0
SA-03,20201018,TMAX,2,37.3,39.2
SA-03,20201018,TMIN,3,20.6,24.0
SA-03,20201019,TMAX,2,36.6,40.0
SA-03,20201019,TMIN,3,20.1,22.8
SA-03,20201020,TMAX,2,35.6,40.0
SA-03,20201020,TMIN,2,19.5,23.0
SA-03,20201021,TMAX,2,34.6,40.0
SA-03,20201021,TMIN,2,18.7,22.0
SA-03,20201022,TMAX,3,34.0,40.0
SA-03,20201022,TMIN,3,19.0,21.0
SA-03,20201023,TMAX,2,34.2,40.4
SA-03,20201023,TMIN,3,17.8,21.5
SA-03,20201024,TMAX,2,34.5,40.0
SA-03,20201024,TMIN,3,18.8,21.0
SA-03,20201025,TMAX,1,38.0,38.0
SA-03,20201025,TMIN,3,17.6,21.4
SA-03,20201026,TMAX,3,35.9,37.0
SA-03,20201026,TMIN,3,19.3,21.8
SA-03,20201027,TMAX,2,34.3,36.4
SA-03,20201027,TMIN,2,17.9,22.6
SA-03,20201028,TMAX,1,41.0,41.0
SA-03,20201028,TMIN,3,19.6,21.0
SA-03,20201029,TMAX,3,32.1,39.0
SA-03,20201029,TMIN,3,19.4,23.5
SA-03,20201030,TMAX,3,33.2,36.4
SA-03,20201030,TMIN,3,18.8,22.4
SA-03,20201031,TMAX,3,34.2,36.8
SA-03,20201031,TMIN,2,17.6,22.0
SA-03,20201101,TMAX,3,34.4,36.0
SA-03,20201101,TMIN,1,19.9,19.9
SA-03,20201102,TMAX,1,34.3,34.3
SA-03,20201102,TMIN,2,19.9,24.0
SA-03,20201103,TMAX,3,34.2,36.0
SA-03,20201103,TMIN,2,20.0,24.9
SA-03,20201104,TMAX,1,36.8,36.8
SA-03,20201104,TMIN,2,19.3,22.0
SA-03,20201105,TMAX,3,30.3,35.0
SA-03,20201105,TMIN,3,16.2,21.5
SA-03,20201106,TMAX,2,29.3,34.0
SA-03,20201106,TMIN,2,16.8,18.0
SA-03,20201107,TMAX,2,29.4,33.0
SA-03,20201107,TMIN,2,20.0,22.0
SA-03,20201108,TMAX,3,29.6,32.0
SA-03,20201108,TMIN,2,16.0,20.8
SA-03,20201109,TMAX,3,28.0,33.4
SA-03,20201109,TMIN,3,15.9,24.8
SA-03,20201110,TMAX,3,29.3,34.0
SA-03,20201110,TMIN,3,17.5,25.0
SA-03,20201111,TMAX,3,30.0,34.0
SA-03,20201111,TMIN,2,22.0,23.4
SA-03,20201112,TMAX,3,28.5,33.0
SA-03,20201112,TMIN,2,15.7,22.0
SA-03,20201113,TMAX,2,28.9,33.0
SA-03,20201113,TMIN,2,19.5,20.7
SA-03,20201114,TMAX,3,29.7,33.0
SA-03,20201114,TMIN,1,18.6,18.6
SA-03,20201115,TMAX,2,32.5,33.7
SA-03,20201115,TMIN,3,16.2,21.0
SA-03,20201116,TMIN,2,18.0,18.0
SA-03,20201117,TMAX,2,30.1,32.0
SA-03,20201117,TMIN,3,14.8,17.9
SA-03,20201118,TMAX,3,29.0,34.0
SA-03,20201118,TMIN,1,16.8,16.8
SA-03,20201119,TMAX,2,31.3,31.3
SA-03,20201119,TMIN,2,18.1,20.0
SA-03,20201120,TMAX,3,26.1,32.8
SA-03,20201120,TMIN,2,21.5,23.0
SA-03,20201121,TMAX,3,23.4,30.2
SA-03,20201121,TMIN,1,14.9,14.9
SA-03,20201122,TMAX,2,25.2,30.0
SA-03,20201122,TMIN,2,15.1,18.0
SA-03,20201123,TMAX,2,28.4,33.8
SA-03,20201123,TMIN,2,18.0,20.0
SA-03,20201124,TMAX,1,34.0,34.0
SA-03,20201124,TMIN,3,14.1,19.5
SA-03,20201125,TMAX,3,28.7,32.2
SA-03,20201125,TMIN,2,18.5,20.0
SA-03,20201126,TMAX,3,24.4,30.4
SA-03,20201126,TMIN,3,14.0,21.5
SA-04,20200501,TMAX,2,37.0,37.3
SA-04,20200501,TMIN,1,19.8,19.8
SA-04,20200502,TMAX,1,36.2,36.2
SA-04,20200502,TMIN,1,22.0,22.0
SA-04,20200503,TMAX,2,37.0,38.3
SA-04,20200503,TMIN,1,20.4,20.4
SA-04,20200504,TMAX,2,38.7,40.0
SA-04,20200504,TMIN,2,20.4,21.3
SA-04,20200505,TMAX,2,40.0,41.4
SA-04,20200505,TMIN,1,21.6,21.6
SA-04,20200506,TMAX,2,33.0,42.0
SA-04,20200506,TMIN,2,21.0,25.2
SA-04,20200507,TMAX,2,33.0,35.7
SA-04,20200507,TMIN,1,19.0,19.0
SA-04,20200508,TMAX,2,37.0,38.3
SA-04,20200508,TMIN,2,21.0,22.8
SA-04,20200509,TMAX,2,41.0,41.4
SA-04,20200509,TMIN,2,23.4,24.0
SA-04,20200510,TMAX,2,35.0,40.6
SA-04,20200510,TMIN,2,23.8,26.4
SA-04,20200511,TMAX,2,35.6,37.2
SA-04,20200511,TMIN,1,21.5,21.5
SA-04,20200512,TMAX,2,37.0,37.5
SA-04,20200512,TMIN,1,21.0,21.0
SA-04,20200513,TMAX,2,36.0,38.0
SA-04,20200513,TMIN,2,22.0,23.0
SA-04,20200514,TMAX,2,38.5,39.0
SA-04,20200514,TMIN,2,21.4,23.0
SA-04,20200515,TMAX,2,39.5,40.2
SA-04,20200515,TMIN,2,22.4,23.4
SA-04,20200516,TMAX,2,39.5,39.8
SA-04,20200516,TMIN,2,21.0,24.4
SA-04,20200517,TMAX,1,41.0,41.0
SA-04,20200517,TMIN,2,21.4,24.5
SA-04,20200518,TMAX,1,42.0,42.0
SA-04,20200518,TMIN,2,23.0,23.7
SA-04,20200519,TMAX,2,41.5,43.0
SA-04,20200519,TMIN,2,25.2,28.0
SA-04,20200520,TMAX,2,41.0,43.3
SA-04,20200520,TMIN,1,26.6,26.6
SA-04,20200521,TMAX,2,42.6,44.0
SA-04,20200521,TMIN,2,23.2,26.4
SA-04,20200522,TMAX,2,43.3,43.8
SA-04,20200522,TMIN,2,24.0,26.5
SA-04,20200523,TMAX,1,45.0,45.0
SA-04,20200523,TMIN,2,25.5,26.6
SA-04,20200524,TMAX,2,44.0,44.7
SA-04,20200524,TMIN,1,26.6,26.6
SA-04,20200525,TMAX,2,35.3,45.0
SA-04,20200525,TMIN,2,25.0,26.0
SA-04,20200526,TMAX,2,38.0,40.1
SA-04,20200526,TMIN,1,23.2,23.2
SA-04,20200527,TMAX,2,43.0,44.2
SA-04,20200527,TMIN,2,25.0,25.1
SA-04,20200528,TMAX,2,44.0,45.1
SA-04,20200528,TMIN,2,27.2,27.3
SA-04,20200529,TMAX,2,46.0,46.2
SA-04,20200529,TMIN,2,26.8,27.0
SA-04,20200530,TMAX,2,44.0,46.5
SA-04,20200530,TMIN,2,26.8,27.0
SA-04,20200531,TMAX,2,42.6,45.8
SA-04,20200531,TMIN,2,26.0,28.6
SA-04,20200601,TMAX,2,44.8,46.4
SA-04,20200601,TMIN,2,25.8,28.8
SA-04,20200602,TMAX,2,46.0,47.4
SA-04,20200602,TMIN,2,27.5,29.0
SA-04,20200603,TMAX,1,46.0,46.0
SA-04,20200603,TMIN,2,27.0,28.5
SA-04,20200604,TMAX,2,43.0,46.8
SA-04,20200604,TMIN,2,28.9,29.0
SA-04,20200605,TMAX,2,44.0,45.7
SA-04,20200605,TMIN,2,29.0,32.0
SA-04,20200606,TMAX,2,44.2,46.4
SA-04,20200606,TMIN,2,28.5,32.2
SA-04,20200607,TMAX,2,43.5,46.0
SA-04,20200607,TMIN,1,27.0,27.0
SA-04,20200608,TMAX,2,45.0,45.1
SA-04,20200608,TMIN,1,27.0,27.0
SA-04,20200609,TMAX,2,45.6,46.0
SA-04,20200609,TMIN,2,27.4,27.8
SA-04,20200610,TMAX,2,46.0,46.4
SA-04,20200610,TMIN,2,26.5,28.5
SA-04,20200611,TMAX,2,46.8,47.3
SA-04,20200611,TMIN,2,26.6,29.4
SA-04,20200612,TMAX,2,44.4,46.6
SA-04,20200612,TMIN,2,28.0,29.0
SA-04,20200613,TMAX,1,42.0,42.0
SA-04,20200613,TMIN,2,27.0,30.4
SA-04,20200614,TMAX,2,42.0,42.4
SA-04,20200614,TMIN,2,26.0,28.4
SA-04,20200615,TMAX,1,46.2,46.2
SA-04,20200615,TMIN,1,28.5,28.5
SA-04,20200616,TMAX,2,47.8,47.8
SA-04,20200616,TMIN,2,29.5,30.0
SA-04,20200617,TMAX,1,46.4,46.4
SA-04,20200618,TMAX,2,43.6,44.5
SA-04,20200618,TMIN,2,26.0,27.0
SA-04,20200619,TMAX,2,43.0,44.1
SA-04,20200619,TMIN,1,27.4,27.4
SA-04,20200620,TMAX,2,42.0,43.8
SA-04,20200620,TMIN,2,28.0,28.0
SA-04,20200621,TMAX,1,39.7,39.7
SA-04,20200621,TMIN,1,27.4,27.4
SA-04,20200622,TMAX,2,40.2,41.6
SA-04,20200622,TMIN,2,27.3,28.0
SA-04,20200623,TMAX,2,42.4,43.3
SA-04,20200623,TMIN,1,26.0,26.0
SA-04,20200624,TMAX,1,44.0,44.0
SA-04,20200624,TMIN,2,27.8,29.0
SA-04,20200625,TMAX,1,42.2,42.2
SA-04,20200625,TMIN,2,28.7,30.0
SA-04,20200626,TMAX,2,44.0,44.4
SA-04,20200626,TMIN,2,26.0,30.0
SA-04,20200627,TMAX,2,45.0,46.0
SA-04,20200627,TMIN,2,27.0,30.8
SA-04,20200628,TMAX,2,46.1,46.6
SA-04,20200628,TMIN,2,26.0,29.7
SA-04,20200629,TMAX,2,46.0,48.3
SA-04,20200629,TMIN,2,29.2,30.0
SA-04,20200630,TMAX,1,44.0,44.0
SA-04,20200630,TMIN,2,28.6,29.5
SA-04,20200701,TMAX,2,44.8,46.4
SA-04,20200701,TMIN,2,27.4,28.9
SA-04,20200702,TMAX,2,43.6,46.4
SA-04,20200702,TMIN,2,28.0,28.0
SA-04,20200703,TMAX,2,45.1,46.0
SA-04,20200703,TMIN,2,28.0,29.0
SA-04,20200704,TMAX,2,46.0,46.6
SA-04,20200704,TMIN,2,30.0,30.7
SA-04,20200705,TMAX,2,47.2,48.4
SA-04,20200705,TMIN,1,30.7,30.7
SA-04,20200706,TMAX,2,46.0,48.7
SA-04,20200706,TMIN,2,28.8,29.4
SA-04,20200707,TMAX,1,46.0,46.0
SA-04,20200707,TMIN,1,31.0,31.0
SA-04,20200708,TMAX,2,46.6,48.4
SA-04,20200708,TMIN,2,29.8,33.0
SA-04,20200709,TMAX,2,46.0,48.2
SA-04,20200709,TMIN,1,31.0,31.0
SA-04,20200710,TMAX,2,47.0,47.9
SA-04,20200710,TMIN,2,32.2,32.4
SA-04,20200711,TMAX,2,45.5,47.6
SA-04,20200711,TMIN,2,29.8,31.0
SA-04,20200712,TMAX,2,46.3,47.4
SA-04,20200712,TMIN,2,30.6,31.0
SA-04,20200713,TMAX,2,46.0,47.0
SA-04,20200713,TMIN,2,30.9,31.0
SA-04,20200714,TMAX,2,47.0,47.5
SA-04,20200714,TMIN,1,29.8,29.8
SA-04,20200715,TMAX,2,48.0,48.8
SA-04,20200715,TMIN,1,34.0,34.0
SA-04,20200716,TMAX,2,45.0,46.1
SA-04,20200716,TMIN,1,31.0,31.0
SA-04,20200717,TMAX,2,46.0,47.0
SA-04,20200717,TMIN,1,29.5,29.5
SA-04,20200718,TMAX,2,46.2,46.2
SA-04,20200718,TMIN,2,27.9,30.0
SA-04,20200719,TMAX,1,49.0,49.0
SA-04,20200719,TMIN,2,30.0,31.0
SA-04,20200720,TMAX,2,47.8,48.6
SA-04,20200720,TMIN,2,31.0,31.6
SA-04,20200721,TMAX,2,47.0,47.1
SA-04,20200721,TMIN,1,30.2,30.2
SA-04,20200722,TMAX,2,45.0,48.0
SA-04,20200722,TMIN,2,29.8,32.0
SA-04,20200723,TMAX,2,44.7,47.0
SA-04,20200723,TMIN,1,32.0,32.0
SA-04,20200724,TMAX,1,47.0,47.0
SA-04,20200724,TMIN,2,30.8,33.0
SA-04,20200725,TMAX,1,48.0,48.0
SA-04,20200726,TMAX,2,44.3,48.2
SA-04,20200726,TMIN,2,31.6,32.0
SA-04,20200727,TMAX,1,48.0,48.0
SA-04,20200727,TMIN,2,31.5,34.0
SA-04,20200728,TMAX,2,44.6,50.4
SA-04,20200728,TMIN,2,30.0,33.0
SA-04,20200729,TMAX,2,47.3,49.8
SA-04,20200729,TMIN,2,30.6,33.6
SA-04,20200730,TMAX,2,49.4,49.5
SA-04,20200730,TMIN,1,34.0,34.0
SA-04,20200731,TMAX,2,48.2,50.6
SA-04,20200731,TMIN,2,33.0,34.0
SA-04,20200801,TMAX,2,48.8,49.0
SA-04,20200801,TMIN,2,32.6,33.0
SA-04,20200802,TMAX,2,49.0,49.8
SA-04,20200802,TMIN,2,31.6,34.0
SA-04,20200803,TMAX,2,46.5,47.0
SA-04,20200804,TMAX,2,45.0,47.3
SA-04,20200804,TMIN,2,29.5,30.0
SA-04,20200805,TMAX,2,45.8,46.4
SA-04,20200805,TMIN,2,29.0,30.2
SA-04,20200806,TMAX,1,44.0,44.0
SA-04,20200806,TMIN,2,30.0,30.5
SA-04,20200807,TMAX,2,45.3,46.0
SA-04,20200807,TMIN,2,28.5,29.8
SA-04,20200808,TMAX,2,44.7,47.0
SA-04,20200808,TMIN,2,30.3,31.2
SA-04,20200809,TMAX,1,45.2,45.2
SA-04,20200809,TMIN,2,29.0,32.2
SA-04,20200810,TMAX,2,43.0,45.3
SA-04,20200810,TMIN,2,30.0,32.0
SA-04,20200811,TMAX,2,42.0,43.7
SA-04,20200811,TMIN,1,30.3,30.3
SA-04,20200812,TMAX,2,41.0,43.2
SA-04,20200812,TMIN,1,29.4,29.4
SA-04,20200813,TMAX,2,43.0,44.2
SA-04,20200813,TMIN,2,28.0,28.6
SA-04,20200814,TMAX,2,44.0,44.5
SA-04,20200814,TMIN,1,28.5,28.5
SA-04,20200815,TMAX,2,44.0,44.8
SA-04,20200815,TMIN,2,27.0,29.7
SA-04,20200816,TMAX,1,45.2,45.2
SA-04,20200816,TMIN,2,26.4,29.5
SA-04,20200817,TMAX,2,43.0,45.1
SA-04,20200817,TMIN,2,27.6,29.2
SA-04,20200818,TMAX,1,43.0,43.0
SA-04,20200818,TMIN,2,26.0,28.9
SA-04,20200819,TMAX,2,44.0,44.1
SA-04,20200819,TMIN,1,24.0,24.0
SA-04,20200820,TMAX,1,44.0,44.0
SA-04,20200820,TMIN,2,26.0,28.6
SA-04,20200821,TMAX,2,45.0,45.4
SA-04,20200821,TMIN,2,27.0,29.5
SA-04,20200822,TMAX,2,46.0,46.3
SA-04,20200822,TMIN,2,28.0,28.6
SA-04,20200823,TMAX,2,46.2,47.6
SA-04,20200823,TMIN,2,27.4,28.0
SA-04,20200824,TMAX,1,44.0,44.0
SA-04,20200824,TMIN,2,28.3,28.5
SA-04,20200825,TMAX,1,43.8,43.8
SA-04,20200825,TMIN,2,27.0,29.3
SA-04,20200826,TMAX,2,43.6,43.7
SA-04,20200826,TMIN,2,28.0,29.0
SA-04,20200827,TMAX,2,43.2,43.7
SA-04,20200827,TMIN,2,27.0,28.8
SA-04,20200828,TMAX,2,42.3,44.0
SA-04,20200828,TMIN,2,25.8,27.0
SA-04,20200829,TMAX,2,43.0,44.1
SA-04,20200829,TMIN,1,28.0,28.0
SA-04,20200830,TMAX,2,45.0,45.0
SA-04,20200830,TMIN,1,27.8,27.8
SA-04,20200831,TMAX,2,43.4,45.2
SA-04,20200831,TMIN,2,27.1,27.5
SA-04,20200901,TMAX,2,43.1,46.0
SA-04,20200901,TMIN,2,28.0,29.0
SA-04,20200902,TMAX,2,43.3,44.5
SA-04,20200902,TMIN,2,25.8,28.0
SA-04,20200903,TMAX,2,44.3,44.7
SA-04,20200903,TMIN,2,27.7,28.5
SA-04,20200904,TMAX,1,44.2,44.2
SA-04,20200904,TMIN,2,27.0,29.0
SA-04,20200905,TMAX,2,43.4,44.2
SA-04,20200905,TMIN,1,27.0,27.0
SA-04,20200906,TMAX,2,43.4,44.0
SA-04,20200906,TMIN,2,25.2,26.0
SA-04,20200907,TMAX,2,43.6,45.0
SA-04,20200907,TMIN,2,25.8,28.0
SA-04,20200908,TMAX,1,44.6,44.6
SA-04,20200908,TMIN,2,26.1,28.0
SA-04,20200909,TMAX,1,46.0,46.0
SA-04,20200909,TMIN,2,28.7,31.0
SA-04,20200910,TMAX,2,45.0,46.1
SA-04,20200910,TMIN,2,28.0,28.1
SA-04,20200911,TMAX,1,45.5,45.5
SA-04,20200911,TMIN,1,29.0,29.0
SA-04,20200912,TMAX,1,45.0,45.0
SA-04,20200912,TMIN,2,26.9,28.4
SA-04,20200913,TMAX,2,43.8,45.0
SA-04,20200913,TMIN,2,25.0,27.2
SA-04,20200914,TMAX,2,44.2,45.8
SA-04,20200914,TMIN,2,26.0,27.7
SA-04,20200915,TMAX,2,43.5,44.0
SA-04,20200915,TMIN,2,27.9,28.0
SA-04,20200916,TMAX,2,43.3,45.0
SA-04,20200916,TMIN,2,25.7,29.0
SA-04,20200917,TMAX,2,43.6,44.0
SA-04,20200917,TMIN,2,25.5,26.6
SA-04,20200918,TMAX,2,41.3,44.0
SA-04,20200918,TMIN,2,25.5,25.9
SA-04,20200919,TMAX,2,43.8,44.0
SA-04,20200919,TMIN,2,25.0,26.5
SA-04,20200920,TMAX,2,43.2,44.0
SA-04,20200920,TMIN,2,25.3,26.0
SA-04,20200921,TMAX,2,42.8,44.3
SA-04,20200921,TMIN,1,28.0,28.0
SA-04,20200922,TMAX,2,42.6,44.0
SA-04,20200922,TMIN,1,25.0,25.0
SA-04,20200923,TMAX,1,44.0,44.0
SA-04,20200923,TMIN,1,26.4,26.4
SA-04,20200924,TMAX,2,42.2,43.0
SA-04,20200924,TMIN,2,24.0,26.0
SA-04,20200925,TMAX,2,42.0,43.0
SA-04,20200925,TMIN,1,25.1,25.1
SA-04,20200926,TMAX,2,42.6,43.4
SA-04,20200926,TMIN,1,26.0,26.0
SA-04,20200927,TMAX,2,42.0,43.2
SA-04,20200927,TMIN,2,25.0,27.2
SA-04,20200928,TMAX,2,38.0,41.2
SA-04,20200928,TMIN,2,25.0,26.8
SA-04,20200929,TMAX,2,40.0,40.5
SA-04,20200929,TMIN,2,22.0,25.6
SA-04,20200930,TMAX,2,40.0,41.5
SA-04,20200930,TMIN,2,23.0,24.0
SA-04,20201001,TMAX,2,41.4,42.0
SA-04,20201001,TMIN,2,22.0,23.9
SA-04,20201002,TMAX,2,41.0,41.6
SA-04,20201002,TMIN,2,21.0,24.0
SA-04,20201003,TMAX,2,40.0,40.8
SA-04,20201003,TMIN,2,21.0,23.8
SA-04,20201004,TMAX,2,40.3,41.0
SA-04,20201004,TMIN,2,24.5,25.0
SA-04,20201005,TMAX,2,41.0,41.6
SA-04,20201005,TMIN,1,23.8,23.8
SA-04,20201006,TMAX,2,38.0,39.0
SA-04,20201006,TMIN,2,23.9,24.2
SA-04,20201007,TMAX,2,38.2,38.9
SA-04,20201007,TMIN,2,23.0,23.9
SA-04,20201008,TMAX,2,38.0,38.0
SA-04,20201008,TMIN,2,22.0,22.8
SA-04,20201009,TMAX,2,37.2,38.0
SA-04,20201009,TMIN,2,21.0,22.0
SA-04,20201010,TMAX,2,34.0,35.6
SA-04,20201010,TMIN,2,18.0,21.9
SA-04,20201011,TMAX,2,33.0,34.8
SA-04,20201011,TMIN,2,17.4,20.5
SA-04,20201012,TMAX,2,34.0,35.5
SA-04,20201012,TMIN,2,17.4,21.6
SA-04,20201013,TMAX,1,35.0,35.0
SA-04,20201013,TMIN,2,17.0,21.7
SA-04,20201014,TMAX,2,35.1,36.0
SA-04,20201014,TMIN,1,20.3,20.3
SA-04,20201015,TMAX,1,35.8,35.8
SA-04,20201015,TMIN,2,17.5,20.9
SA-04,20201016,TMAX,2,34.8,36.0
SA-04,20201016,TMIN,2,19.0,20.6
SA-04,20201017,TMAX,2,35.5,36.4
SA-04,20201017,TMIN,2,17.7,19.5
SA-04,20201018,TMAX,2,35.0,35.1
SA-04,20201018,TMIN,2,18.7,19.0
SA-04,20201019,TMAX,2,35.0,35.2
SA-04,20201019,TMIN,1,18.0,18.0
SA-04,20201020,TMAX,1,35.0,35.0
SA-04,20201020,TMIN,2,16.0,19.6
SA-04,20201021,TMAX,2,34.0,34.6
SA-04,20201022,TMAX,2,35.2,36.0
SA-04,20201022,TMIN,2,16.0,20.0
SA-04,20201023,TMAX,2,33.5,36.0
SA-04,20201024,TMAX,1,35.5,35.5
SA-04,20201024,TMIN,1,18.2,18.2
SA-04,20201025,TMAX,2,34.0,34.3
SA-04,20201025,TMIN,2,15.0,17.8
SA-04,20201026,TMAX,1,35.2,35.2
SA-04,20201026,TMIN,2,17.4,17.8
SA-04,20201027,TMAX,1,33.7,33.7
SA-04,20201027,TMIN,2,16.0,17.8
SA-04,20201028,TMAX,2,33.4,34.0
SA-04,20201028,TMIN,2,17.2,17.5
SA-04,20201029,TMAX,2,32.4,34.5
SA-04,20201029,TMIN,2,16.0,17.4
SA-04,20201030,TMAX,2,33.0,33.4
SA-04,20201030,TMIN,2,15.0,18.9
SA-04,20201031,TMAX,2,32.0,34.1
SA-04,20201031,TMIN,2,17.0,18.4
SA-04,20201101,TMAX,2,33.2,35.0
SA-04,20201101,TMIN,2,17.2,18.5
SA-04,20201102,TMAX,2,34.2,34.8
SA-04,20201102,TMIN,2,17.3,18.6
SA-04,20201103,TMAX,2,34.5,35.0
SA-04,20201103,TMIN,2,17.0,18.0
SA-04,20201104,TMAX,2,34.2,35.0
SA-04,20201104,TMIN,2,17.2,17.4
SA-04,20201105,TMAX,2,33.9,34.0
SA-04,20201105,TMIN,2,15.0,18.0
SA-04,20201106,TMAX,2,32.9,34.0
SA-04,20201106,TMIN,2,14.5,16.0
SA-04,20201107,TMAX,2,32.4,35.0
SA-04,20201107,TMIN,2,17.0,17.3
SA-04,20201108,TMAX,2,33.6,34.0
SA-04,20201108,TMIN,2,17.8,19.0
SA-04,20201109,TMAX,2,33.0,33.6
SA-04,20201109,TMIN,1,18.8,18.8
SA-04,20201110,PRCP,1,1.3,1.3
SA-04,20201110,TMAX,2,30.6,33.0
SA-04,20201110,TMIN,2,18.0,18.6
SA-04,20201111,PRCP,1,3.6,3.6
SA-04,20201111,TMAX,2,32.4,33.0
SA-04,20201111,TMIN,2,18.0,19.0
SA-04,20201112,TMAX,2,29.0,34.3
SA-04,20201112,TMIN,1,18.5,18.5
SA-04,20201113,PRCP,1,15.0,15.0
SA-04,20201113,TMAX,2,25.0,33.1
SA-04,20201113,TMIN,1,18.6,18.6
SA-04,20201114,TMAX,1,23.5,23.5
SA-04,20201114,TMIN,1,11.0,11.0
SA-04,20201115,TMAX,2,24.0,29.0
SA-04,20201115,TMIN,2,12.2,14.6
SA-04,20201116,PRCP,1,1.8,1.8
SA-04,20201116,TMIN,1,14.0,14.0
SA-04,20201117,TMAX,2,26.0,33.4
SA-04,20201117,TMIN,2,15.0,19.0
SA-04,20201118,TMAX,2,23.2,29.2
SA-04,20201118,TMIN,1,13.0,13.0
SA-04,20201119,TMAX,1,25.8,25.8
SA-04,20201119,TMIN,2,12.0,15.5
SA-04,20201120,TMAX,1,30.9,30.9
SA-04,20201120,TMIN,1,13.5,13.5
SA-04,20201121,TMAX,2,30.2,31.0
SA-04,20201121,TMIN,1,15.4,15.4
SA-04,20201122,TMAX,2,25.0,29.0
SA-04,20201122,TMIN,2,15.0,15.7
SA-04,20201123,TMAX,2,23.0,25.1
SA-04,20201123,TMIN,2,11.4,15.0
SA-04,20201124,TMAX,2,23.0,24.0
SA-04,20201124,TMIN,1,9.0,9.0
SA-04,20201125,TMAX,2,25.0,25.1
SA-04,20201125,TMIN,2,9.0,10.3
SA-04,20201126,TMAX,2,27.5,29.0
SA-04,20201126,TMIN,2,11.7,14.0
SA-05,20200501,TMAX,2,37.0,37.2
SA-05,20200501,TMIN,2,21.0,23.0
SA-05,20200502,TMAX,2,34.5,37.0
SA-05,20200502,TMIN,2,21.7,23.0
SA-05,20200503,TMAX,1,35.0,35.0
SA-05,20200503,TMIN,2,16.7,21.0
SA-05,20200504,TMAX,2,38.2,39.0
SA-05,20200504,TMIN,2,22.0,22.0
SA-05,20200505,TMAX,2,38.0,39.0
SA-05,20200505,TMIN,2,21.0,26.0
SA-05,20200506,TMAX,2,32.0,37.0
SA-05,20200506,TMIN,2,23.0,25.0
SA-05,20200507,TMAX,2,34.8,36.0
SA-05,20200507,TMIN,2,21.0,22.0
SA-05,20200508,TMAX,2,37.0,37.5
SA-05,20200508,TMIN,1,25.0,25.0
SA-05,20200509,TMAX,2,39.0,39.2
SA-05,20200509,TMIN,2,26.0,27.0
SA-05,20200510,TMAX,2,32.2,37.0
SA-05,20200510,TMIN,2,23.0,24.7
SA-05,20200511,TMAX,2,35.5,36.0
SA-05,20200511,TMIN,2,24.0,24.7
SA-05,20200512,TMAX,2,36.5,38.0
SA-05,20200512,TMIN,2,24.0,24.0
SA-05,20200513,TMAX,2,36.5,38.0
SA-05,20200513,TMIN,1,24.0,24.0
SA-05,20200514,TMAX,1,39.0,39.0
SA-05,20200514,TMIN,2,19.0,25.0
SA-05,20200515,TMAX,2,38.0,39.0
SA-05,20200515,TMIN,1,25.0,25.0
SA-05,20200516,TMAX,2,38.0,38.6
SA-05,20200516,TMIN,2,24.0,25.0
SA-05,20200517,TMAX,2,39.0,39.2
SA-05,20200517,TMIN,2,23.0,26.0
SA-05,20200518,TMAX,2,38.0,40.2
SA-05,20200518,TMIN,1,24.4,24.4
SA-05,20200519,TMAX,2,37.0,38.0
SA-05,20200519,TMIN,1,25.0,25.0
SA-05,20200520,TMAX,2,38.0,39.0
SA-05,20200520,TMIN,2,23.0,24.0
SA-05,20200521,TMAX,1,40.0,40.0
SA-05,20200521,TMIN,2,22.0,25.0
SA-05,20200522,TMAX,2,38.0,40.0
SA-05,20200522,TMIN,2,23.0,24.0
SA-05,20200523,TMAX,1,39.0,39.0
SA-05,20200523,TMIN,2,22.0,22.6
SA-05,20200524,TMAX,1,41.0,41.0
SA-05,20200524,TMIN,1,22.5,22.5
SA-05,20200525,TMAX,2,33.2,37.0
SA-05,20200525,TMIN,2,22.0,23.0
SA-05,20200526,TMAX,2,35.2,38.0
SA-05,20200526,TMIN,2,23.0,25.3
SA-05,20200527,TMAX,2,39.0,40.5
SA-05,20200527,TMIN,2,24.0,24.6
SA-05,20200528,TMAX,2,40.6,42.2
SA-05,20200528,TMIN,1,25.0,25.0
SA-05,20200529,TMAX,2,42.0,43.0
SA-05,20200529,TMIN,2,25.0,26.0
SA-05,20200530,TMAX,2,40.0,42.0
SA-05,20200530,TMIN,2,25.0,28.0
SA-05,20200531,TMAX,2,40.2,41.0
SA-05,20200531,TMIN,1,27.0,27.0
SA-05,20200601,TMAX,2,41.0,44.2
SA-05,20200601,TMIN,2,26.0,27.0
SA-05,20200602,TMAX,2,42.0,42.2
SA-05,20200602,TMIN,2,26.0,29.0
SA-05,20200603,TMAX,2,42.0,42.2
SA-05,20200603,TMIN,1,27.0,27.0
SA-05,20200604,TMAX,2,41.0,41.0
SA-05,20200604,TMIN,2,27.0,28.0
SA-05,20200605,TMAX,2,41.0,41.0
SA-05,20200605,TMIN,2,27.0,27.0
SA-05,20200606,TMAX,2,42.0,42.2
SA-05,20200606,TMIN,1,27.0,27.0
SA-05,20200607,TMAX,2,41.0,41.2
SA-05,20200607,TMIN,2,27.0,28.0
SA-05,20200608,TMAX,2,41.0,41.2
SA-05,20200608,TMIN,1,27.0,27.0
SA-05,20200609,TMAX,1,41.0,41.0
SA-05,20200609,TMIN,2,27.0,28.0
SA-05,20200610,TMAX,2,42.0,43.0
SA-05,20200610,TMIN,1,27.0,27.0
SA-05,20200611,TMAX,1,43.0,43.0
SA-05,20200611,TMIN,2,26.0,26.0
SA-05,20200612,TMAX,2,42.0,42.4
SA-05,20200612,TMIN,2,27.0,28.0
SA-05,20200613,TMAX,2,39.0,42.0
SA-05,20200613,TMIN,2,27.0,27.0
SA-05,20200614,TMAX,2,42.2,43.0
SA-05,20200614,TMIN,2,27.0,27.0
SA-05,20200615,TMAX,2,43.0,45.2
SA-05,20200615,TMIN,2,28.0,30.0
SA-05,20200616,TMAX,2,43.0,45.0
SA-05,20200616,TMIN,2,26.0,31.0
SA-05,20200617,TMAX,1,42.0,42.0
SA-05,20200617,TMIN,1,28.0,28.0
SA-05,20200618,TMAX,2,42.0,42.0
SA-05,20200618,TMIN,1,27.0,27.0
SA-05,20200619,TMAX,2,40.0,42.0
SA-05,20200619,TMIN,2,24.0,25.0
SA-05,20200620,TMAX,2,39.2,42.3
SA-05,20200620,TMIN,2,23.0,23.7
SA-05,20200621,TMAX,2,38.2,42.2
SA-05,20200621,TMIN,2,23.2,26.0
SA-05,20200622,TMAX,2,39.0,42.0
SA-05,20200622,TMIN,2,24.0,26.0
SA-05,20200623,TMAX,2,40.0,41.0
SA-05,20200623,TMIN,2,24.0,24.0
SA-05,20200624,TMAX,2,38.5,40.0
SA-05,20200624,TMIN,2,21.0,23.0
SA-05,20200625,TMAX,2,38.0,39.2
SA-05,20200625,TMIN,2,21.5,24.8
SA-05,20200626,TMAX,2,41.0,41.2
SA-05,20200626,TMIN,2,23.0,25.0
SA-05,20200627,TMAX,2,42.0,43.2
SA-05,20200627,TMIN,2,24.0,25.0
SA-05,20200628,TMAX,2,43.0,44.0
SA-05,20200628,TMIN,2,25.0,27.0
SA-05,20200629,TMAX,2,44.0,44.0
SA-05,20200629,TMIN,2,27.0,28.0
SA-05,20200630,TMAX,2,44.0,44.2
SA-05,20200630,TMIN,2,27.0,28.0
SA-05,20200701,TMAX,2,43.2,45.0
SA-05,20200701,TMIN,2,27.0,28.0
SA-05,20200702,TMAX,2,44.0,44.5
SA-05,20200702,TMIN,2,28.0,28.8
SA-05,20200703,TMAX,2,43.0,46.0
SA-05,20200703,TMIN,1,29.0,29.0
SA-05,20200704,TMAX,2,45.0,45.0
SA-05,20200704,TMIN,2,28.0,28.0
SA-05,20200705,TMAX,2,44.0,44.0
SA-05,20200705,TMIN,2,27.0,30.0
SA-05,20200706,TMAX,2,43.2,44.0
SA-05,20200706,TMIN,2,27.6,29.0
SA-05,20200707,TMAX,2,42.3,44.0
SA-05,20200707,TMIN,2,25.0,27.8
SA-05,20200708,TMAX,2,42.2,43.0
SA-05,20200708,TMIN,2,27.0,28.0
SA-05,20200709,TMAX,2,41.0,42.0
SA-05,20200709,TMIN,1,26.0,26.0
SA-05,20200710,TMAX,2,42.0,43.2
SA-05,20200710,TMIN,2,26.0,26.0
SA-05,20200711,TMAX,2,43.0,44.0
SA-05,20200711,TMIN,2,26.0,27.0
SA-05,20200712,TMAX,2,43.0,44.2
SA-05,20200712,TMIN,2,25.0,31.0
SA-05,20200713,TMAX,2,42.0,44.2
SA-05,20200713,TMIN,2,28.0,33.0
SA-05,20200714,TMAX,2,43.0,44.4
SA-05,20200714,TMIN,2,30.0,32.0
SA-05,20200715,TMAX,2,44.0,45.4
SA-05,20200715,TMIN,2,28.0,28.0
SA-05,20200716,TMAX,2,43.0,44.0
SA-05,20200716,TMIN,2,28.0,31.0
SA-05,20200717,TMAX,2,43.0,43.0
SA-05,20200717,TMIN,2,27.0,28.0
SA-05,20200718,TMAX,2,42.0,43.0
SA-05,20200718,TMIN,2,27.0,27.0
SA-05,20200719,TMAX,2,42.0,45.0
SA-05,20200719,TMIN,2,24.4,32.0
SA-05,20200720,TMAX,2,44.0,45.4
SA-05,20200720,TMIN,2,24.0,33.0
SA-05,20200721,TMAX,1,44.0,44.0
SA-05,20200721,TMIN,2,27.0,29.0
SA-05,20200722,TMAX,2,44.0,46.0
SA-05,20200722,TMIN,2,28.0,30.0
SA-05,20200723,TMAX,2,43.0,44.0
SA-05,20200723,TMIN,1,26.0,26.0
SA-05,20200724,TMAX,2,43.0,44.2
SA-05,20200724,TMIN,2,28.0,30.0
SA-05,20200725,TMAX,2,43.0,44.2
SA-05,20200725,TMIN,2,28.0,30.0
SA-05,20200726,TMAX,2,41.0,43.4
SA-05,20200726,TMIN,2,28.0,30.0
SA-05,20200727,TMAX,2,40.0,43.0
SA-05,20200727,TMIN,2,28.0,31.0
SA-05,20200728,TMAX,2,45.0,47.0
SA-05,20200728,TMIN,2,29.0,31.0
SA-05,20200729,TMAX,2,45.0,46.0
SA-05,20200729,TMIN,2,29.0,30.6
SA-05,20200730,TMAX,2,46.0,47.2
SA-05,20200730,TMIN,2,29.0,31.0
SA-05,20200731,TMAX,2,46.0,47.2
SA-05,20200731,TMIN,2,30.0,34.8
SA-05,20200801,TMAX,2,45.0,47.0
SA-05,20200801,TMIN,2,30.0,33.7
SA-05,20200802,TMAX,2,45.0,45.4
SA-05,20200802,TMIN,2,27.0,31.0
SA-05,20200803,TMAX,2,45.0,45.0
SA-05,20200803,TMIN,2,30.0,30.6
SA-05,20200804,TMAX,2,42.0,44.0
SA-05,20200804,TMIN,2,28.0,28.7
SA-05,20200805,TMAX,2,40.2,42.0
SA-05,20200805,TMIN,2,25.0,26.0
SA-05,20200806,TMAX,2,40.2,41.0
SA-05,20200806,TMIN,2,25.0,25.0
SA-05,20200807,TMAX,2,40.0,41.4
SA-05,20200807,TMIN,2,24.0,26.0
SA-05,20200808,TMAX,2,40.0,42.4
SA-05,20200808,TMIN,2,25.0,29.0
SA-05,20200809,TMAX,2,40.0,42.0
SA-05,20200809,TMIN,2,27.0,29.0
SA-05,20200810,TMAX,2,40.0,40.0
SA-05,20200810,TMIN,2,27.0,28.0
SA-05,20200811,TMAX,2,38.2,39.0
SA-05,20200811,TMIN,2,23.0,25.6
SA-05,20200812,TMAX,2,39.0,39.2
SA-05,20200812,TMIN,1,24.0,24.0
SA-05,20200813,TMAX,2,40.0,40.4
SA-05,20200813,TMIN,2,23.8,24.8
SA-05,20200814,TMAX,2,41.0,42.4
SA-05,20200814,TMIN,2,24.4,25.0
SA-05,20200815,TMAX,2,42.0,42.0
SA-05,20200815,TMIN,2,24.0,27.0
SA-05,20200816,TMAX,2,41.0,42.0
SA-05,20200816,TMIN,2,26.0,27.0
SA-05,20200817,TMAX,2,41.4,42.0
SA-05,20200817,TMIN,2,26.0,27.0
SA-05,20200818,TMAX,2,41.4,42.0
SA-05,20200818,TMIN,2,26.0,30.0
SA-05,20200819,TMAX,1,42.0,42.0
SA-05,20200819,TMIN,2,24.0,26.0
SA-05,20200820,TMAX,2,41.0,43.4
SA-05,20200820,TMIN,1,25.0,25.0
SA-05,20200821,TMAX,2,44.0,44.0
SA-05,20200821,TMIN,2,26.0,27.0
SA-05,20200822,TMAX,2,44.0,44.0
SA-05,20200822,TMIN,2,28.0,29.0
SA-05,20200823,TMAX,2,44.2,45.0
SA-05,20200823,TMIN,2,28.0,29.0
SA-05,20200824,TMAX,2,43.4,45.0
SA-05,20200824,TMIN,2,25.0,26.5
SA-05,20200825,TMAX,2,43.4,44.0
SA-05,20200825,TMIN,2,27.0,28.0
SA-05,20200826,TMAX,2,43.0,43.4
SA-05,20200826,TMIN,2,27.0,30.0
SA-05,20200827,TMAX,2,43.0,44.0
SA-05,20200827,TMIN,2,25.0,27.0
SA-05,20200828,TMAX,2,42.0,42.0
SA-05,20200828,TMIN,2,25.0,27.0
SA-05,20200829,TMAX,2,41.0,41.0
SA-05,20200829,TMIN,2,26.0,26.0
SA-05,20200830,TMAX,2,41.0,41.2
SA-05,20200830,TMIN,2,25.0,25.0
SA-05,20200831,TMAX,2,40.0,42.4
SA-05,20200831,TMIN,2,23.0,27.0
SA-05,20200901,TMAX,2,40.0,42.0
SA-05,20200901,TMIN,1,25.0,25.0
SA-05,20200902,TMAX,2,39.0,41.0
SA-05,20200902,TMIN,2,25.0,29.0
SA-05,20200903,TMAX,2,40.0,40.0
SA-05,20200903,TMIN,2,26.0,26.0
SA-05,20200904,TMAX,2,40.0,42.0
SA-05,20200904,TMIN,2,26.0,26.0
SA-05,20200905,TMAX,2,41.0,42.4
SA-05,20200905,TMIN,2,25.0,26.0
SA-05,20200906,TMAX,2,41.0,43.0
SA-05,20200906,TMIN,2,25.0,26.0
SA-05,20200907,TMAX,2,40.0,42.0
SA-05,20200907,TMIN,2,23.0,24.0
SA-05,20200908,TMAX,2,40.0,40.0
SA-05,20200908,TMIN,2,24.0,24.0
SA-05,20200909,TMAX,2,40.0,41.0
SA-05,20200909,TMIN,2,23.0,23.0
SA-05,20200910,TMAX,2,40.0,41.0
SA-05,20200910,TMIN,1,26.0,26.0
SA-05,20200911,TMIN,2,25.0,27.0
SA-05,20200912,TMAX,2,41.0,42.4
SA-05,20200912,TMIN,2,23.0,24.0
SA-05,20200913,TMAX,2,41.0,42.0
SA-05,20200913,TMIN,2,24.0,26.0
SA-05,20200914,TMAX,2,40.0,41.0
SA-05,20200914,TMIN,2,23.0,23.0
SA-05,20200915,TMAX,2,40.0,41.0
SA-05,20200915,TMIN,2,26.0,27.0
SA-05,20200916,TMAX,2,40.0,41.2
SA-05,20200916,TMIN,2,23.0,25.0
SA-05,20200917,TMAX,2,40.0,40.0
SA-05,20200917,TMIN,2,23.0,26.0
SA-05,20200918,TMAX,2,39.0,40.4
SA-05,20200918,TMIN,2,21.0,23.0
SA-05,20200919,TMAX,2,39.0,40.4
SA-05,20200919,TMIN,2,22.0,23.0
SA-05,20200920,TMAX,2,40.0,41.0
SA-05,20200920,TMIN,2,23.0,23.0
SA-05,20200921,TMAX,2,40.0,40.0
SA-05,20200921,TMIN,2,22.0,23.0
SA-05,20200922,TMAX,2,39.0,41.0
SA-05,20200922,TMIN,2,24.0,26.0
SA-05,20200923,TMAX,2,40.0,41.0
SA-05,20200923,TMIN,2,22.0,23.0
SA-05,20200924,TMAX,2,40.0,40.0
SA-05,20200924,TMIN,1,24.0,24.0
SA-05,20200925,TMAX,2,40.0,40.0
SA-05,20200925,TMIN,2,22.0,23.0
SA-05,20200926,TMAX,2,39.0,40.0
SA-05,20200926,TMIN,2,22.0,23.0
SA-05,20200927,TMAX,2,39.0,39.0
SA-05,20200927,TMIN,2,22.0,23.0
SA-05,20200928,TMAX,2,37.0,39.0
SA-05,20200928,TMIN,1,23.0,23.0
SA-05,20200929,TMAX,2,37.0,39.4
SA-05,20200929,TMIN,2,19.0,21.0
SA-05,20200930,TMAX,2,37.0,38.0
SA-05,20200930,TMIN,1,22.0,22.0
SA-05,20201001,TMAX,2,37.0,37.0
SA-05,20201001,TMIN,2,21.0,23.0
SA-05,20201002,TMAX,2,38.2,39.0
SA-05,20201002,TMIN,2,22.0,23.0
SA-05,20201003,TMAX,2,37.0,38.0
SA-05,20201003,TMIN,2,23.0,24.0
SA-05,20201004,TMAX,2,38.0,39.0
SA-05,20201004,TMIN,2,20.0,22.0
SA-05,20201005,TMAX,1,39.4,39.4
SA-05,20201005,TMIN,2,20.0,22.0
SA-05,20201006,TMAX,2,37.0,38.0
SA-05,20201006,TMIN,2,22.0,24.0
SA-05,20201007,TMAX,2,36.0,38.0
SA-05,20201007,TMIN,2,22.0,22.0
SA-05,20201008,TMAX,2,36.0,38.0
SA-05,20201008,TMIN,2,20.0,22.0
SA-05,20201009,TMAX,2,36.0,36.0
SA-05,20201009,TMIN,2,19.0,20.0
SA-05,20201010,TMAX,2,31.0,36.0
SA-05,20201011,TMAX,2,32.0,32.4
SA-05,20201011,TMIN,2,16.0,18.0
SA-05,20201012,TMAX,2,32.0,34.0
SA-05,20201012,TMIN,2,15.0,18.0
SA-05,20201013,TMAX,2,31.0,33.0
SA-05,20201013,TMIN,2,15.0,17.0
SA-05,20201014,TMAX,2,32.0,35.0
SA-05,20201014,TMIN,2,16.0,17.0
SA-05,20201015,TMAX,2,34.0,35.0
SA-05,20201015,TMIN,2,17.0,18.0
SA-05,20201016,TMAX,2,32.0,34.0
SA-05,20201016,TMIN,2,17.0,18.0
SA-05,20201017,TMAX,2,32.0,33.2
SA-05,20201017,TMIN,1,16.0,16.0
SA-05,20201018,TMAX,2,32.0,33.0
SA-05,20201018,TMIN,1,15.0,15.0
SA-05,20201019,TMAX,2,31.0,32.0
SA-05,20201019,TMIN,2,14.0,17.0
SA-05,20201020,TMAX,2,32.0,32.0
SA-05,20201020,TMIN,1,15.0,15.0
SA-05,20201021,TMAX,2,30.0,31.0
SA-05,20201021,TMIN,1,14.0,14.0
SA-05,20201022,TMAX,2,31.0,32.0
SA-05,20201022,TMIN,1,15.0,15.0
SA-05,20201023,TMAX,2,31.0,33.2
SA-05,20201023,TMIN,2,15.0,16.0
SA-05,20201024,TMAX,2,32.0,32.0
SA-05,20201024,TMIN,1,14.0,14.0
SA-05,20201025,TMAX,2,32.0,32.0
SA-05,20201025,TMIN,2,12.0,16.0
SA-05,20201026,TMAX,2,32.0,32.0
SA-05,20201026,TMIN,2,14.0,16.0
SA-05,20201027,TMAX,2,32.0,32.0
SA-05,20201027,TMIN,2,14.0,15.0
SA-05,20201028,TMAX,2,30.0,31.0
SA-05,20201028,TMIN,2,14.0,15.0
SA-05,20201029,TMAX,2,29.0,31.4
SA-05,20201029,TMIN,2,14.0,16.0
SA-05,20201030,TMAX,2,31.0,31.0
SA-05,20201030,TMIN,2,13.0,15.0
SA-05,20201031,TMAX,2,31.0,31.2
SA-05,20201031,TMIN,2,13.0,14.0
SA-05,20201101,TMAX,2,31.0,32.0
SA-05,20201101,TMIN,2,14.0,16.0
SA-05,20201102,TMAX,2,31.0,32.0
SA-05,20201102,TMIN,2,15.0,16.0
SA-05,20201103,TMAX,2,31.0,32.0
SA-05,20201103,TMIN,1,17.0,17.0
SA-05,20201104,TMAX,2,30.0,31.4
SA-05,20201104,TMIN,1,15.0,15.0
SA-05,20201105,TMAX,2,31.0,32.0
SA-05,20201105,TMIN,2,15.0,17.0
SA-05,20201106,TMIN,2,17.0,18.0
SA-05,20201107,TMAX,2,31.0,32.0
SA-05,20201107,TMIN,2,18.0,18.0
SA-05,20201108,TMAX,2,29.0,33.0
SA-05,20201108,TMIN,2,17.0,18.0
SA-05,20201109,TMAX,2,33.0,33.2
SA-05,20201109,TMIN,2,17.0,18.0
SA-05,20201110,TMAX,2,31.2,32.0
SA-05,20201110,TMIN,2,18.0,18.0
SA-05,20201111,TMAX,2,33.0,33.0
SA-05,20201111,TMIN,2,18.0,18.0
SA-05,20201112,TMAX,2,30.0,32.0
SA-05,20201112,TMIN,2,18.0,18.0
SA-05,20201113,TMAX,2,23.0,27.0
SA-05,20201113,TMIN,1,16.0,16.0
SA-05,20201114,TMAX,2,25.0,26.0
SA-05,20201114,TMIN,2,14.5,15.0
SA-05,20201115,TMAX,2,30.0,30.2
SA-05,20201115,TMIN,2,14.0,15.0
SA-05,20201116,TMIN,2,15.0,16.0
SA-05,20201117,TMAX,2,25.0,31.0
SA-05,20201117,TMIN,2,15.0,17.0
SA-05,20201118,TMAX,2,23.0,29.0
SA-05,20201118,TMIN,2,14.7,15.0
SA-05,20201119,TMAX,2,29.0,30.0
SA-05,20201119,TMIN,2,13.0,15.0
SA-05,20201120,TMAX,2,30.0,31.0
SA-05,20201120,TMIN,2,16.0,17.0
SA-05,20201121,TMAX,2,30.0,30.0
SA-05,20201121,TMIN,1,15.0,15.0
SA-05,20201122,TMAX,2,24.0,24.4
SA-05,20201122,TMIN,1,15.0,15.0
SA-05,20201123,TMAX,2,22.0,26.0
SA-05,20201123,TMIN,2,12.0,15.0
SA-05,20201124,TMAX,2,24.0,27.0
SA-05,20201124,TMIN,2,10.0,14.0
SA-05,20201125,TMAX,2,28.0,29.0
SA-05,20201125,TMIN,2,12.0,14.0
SA-05,20201126,TMAX,2,28.0,28.0
SA-05,20201126,TMIN,2,15.0,15.0
SA-06,20200501,TMAX,1,33.4,33.4
SA-06,20200501,TMIN,1,18.0,18.0
SA-06,20200502,TMAX,1,30.2,30.2
SA-06,20200503,TMAX,1,32.4,32.4
SA-06,20200503,TMIN,1,18.4,18.4
SA-06,20200504,TMAX,1,36.0,36.0
SA-06,20200504,TMIN,1,18.6,18.6
SA-06,20200505,TMAX,1,37.0,37.0
SA-06,20200505,TMIN,1,22.6,22.6
SA-06,20200506,TMAX,1,29.0,29.0
SA-06,20200507,TMIN,1,16.0,16.0
SA-06,20200508,TMAX,1,35.4,35.4
SA-06,20200508,TMIN,1,21.4,21.4
SA-06,20200510,TMAX,1,29.4,29.4
SA-06,20200510,TMIN,1,18.8,18.8
SA-06,20200511,TMAX,1,32.4,32.4
SA-06,20200511,TMIN,1,20.8,20.8
SA-06,20200512,TMAX,1,34.0,34.0
SA-06,20200512,TMIN,1,21.0,21.0
SA-06,20200513,TMAX,1,34.0,34.0
SA-06,20200514,TMAX,1,35.0,35.0
SA-06,20200514,TMIN,1,20.0,20.0
SA-06,20200515,TMAX,1,36.4,36.4
SA-06,20200515,TMIN,1,22.8,22.8
SA-06,20200517,TMAX,1,36.0,36.0
SA-06,20200517,TMIN,1,20.4,20.4
SA-06,20200518,TMAX,1,36.4,36.4
SA-06,20200518,TMIN,1,22.2,22.2
SA-06,20200519,TMIN,1,23.0,23.0
SA-06,20200521,TMAX,1,37.0,37.0
SA-06,20200522,TMAX,1,37.2,37.2
SA-06,20200522,TMIN,1,20.8,20.8
SA-06,20200523,TMAX,1,37.4,37.4
SA-06,20200523,TMIN,1,21.6,21.6
SA-06,20200524,TMAX,1,38.0,38.0
SA-06,20200525,TMAX,1,30.0,30.0
SA-06,20200525,TMIN,1,18.0,18.0
SA-06,20200526,TMAX,1,34.4,34.4
SA-06,20200528,TMAX,1,39.4,39.4
SA-06,20200528,TMIN,1,25.8,25.8
SA-06,20200529,TMAX,1,37.2,37.2
SA-06,20200529,TMIN,1,23.2,23.2
SA-06,20200530,TMAX,1,37.0,37.0
SA-06,20200530,TMIN,1,24.6,24.6
SA-06,20200531,TMAX,1,40.0,40.0
SA-06,20200531,TMIN,1,24.0,24.0
SA-06,20200601,TMAX,1,41.0,41.0
SA-06,20200601,TMIN,1,25.0,25.0
SA-06,20200602,TMAX,1,37.0,37.0
SA-06,20200602,TMIN,1,25.6,25.6
SA-06,20200603,TMAX,1,37.2,37.2
SA-06,20200603,TMIN,1,21.0,21.0
SA-06,20200604,TMAX,1,36.2,36.2
SA-06,20200605,TMIN,1,24.0,24.0
SA-06,20200606,TMAX,1,39.0,39.0
SA-06,20200606,TMIN,1,25.4,25.4
SA-06,20200607,TMIN,1,26.8,26.8
SA-06,20200608,TMAX,1,39.0,39.0
SA-06,20200609,TMAX,1,39.0,39.0
SA-06,20200610,TMAX,1,40.0,40.0
SA-06,20200610,TMIN,1,21.8,21.8
SA-06,20200611,TMAX,1,38.0,38.0
SA-06,20200612,TMAX,1,36.4,36.4
SA-06,20200612,TMIN,1,26.6,26.6
SA-06,20200613,TMAX,1,36.4,36.4
SA-06,20200613,TMIN,1,25.0,25.0
SA-06,20200614,TMAX,1,39.2,39.2
SA-06,20200614,TMIN,1,21.0,21.0
SA-06,20200615,TMIN,1,23.0,23.0
SA-06,20200616,TMIN,1,28.0,28.0
SA-06,20200617,TMAX,1,38.2,38.2
SA-06,20200617,TMIN,1,28.0,28.0
SA-06,20200619,TMAX,1,38.0,38.0
SA-06,20200619,TMIN,1,21.0,21.0
SA-06,20200621,TMAX,1,33.4,33.4
SA-06,20200621,TMIN,1,22.4,22.4
SA-06,20200622,TMAX,1,36.4,36.4
SA-06,20200623,TMIN,1,24.6,24.6
SA-06,20200625,TMIN,1,20.2,20.2
SA-06,20200626,TMAX,1,39.0,39.0
SA-06,20200626,TMIN,1,20.0,20.0
SA-06,20200627,TMIN,1,21.4,21.4
SA-06,20200628,TMIN,1,24.0,24.0
SA-06,20200629,TMIN,1,26.8,26.8
SA-06,20200630,TMAX,1,39.2,39.2
SA-06,20200630,TMIN,1,24.4,24.4
SA-06,20200701,TMAX,1,38.4,38.4
SA-06,20200702,TMAX,1,39.4,39.4
SA-06,20200702,TMIN,1,25.8,25.8
SA-06,20200703,TMAX,1,43.0,43.0
SA-06,20200703,TMIN,1,27.0,27.0
SA-06,20200704,TMAX,1,42.0,42.0
SA-06,20200704,TMIN,1,29.0,29.0
SA-06,20200705,TMAX,1,41.0,41.0
SA-06,20200705,TMIN,1,27.0,27.0
SA-06,20200706,TMIN,1,24.0,24.0
SA-06,20200707,TMIN,1,24.8,24.8
SA-06,20200709,TMAX,1,37.4,37.4
SA-06,20200709,TMIN,1,25.8,25.8
SA-06,20200710,TMAX,1,40.0,40.0
SA-06,20200710,TMIN,1,22.6,22.6
SA-06,20200712,TMAX,1,40.4,40.4
SA-06,20200712,TMIN,1,30.0,30.0
SA-06,20200714,TMAX,1,40.4,40.4
SA-06,20200714,TMIN,1,29.8,29.8
SA-06,20200715,TMIN,1,31.0,31.0
SA-06,20200716,TMAX,1,41.2,41.2
SA-06,20200717,TMAX,1,42.0,42.0
SA-06,20200717,TMIN,1,24.6,24.6
SA-06,20200718,TMIN,1,26.4,26.4
SA-06,20200719,TMAX,1,41.4,41.4
SA-06,20200719,TMIN,1,29.2,29.2
SA-06,20200720,TMIN,1,27.0,27.0
SA-06,20200721,TMAX,1,43.0,43.0
SA-06,20200721,TMIN,1,25.0,25.0
SA-06,20200722,TMIN,1,27.8,27.8
SA-06,20200723,TMAX,1,43.0,43.0
SA-06,20200723,TMIN,1,27.0,27.0
SA-06,20200724,TMAX,1,44.0,44.0
SA-06,20200724,TMIN,1,28.2,28.2
SA-06,20200725,TMIN,1,29.0,29.0
SA-06,20200726,TMIN,1,27.6,27.6
SA-06,20200727,TMIN,1,29.0,29.0
SA-06,20200728,TMAX,1,42.0,42.0
SA-06,20200729,TMAX,1,44.0,44.0
SA-06,20200729,TMIN,1,26.6,26.6
SA-06,20200730,TMIN,1,27.6,27.6
SA-06,20200731,TMAX,1,44.0,44.0
SA-06,20200731,TMIN,1,28.4,28.4
SA-06,20200801,TMAX,1,42.0,42.0
SA-06,20200802,TMAX,1,42.2,42.2
SA-06,20200802,TMIN,1,28.0,28.0
SA-06,20200803,TMAX,1,40.4,40.4
SA-06,20200803,TMIN,1,29.8,29.8
SA-06,20200804,TMAX,1,38.4,38.4
SA-06,20200804,TMIN,1,23.6,23.6
SA-06,20200805,TMAX,1,37.0,37.0
SA-06,20200805,TMIN,1,26.8,26.8
SA-06,20200806,TMAX,1,36.2,36.2
SA-06,20200807,TMAX,1,38.0,38.0
SA-06,20200807,TMIN,1,24.0,24.0
SA-06,20200808,TMAX,1,38.2,38.2
SA-06,20200808,TMIN,1,25.6,25.6
SA-06,20200809,TMAX,1,38.0,38.0
SA-06,20200810,TMAX,1,36.2,36.2
SA-06,20200810,TMIN,1,26.8,26.8
SA-06,20200811,TMAX,1,35.2,35.2
SA-06,20200812,TMAX,1,36.4,36.4
SA-06,20200813,TMIN,1,24.4,24.4
SA-06,20200814,TMAX,1,38.4,38.4
SA-06,20200814,TMIN,1,23.2,23.2
SA-06,20200815,TMAX,1,38.4,38.4
SA-06,20200815,TMIN,1,26.8,26.8
SA-06,20200816,TMAX,1,38.0,38.0
SA-06,20200817,TMIN,1,25.0,25.0
SA-06,20200818,TMAX,1,38.4,38.4
SA-06,20200818,TMIN,1,24.2,24.2
SA-06,20200819,TMAX,1,40.0,40.0
SA-06,20200819,TMIN,1,23.6,23.6
SA-06,20200820,TMAX,1,41.0,41.0
SA-06,20200820,TMIN,1,22.8,22.8
SA-06,20200821,TMIN,1,23.8,23.8
SA-06,20200822,TMIN,1,29.8,29.8
SA-06,20200823,TMIN,1,28.0,28.0
SA-06,20200824,TMAX,1,40.2,40.2
SA-06,20200824,TMIN,1,26.0,26.0
SA-06,20200825,TMAX,1,40.4,40.4
SA-06,20200826,TMAX,1,39.4,39.4
SA-06,20200826,TMIN,1,24.6,24.6
SA-06,20200827,TMAX,1,39.4,39.4
SA-06,20200827,TMIN,1,27.8,27.8
SA-06,20200828,TMAX,1,40.2,40.2
SA-06,20200829,TMAX,1,40.2,40.2
SA-06,20200830,TMAX,1,40.4,40.4
SA-06,20200830,TMIN,1,23.6,23.6
SA-06,20200831,TMAX,1,38.4,38.4
SA-06,20200831,TMIN,1,23.4,23.4
SA-06,20200901,TMIN,1,22.0,22.0
SA-06,20200902,TMAX,1,39.0,39.0
SA-06,20200902,TMIN,1,24.0,24.0
SA-06,20200903,TMAX,1,39.0,39.0
SA-06,20200903,TMIN,1,23.0,23.0
SA-06,20200904,TMAX,1,39.0,39.0
SA-06,20200905,TMAX,1,40.0,40.0
SA-06,20200905,TMIN,1,23.0,23.0
SA-06,20200906,TMIN,1,23.4,23.4
SA-06,20200907,TMAX,1,38.4,38.4
SA-06,20200907,TMIN,1,22.0,22.0
SA-06,20200908,TMIN,1,20.6,20.6
SA-06,20200909,TMAX,1,39.0,39.0
SA-06,20200911,TMIN,1,23.6,23.6
SA-06,20200912,TMAX,1,40.2,40.2
SA-06,20200912,TMIN,1,24.0,24.0
SA-06,20200913,TMAX,1,40.2,40.2
SA-06,20200913,TMIN,1,21.4,21.4
SA-06,20200914,TMIN,1,21.6,21.6
SA-06,20200915,TMAX,1,38.0,38.0
SA-06,20200915,TMIN,1,22.0,22.0
SA-06,20200916,TMAX,1,38.0,38.0
SA-06,20200917,TMAX,1,39.4,39.4
SA-06,20200917,TMIN,1,20.8,20.8
SA-06,20200918,TMAX,1,38.2,38.2
SA-06,20200919,TMAX,1,38.4,38.4
SA-06,20200920,TMAX,1,38.4,38.4
SA-06,20200920,TMIN,1,21.0,21.0
SA-06,20200921,TMIN,1,20.0,20.0
SA-06,20200922,TMAX,1,37.4,37.4
SA-06,20200923,TMIN,1,21.2,21.2
SA-06,20200924,TMAX,1,38.2,38.2
SA-06,20200925,TMAX,1,38.0,38.0
SA-06,20200925,TMIN,1,21.4,21.4
SA-06,20200926,TMIN,1,22.0,22.0
SA-06,20200927,TMAX,1,36.0,36.0
SA-06,20200927,TMIN,1,20.0,20.0
SA-06,20200929,TMIN,1,20.0,20.0
SA-06,20200930,TMAX,1,34.0,34.0
SA-06,20201001,TMIN,1,19.0,19.0
SA-06,20201004,TMAX,1,36.2,36.2
SA-06,20201004,TMIN,1,19.4,19.4
SA-06,20201005,TMAX,1,34.4,34.4
SA-06,20201005,TMIN,1,21.0,21.0
SA-06,20201006,TMIN,1,18.0,18.0
SA-06,20201007,TMAX,1,33.2,33.2
SA-06,20201007,TMIN,1,18.0,18.0
SA-06,20201008,TMAX,1,34.2,34.2
SA-06,20201008,TMIN,1,16.4,16.4
SA-06,20201009,TMAX,1,34.0,34.0
SA-06,20201010,TMAX,1,32.4,32.4
SA-06,20201010,TMIN,1,18.0,18.0
SA-06,20201011,TMAX,1,31.2,31.2
SA-06,20201011,TMIN,1,15.6,15.6
SA-06,20201012,TMAX,1,33.0,33.0
SA-06,20201012,TMIN,1,14.0,14.0
SA-06,20201013,TMAX,1,32.2,32.2
SA-06,20201013,TMIN,1,14.4,14.4
SA-06,20201014,TMIN,1,16.0,16.0
SA-06,20201015,TMAX,1,32.2,32.2
SA-06,20201015,TMIN,1,15.8,15.8
SA-06,20201016,TMAX,1,30.4,30.4
SA-06,20201016,TMIN,1,15.4,15.4
SA-06,20201017,TMIN,1,15.0,15.0
SA-06,20201018,TMAX,1,32.2,32.2
SA-06,20201018,TMIN,1,13.8,13.8
SA-06,20201019,TMAX,1,30.4,30.4
SA-06,20201019,TMIN,1,14.0,14.0
SA-06,20201020,TMAX,1,29.6,29.6
SA-06,20201020,TMIN,1,12.0,12.0
SA-06,20201021,TMAX,1,30.0,30.0
SA-06,20201021,TMIN,1,11.8,11.8
SA-06,20201022,TMAX,1,29.4,29.4
SA-06,20201022,TMIN,1,10.0,10.0
SA-06,20201023,TMIN,1,13.8,13.8
SA-06,20201025,TMIN,1,13.0,13.0
SA-06,20201026,TMAX,1,31.2,31.2
SA-06,20201026,TMIN,1,12.0,12.0
SA-06,20201027,TMAX,1,31.0,31.0
SA-06,20201030,TMAX,1,29.2,29.2
SA-06,20201030,TMIN,1,12.4,12.4
SA-06,20201031,TMAX,1,30.0,30.0
SA-06,20201101,TMAX,1,31.4,31.4
SA-06,20201101,TMIN,1,13.8,13.8
SA-06,20201102,TMAX,1,31.4,31.4
SA-06,20201102,TMIN,1,14.8,14.8
SA-06,20201103,TMAX,1,30.2,30.2
SA-06,20201103,TMIN,1,14.4,14.4
SA-06,20201104,TMAX,1,31.4,31.4
SA-06,20201105,TMAX,1,30.4,30.4
SA-06,20201105,TMIN,1,14.6,14.6
SA-06,20201106,TMAX,1,29.0,29.0
SA-06,20201106,TMIN,1,12.0,12.0
SA-06,20201107,TMAX,1,29.0,29.0
SA-06,20201107,TMIN,1,15.6,15.6
SA-06,20201109,PRCP,1,2.0,2.0
SA-06,20201109,TMAX,1,26.4,26.4
SA-06,20201110,TMIN,1,14.0,14.0
SA-06,20201111,TMIN,1,15.0,15.0
SA-06,20201112,TMAX,1,24.4,24.4
SA-06,20201112,TMIN,1,14.0,14.0
SA-06,20201113,TMAX,1,21.4,21.4
SA-06,20201114,TMAX,1,23.0,23.0
SA-06,20201114,TMIN,1,12.0,12.0
SA-06,20201115,TMAX,1,27.0,27.0
SA-06,20201115,TMIN,1,13.6,13.6
SA-06,20201116,TMIN,1,10.8,10.8
SA-06,20201117,TMAX,1,23.2,23.2
SA-06,20201117,TMIN,1,13.0,13.0
SA-06,20201118,TMAX,1,25.0,25.0
SA-06,20201118,TMIN,1,10.4,10.4
SA-06,20201119,TMAX,1,26.4,26.4
SA-06,20201119,TMIN,1,11.6,11.6
SA-06,20201120,TMAX,1,28.0,28.0
SA-06,20201120,TMIN,1,14.8,14.8
SA-06,20201121,PRCP,1,6.1,6.1
SA-06,20201121,TMAX,1,21.0,21.0
SA-06,20201122,TMAX,1,19.4,19.4
SA-06,20201122,TMIN,1,8.6,8.6
SA-06,20201123,TMAX,1,20.2,20.2
SA-06,20201123,TMIN,1,8.0,8.0
SA-06,20201124,TMAX,1,23.0,23.0
SA-06,20201124,TMIN,1,8.0,8.0
SA-06,20201125,TMAX,1,27.2,27.2
SA-06,20201125,TMIN,1,10.0,10.0
SA-06,20201126,TMAX,1,21.6,21.6
SA-07,20200501,TMIN,2,17.0,19.6
SA-07,20200502,TMAX,2,30.0,33.2
SA-07,20200502,TMIN,2,15.8,19.6
SA-07,20200503,TMAX,2,34.3,35.4
SA-07,20200503,TMIN,1,24.0,24.0
SA-07,20200504,TMAX,2,35.8,36.4
SA-07,20200504,TMIN,1,20.0,20.0
SA-07,20200505,TMAX,2,30.4,32.3
SA-07,20200505,TMIN,1,22.5,22.5
SA-07,20200506,TMAX,2,28.0,29.0
SA-07,20200506,TMIN,1,13.0,13.0
SA-07,20200507,TMAX,2,29.4,33.2
SA-07,20200507,TMIN,2,15.6,19.0
SA-07,20200508,TMAX,2,29.2,36.0
SA-07,20200509,TMAX,1,30.3,30.3
SA-07,20200509,TMIN,1,20.5,20.5
SA-07,20200510,TMAX,2,30.0,31.0
SA-07,20200510,TMIN,2,15.0,19.4
SA-07,20200511,TMAX,2,30.4,34.0
SA-07,20200511,TMIN,2,18.0,20.0
SA-07,20200512,TMAX,1,30.2,30.2
SA-07,20200512,TMIN,2,18.6,20.0
SA-07,20200513,TMIN,2,20.2,21.0
SA-07,20200514,TMAX,2,34.4,37.0
SA-07,20200514,TMIN,1,26.0,26.0
SA-07,20200515,TMAX,2,38.0,41.2
SA-07,20200515,TMIN,1,25.8,25.8
SA-07,20200516,TMAX,1,39.7,39.7
SA-07,20200516,TMIN,1,28.0,28.0
SA-07,20200517,TMAX,1,39.0,39.0
SA-07,20200517,TMIN,2,19.8,27.8
SA-07,20200518,TMAX,2,38.4,38.6
SA-07,20200518,TMIN,1,28.4,28.4
SA-07,20200519,TMAX,2,38.2,40.4
SA-07,20200519,TMIN,1,24.8,24.8
SA-07,20200520,TMAX,2,35.0,38.0
SA-07,20200520,TMIN,1,26.4,26.4
SA-07,20200521,TMAX,1,38.6,38.6
SA-07,20200521,TMIN,2,25.6,27.5
SA-07,20200522,TMAX,2,37.0,39.4
SA-07,20200522,TMIN,2,25.0,27.2
SA-07,20200523,TMAX,2,33.1,40.0
SA-07,20200523,TMIN,1,26.8,26.8
SA-07,20200524,TMAX,2,30.5,32.4
SA-07,20200525,TMAX,2,28.4,30.0
SA-07,20200526,TMAX,1,36.2,36.2
SA-07,20200526,TMIN,2,17.0,21.8
SA-07,20200527,TMAX,1,31.0,31.0
SA-07,20200527,TMIN,2,21.0,21.4
SA-07,20200528,TMAX,1,30.8,30.8
SA-07,20200528,TMIN,2,20.6,23.0
SA-07,20200529,TMAX,2,30.4,32.2
SA-07,20200529,TMIN,1,23.6,23.6
SA-07,20200530,TMAX,1,29.6,29.6
SA-07,20200530,TMIN,1,17.0,17.0
SA-07,20200531,TMAX,2,30.0,35.0
SA-07,20200531,TMIN,2,18.9,20.6
SA-07,20200601,TMAX,1,30.4,30.4
SA-07,20200601,TMIN,1,21.6,21.6
SA-07,20200602,TMAX,1,34.4,34.4
SA-07,20200602,TMIN,2,20.0,22.0
SA-07,20200603,TMAX,2,32.2,36.0
SA-07,20200603,TMIN,2,21.6,26.0
SA-07,20200604,TMAX,2,37.0,40.6
SA-07,20200604,TMIN,1,20.6,20.6
SA-07,20200605,TMAX,2,32.6,39.0
SA-07,20200606,TMAX,2,33.6,40.2
SA-07,20200607,TMAX,1,33.8,33.8
SA-07,20200608,TMAX,1,34.8,34.8
SA-07,20200608,TMIN,2,22.6,24.6
SA-07,20200609,TMAX,1,33.0,33.0
SA-07,20200609,TMIN,1,23.6,23.6
SA-07,20200610,TMAX,1,38.2,38.2
SA-07,20200611,TMAX,2,37.2,42.2
SA-07,20200611,TMIN,1,23.0,23.0
SA-07,20200612,TMAX,2,33.4,35.4
SA-07,20200612,TMIN,1,22.8,22.8
SA-07,20200613,TMAX,2,37.0,42.2
SA-07,20200613,TMIN,2,20.6,24.8
SA-07,20200614,TMAX,1,40.2,40.2
SA-07,20200614,TMIN,2,23.5,25.8
SA-07,20200615,TMAX,1,31.6,31.6
SA-07,20200616,TMAX,1,30.8,30.8
SA-07,20200616,TMIN,2,23.0,23.2
SA-07,20200617,TMAX,2,32.0,38.0
SA-07,20200617,TMIN,2,22.8,23.8
SA-07,20200618,TMAX,2,34.8,38.2
SA-07,20200618,TMIN,1,23.6,23.6
SA-07,20200619,TMAX,2,31.6,35.4
SA-07,20200619,TMIN,1,25.4,25.4
SA-07,20200620,TMAX,1,33.4,33.4
SA-07,20200620,TMIN,1,23.0,23.0
SA-07,20200621,TMAX,1,33.2,33.2
SA-07,20200621,TMIN,2,21.8,25.6
SA-07,20200622,TMAX,2,35.2,40.0
SA-07,20200622,TMIN,2,22.0,24.4
SA-07,20200623,TMAX,2,33.0,39.2
SA-07,20200624,TMAX,1,33.4,33.4
SA-07,20200625,TMAX,2,31.4,37.2
SA-07,20200625,TMIN,2,22.0,23.5
SA-07,20200626,TMAX,1,31.0,31.0
SA-07,20200626,TMIN,1,23.5,23.5
SA-07,20200627,TMIN,2,24.8,25.6
SA-07,20200628,TMAX,2,35.0,41.2
SA-07,20200628,TMIN,2,26.4,26.5
SA-07,20200629,TMAX,2,31.5,38.4
SA-07,20200629,TMIN,2,25.8,27.0
SA-07,20200630,TMAX,2,32.2,37.2
SA-07,20200630,TMIN,2,24.6,25.5
SA-07,20200701,TMAX,1,37.0,37.0
SA-07,20200701,TMIN,2,23.6,23.8
SA-07,20200702,TMAX,2,31.4,39.0
SA-07,20200702,TMIN,1,24.0,24.0
SA-07,20200703,TMAX,1,35.0,35.0
SA-07,20200703,TMIN,1,25.0,25.0
SA-07,20200704,TMAX,1,36.6,36.6
SA-07,20200704,TMIN,2,24.8,25.8
SA-07,20200705,TMAX,1,33.8,33.8
SA-07,20200705,TMIN,1,24.9,24.9
SA-07,20200706,TMAX,2,32.8,38.2
SA-07,20200706,TMIN,2,23.8,24.8
SA-07,20200707,TMAX,2,32.8,38.0
SA-07,20200707,TMIN,2,24.0,24.8
SA-07,20200708,TMAX,1,37.2,37.2
SA-07,20200708,TMIN,2,24.0,24.0
SA-07,20200709,TMAX,2,33.2,38.0
SA-07,20200709,TMIN,1,25.0,25.0
SA-07,20200710,TMAX,1,37.2,37.2
SA-07,20200711,TMAX,2,32.2,38.4
SA-07,20200711,TMIN,2,25.6,26.0
SA-07,20200712,TMAX,2,33.6,38.0
SA-07,20200712,TMIN,1,27.8,27.8
SA-07,20200713,TMAX,2,33.4,38.2
SA-07,20200713,TMIN,1,27.4,27.4
SA-07,20200714,TMAX,2,33.0,39.3
SA-07,20200714,TMIN,1,25.5,25.5
SA-07,20200715,TMAX,1,35.2,35.2
SA-07,20200715,TMIN,1,25.2,25.2
SA-07,20200716,TMAX,1,33.0,33.0
SA-07,20200716,TMIN,2,26.0,27.0
SA-07,20200717,TMAX,2,32.4,40.0
SA-07,20200718,TMAX,1,33.4,33.4
SA-07,20200718,TMIN,1,25.8,25.8
SA-07,20200719,TMAX,2,33.4,42.0
SA-07,20200719,TMIN,1,26.4,26.4
SA-07,20200720,TMAX,1,34.4,34.4
SA-07,20200720,TMIN,1,29.6,29.6
SA-07,20200721,TMAX,2,34.8,43.4
SA-07,20200721,TMIN,2,28.2,29.0
SA-07,20200722,TMAX,2,34.0,43.2
SA-07,20200722,TMIN,1,28.6,28.6
SA-07,20200723,TMAX,2,33.2,44.0
SA-07,20200723,TMIN,2,27.6,28.9
SA-07,20200724,TMAX,1,34.0,34.0
SA-07,20200724,TMIN,1,28.2,28.2
SA-07,20200725,TMAX,2,34.2,43.0
SA-07,20200725,TMIN,1,27.2,27.2
SA-07,20200726,TMAX,1,36.4,36.4
SA-07,20200726,TMIN,1,29.6,29.6
SA-07,20200727,TMAX,1,34.8,34.8
SA-07,20200727,TMIN,2,29.2,31.8
SA-07,20200728,TMAX,2,34.0,43.4
SA-07,20200728,TMIN,2,28.8,32.0
SA-07,20200729,TMAX,2,33.8,44.4
SA-07,20200729,TMIN,2,30.0,31.7
SA-07,20200730,TMAX,2,36.0,44.4
SA-07,20200730,TMIN,2,29.6,31.6
SA-07,20200731,TMAX,1,44.4,44.4
SA-07,20200731,TMIN,2,29.6,30.5
SA-07,20200801,TMAX,2,35.3,42.4
SA-07,20200802,TMIN,1,29.0,29.0
SA-07,20200803,TMAX,1,35.6,35.6
SA-07,20200803,TMIN,2,29.0,29.0
SA-07,20200804,TMAX,2,35.4,38.0
SA-07,20200804,TMIN,1,27.4,27.4
SA-07,20200805,TMAX,2,35.2,38.4
SA-07,20200805,TMIN,2,24.8,27.4
SA-07,20200806,TMAX,2,34.6,38.4
SA-07,20200806,TMIN,1,26.8,26.8
SA-07,20200807,TMIN,1,25.4,25.4
SA-07,20200808,TMIN,1,26.6,26.6
SA-07,20200809,TMAX,1,34.0,34.0
SA-07,20200809,TMIN,1,28.0,28.0
SA-07,20200810,TMAX,2,36.4,38.2
SA-07,20200810,TMIN,1,25.8,25.8
SA-07,20200811,TMAX,2,35.4,37.0
SA-07,20200811,TMIN,2,25.6,27.7
SA-07,20200812,TMAX,1,35.3,35.3
SA-07,20200812,TMIN,2,24.8,28.6
SA-07,20200813,TMAX,1,34.0,34.0
SA-07,20200813,TMIN,1,29.0,29.0
SA-07,20200814,TMAX,2,35.0,37.4
SA-07,20200814,TMIN,2,26.6,27.0
SA-07,20200815,TMAX,2,34.8,37.0
SA-07,20200815,TMIN,1,26.8,26.8
SA-07,20200816,TMAX,1,34.4,34.4
SA-07,20200816,TMIN,1,28.6,28.6
SA-07,20200817,TMAX,2,34.2,38.2
SA-07,20200817,TMIN,2,25.6,27.0
SA-07,20200818,TMAX,2,35.6,39.0
SA-07,20200818,TMIN,1,27.6,27.6
SA-07,20200819,TMAX,1,34.8,34.8
SA-07,20200819,TMIN,1,27.6,27.6
SA-07,20200820,TMAX,1,34.6,34.6
SA-07,20200820,TMIN,1,27.2,27.2
SA-07,20200821,TMAX,2,34.2,40.4
SA-07,20200821,TMIN,1,26.8,26.8
SA-07,20200822,TMAX,1,34.0,34.0
SA-07,20200822,TMIN,1,25.8,25.8
SA-07,20200823,TMAX,1,33.2,33.2
SA-07,20200823,TMIN,1,24.8,24.8
SA-07,20200824,TMIN,1,25.6,25.6
SA-07,20200825,TMAX,1,36.0,36.0
SA-07,20200825,TMIN,2,26.5,26.5
SA-07,20200826,TMAX,2,34.2,37.2
SA-07,20200826,TMIN,1,26.0,26.0
SA-07,20200827,TMAX,1,38.0,38.0
SA-07,20200827,TMIN,2,25.0,27.5
SA-07,20200828,TMAX,2,33.4,39.2
SA-07,20200828,TMIN,2,24.6,26.6
SA-07,20200829,TMAX,2,33.8,40.4
SA-07,20200829,TMIN,2,26.5,26.6
SA-07,20200830,TMAX,2,34.4,42.4
SA-07,20200830,TMIN,2,25.8,25.8
SA-07,20200831,TMAX,1,34.0,34.0
SA-07,20200831,TMIN,1,26.5,26.5
SA-07,20200901,TMIN,2,26.8,27.6
SA-07,20200902,TMAX,2,38.4,41.0
SA-07,20200902,TMIN,1,27.4,27.4
SA-07,20200903,TMAX,2,35.4,42.0
SA-07,20200903,TMIN,1,27.0,27.0
SA-07,20200904,TMAX,2,35.2,42.0
SA-07,20200904,TMIN,1,28.8,28.8
SA-07,20200905,TMAX,2,38.0,42.4
SA-07,20200906,TMIN,2,29.0,30.0
SA-07,20200907,TMAX,1,43.0,43.0
SA-07,20200907,TMIN,1,24.8,24.8
SA-07,20200908,TMAX,2,37.4,42.0
SA-07,20200908,TMIN,1,27.6,27.6
SA-07,20200909,TMAX,2,34.6,42.0
SA-07,20200909,TMIN,1,28.0,28.0
SA-07,20200910,TMAX,2,35.0,42.0
SA-07,20200910,TMIN,1,25.6,25.6
SA-07,20200911,TMAX,2,39.0,41.2
SA-07,20200911,TMIN,2,25.0,28.0
SA-07,20200912,TMAX,2,35.2,40.2
SA-07,20200912,TMIN,2,23.6,28.4
SA-07,20200913,TMAX,1,39.4,39.4
SA-07,20200915,TMAX,1,34.2,34.2
SA-07,20200915,TMIN,2,25.7,28.0
SA-07,20200916,TMAX,1,35.2,35.2
SA-07,20200916,TMIN,2,25.8,28.5
SA-07,20200917,TMAX,1,38.6,38.6
SA-07,20200917,TMIN,2,25.6,30.0
SA-07,20200918,TMAX,2,40.2,41.2
SA-07,20200918,TMIN,1,29.8,29.8
SA-07,20200921,TMAX,1,34.0,34.0
SA-07,20200921,TMIN,2,23.6,27.4
SA-07,20200922,TMAX,2,34.4,39.3
SA-07,20200922,TMIN,2,25.0,26.6
SA-07,20200923,TMIN,1,28.0,28.0
SA-07,20200924,TMAX,1,34.2,34.2
SA-07,20200924,TMIN,1,23.8,23.8
SA-07,20200925,TMAX,1,39.2,39.2
SA-07,20200925,TMIN,1,26.0,26.0
SA-07,20200926,TMAX,1,33.2,33.2
SA-07,20200926,TMIN,1,22.0,22.0
SA-07,20200927,TMIN,1,23.8,23.8
SA-07,20200928,TMAX,2,36.2,37.0
SA-07,20200928,TMIN,1,25.6,25.6
SA-07,20200929,TMAX,2,36.4,38.0
SA-07,20200929,TMIN,1,29.0,29.0
SA-07,20200930,TMAX,1,36.8,36.8
SA-07,20200930,TMIN,1,24.6,24.6
SA-07,20201001,TMAX,2,37.3,38.0
SA-07,20201001,TMIN,1,25.0,25.0
SA-07,20201002,TMAX,2,33.0,35.2
SA-07,20201002,TMIN,2,23.6,23.8
SA-07,20201003,TMAX,2,34.4,36.0
SA-07,20201004,TMAX,2,32.2,33.0
SA-07,20201004,TMIN,1,21.0,21.0
SA-07,20201005,TMAX,2,32.0,32.4
SA-07,20201005,TMIN,2,18.6,23.8
SA-07,20201006,TMAX,1,34.4,34.4
SA-07,20201006,TMIN,1,24.0,24.0
SA-07,20201007,TMAX,1,35.8,35.8
SA-07,20201007,TMIN,1,25.4,25.4
SA-07,20201008,TMAX,1,38.4,38.4
SA-07,20201008,TMIN,2,19.6,28.0
SA-07,20201009,TMAX,2,35.0,38.4
SA-07,20201009,TMIN,1,25.2,25.2
SA-07,20201010,TMAX,2,35.0,37.2
SA-07,20201010,TMIN,2,22.0,25.5
SA-07,20201012,TMAX,2,33.0,36.3
SA-07,20201012,TMIN,1,21.6,21.6
SA-07,20201013,TMAX,2,34.0,36.0
SA-07,20201013,TMIN,2,23.0,25.6
SA-07,20201014,TMAX,2,34.0,35.4
SA-07,20201014,TMIN,1,25.2,25.2
SA-07,20201015,TMAX,2,32.2,35.0
SA-07,20201015,TMIN,2,20.9,26.0
SA-07,20201016,TMAX,1,37.6,37.6
SA-07,20201016,TMIN,2,18.6,24.2
SA-07,20201017,TMAX,1,34.0,34.0
SA-07,20201017,TMIN,2,17.8,25.6
SA-07,20201018,TMAX,2,33.4,34.4
SA-07,20201018,TMIN,1,17.8,17.8
SA-07,20201019,TMAX,2,33.3,36.2
SA-07,20201019,TMIN,1,24.8,24.8
SA-07,20201020,TMAX,1,35.4,35.4
SA-07,20201020,TMIN,2,15.6,24.6
SA-07,20201021,TMAX,2,33.0,36.0
SA-07,20201021,TMIN,2,16.6,22.0
SA-07,20201022,TMAX,1,41.0,41.0
SA-07,20201022,TMIN,2,14.7,24.2
SA-07,20201023,TMAX,1,40.0,40.0
SA-07,20201023,TMIN,1,14.8,14.8
SA-07,20201024,TMAX,1,39.0,39.0
SA-07,20201024,TMIN,1,15.8,15.8
SA-07,20201025,TMAX,1,33.4,33.4
SA-07,20201025,TMIN,2,17.8,23.2
SA-07,20201026,TMAX,1,33.6,33.6
SA-07,20201026,TMIN,1,23.8,23.8
SA-07,20201027,TMAX,1,36.0,36.0
SA-07,20201027,TMIN,1,22.6,22.6
SA-07,20201028,TMAX,1,37.0,37.0
SA-07,20201028,TMIN,1,22.2,22.2
SA-07,20201029,TMAX,1,33.2,33.2
SA-07,20201029,TMIN,1,15.8,15.8
SA-07,20201030,TMAX,1,36.0,36.0
SA-07,20201030,TMIN,2,16.0,23.0
SA-07,20201031,TMAX,2,32.2,33.0
SA-07,20201031,TMIN,2,14.6,23.0
SA-07,20201101,TMAX,2,32.1,32.2
SA-07,20201101,TMIN,2,17.8,23.5
SA-07,20201102,TMIN,1,25.6,25.6
SA-07,20201103,TMAX,1,29.0,29.0
SA-07,20201103,TMIN,2,16.6,24.0
SA-07,20201104,TMAX,2,27.2,32.0
SA-07,20201104,TMIN,1,15.6,15.6
SA-07,20201105,TMAX,1,30.6,30.6
SA-07,20201105,TMIN,2,14.6,20.6
SA-07,20201106,TMAX,2,26.0,30.6
SA-07,20201106,TMIN,1,12.6,12.6
SA-07,20201107,TMAX,2,25.2,29.8
SA-07,20201107,TMIN,1,15.0,15.0
SA-07,20201108,TMAX,2,26.0,30.6
SA-07,20201108,TMIN,2,16.0,22.4
SA-07,20201109,TMAX,1,30.0,30.0
SA-07,20201109,TMIN,1,22.2,22.2
SA-07,20201110,TMAX,2,25.2,30.2
SA-07,20201110,TMIN,1,10.6,10.6
SA-07,20201111,TMAX,1,30.2,30.2
SA-07,20201111,TMIN,1,20.6,20.6
SA-07,20201112,TMAX,1,25.2,25.2
SA-07,20201112,TMIN,1,20.6,20.6
SA-07,20201113,TMAX,2,25.2,31.4
SA-07,20201113,TMIN,2,13.0,20.6
SA-07,20201114,TMAX,1,25.4,25.4
SA-07,20201114,TMIN,1,21.5,21.5
SA-07,20201115,TMAX,2,24.3,31.6
SA-07,20201115,TMIN,1,13.9,13.9
SA-07,20201116,TMIN,2,11.6,20.0
SA-07,20201117,TMAX,2,25.0,29.0
SA-07,20201117,TMIN,1,19.0,19.0
SA-07,20201118,TMAX,2,25.2,30.0
SA-07,20201118,TMIN,2,11.0,18.4
SA-07,20201119,TMAX,2,25.2,30.0
SA-07,20201119,TMIN,1,9.0,9.0
SA-07,20201120,TMIN,2,11.0,20.6
SA-07,20201121,TMAX,1,28.0,28.0
SA-07,20201121,TMIN,1,12.0,12.0
SA-07,20201122,TMAX,1,29.8,29.8
SA-07,20201122,TMIN,2,7.8,18.6
SA-07,20201123,TMAX,1,30.8,30.8
SA-07,20201123,TMIN,2,9.0,19.4
SA-07,20201124,TMAX,2,25.4,30.2
SA-07,20201124,TMIN,1,9.6,9.6
SA-07,20201125,TMAX,1,29.2,29.2
SA-07,20201125,TMIN,2,8.6,18.8
SA-08,20200501,TMAX,1,27.0,27.0
SA-08,20200501,TMIN,3,14.0,19.3
SA-08,20200502,TMAX,1,27.0,27.0
SA-08,20200502,TMIN,2,14.0,18.8
SA-08,20200503,TMAX,2,30.0,36.0
SA-08,20200503,TMIN,2,11.0,19.9
SA-08,20200504,TMAX,2,32.0,37.1
SA-08,20200504,TMIN,3,18.0,22.0
SA-08,20200505,TMAX,3,30.0,42.3
SA-08,20200505,TMIN,1,29.7,29.7
SA-08,20200506,TMAX,2,22.0,30.3
SA-08,20200506,TMIN,1,10.0,10.0
SA-08,20200507,TMAX,3,26.0,33.5
SA-08,20200507,TMIN,2,10.0,16.5
SA-08,20200508,TMAX,2,33.0,34.1
SA-08,20200508,TMIN,3,13.0,20.6
SA-08,20200509,TMAX,1,26.0,26.0
SA-08,20200510,TMAX,3,26.0,34.2
SA-08,20200510,TMIN,2,13.0,17.0
SA-08,20200511,TMAX,2,30.0,37.4
SA-08,20200511,TMIN,3,13.0,18.0
SA-08,20200512,TMAX,3,32.0,38.1
SA-08,20200512,TMIN,2,15.0,21.5
SA-08,20200513,TMAX,1,34.0,34.0
SA-08,20200513,TMIN,2,17.0,18.6
SA-08,20200514,TMAX,1,35.0,35.0
SA-08,20200514,TMIN,3,19.8,21.9
SA-08,20200515,TMAX,2,35.0,41.4
SA-08,20200515,TMIN,3,19.0,23.9
SA-08,20200516,TMAX,1,36.0,36.0
SA-08,20200516,TMIN,3,20.0,23.8
SA-08,20200517,TMAX,2,37.0,39.1
SA-08,20200517,TMIN,2,21.0,23.7
SA-08,20200518,TMAX,2,37.0,43.6
SA-08,20200518,TMIN,2,22.0,23.0
SA-08,20200519,TMAX,3,38.0,44.2
SA-08,20200519,TMIN,2,22.0,26.4
SA-08,20200520,TMAX,1,36.0,36.0
SA-08,20200520,TMIN,2,21.0,24.9
SA-08,20200521,TMAX,2,38.0,42.5
SA-08,20200521,TMIN,1,20.0,20.0
SA-08,20200522,TMAX,3,38.0,45.2
SA-08,20200522,TMIN,2,22.0,24.3
SA-08,20200523,TMAX,3,33.0,43.5
SA-08,20200523,TMIN,2,27.5,27.6
SA-08,20200524,TMAX,3,22.0,44.4
SA-08,20200525,TMAX,2,25.0,34.1
SA-08,20200525,TMIN,2,11.0,21.4
SA-08,20200526,TMAX,2,30.0,32.4
SA-08,20200526,TMIN,3,14.0,20.9
SA-08,20200527,TMAX,1,37.0,37.0
SA-08,20200527,TMIN,2,19.0,21.8
SA-08,20200528,TMAX,3,32.0,46.0
SA-08,20200528,TMIN,3,19.0,29.6
SA-08,20200529,TMAX,2,28.0,44.0
SA-08,20200529,TMIN,2,14.0,28.8
SA-08,20200530,TMAX,3,30.0,40.2
SA-08,20200530,TMIN,1,24.5,24.5
SA-08,20200531,TMAX,2,34.0,42.0
SA-08,20200531,TMIN,3,19.0,28.4
SA-08,20200601,TMAX,2,35.0,46.7
SA-08,20200601,TMIN,2,19.0,28.5
SA-08,20200602,TMAX,2,34.0,43.0
SA-08,20200602,TMIN,2,18.6,24.7
SA-08,20200603,TMAX,1,28.0,28.0
SA-08,20200603,TMIN,2,17.0,24.2
SA-08,20200604,TMAX,3,32.0,42.0
SA-08,20200604,TMIN,2,15.0,24.4
SA-08,20200605,TMAX,2,38.3,43.5
SA-08,20200605,TMIN,2,22.0,28.3
SA-08,20200606,TMAX,1,39.0,39.0
SA-08,20200606,TMIN,2,24.0,33.4
SA-08,20200607,TMAX,3,38.0,44.6
SA-08,20200607,TMIN,2,23.0,28.2
SA-08,20200608,TMAX,2,38.0,46.1
SA-08,20200608,TMIN,1,23.0,23.0
SA-08,20200609,TMAX,3,37.0,45.7
SA-08,20200609,TMIN,2,22.0,27.7
SA-08,20200610,TMAX,2,36.0,46.1
SA-08,20200610,TMIN,2,21.0,28.4
SA-08,20200611,TMAX,3,34.0,45.0
SA-08,20200611,TMIN,3,19.0,28.0
SA-08,20200612,TMAX,2,37.0,42.4
SA-08,20200612,TMIN,2,17.0,24.0
SA-08,20200613,TMAX,2,33.0,42.0
SA-08,20200613,TMIN,3,16.0,26.1
SA-08,20200614,TMAX,2,36.0,40.0
SA-08,20200614,TMIN,3,23.0,24.0
SA-08,20200615,TMAX,2,35.0,42.3
SA-08,20200615,TMIN,3,21.0,29.3
SA-08,20200616,TMAX,3,35.0,46.2
SA-08,20200616,TMIN,2,18.0,26.6
SA-08,20200617,TMAX,3,35.0,43.3
SA-08,20200617,TMIN,2,20.0,26.8
SA-08,20200618,TMIN,1,25.7,25.7
SA-08,20200619,TMAX,2,31.0,42.0
SA-08,20200619,TMIN,2,16.0,24.4
SA-08,20200620,TMAX,2,30.0,39.3
SA-08,20200620,TMIN,2,17.0,27.1
SA-08,20200621,TMAX,2,33.0,39.6
SA-08,20200621,TMIN,1,18.0,18.0
SA-08,20200622,TMAX,3,36.0,41.7
SA-08,20200622,TMIN,2,19.0,23.5
SA-08,20200623,TMAX,3,36.0,42.0
SA-08,20200623,TMIN,3,18.0,26.6
SA-08,20200624,TMAX,2,34.0,42.2
SA-08,20200624,TMIN,3,18.0,25.0
SA-08,20200625,TMAX,1,35.0,35.0
SA-08,20200625,TMIN,3,18.0,23.6
SA-08,20200626,TMAX,3,37.0,44.3
SA-08,20200626,TMIN,3,20.0,24.4
SA-08,20200627,TMAX,2,38.0,45.5
SA-08,20200627,TMIN,2,21.0,25.7
SA-08,20200628,TMAX,2,36.0,47.0
SA-08,20200628,TMIN,3,22.0,28.7
SA-08,20200629,TMAX,2,36.0,45.0
SA-08,20200629,TMIN,3,20.0,27.9
SA-08,20200630,TMAX,2,34.0,43.7
SA-08,20200630,TMIN,3,20.0,27.2
SA-08,20200701,TMAX,2,35.0,43.4
SA-08,20200701,TMIN,2,20.0,26.0
SA-08,20200702,TMAX,3,36.0,44.4
SA-08,20200702,TMIN,2,21.0,25.4
SA-08,20200703,TMAX,2,40.0,47.0
SA-08,20200703,TMIN,1,23.0,23.0
SA-08,20200704,TMAX,2,42.0,47.2
SA-08,20200704,TMIN,2,25.0,27.8
SA-08,20200705,TMAX,2,38.0,47.7
SA-08,20200705,TMIN,3,22.0,28.3
SA-08,20200706,TMAX,3,38.0,46.4
SA-08,20200706,TMIN,3,23.0,27.6
SA-08,20200707,TMAX,2,38.0,46.4
SA-08,20200707,TMIN,3,20.0,29.0
SA-08,20200708,TMAX,2,36.0,45.7
SA-08,20200708,TMIN,3,22.0,30.6
SA-08,20200709,TMAX,2,37.0,45.1
SA-08,20200709,TMIN,2,22.0,31.5
SA-08,20200710,TMAX,3,37.0,46.3
SA-08,20200710,TMIN,1,22.0,22.0
SA-08,20200711,TMAX,3,39.0,46.6
SA-08,20200711,TMIN,1,24.0,24.0
SA-08,20200712,TMAX,3,37.0,46.5
SA-08,20200712,TMIN,3,22.0,31.3
SA-08,20200713,TMAX,2,37.0,46.0
SA-08,20200713,TMIN,2,22.0,30.4
SA-08,20200714,TMAX,2,38.0,47.0
SA-08,20200714,TMIN,2,22.0,32.5
SA-08,20200715,TMAX,2,40.0,43.2
SA-08,20200715,TMIN,2,24.0,30.1
SA-08,20200716,TMAX,2,39.0,46.1
SA-08,20200716,TMIN,3,24.0,28.9
SA-08,20200717,TMAX,2,39.0,46.1
SA-08,20200717,TMIN,3,23.0,29.7
SA-08,20200718,TMAX,2,41.2,47.3
SA-08,20200718,TMIN,2,23.0,29.9
SA-08,20200719,TMAX,3,42.0,47.7
SA-08,20200719,TMIN,2,25.0,29.7
SA-08,20200720,TMAX,3,43.0,48.0
SA-08,20200720,TMIN,3,26.0,30.5
SA-08,20200721,TMAX,2,42.0,45.2
SA-08,20200721,TMIN,1,27.6,27.6
SA-08,20200722,TMAX,3,39.0,48.2
SA-08,20200722,TMIN,2,22.0,28.9
SA-08,20200723,TMAX,3,42.0,50.0
SA-08,20200723,TMIN,2,24.0,29.0
SA-08,20200724,TMAX,2,38.0,50.6
SA-08,20200724,TMIN,2,25.0,34.0
SA-08,20200725,TMAX,2,39.0,48.4
SA-08,20200725,TMIN,3,21.0,35.9
SA-08,20200726,TMAX,2,44.0,49.2
SA-08,20200726,TMIN,2,25.0,34.5
SA-08,20200727,TMAX,3,43.0,49.0
SA-08,20200727,TMIN,2,31.0,32.5
SA-08,20200728,TMAX,3,45.0,50.3
SA-08,20200728,TMIN,2,31.0,31.8
SA-08,20200729,TMAX,2,44.0,50.2
SA-08,20200729,TMIN,2,32.0,32.1
SA-08,20200730,TMAX,2,45.0,47.0
SA-08,20200730,TMIN,1,30.0,30.0
SA-08,20200731,TMAX,2,40.5,50.0
SA-08,20200731,TMIN,2,27.0,33.3
SA-08,20200801,TMAX,3,39.0,48.0
SA-08,20200801,TMIN,1,24.0,24.0
SA-08,20200802,TMAX,3,38.0,48.2
SA-08,20200802,TMIN,3,23.0,28.8
SA-08,20200803,TMAX,1,37.0,37.0
SA-08,20200803,TMIN,3,23.0,29.2
SA-08,20200804,TMAX,2,36.0,40.4
SA-08,20200804,TMIN,2,21.5,29.9
SA-08,20200805,TMAX,1,35.0,35.0
SA-08,20200805,TMIN,2,21.0,28.0
SA-08,20200806,TMAX,3,36.0,43.7
SA-08,20200806,TMIN,2,21.0,29.9
SA-08,20200807,TMAX,1,38.0,38.0
SA-08,20200807,TMIN,2,24.0,29.6
SA-08,20200808,TMAX,2,39.0,44.7
SA-08,20200808,TMIN,3,23.0,29.1
SA-08,20200809,TMAX,3,34.0,44.2
SA-08,20200809,TMIN,3,21.0,28.5
SA-08,20200810,TMAX,1,32.0,32.0
SA-08,20200810,TMIN,3,19.0,28.9
SA-08,20200811,TMAX,2,33.0,41.0
SA-08,20200811,TMIN,3,19.0,28.8
SA-08,20200812,TMAX,1,42.2,42.2
SA-08,20200812,TMIN,2,20.0,25.6
SA-08,20200813,TMAX,3,36.0,43.6
SA-08,20200813,TMIN,3,21.0,27.6
SA-08,20200814,TMAX,2,36.0,43.6
SA-08,20200814,TMIN,3,23.0,28.0
SA-08,20200815,TMAX,2,35.0,43.6
SA-08,20200815,TMIN,3,21.0,27.4
SA-08,20200816,TMAX,2,35.4,44.2
SA-08,20200816,TMIN,2,21.0,26.0
SA-08,20200817,TMAX,1,36.0,36.0
SA-08,20200817,TMIN,2,21.0,25.8
SA-08,20200818,TMAX,2,36.0,44.3
SA-08,20200818,TMIN,2,20.0,25.0
SA-08,20200819,TMAX,2,36.0,41.0
SA-08,20200819,TMIN,2,20.0,24.5
SA-08,20200820,TMAX,3,37.0,45.6
SA-08,20200820,TMIN,2,22.0,26.0
SA-08,20200821,TMAX,1,37.0,37.0
SA-08,20200821,TMIN,2,22.0,28.0
SA-08,20200822,TMAX,2,35.0,39.4
SA-08,20200822,TMIN,3,19.0,28.7
SA-08,20200823,TMAX,3,34.0,44.1
SA-08,20200823,TMIN,2,20.0,27.6
SA-08,20200824,TMAX,3,37.0,44.3
SA-08,20200824,TMIN,3,20.0,26.5
SA-08,20200825,TMAX,2,37.0,44.1
SA-08,20200825,TMIN,2,20.0,26.0
SA-08,20200826,TMAX,1,37.0,37.0
SA-08,20200826,TMIN,2,21.0,28.0
SA-08,20200827,TMAX,3,35.0,45.5
SA-08,20200827,TMIN,3,19.0,27.5
SA-08,20200828,TMAX,3,37.0,44.3
SA-08,20200828,TMIN,3,21.0,27.5
SA-08,20200829,TMIN,3,23.0,26.5
SA-08,20200830,TMAX,3,40.0,44.4
SA-08,20200830,TMIN,3,24.0,27.7
SA-08,20200831,TMAX,3,43.0,45.3
SA-08,20200831,TMIN,3,25.0,26.8
SA-08,20200901,TMAX,3,41.0,46.7
SA-08,20200901,TMIN,2,25.0,26.4
SA-08,20200902,TMAX,3,41.0,46.6
SA-08,20200902,TMIN,1,24.0,24.0
SA-08,20200903,TMAX,3,42.0,46.0
SA-08,20200903,TMIN,2,24.0,26.9
SA-08,20200904,TMAX,2,41.0,45.7
SA-08,20200904,TMIN,3,25.0,28.8
SA-08,20200905,TMAX,2,42.0,43.4
SA-08,20200905,TMIN,3,26.0,28.6
SA-08,20200906,TMAX,2,41.0,44.3
SA-08,20200906,TMIN,3,25.0,28.7
SA-08,20200907,TMAX,3,41.0,45.7
SA-08,20200907,TMIN,3,24.0,27.0
SA-08,20200908,TMAX,3,41.0,45.5
SA-08,20200908,TMIN,3,26.0,27.9
SA-08,20200909,TMAX,2,42.0,43.4
SA-08,20200909,TMIN,3,25.0,28.0
SA-08,20200910,TMAX,1,40.0,40.0
SA-08,20200910,TMIN,2,23.0,27.3
SA-08,20200911,TMAX,2,40.0,43.4
SA-08,20200911,TMIN,3,25.0,30.7
SA-08,20200912,TMAX,2,39.0,46.2
SA-08,20200912,TMIN,2,25.0,30.0
SA-08,20200913,TMAX,3,39.0,46.3
SA-08,20200913,TMIN,2,24.0,27.2
SA-08,20200914,TMAX,3,40.0,47.0
SA-08,20200914,TMIN,2,24.0,27.3
SA-08,20200915,TMAX,2,41.0,45.0
SA-08,20200915,TMIN,3,25.0,28.0
SA-08,20200916,TMAX,2,40.0,45.0
SA-08,20200916,TMIN,2,26.0,27.0
SA-08,20200917,TMAX,1,40.0,40.0
SA-08,20200917,TMIN,2,26.0,26.3
SA-08,20200918,TMAX,3,39.0,45.4
SA-08,20200918,TMIN,2,26.7,30.0
SA-08,20200919,TMAX,2,38.0,46.2
SA-08,20200919,TMIN,2,24.0,28.2
SA-08,20200920,TMAX,3,39.0,44.7
SA-08,20200920,TMIN,2,23.0,26.3
SA-08,20200921,TMAX,3,40.0,45.4
SA-08,20200921,TMIN,1,24.0,24.0
SA-08,20200922,TMAX,2,38.0,43.0
SA-08,20200922,TMIN,1,23.0,23.0
SA-08,20200923,TMAX,2,35.0,44.5
SA-08,20200923,TMIN,3,20.0,25.6
SA-08,20200924,TMAX,2,35.0,43.1
SA-08,20200924,TMIN,3,20.0,25.6
SA-08,20200925,TMAX,2,34.0,45.4
SA-08,20200925,TMIN,3,19.0,26.6
SA-08,20200926,TMAX,2,32.0,45.2
SA-08,20200926,TMIN,2,25.0,27.3
SA-08,20200927,TMAX,1,34.0,34.0
SA-08,20200927,TMIN,3,19.0,25.7
SA-08,20200928,TMAX,2,35.0,39.7
SA-08,20200928,TMIN,3,19.0,24.5
SA-08,20200929,TMAX,2,35.0,40.2
SA-08,20200929,TMIN,3,19.0,24.7
SA-08,20200930,TMAX,2,34.0,38.0
SA-08,20200930,TMIN,2,20.0,24.0
SA-08,20201001,TMAX,2,34.0,40.0
SA-08,20201001,TMIN,3,21.0,24.0
SA-08,20201002,TMAX,3,35.0,41.3
SA-08,20201002,TMIN,3,21.0,23.8
SA-08,20201003,TMAX,3,33.0,42.2
SA-08,20201003,TMIN,3,20.0,25.9
SA-08,20201004,TMAX,2,30.0,37.0
SA-08,20201004,TMIN,2,17.0,23.0
SA-08,20201005,TMAX,2,32.0,40.2
SA-08,20201005,TMIN,2,17.0,25.8
SA-08,20201006,TMAX,3,31.0,39.2
SA-08,20201006,TMIN,1,16.8,16.8
SA-08,20201007,TMAX,3,32.0,39.7
SA-08,20201007,TMIN,2,16.0,20.7
SA-08,20201008,TMAX,1,33.0,33.0
SA-08,20201008,TMIN,3,16.0,21.7
SA-08,20201009,TMAX,3,32.4,37.0
SA-08,20201009,TMIN,2,17.0,19.9
SA-08,20201010,TMAX,1,32.0,32.0
SA-08,20201010,TMIN,3,17.4,18.7
SA-08,20201011,TMAX,3,33.0,35.5
SA-08,20201011,TMIN,2,16.0,16.9
SA-08,20201012,TMAX,2,34.0,37.5
SA-08,20201012,TMIN,3,17.0,19.6
SA-08,20201013,TMAX,2,34.0,37.4
SA-08,20201013,TMIN,3,18.0,21.5
SA-08,20201014,TMAX,2,31.0,40.7
SA-08,20201014,TMIN,2,21.2,23.0
SA-08,20201015,TMAX,3,30.0,40.2
SA-08,20201015,TMIN,2,15.0,21.5
SA-08,20201016,TMAX,2,30.0,34.7
SA-08,20201016,TMIN,3,14.0,20.4
SA-08,20201017,TMAX,2,30.0,35.7
SA-08,20201017,TMIN,3,15.0,18.0
SA-08,20201018,TMAX,2,31.0,35.7
SA-08,20201018,TMIN,2,15.0,18.0
SA-08,20201019,TMAX,2,33.0,35.4
SA-08,20201019,TMIN,3,13.0,19.0
SA-08,20201020,TMAX,1,32.0,32.0
SA-08,20201020,TMIN,2,15.0,19.0
SA-08,20201021,TMAX,2,31.0,32.5
SA-08,20201021,TMIN,2,14.0,16.8
SA-08,20201022,TMAX,3,31.0,34.0
SA-08,20201022,TMIN,2,14.0,17.4
SA-08,20201023,TMAX,3,30.0,33.3
SA-08,20201023,TMIN,3,15.0,17.9
SA-08,20201024,TMAX,3,30.0,32.0
SA-08,20201024,TMIN,3,13.0,17.6
SA-08,20201025,TMAX,3,30.0,32.8
SA-08,20201025,TMIN,2,13.0,13.5
SA-08,20201026,TMAX,2,31.0,33.0
SA-08,20201026,TMIN,2,12.9,15.0
SA-08,20201027,TMAX,3,31.0,33.0
SA-08,20201027,TMIN,3,15.0,15.8
SA-08,20201028,TMAX,2,31.7,33.0
SA-08,20201028,TMIN,1,14.7,14.7
SA-08,20201029,TMAX,3,31.7,33.0
SA-08,20201029,TMIN,3,14.0,16.0
SA-08,20201030,TMAX,2,30.3,32.0
SA-08,20201030,TMIN,3,14.4,16.0
SA-08,20201031,TMAX,3,30.0,33.3
SA-08,20201031,TMIN,2,14.0,14.6
SA-08,20201101,TMAX,2,33.4,34.3
SA-08,20201101,TMIN,3,15.0,17.3
SA-08,20201102,TMAX,2,26.0,35.2
SA-08,20201102,TMIN,3,14.0,19.9
SA-08,20201103,TMAX,2,28.0,31.3
SA-08,20201103,TMIN,2,14.0,18.0
SA-08,20201104,TMAX,1,34.7,34.7
SA-08,20201104,TMIN,2,12.0,16.5
SA-08,20201105,TMAX,3,18.0,30.2
SA-08,20201105,TMIN,3,12.0,16.6
SA-08,20201106,TMAX,2,20.0,27.4
SA-08,20201106,TMIN,2,14.5,16.3
SA-08,20201107,TMAX,2,23.0,24.3
SA-08,20201107,TMIN,3,11.0,17.0
SA-08,20201108,TMAX,2,24.0,27.7
SA-08,20201108,TMIN,1,12.0,12.0
SA-08,20201109,TMAX,3,21.1,24.0
SA-08,20201109,TMIN,2,12.0,14.6
SA-08,20201110,TMAX,2,23.0,26.0
SA-08,20201110,TMIN,2,9.0,12.8
SA-08,20201111,TMAX,3,23.0,25.5
SA-08,20201111,TMIN,3,9.5,17.0
SA-08,20201112,TMAX,2,22.0,22.3
SA-08,20201112,TMIN,2,11.0,13.5
SA-08,20201113,TMAX,3,22.0,23.2
SA-08,20201113,TMIN,2,10.0,12.3
SA-08,20201114,TMAX,3,23.0,23.4
SA-08,20201114,TMIN,2,11.7,12.0
SA-08,20201115,TMAX,2,21.0,23.2
SA-08,20201115,TMIN,1,10.0,10.0
SA-08,20201116,TMIN,2,9.0,10.6
SA-08,20201117,TMAX,2,19.0,21.0
SA-08,20201117,TMIN,2,6.0,10.7
SA-08,20201118,TMAX,2,19.0,20.0
SA-08,20201118,TMIN,3,7.0,9.4
SA-08,20201119,TMAX,3,20.0,23.5
SA-08,20201119,TMIN,2,9.0,12.0
SA-08,20201120,TMAX,3,21.0,31.0
SA-08,20201120,TMIN,2,8.0,16.4
SA-08,20201121,PRCP,1,3.0,3.0
SA-08,20201121,TMAX,3,18.0,25.0
SA-08,20201122,TMAX,2,18.0,20.4
SA-08,20201122,TMIN,3,7.0,11.6
SA-08,20201123,TMAX,3,19.0,22.2
SA-08,20201123,TMIN,3,6.0,10.9
SA-08,20201124,TMAX,2,21.0,21.6
SA-08,20201124,TMIN,2,6.0,11.4
SA-08,20201125,TMAX,2,24.0,27.6
SA-08,20201125,TMIN,3,9.8,11.7
SA-08,20201126,TMAX,3,17.0,23.4
SA-08,20201126,TMIN,2,9.0,12.0
SA-09,20200501,TMAX,1,37.6,37.6
SA-09,20200501,TMIN,1,29.1,29.1
SA-09,20200502,TMAX,1,37.3,37.3
SA-09,20200502,TMIN,1,28.2,28.2
SA-09,20200503,TMAX,1,36.3,36.3
SA-09,20200503,TMIN,1,28.3,28.3
SA-09,20200504,TMAX,1,38.1,38.1
SA-09,20200505,TMAX,1,37.0,37.0
SA-09,20200505,TMIN,1,28.0,28.0
SA-09,20200506,TMAX,1,36.7,36.7
SA-09,20200507,TMAX,1,36.5,36.5
SA-09,20200507,TMIN,1,28.4,28.4
SA-09,20200508,TMAX,1,37.8,37.8
SA-09,20200508,TMIN,1,29.5,29.5
SA-09,20200509,TMAX,1,39.5,39.5
SA-09,20200509,TMIN,1,29.6,29.6
SA-09,20200510,TMAX,1,39.5,39.5
SA-09,20200510,TMIN,1,30.7,30.7
SA-09,20200511,TMIN,1,29.3,29.3
SA-09,20200512,TMAX,1,39.0,39.0
SA-09,20200512,TMIN,1,30.1,30.1
SA-09,20200513,TMAX,1,37.5,37.5
SA-09,20200513,TMIN,1,29.3,29.3
SA-09,20200514,TMAX,1,40.2,40.2
SA-09,20200514,TMIN,1,29.1,29.1
SA-09,20200515,TMAX,1,41.1,41.1
SA-09,20200515,TMIN,1,29.4,29.4
SA-09,20200516,TMAX,1,40.5,40.5
SA-09,20200516,TMIN,1,30.5,30.5
SA-09,20200517,TMAX,1,39.6,39.6
SA-09,20200517,TMIN,1,29.8,29.8
SA-09,20200518,TMAX,1,37.4,37.4
SA-09,20200518,TMIN,1,30.5,30.5
SA-09,20200519,TMAX,1,38.5,38.5
SA-09,20200519,TMIN,1,31.0,31.0
SA-09,20200520,TMAX,1,38.6,38.6
SA-09,20200520,TMIN,1,31.1,31.1
SA-09,20200521,TMAX,1,39.2,39.2
SA-09,20200522,TMAX,1,39.5,39.5
SA-09,20200522,TMIN,1,30.0,30.0
SA-09,20200523,TMAX,1,38.6,38.6
SA-09,20200523,TMIN,1,29.1,29.1
SA-09,20200524,TMAX,1,38.5,38.5
SA-09,20200524,TMIN,1,29.8,29.8
SA-09,20200525,TMAX,1,36.8,36.8
SA-09,20200525,TMIN,1,28.8,28.8
SA-09,20200526,TMAX,1,37.2,37.2
SA-09,20200526,TMIN,1,31.3,31.3
SA-09,20200527,TMAX,1,37.3,37.3
SA-09,20200527,TMIN,1,28.6,28.6
SA-09,20200528,TMAX,1,38.0,38.0
SA-09,20200528,TMIN,1,30.2,30.2
SA-09,20200529,TMAX,1,36.8,36.8
SA-09,20200529,TMIN,1,28.8,28.8
SA-09,20200530,TMAX,1,36.3,36.3
SA-09,20200530,TMIN,1,28.7,28.7
SA-09,20200531,TMAX,1,37.5,37.5
SA-09,20200531,TMIN,1,29.3,29.3
SA-09,20200601,TMIN,1,29.0,29.0
SA-09,20200602,TMAX,1,36.8,36.8
SA-09,20200602,TMIN,1,28.9,28.9
SA-09,20200603,TMAX,1,36.5,36.5
SA-09,20200603,TMIN,1,29.3,29.3
SA-09,20200604,TMAX,1,36.5,36.5
SA-09,20200605,PRCP,1,22.1,22.1
SA-09,20200605,TMAX,1,34.2,34.2
SA-09,20200605,TMIN,1,25.2,25.2
SA-09,20200606,TMAX,1,37.0,37.0
SA-09,20200606,TMIN,1,27.9,27.9
SA-09,20200607,TMAX,1,38.6,38.6
SA-09,20200607,TMIN,1,29.5,29.5
SA-09,20200608,TMAX,1,38.7,38.7
SA-09,20200608,TMIN,1,30.0,30.0
SA-09,20200609,TMAX,1,36.6,36.6
SA-09,20200609,TMIN,1,31.0,31.0
SA-09,20200610,TMAX,1,38.9,38.9
SA-09,20200610,TMIN,1,30.7,30.7
SA-09,20200611,TMAX,1,39.2,39.2
SA-09,20200611,TMIN,1,31.4,31.4
SA-09,20200612,TMAX,1,37.4,37.4
SA-09,20200612,TMIN,1,31.2,31.2
SA-09,20200613,TMAX,1,38.1,38.1
SA-09,20200613,TMIN,1,30.3,30.3
SA-09,20200614,TMAX,1,39.1,39.1
SA-09,20200614,TMIN,1,30.9,30.9
SA-09,20200615,TMAX,1,37.6,37.6
SA-09,20200615,TMIN,1,29.1,29.1
SA-09,20200616,TMAX,1,38.6,38.6
SA-09,20200616,TMIN,1,30.9,30.9
SA-09,20200617,TMAX,1,37.4,37.4
SA-09,20200617,TMIN,1,29.9,29.9
SA-09,20200618,TMAX,1,37.8,37.8
SA-09,20200618,TMIN,1,31.0,31.0
SA-09,20200619,TMAX,1,37.8,37.8
SA-09,20200619,TMIN,1,31.5,31.5
SA-09,20200620,TMAX,1,38.7,38.7
SA-09,20200620,TMIN,1,30.7,30.7
SA-09,20200621,TMAX,1,38.7,38.7
SA-09,20200622,TMAX,1,36.6,36.6
SA-09,20200622,TMIN,1,29.1,29.1
SA-09,20200623,TMAX,1,37.6,37.6
SA-09,20200623,TMIN,1,30.6,30.6
SA-09,20200624,TMAX,1,39.0,39.0
SA-09,20200624,TMIN,1,30.2,30.2
SA-09,20200625,TMAX,1,38.8,38.8
SA-09,20200625,TMIN,1,30.1,30.1
SA-09,20200626,TMAX,1,38.4,38.4
SA-09,20200626,TMIN,1,29.4,29.4
SA-09,20200627,TMAX,1,38.5,38.5
SA-09,20200627,TMIN,1,30.4,30.4
SA-09,20200628,TMAX,1,38.8,38.8
SA-09,20200628,TMIN,1,31.1,31.1
SA-09,20200629,TMAX,1,39.2,39.2
SA-09,20200629,TMIN,1,31.0,31.0
SA-09,20200630,TMAX,1,39.2,39.2
SA-09,20200630,TMIN,1,30.1,30.1
SA-09,20200701,TMAX,1,38.0,38.0
SA-09,20200701,TMIN,1,30.7,30.7
SA-09,20200702,TMAX,1,38.6,38.6
SA-09,20200702,TMIN,1,31.4,31.4
SA-09,20200703,TMAX,1,37.8,37.8
SA-09,20200703,TMIN,1,30.9,30.9
SA-09,20200704,TMAX,1,36.7,36.7
SA-09,20200704,TMIN,1,31.6,31.6
SA-09,20200705,TMAX,1,37.7,37.7
SA-09,20200705,TMIN,1,30.8,30.8
SA-09,20200706,TMAX,1,39.8,39.8
SA-09,20200706,TMIN,1,29.6,29.6
SA-09,20200707,TMIN,1,30.0,30.0
SA-09,20200708,TMAX,1,39.3,39.3
SA-09,20200708,TMIN,1,29.0,29.0
SA-09,20200709,TMAX,1,37.2,37.2
SA-09,20200709,TMIN,1,30.9,30.9
SA-09,20200710,TMAX,1,39.5,39.5
SA-09,20200710,TMIN,1,30.5,30.5
SA-09,20200711,TMAX,1,37.6,37.6
SA-09,20200711,TMIN,1,30.8,30.8
SA-09,20200712,TMAX,1,38.3,38.3
SA-09,20200712,TMIN,1,31.0,31.0
SA-09,20200713,TMAX,1,39.0,39.0
SA-09,20200713,TMIN,1,31.7,31.7
SA-09,20200714,TMAX,1,41.2,41.2
SA-09,20200714,TMIN,1,31.7,31.7
SA-09,20200715,TMAX,1,39.1,39.1
SA-09,20200715,TMIN,1,31.2,31.2
SA-09,20200716,TMAX,1,38.5,38.5
SA-09,20200716,TMIN,1,31.1,31.1
SA-09,20200717,TMAX,1,38.5,38.5
SA-09,20200717,TMIN,1,31.6,31.6
SA-09,20200718,TMAX,1,37.2,37.2
SA-09,20200718,TMIN,1,30.4,30.4
SA-09,20200719,TMAX,1,39.3,39.3
SA-09,20200719,TMIN,1,31.4,31.4
SA-09,20200720,TMAX,1,35.9,35.9
SA-09,20200720,TMIN,1,28.7,28.7
SA-09,20200721,TMAX,1,37.4,37.4
SA-09,20200721,TMIN,1,29.4,29.4
SA-09,20200722,TMAX,1,38.1,38.1
SA-09,20200722,TMIN,1,29.2,29.2
SA-09,20200723,TMAX,1,37.9,37.9
SA-09,20200723,TMIN,1,29.9,29.9
SA-09,20200724,TMAX,1,37.9,37.9
SA-09,20200724,TMIN,1,26.1,26.1
SA-09,20200725,TMAX,1,37.5,37.5
SA-09,20200725,TMIN,1,28.2,28.2
SA-09,20200726,TMAX,1,37.4,37.4
SA-09,20200727,PRCP,1,21.1,21.1
SA-09,20200727,TMAX,1,35.4,35.4
SA-09,20200727,TMIN,1,24.1,24.1
SA-09,20200728,PRCP,1,13.0,13.0
SA-09,20200728,TMAX,1,33.5,33.5
SA-09,20200728,TMIN,1,24.0,24.0
SA-09,20200729,TMAX,1,35.6,35.6
SA-09,20200729,TMIN,1,26.9,26.9
SA-09,20200730,TMAX,1,36.1,36.1
SA-09,20200731,TMAX,1,34.8,34.8
SA-09,20200801,TMAX,1,34.2,34.2
SA-09,20200801,TMIN,1,24.9,24.9
SA-09,20200802,TMAX,1,35.3,35.3
SA-09,20200802,TMIN,1,27.6,27.6
SA-09,20200803,TMAX,1,37.5,37.5
SA-09,20200804,PRCP,1,97.0,97.0
SA-09,20200804,TMIN,1,24.7,24.7
SA-09,20200805,TMAX,1,34.2,34.2
SA-09,20200805,TMIN,1,26.0,26.0
SA-09,20200806,TMAX,1,35.8,35.8
SA-09,20200807,TMAX,1,34.6,34.6
SA-09,20200807,TMIN,1,23.6,23.6
SA-09,20200808,TMAX,1,36.4,36.4
SA-09,20200808,TMIN,1,27.1,27.1
SA-09,20200809,TMAX,1,37.7,37.7
SA-09,20200809,TMIN,1,29.1,29.1
SA-09,20200810,TMAX,1,35.7,35.7
SA-09,20200810,TMIN,1,29.8,29.8
SA-09,20200811,TMAX,1,36.2,36.2
SA-09,20200811,TMIN,1,28.2,28.2
SA-09,20200812,TMAX,1,36.9,36.9
SA-09,20200812,TMIN,1,29.1,29.1
SA-09,20200813,TMAX,1,37.7,37.7
SA-09,20200813,TMIN,1,30.2,30.2
SA-09,20200814,TMAX,1,39.6,39.6
SA-09,20200814,TMIN,1,30.2,30.2
SA-09,20200815,TMAX,1,39.2,39.2
SA-09,20200815,TMIN,1,30.9,30.9
SA-09,20200816,TMAX,1,38.7,38.7
SA-09,20200816,TMIN,1,30.5,30.5
SA-09,20200817,TMIN,1,31.0,31.0
SA-09,20200818,TMAX,1,37.4,37.4
SA-09,20200818,TMIN,1,30.8,30.8
SA-09,20200819,TMAX,1,38.1,38.1
SA-09,20200819,TMIN,1,32.2,32.2
SA-09,20200820,TMAX,1,38.3,38.3
SA-09,20200820,TMIN,1,30.1,30.1
SA-09,20200821,TMAX,1,38.8,38.8
SA-09,20200821,TMIN,1,30.6,30.6
SA-09,20200822,TMAX,1,37.9,37.9
SA-09,20200822,TMIN,1,31.0,31.0
SA-09,20200823,TMAX,1,38.3,38.3
SA-09,20200823,TMIN,1,28.4,28.4
SA-09,20200824,TMAX,1,38.6,38.6
SA-09,20200824,TMIN,1,30.8,30.8
SA-09,20200825,TMAX,1,38.1,38.1
SA-09,20200825,TMIN,1,30.8,30.8
SA-09,20200826,TMAX,1,38.2,38.2
SA-09,20200826,TMIN,1,30.9,30.9
SA-09,20200827,TMAX,1,38.5,38.5
SA-09,20200827,TMIN,1,31.7,31.7
SA-09,20200828,TMAX,1,37.3,37.3
SA-09,20200828,TMIN,1,30.2,30.2
SA-09,20200829,TMAX,1,37.8,37.8
SA-09,20200830,TMAX,1,36.8,36.8
SA-09,20200830,TMIN,1,27.6,27.6
SA-09,20200831,TMAX,1,38.1,38.1
SA-09,20200831,TMIN,1,29.2,29.2
SA-09,20200901,TMAX,1,38.1,38.1
SA-09,20200901,TMIN,1,29.8,29.8
SA-09,20200902,TMAX,1,38.6,38.6
SA-09,20200902,TMIN,1,29.6,29.6
SA-09,20200903,TMAX,1,38.5,38.5
SA-09,20200903,TMIN,1,29.2,29.2
SA-09,20200904,TMAX,1,36.6,36.6
SA-09,20200904,TMIN,1,28.6,28.6
SA-09,20200905,TMAX,1,37.2,37.2
SA-09,20200905,TMIN,1,28.6,28.6
SA-09,20200906,TMAX,1,38.2,38.2
SA-09,20200906,TMIN,1,29.0,29.0
SA-09,20200907,TMAX,1,39.0,39.0
SA-09,20200907,TMIN,1,29.2,29.2
SA-09,20200908,TMAX,1,38.0,38.0
SA-09,20200908,TMIN,1,29.4,29.4
SA-09,20200909,TMAX,1,37.7,37.7
SA-09,20200909,TMIN,1,29.6,29.6
SA-09,20200910,TMAX,1,39.2,39.2
SA-09,20200910,TMIN,1,29.7,29.7
SA-09,20200911,TMAX,1,39.1,39.1
SA-09,20200912,TMAX,1,37.5,37.5
SA-09,20200912,TMIN,1,26.9,26.9
SA-09,20200913,TMAX,1,39.0,39.0
SA-09,20200913,TMIN,1,29.0,29.0
SA-09,20200914,TMAX,1,38.3,38.3
SA-09,20200914,TMIN,1,30.2,30.2
SA-09,20200915,TMAX,1,38.5,38.5
SA-09,20200916,TMAX,1,38.2,38.2
SA-09,20200916,TMIN,1,26.9,26.9
SA-09,20200917,TMAX,1,38.9,38.9
SA-09,20200917,TMIN,1,29.3,29.3
SA-09,20200918,TMAX,1,39.7,39.7
SA-09,20200918,TMIN,1,29.2,29.2
SA-09,20200919,TMAX,1,38.8,38.8
SA-09,20200919,TMIN,1,29.5,29.5
SA-09,20200920,TMAX,1,37.8,37.8
SA-09,20200920,TMIN,1,28.0,28.0
SA-09,20200921,TMAX,1,38.5,38.5
SA-09,20200921,TMIN,1,27.8,27.8
SA-09,20200922,TMAX,1,37.0,37.0
SA-09,20200922,TMIN,1,26.9,26.9
SA-09,20200923,TMAX,1,39.5,39.5
SA-09,20200923,TMIN,1,29.3,29.3
SA-09,20200924,TMAX,1,38.6,38.6
SA-09,20200924,TMIN,1,28.5,28.5
SA-09,20200925,TMAX,1,37.8,37.8
SA-09,20200925,TMIN,1,28.0,28.0
SA-09,20200926,TMAX,1,37.6,37.6
SA-09,20200926,TMIN,1,27.7,27.7
SA-09,20200927,TMAX,1,37.7,37.7
SA-09,20200927,TMIN,1,27.7,27.7
SA-09,20200928,TMAX,1,37.1,37.1
SA-09,20200928,TMIN,1,28.8,28.8
SA-09,20200929,TMAX,1,37.2,37.2
SA-09,20200929,TMIN,1,28.1,28.1
SA-09,20200930,TMAX,1,37.7,37.7
SA-09,20201001,TMAX,1,38.1,38.1
SA-09,20201001,TMIN,1,27.0,27.0
SA-09,20201002,TMAX,1,38.1,38.1
SA-09,20201002,TMIN,1,28.5,28.5
SA-09,20201003,TMAX,1,38.8,38.8
SA-09,20201004,TMAX,1,38.2,38.2
SA-09,20201004,TMIN,1,26.1,26.1
SA-09,20201005,TMAX,1,36.7,36.7
SA-09,20201005,TMIN,1,27.3,27.3
SA-09,20201006,TMAX,1,37.2,37.2
SA-09,20201006,TMIN,1,27.4,27.4
SA-09,20201007,TMAX,1,37.7,37.7
SA-09,20201007,TMIN,1,27.8,27.8
SA-09,20201008,TMAX,1,37.5,37.5
SA-09,20201008,TMIN,1,26.5,26.5
SA-09,20201009,TMAX,1,37.7,37.7
SA-09,20201009,TMIN,1,26.1,26.1
SA-09,20201010,TMIN,1,26.2,26.2
SA-09,20201011,TMAX,1,36.7,36.7
SA-09,20201011,TMIN,1,26.3,26.3
SA-09,20201012,TMAX,1,36.7,36.7
SA-09,20201012,TMIN,1,27.3,27.3
SA-09,20201013,TMAX,1,37.5,37.5
SA-09,20201013,TMIN,1,26.9,26.9
SA-09,20201014,TMAX,1,35.9,35.9
SA-09,20201014,TMIN,1,27.6,27.6
SA-09,20201015,TMAX,1,37.1,37.1
SA-09,20201016,TMAX,1,37.3,37.3
SA-09,20201016,TMIN,1,27.3,27.3
SA-09,20201017,TMAX,1,36.8,36.8
SA-09,20201017,TMIN,1,25.9,25.9
SA-09,20201018,TMAX,1,37.7,37.7
SA-09,20201018,TMIN,1,25.6,25.6
SA-09,20201019,TMAX,1,37.3,37.3
SA-09,20201019,TMIN,1,25.6,25.6
SA-09,20201020,TMAX,1,38.7,38.7
SA-09,20201020,TMIN,1,25.1,25.1
SA-09,20201021,TMAX,1,38.0,38.0
SA-09,20201021,TMIN,1,25.7,25.7
SA-09,20201022,TMAX,1,37.5,37.5
SA-09,20201022,TMIN,1,25.5,25.5
SA-09,20201023,TMAX,1,37.6,37.6
SA-09,20201023,TMIN,1,23.7,23.7
SA-09,20201024,TMAX,1,36.6,36.6
SA-09,20201024,TMIN,1,24.8,24.8
SA-09,20201025,TMAX,1,36.1,36.1
SA-09,20201025,TMIN,1,26.1,26.1
SA-09,20201026,TMAX,1,36.1,36.1
SA-09,20201026,TMIN,1,27.0,27.0
SA-09,20201027,TMAX,1,35.4,35.4
SA-09,20201027,TMIN,1,26.6,26.6
SA-09,20201028,TMAX,1,36.1,36.1
SA-09,20201028,TMIN,1,25.3,25.3
SA-09,20201029,TMAX,1,36.0,36.0
SA-09,20201029,TMIN,1,24.3,24.3
SA-09,20201030,TMAX,1,35.5,35.5
SA-09,20201030,TMIN,1,24.7,24.7
SA-09,20201031,TMAX,1,36.3,36.3
SA-09,20201031,TMIN,1,25.9,25.9
SA-09,20201101,TMAX,1,34.8,34.8
SA-09,20201101,TMIN,1,26.9,26.9
SA-09,20201102,TMIN,1,25.4,25.4
SA-09,20201103,TMAX,1,34.0,34.0
SA-09,20201103,TMIN,1,24.4,24.4
SA-09,20201104,TMAX,1,34.1,34.1
SA-09,20201104,TMIN,1,24.7,24.7
SA-09,20201105,TMAX,1,33.9,33.9
SA-09,20201105,TMIN,1,25.8,25.8
SA-09,20201106,TMAX,1,34.3,34.3
SA-09,20201106,TMIN,1,26.0,26.0
SA-09,20201107,TMAX,1,33.9,33.9
SA-09,20201107,TMIN,1,25.3,25.3
SA-09,20201108,TMAX,1,34.1,34.1
SA-09,20201108,TMIN,1,25.4,25.4
SA-09,20201109,TMAX,1,33.8,33.8
SA-09,20201109,TMIN,1,25.1,25.1
SA-09,20201110,TMAX,1,33.5,33.5
SA-09,20201110,TMIN,1,25.2,25.2
SA-09,20201111,TMAX,1,34.3,34.3
SA-09,20201111,TMIN,1,25.5,25.5
SA-09,20201112,TMAX,1,34.5,34.5
SA-09,20201112,TMIN,1,25.7,25.7
SA-09,20201113,TMAX,1,33.7,33.7
SA-09,20201113,TMIN,1,26.2,26.2
SA-09,20201114,TMAX,1,33.5,33.5
SA-09,20201114,TMIN,1,25.5,25.5
SA-09,20201115,TMAX,1,33.8,33.8
SA-09,20201115,TMIN,1,25.7,25.7
SA-09,20201116,TMIN,1,26.0,26.0
SA-09,20201117,TMAX,1,33.7,33.7
SA-09,20201117,TMIN,1,25.6,25.6
SA-09,20201118,TMAX,1,33.7,33.7
SA-09,20201118,TMIN,1,24.6,24.6
SA-09,20201119,TMAX,1,33.4,33.4
SA-09,20201119,TMIN,1,24.1,24.1
SA-09,20201120,TMAX,1,33.1,33.1
SA-09,20201120,TMIN,1,24.3,24.3
SA-09,20201121,TMAX,1,32.1,32.1
SA-09,20201121,TMIN,1,23.2,23.2
SA-09,20201122,TMAX,1,32.6,32.6
SA-09,20201122,TMIN,1,24.0,24.0
SA-09,20201123,TMAX,1,33.3,33.3
SA-09,20201123,TMIN,1,25.0,25.0
SA-09,20201124,TMAX,1,34.0,34.0
SA-09,20201124,TMIN,1,25.1,25.1
SA-09,20201125,TMAX,1,33.5,33.5
SA-09,20201125,TMIN,1,26.3,26.3
SA-09,20201126,TMAX,1,33.6,33.6
SA-09,20201126,TMIN,1,25.1,25.1
SA-10,20200501,TMAX,2,36.0,40.8
SA-10,20200501,TMIN,2,25.0,29.0
SA-10,20200502,TMAX,2,35.4,41.0
SA-10,20200502,TMIN,1,25.0,25.0
SA-10,20200503,TMAX,2,36.0,41.0
SA-10,20200503,TMIN,2,25.8,26.0
SA-10,20200504,TMAX,2,30.0,39.0
SA-10,20200504,TMIN,1,18.0,18.0
SA-10,20200505,TMAX,2,32.0,38.8
SA-10,20200505,TMIN,2,18.8,24.2
SA-10,20200506,TMAX,2,35.0,40.0
SA-10,20200506,TMIN,2,22.5,26.4
SA-10,20200507,TMAX,2,36.0,39.6
SA-10,20200507,TMIN,2,23.0,25.2
SA-10,20200508,TMAX,2,36.0,40.0
SA-10,20200508,TMIN,2,21.0,23.9
SA-10,20200509,TMAX,2,37.0,40.2
SA-10,20200509,TMIN,2,22.0,24.0
SA-10,20200510,TMAX,2,38.0,41.0
SA-10,20200510,TMIN,1,23.1,23.1
SA-10,20200511,TMAX,1,39.0,39.0
SA-10,20200511,TMIN,1,21.0,21.0
SA-10,20200512,TMAX,2,38.0,40.0
SA-10,20200512,TMIN,2,23.0,27.8
SA-10,20200513,TMAX,2,37.0,40.8
SA-10,20200513,TMIN,1,23.0,23.0
SA-10,20200514,TMAX,2,38.0,41.0
SA-10,20200514,TMIN,2,24.1,27.0
SA-10,20200515,TMAX,2,38.0,41.0
SA-10,20200515,TMIN,2,23.0,27.3
SA-10,20200516,TMAX,2,36.0,40.0
SA-10,20200516,TMIN,2,23.0,26.0
SA-10,20200517,TMAX,2,38.0,39.5
SA-10,20200517,TMIN,2,23.0,25.7
SA-10,20200518,TMAX,2,38.0,40.6
SA-10,20200518,TMIN,2,23.0,24.8
SA-10,20200519,TMAX,2,36.0,41.3
SA-10,20200519,TMIN,2,24.0,26.5
SA-10,20200520,TMAX,2,35.0,39.0
SA-10,20200520,TMIN,2,25.4,28.0
SA-10,20200521,TMAX,2,36.4,40.0
SA-10,20200521,TMIN,1,28.9,28.9
SA-10,20200522,TMAX,2,35.0,41.9
SA-10,20200522,TMIN,2,23.0,28.0
SA-10,20200523,TMAX,2,38.0,42.8
SA-10,20200523,TMIN,2,24.0,28.3
SA-10,20200524,TMAX,2,38.0,41.4
SA-10,20200524,TMIN,2,25.0,27.5
SA-10,20200525,TMAX,2,38.0,42.0
SA-10,20200525,TMIN,2,26.2,28.0
SA-10,20200526,TMAX,2,38.0,41.0
SA-10,20200526,TMIN,2,25.6,26.5
SA-10,20200527,TMAX,2,37.0,39.0
SA-10,20200527,TMIN,2,25.0,26.1
SA-10,20200528,TMAX,2,36.0,40.1
SA-10,20200528,TMIN,2,24.0,27.0
SA-10,20200529,TMAX,2,39.0,41.3
SA-10,20200529,TMIN,2,22.0,24.0
SA-10,20200530,TMAX,2,38.0,42.0
SA-10,20200530,TMIN,2,22.0,26.6
SA-10,20200531,TMAX,2,39.0,40.7
SA-10,20200531,TMIN,2,22.0,28.0
SA-10,20200601,TMAX,2,38.0,39.1
SA-10,20200601,TMIN,2,22.0,25.6
SA-10,20200602,TMAX,2,36.9,37.0
SA-10,20200602,TMIN,2,23.0,24.0
SA-10,20200603,TMAX,2,34.8,36.0
SA-10,20200603,TMIN,2,23.0,25.2
SA-10,20200604,TMAX,2,36.0,38.1
SA-10,20200604,TMIN,2,24.0,24.0
SA-10,20200605,TMAX,2,37.0,40.4
SA-10,20200605,TMIN,2,22.0,25.0
SA-10,20200606,TMAX,2,39.0,42.0
SA-10,20200606,TMIN,2,26.4,27.0
SA-10,20200607,TMAX,2,39.0,43.0
SA-10,20200607,TMIN,2,23.0,24.8
SA-10,20200608,TMAX,2,39.0,42.0
SA-10,20200608,TMIN,2,24.0,25.7
SA-10,20200609,TMAX,2,40.0,42.6
SA-10,20200609,TMIN,2,25.0,28.9
SA-10,20200610,TMAX,2,38.0,43.0
SA-10,20200610,TMIN,2,25.5,27.0
SA-10,20200611,TMAX,2,40.0,43.5
SA-10,20200611,TMIN,2,23.0,25.0
SA-10,20200612,TMAX,2,40.0,41.4
SA-10,20200612,TMIN,2,24.0,27.0
SA-10,20200613,TMAX,2,40.0,44.0
SA-10,20200613,TMIN,1,26.8,26.8
SA-10,20200614,TMAX,2,40.0,44.0
SA-10,20200614,TMIN,2,23.8,24.0
SA-10,20200615,TMAX,2,38.0,42.7
SA-10,20200615,TMIN,2,23.0,23.8
SA-10,20200616,TMAX,2,40.0,43.5
SA-10,20200616,TMIN,2,23.0,23.2
SA-10,20200617,TMAX,2,41.0,44.2
SA-10,20200617,TMIN,2,23.0,24.0
SA-10,20200618,TMAX,2,41.0,44.0
SA-10,20200618,TMIN,2,25.1,27.0
SA-10,20200619,TMAX,2,41.0,43.6
SA-10,20200619,TMIN,2,25.0,29.7
SA-10,20200620,TMAX,2,40.0,44.0
SA-10,20200620,TMIN,2,26.0,26.5
SA-10,20200621,TMAX,2,40.0,42.7
SA-10,20200621,TMIN,2,25.0,28.8
SA-10,20200622,TMAX,2,40.0,42.8
SA-10,20200622,TMIN,2,23.5,27.2
SA-10,20200623,TMAX,2,37.0,40.5
SA-10,20200623,TMIN,2,24.0,27.0
SA-10,20200624,TMAX,2,37.0,41.2
SA-10,20200624,TMIN,2,22.6,23.8
SA-10,20200625,TMAX,2,38.0,41.0
SA-10,20200625,TMIN,1,24.2,24.2
SA-10,20200626,TMAX,2,39.0,42.0
SA-10,20200626,TMIN,2,23.0,25.0
SA-10,20200627,TMAX,2,40.0,43.0
SA-10,20200627,TMIN,2,26.0,28.0
SA-10,20200628,TMAX,2,41.0,42.2
SA-10,20200628,TMIN,2,25.0,28.0
SA-10,20200629,TMAX,2,41.0,44.0
SA-10,20200629,TMIN,2,24.0,25.2
SA-10,20200630,TMAX,2,42.0,45.0
SA-10,20200630,TMIN,2,23.0,24.0
SA-10,20200701,TMAX,2,42.0,44.7
SA-10,20200701,TMIN,2,24.5,26.0
SA-10,20200702,TMAX,2,41.5,44.3
SA-10,20200702,TMIN,2,24.4,28.2
SA-10,20200703,TMAX,2,40.0,42.0
SA-10,20200703,TMIN,2,26.0,28.0
SA-10,20200704,PRCP,1,2.5,2.5
SA-10,20200704,TMAX,2,38.4,39.0
SA-10,20200704,TMIN,2,22.5,27.0
SA-10,20200705,TMAX,2,40.0,42.0
SA-10,20200705,TMIN,1,26.0,26.0
SA-10,20200706,TMAX,2,41.0,43.0
SA-10,20200706,TMIN,2,25.0,27.0
SA-10,20200707,TMAX,2,41.0,43.7
SA-10,20200707,TMIN,2,26.0,27.3
SA-10,20200708,TMAX,2,42.0,44.0
SA-10,20200708,TMIN,2,27.5,28.0
SA-10,20200709,TMAX,2,41.0,45.0
SA-10,20200709,TMIN,2,28.0,28.0
SA-10,20200710,TMAX,2,42.0,45.0
SA-10,20200710,TMIN,2,28.5,31.0
SA-10,20200711,TMAX,2,41.1,45.0
SA-10,20200711,TMIN,1,28.0,28.0
SA-10,20200712,TMAX,2,41.0,45.4
SA-10,20200712,TMIN,2,25.8,27.4
SA-10,20200713,TMAX,2,41.0,44.8
SA-10,20200713,TMIN,2,27.7,29.0
SA-10,20200714,TMAX,2,41.0,44.0
SA-10,20200714,TMIN,2,27.0,27.5
SA-10,20200715,TMAX,2,40.0,44.4
SA-10,20200715,TMIN,2,26.0,28.8
SA-10,20200716,TMAX,2,40.0,44.0
SA-10,20200716,TMIN,2,28.0,29.0
SA-10,20200717,TMAX,1,41.0,41.0
SA-10,20200717,TMIN,2,27.0,30.6
SA-10,20200718,TMAX,2,40.0,42.8
SA-10,20200718,TMIN,1,27.5,27.5
SA-10,20200719,TMAX,2,40.0,40.0
SA-10,20200720,PRCP,2,1.8,4.1
SA-10,20200720,TMAX,2,34.6,38.4
SA-10,20200720,TMIN,2,20.9,21.2
SA-10,20200721,TMAX,2,39.0,41.0
SA-10,20200721,TMIN,2,25.6,26.3
SA-10,20200722,TMAX,2,41.0,43.0
SA-10,20200722,TMIN,2,26.0,27.0
SA-10,20200723,TMAX,2,42.0,43.0
SA-10,20200723,TMIN,2,27.0,27.5
SA-10,20200724,TMAX,2,39.0,43.0
SA-10,20200724,TMIN,2,27.0,27.5
SA-10,20200725,TMAX,2,38.0,41.0
SA-10,20200725,TMIN,2,26.5,29.3
SA-10,20200726,TMAX,2,38.0,40.4
SA-10,20200726,TMIN,1,27.4,27.4
SA-10,20200727,PRCP,1,31.0,31.0
SA-10,20200727,TMAX,2,35.1,39.0
SA-10,20200727,TMIN,1,17.0,17.0
SA-10,20200728,PRCP,1,1.0,1.0
SA-10,20200728,TMAX,2,31.0,37.0
SA-10,20200728,TMIN,2,19.0,24.0
SA-10,20200729,TMAX,1,34.0,34.0
SA-10,20200729,TMIN,2,23.0,26.6
SA-10,20200730,TMAX,2,39.0,41.2
SA-10,20200730,TMIN,2,24.0,26.2
SA-10,20200731,TMAX,1,42.0,42.0
SA-10,20200731,TMIN,2,25.5,26.0
SA-10,20200801,TMAX,2,39.0,39.8
SA-10,20200801,TMIN,2,25.0,25.5
SA-10,20200802,TMAX,2,39.6,42.0
SA-10,20200802,TMIN,2,26.5,29.6
SA-10,20200803,PRCP,1,0.8,0.8
SA-10,20200803,TMAX,2,39.4,43.0
SA-10,20200803,TMIN,2,26.4,27.0
SA-10,20200804,TMAX,2,37.0,43.0
SA-10,20200804,TMIN,2,26.0,26.0
SA-10,20200805,TMAX,1,40.0,40.0
SA-10,20200805,TMIN,2,26.0,26.0
SA-10,20200806,TMAX,2,38.0,42.0
SA-10,20200806,TMIN,2,26.0,28.0
SA-10,20200807,TMAX,2,37.0,42.0
SA-10,20200807,TMIN,2,26.0,26.2
SA-10,20200808,TMAX,2,38.0,42.2
SA-10,20200808,TMIN,2,25.0,26.1
SA-10,20200809,TMAX,2,38.4,42.8
SA-10,20200809,TMIN,2,26.0,28.0
SA-10,20200810,TMAX,2,40.0,43.0
SA-10,20200810,TMIN,2,26.0,26.0
SA-10,20200811,TMAX,2,38.0,41.7
SA-10,20200811,TMIN,2,27.0,29.7
SA-10,20200812,TMAX,1,42.7,42.7
SA-10,20200812,TMIN,2,25.5,27.0
SA-10,20200813,TMAX,1,43.0,43.0
SA-10,20200813,TMIN,2,23.5,26.0
SA-10,20200814,TMAX,2,39.0,43.0
SA-10,20200814,TMIN,1,28.2,28.2
SA-10,20200815,TMAX,2,40.0,44.0
SA-10,20200815,TMIN,2,27.0,27.1
SA-10,20200816,TMAX,1,41.0,41.0
SA-10,20200816,TMIN,2,26.0,28.0
SA-10,20200817,TMAX,2,40.0,43.2
SA-10,20200817,TMIN,2,25.0,27.3
SA-10,20200818,TMAX,2,41.0,43.2
SA-10,20200818,TMIN,2,25.5,27.5
SA-10,20200819,TMAX,2,42.0,43.4
SA-10,20200819,TMIN,2,28.0,30.0
SA-10,20200820,TMAX,2,41.0,43.0
SA-10,20200820,TMIN,2,25.0,28.8
SA-10,20200821,TMAX,2,39.0,43.3
SA-10,20200821,TMIN,2,24.5,26.0
SA-10,20200822,TMAX,2,40.4,44.0
SA-10,20200822,TMIN,2,23.8,26.0
SA-10,20200823,TMAX,2,40.0,43.8
SA-10,20200823,TMIN,1,28.0,28.0
SA-10,20200824,TMAX,2,41.0,44.6
SA-10,20200824,TMIN,2,26.0,27.5
SA-10,20200825,TMAX,2,42.0,44.0
SA-10,20200825,TMIN,2,28.0,28.0
SA-10,20200826,TMAX,2,40.0,43.0
SA-10,20200826,TMIN,2,28.0,29.2
SA-10,20200827,TMAX,2,41.0,43.0
SA-10,20200827,TMIN,2,25.0,29.3
SA-10,20200828,TMAX,2,40.0,43.0
SA-10,20200828,TMIN,2,26.4,29.5
SA-10,20200829,TMAX,2,40.0,42.7
SA-10,20200829,TMIN,2,25.0,28.0
SA-10,20200830,TMAX,2,36.0,39.8
SA-10,20200830,TMIN,1,27.0,27.0
SA-10,20200831,TMAX,2,39.0,41.0
SA-10,20200831,TMIN,2,22.4,26.8
SA-10,20200901,TMAX,2,39.0,41.0
SA-10,20200901,TMIN,2,22.0,28.0
SA-10,20200902,TMAX,2,37.0,40.0
SA-10,20200902,TMIN,2,23.0,28.0
SA-10,20200903,TMAX,2,37.0,39.0
SA-10,20200903,TMIN,2,24.0,27.0
SA-10,20200904,TMAX,2,37.0,40.0
SA-10,20200904,TMIN,2,22.0,25.2
SA-10,20200905,TMAX,2,37.0,40.0
SA-10,20200905,TMIN,2,21.6,25.0
SA-10,20200906,TMAX,2,37.4,39.0
SA-10,20200906,TMIN,2,22.5,25.0
SA-10,20200907,TMAX,2,37.4,39.0
SA-10,20200907,TMIN,2,20.0,25.0
SA-10,20200908,TMAX,2,36.0,39.0
SA-10,20200908,TMIN,2,22.0,25.0
SA-10,20200909,TMAX,2,37.0,39.0
SA-10,20200909,TMIN,2,23.0,27.5
SA-10,20200910,TMAX,2,37.0,39.8
SA-10,20200910,TMIN,2,22.0,27.1
SA-10,20200911,TMAX,2,38.0,40.7
SA-10,20200911,TMIN,2,22.0,24.0
SA-10,20200912,TMAX,2,39.0,40.7
SA-10,20200912,TMIN,2,20.4,23.0
SA-10,20200913,TMAX,2,39.0,42.0
SA-10,20200913,TMIN,2,20.0,26.5
SA-10,20200914,TMAX,2,37.6,41.4
SA-10,20200914,TMIN,2,21.5,27.2
SA-10,20200915,TMAX,2,38.4,40.8
SA-10,20200915,TMIN,1,22.4,22.4
SA-10,20200916,TMAX,2,38.0,41.0
SA-10,20200916,TMIN,2,23.0,24.0
SA-10,20200917,TMAX,2,37.0,38.8
SA-10,20200917,TMIN,2,20.0,25.0
SA-10,20200918,TMAX,2,36.0,39.0
SA-10,20200918,TMIN,2,19.0,22.0
SA-10,20200919,TMAX,2,36.0,39.0
SA-10,20200919,TMIN,2,19.0,21.0
SA-10,20200920,TMAX,2,37.0,38.8
SA-10,20200920,TMIN,2,20.0,20.0
SA-10,20200921,TMAX,2,37.0,39.3
SA-10,20200921,TMIN,2,20.0,21.0
SA-10,20200922,TMAX,2,37.0,39.0
SA-10,20200922,TMIN,2,20.0,20.8
SA-10,20200923,TMAX,2,35.2,38.6
SA-10,20200923,TMIN,2,20.5,21.6
SA-10,20200924,TMAX,2,36.0,39.6
SA-10,20200924,TMIN,2,19.5,21.2
SA-10,20200925,TMAX,2,36.3,40.0
SA-10,20200925,TMIN,2,19.0,20.9
SA-10,20200926,TMAX,2,36.0,39.2
SA-10,20200926,TMIN,2,19.0,23.3
SA-10,20200927,TMAX,2,36.0,39.2
SA-10,20200927,TMIN,2,19.0,22.0
SA-10,20200928,TMAX,2,35.0,39.0
SA-10,20200928,TMIN,1,23.2,23.2
SA-10,20200929,TMAX,2,36.0,39.0
SA-10,20200929,TMIN,2,18.0,20.7
SA-10,20200930,TMAX,2,37.0,38.7
SA-10,20200930,TMIN,1,18.5,18.5
SA-10,20201001,TMAX,2,37.0,37.6
SA-10,20201001,TMIN,2,19.2,24.5
SA-10,20201002,TMAX,2,34.0,36.5
SA-10,20201002,TMIN,2,19.0,22.0
SA-10,20201003,TMAX,2,32.5,36.0
SA-10,20201003,TMIN,2,16.8,19.6
SA-10,20201004,TMAX,2,35.0,38.0
SA-10,20201004,TMIN,2,17.2,20.3
SA-10,20201005,TMAX,2,34.0,37.4
SA-10,20201005,TMIN,2,17.0,19.1
SA-10,20201006,TMAX,1,37.7,37.7
SA-10,20201006,TMIN,2,17.0,19.0
SA-10,20201007,TMAX,2,36.0,38.0
SA-10,20201007,TMIN,2,16.0,19.0
SA-10,20201008,TMAX,2,35.0,37.0
SA-10,20201008,TMIN,2,17.0,19.0
SA-10,20201009,TMAX,2,33.0,35.0
SA-10,20201009,TMIN,2,18.0,23.4
SA-10,20201010,TMAX,1,35.0,35.0
SA-10,20201010,TMIN,2,19.8,23.3
SA-10,20201011,TMAX,2,32.4,34.0
SA-10,20201011,TMIN,2,17.0,22.4
SA-10,20201012,TMAX,2,31.0,35.0
SA-10,20201012,TMIN,2,16.0,23.2
SA-10,20201013,TMAX,2,32.0,35.0
SA-10,20201013,TMIN,1,21.7,21.7
SA-10,20201014,TMAX,2,33.0,35.0
SA-10,20201014,TMIN,2,16.0,17.7
SA-10,20201015,TMAX,2,32.0,33.3
SA-10,20201015,TMIN,2,15.0,17.5
SA-10,20201016,TMAX,2,32.0,33.0
SA-10,20201016,TMIN,2,14.0,16.5
SA-10,20201017,TMAX,2,32.0,32.0
SA-10,20201017,TMIN,2,14.0,18.4
SA-10,20201018,TMAX,2,31.0,32.7
SA-10,20201018,TMIN,2,14.0,15.0
SA-10,20201019,TMAX,2,29.2,32.0
SA-10,20201019,TMIN,2,14.7,19.6
SA-10,20201020,TMAX,2,29.0,32.0
SA-10,20201020,TMIN,2,12.0,16.5
SA-10,20201021,TMAX,2,31.0,33.0
SA-10,20201021,TMIN,2,15.0,17.0
SA-10,20201022,TMAX,2,32.0,33.7
SA-10,20201022,TMIN,2,15.0,17.3
SA-10,20201023,TMAX,2,31.0,32.1
SA-10,20201023,TMIN,2,15.0,15.1
SA-10,20201024,TMAX,2,31.0,32.0
SA-10,20201024,TMIN,2,13.0,14.0
SA-10,20201025,TMAX,2,32.0,32.0
SA-10,20201025,TMIN,2,12.0,13.0
SA-10,20201026,TMAX,2,30.0,33.0
SA-10,20201026,TMIN,2,12.0,13.0
SA-10,20201027,TMAX,1,29.0,29.0
SA-10,20201027,TMIN,2,12.0,14.5
SA-10,20201028,TMAX,2,29.0,30.9
SA-10,20201028,TMIN,2,12.0,13.3
SA-10,20201029,TMAX,2,28.0,32.0
SA-10,20201029,TMIN,2,12.0,14.3
SA-10,20201030,TMAX,2,29.0,32.0
SA-10,20201030,TMIN,2,12.0,17.0
SA-10,20201031,TMAX,1,29.0,29.0
SA-10,20201031,TMIN,2,12.0,18.0
SA-10,20201101,TMAX,2,29.0,31.3
SA-10,20201101,TMIN,2,13.0,17.0
SA-10,20201102,TMAX,2,29.0,32.8
SA-10,20201102,TMIN,2,12.0,18.2
SA-10,20201103,TMAX,1,29.0,29.0
SA-10,20201103,TMIN,2,11.0,18.0
SA-10,20201104,TMAX,2,29.0,31.0
SA-10,20201104,TMIN,2,11.0,12.6
SA-10,20201105,TMAX,1,31.4,31.4
SA-10,20201105,TMIN,2,11.9,12.0
SA-10,20201106,TMAX,2,31.0,33.0
SA-10,20201106,TMIN,1,13.0,13.0
SA-10,20201107,TMAX,1,32.0,32.0
SA-10,20201107,TMIN,2,13.3,17.7
SA-10,20201108,TMAX,1,32.5,32.5
SA-10,20201108,TMIN,2,15.2,19.8
SA-10,20201109,TMAX,2,32.0,33.8
SA-10,20201109,TMIN,2,15.0,20.0
SA-10,20201110,TMAX,2,31.0,33.0
SA-10,20201110,TMIN,2,15.0,19.5
SA-10,20201111,TMAX,2,30.0,33.5
SA-10,20201111,TMIN,2,14.0,20.1
SA-10,20201112,TMAX,1,33.0,33.0
SA-10,20201112,TMIN,2,14.0,19.2
SA-10,20201113,TMAX,2,31.0,33.0
SA-10,20201113,TMIN,2,14.0,19.5
SA-10,20201114,TMAX,2,29.0,30.4
SA-10,20201114,TMIN,2,13.0,18.5
SA-10,20201115,TMAX,2,29.0,31.0
SA-10,20201115,TMIN,2,12.0,14.6
SA-10,20201116,TMIN,2,13.2,17.0
SA-10,20201117,TMAX,2,29.0,31.0
SA-10,20201117,TMIN,2,12.6,17.0
SA-10,20201118,TMAX,2,28.0,30.0
SA-10,20201118,TMIN,2,12.2,17.0
SA-10,20201119,TMAX,2,27.0,30.0
SA-10,20201119,TMIN,2,11.0,16.0
SA-10,20201120,TMAX,2,29.0,29.0
SA-10,20201120,TMIN,2,11.0,16.0
SA-10,20201121,TMAX,2,29.0,30.0
SA-10,20201121,TMIN,2,12.0,16.2
SA-10,20201122,TMAX,2,29.0,29.7
SA-10,20201122,TMIN,2,11.0,13.2
SA-10,20201123,TMAX,2,27.0,29.5
SA-10,20201123,TMIN,2,10.0,16.3
SA-10,20201124,TMAX,2,27.0,29.0
SA-10,20201124,TMIN,2,12.0,15.5
SA-10,20201125,TMAX,2,27.0,28.0
SA-10,20201125,TMIN,2,12.2,15.9
SA-10,20201126,TMAX,2,28.9,29.5
SA-10,20201126,TMIN,2,16.0,16.4
SA-11,20200501,TMAX,1,32.5,32.5
SA-11,20200501,TMIN,1,20.0,20.0
SA-11,20200502,TMAX,1,31.1,31.1
SA-11,20200502,TMIN,1,18.6,18.6
SA-11,20200503,TMAX,1,32.5,32.5
SA-11,20200503,TMIN,1,17.5,17.5
SA-11,20200504,TMAX,1,34.3,34.3
SA-11,20200504,TMIN,1,19.4,19.4
SA-11,20200505,TMAX,1,34.0,34.0
SA-11,20200505,TMIN,1,21.5,21.5
SA-11,20200506,TMAX,1,32.0,32.0
SA-11,20200506,TMIN,1,20.7,20.7
SA-11,20200507,TMAX,1,33.4,33.4
SA-11,20200507,TMIN,1,19.1,19.1
SA-11,20200508,TMAX,1,33.5,33.5
SA-11,20200508,TMIN,1,21.4,21.4
SA-11,20200509,TMAX,1,34.1,34.1
SA-11,20200509,TMIN,1,21.7,21.7
SA-11,20200510,TMAX,1,34.1,34.1
SA-11,20200510,TMIN,1,19.8,19.8
SA-11,20200511,TMAX,1,34.5,34.5
SA-11,20200512,TMAX,1,34.0,34.0
SA-11,20200512,TMIN,1,22.0,22.0
SA-11,20200513,TMAX,1,34.3,34.3
SA-11,20200514,TMAX,1,33.4,33.4
SA-11,20200514,TMIN,1,18.6,18.6
SA-11,20200515,PRCP,1,13.0,13.0
SA-11,20200515,TMAX,1,31.4,31.4
SA-11,20200517,TMAX,1,32.7,32.7
SA-11,20200517,TMIN,1,19.9,19.9
SA-11,20200518,TMAX,1,28.1,28.1
SA-11,20200519,TMAX,1,30.3,30.3
SA-11,20200519,TMIN,1,20.9,20.9
SA-11,20200520,TMAX,1,31.3,31.3
SA-11,20200520,TMIN,1,20.5,20.5
SA-11,20200522,TMAX,1,32.0,32.0
SA-11,20200522,TMIN,1,19.1,19.1
SA-11,20200523,TMIN,1,21.0,21.0
SA-11,20200524,TMAX,1,34.6,34.6
SA-11,20200525,TMAX,1,33.3,33.3
SA-11,20200526,TMAX,1,33.1,33.1
SA-11,20200526,TMIN,1,20.6,20.6
SA-11,20200527,TMIN,1,20.4,20.4
SA-11,20200528,TMAX,1,34.0,34.0
SA-11,20200528,TMIN,1,22.1,22.1
SA-11,20200529,TMAX,1,34.8,34.8
SA-11,20200529,TMIN,1,23.5,23.5
SA-11,20200530,TMAX,1,35.0,35.0
SA-11,20200530,TMIN,1,23.9,23.9
SA-11,20200531,TMAX,1,36.0,36.0
SA-11,20200531,TMIN,1,24.0,24.0
SA-11,20200601,TMAX,1,35.4,35.4
SA-11,20200601,TMIN,1,24.5,24.5
SA-11,20200602,TMAX,1,35.6,35.6
SA-11,20200603,TMAX,1,35.7,35.7
SA-11,20200603,TMIN,1,23.8,23.8
SA-11,20200604,TMAX,1,34.1,34.1
SA-11,20200604,TMIN,1,24.8,24.8
SA-11,20200605,TMAX,1,35.3,35.3
SA-11,20200605,TMIN,1,23.6,23.6
SA-11,20200606,TMAX,1,34.4,34.4
SA-11,20200607,TMAX,1,33.4,33.4
SA-11,20200607,TMIN,1,21.0,21.0
SA-11,20200609,TMAX,1,34.1,34.1
SA-11,20200609,TMIN,1,24.2,24.2
SA-11,20200611,TMAX,1,36.3,36.3
SA-11,20200611,TMIN,1,23.6,23.6
SA-11,20200612,TMAX,1,36.3,36.3
SA-11,20200612,TMIN,1,25.0,25.0
SA-11,20200613,TMAX,1,36.3,36.3
SA-11,20200613,TMIN,1,24.0,24.0
SA-11,20200614,TMIN,1,23.6,23.6
SA-11,20200615,TMAX,1,36.9,36.9
SA-11,20200615,TMIN,1,24.5,24.5
SA-11,20200616,TMAX,1,36.3,36.3
SA-11,20200616,TMIN,1,24.9,24.9
SA-11,20200617,TMAX,1,36.6,36.6
SA-11,20200618,TMAX,1,36.6,36.6
SA-11,20200618,TMIN,1,26.0,26.0
SA-11,20200619,TMIN,1,25.8,25.8
SA-11,20200620,TMIN,1,24.2,24.2
SA-11,20200621,TMAX,1,35.5,35.5
SA-11,20200621,TMIN,1,22.0,22.0
SA-11,20200622,TMAX,1,34.4,34.4
SA-11,20200622,TMIN,1,22.5,22.5
SA-11,20200623,TMAX,1,33.4,33.4
SA-11,20200623,TMIN,1,22.5,22.5
SA-11,20200624,TMAX,1,33.4,33.4
SA-11,20200624,TMIN,1,23.3,23.3
SA-11,20200625,TMAX,1,33.4,33.4
SA-11,20200626,TMAX,1,35.1,35.1
SA-11,20200626,TMIN,1,23.4,23.4
SA-11,20200627,TMAX,1,36.8,36.8
SA-11,20200627,TMIN,1,24.7,24.7
SA-11,20200628,TMAX,1,37.7,37.7
SA-11,20200628,TMIN,1,25.8,25.8
SA-11,20200629,TMAX,1,37.4,37.4
SA-11,20200629,TMIN,1,26.0,26.0
SA-11,20200630,TMAX,1,37.7,37.7
SA-11,20200630,TMIN,1,26.5,26.5
SA-11,20200701,TMAX,1,37.1,37.1
SA-11,20200701,TMIN,1,25.7,25.7
SA-11,20200702,TMAX,1,35.4,35.4
SA-11,20200702,TMIN,1,26.8,26.8
SA-11,20200703,TMAX,1,36.4,36.4
SA-11,20200703,TMIN,1,25.0,25.0
SA-11,20200704,TMAX,1,37.2,37.2
SA-11,20200704,TMIN,1,24.8,24.8
SA-11,20200705,TMAX,1,37.1,37.1
SA-11,20200705,TMIN,1,26.1,26.1
SA-11,20200706,TMAX,1,37.1,37.1
SA-11,20200707,TMAX,1,35.7,35.7
SA-11,20200707,TMIN,1,23.5,23.5
SA-11,20200708,TMAX,1,35.4,35.4
SA-11,20200708,TMIN,1,22.8,22.8
SA-11,20200709,TMAX,1,36.0,36.0
SA-11,20200709,TMIN,1,26.0,26.0
SA-11,20200710,TMAX,1,36.5,36.5
SA-11,20200710,TMIN,1,23.5,23.5
SA-11,20200711,TMIN,1,24.4,24.4
SA-11,20200712,TMIN,1,23.4,23.4
SA-11,20200713,TMAX,1,34.7,34.7
SA-11,20200714,TMIN,1,22.6,22.6
SA-11,20200715,TMAX,1,36.0,36.0
SA-11,20200716,TMAX,1,36.4,36.4
SA-11,20200716,TMIN,1,25.5,25.5
SA-11,20200717,TMAX,1,35.5,35.5
SA-11,20200717,TMIN,1,23.9,23.9
SA-11,20200718,TMAX,1,33.4,33.4
SA-11,20200718,TMIN,1,22.8,22.8
SA-11,20200719,TMAX,1,34.4,34.4
SA-11,20200719,TMIN,1,24.0,24.0
SA-11,20200720,TMAX,1,35.8,35.8
SA-11,20200721,TMAX,1,37.5,37.5
SA-11,20200721,TMIN,1,23.9,23.9
SA-11,20200722,TMAX,1,36.6,36.6
SA-11,20200722,TMIN,1,25.9,25.9
SA-11,20200723,TMAX,1,36.4,36.4
SA-11,20200723,TMIN,1,26.3,26.3
SA-11,20200724,TMAX,1,36.3,36.3
SA-11,20200725,TMAX,1,35.4,35.4
SA-11,20200727,TMAX,1,34.6,34.6
SA-11,20200727,TMIN,1,22.9,22.9
SA-11,20200728,PRCP,1,2.8,2.8
SA-11,20200728,TMAX,1,32.4,32.4
SA-11,20200729,PRCP,1,7.9,7.9
SA-11,20200729,TMAX,1,30.4,30.4
SA-11,20200729,TMIN,1,19.4,19.4
SA-11,20200730,TMAX,1,33.2,33.2
SA-11,20200801,TMAX,1,33.0,33.0
SA-11,20200801,TMIN,1,18.1,18.1
SA-11,20200802,TMAX,1,34.4,34.4
SA-11,20200803,TMAX,1,33.7,33.7
SA-11,20200803,TMIN,1,21.4,21.4
SA-11,20200804,TMAX,1,34.3,34.3
SA-11,20200805,TMAX,1,34.2,34.2
SA-11,20200805,TMIN,1,22.4,22.4
SA-11,20200806,TMAX,1,33.0,33.0
SA-11,20200806,TMIN,1,21.6,21.6
SA-11,20200807,TMAX,1,30.4,30.4
SA-11,20200807,TMIN,1,22.0,22.0
SA-11,20200808,TMAX,1,33.4,33.4
SA-11,20200808,TMIN,1,21.8,21.8
SA-11,20200809,TMAX,1,35.0,35.0
SA-11,20200809,TMIN,1,22.7,22.7
SA-11,20200810,TMAX,1,35.0,35.0
SA-11,20200810,TMIN,1,24.3,24.3
SA-11,20200811,TMAX,1,34.1,34.1
SA-11,20200811,TMIN,1,23.7,23.7
SA-11,20200812,TMAX,1,34.8,34.8
SA-11,20200812,TMIN,1,22.5,22.5
SA-11,20200813,TMIN,1,22.4,22.4
SA-11,20200814,TMIN,1,24.0,24.0
SA-11,20200815,TMAX,1,35.5,35.5
SA-11,20200815,TMIN,1,24.7,24.7
SA-11,20200816,TMAX,1,35.4,35.4
SA-11,20200816,TMIN,1,24.0,24.0
SA-11,20200817,TMIN,1,23.7,23.7
SA-11,20200818,TMAX,1,36.2,36.2
SA-11,20200818,TMIN,1,24.0,24.0
SA-11,20200819,TMAX,1,36.3,36.3
SA-11,20200819,TMIN,1,24.6,24.6
SA-11,20200820,TMAX,1,37.0,37.0
SA-11,20200820,TMIN,1,24.8,24.8
SA-11,20200821,TMIN,1,24.8,24.8
SA-11,20200822,TMAX,1,36.5,36.5
SA-11,20200822,TMIN,1,25.7,25.7
SA-11,20200823,TMIN,1,23.8,23.8
SA-11,20200824,TMIN,1,22.7,22.7
SA-11,20200825,TMAX,1,35.5,35.5
SA-11,20200825,TMIN,1,24.8,24.8
SA-11,20200826,TMAX,1,36.5,36.5
SA-11,20200826,TMIN,1,25.2,25.2
SA-11,20200827,TMAX,1,35.4,35.4
SA-11,20200827,TMIN,1,24.0,24.0
SA-11,20200828,TMAX,1,34.3,34.3
SA-11,20200828,TMIN,1,23.4,23.4
SA-11,20200829,TMAX,1,34.7,34.7
SA-11,20200829,TMIN,1,22.9,22.9
SA-11,20200830,TMAX,1,35.0,35.0
SA-11,20200830,TMIN,1,24.0,24.0
SA-11,20200831,TMAX,1,36.3,36.3
SA-11,20200831,TMIN,1,22.9,22.9
SA-11,20200901,TMAX,1,35.2,35.2
SA-11,20200901,TMIN,1,24.1,24.1
SA-11,20200902,TMAX,1,33.7,33.7
SA-11,20200902,TMIN,1,22.9,22.9
SA-11,20200903,TMAX,1,33.8,33.8
SA-11,20200903,TMIN,1,23.7,23.7
SA-11,20200904,TMAX,1,33.8,33.8
SA-11,20200904,TMIN,1,22.0,22.0
SA-11,20200905,TMAX,1,34.2,34.2
SA-11,20200905,TMIN,1,23.0,23.0
SA-11,20200906,TMAX,1,34.3,34.3
SA-11,20200906,TMIN,1,22.3,22.3
SA-11,20200907,TMAX,1,34.5,34.5
SA-11,20200907,TMIN,1,22.4,22.4
SA-11,20200908,TMAX,1,35.0,35.0
SA-11,20200908,TMIN,1,22.6,22.6
SA-11,20200909,TMAX,1,34.6,34.6
SA-11,20200910,TMAX,1,32.4,32.4
SA-11,20200910,TMIN,1,24.6,24.6
SA-11,20200911,TMAX,1,32.5,32.5
SA-11,20200911,TMIN,1,23.5,23.5
SA-11,20200912,TMAX,1,32.0,32.0
SA-11,20200912,TMIN,1,23.0,23.0
SA-11,20200913,TMAX,1,34.0,34.0
SA-11,20200913,TMIN,1,22.8,22.8
SA-11,20200914,TMAX,1,34.5,34.5
SA-11,20200915,TMAX,1,34.0,34.0
SA-11,20200915,TMIN,1,23.6,23.6
SA-11,20200916,TMAX,1,33.8,33.8
SA-11,20200916,TMIN,1,24.8,24.8
SA-11,20200917,TMAX,1,34.4,34.4
SA-11,20200917,TMIN,1,22.0,22.0
SA-11,20200918,TMAX,1,33.0,33.0
SA-11,20200918,TMIN,1,21.9,21.9
SA-11,20200919,TMAX,1,34.0,34.0
SA-11,20200919,TMIN,1,22.0,22.0
SA-11,20200920,TMAX,1,32.5,32.5
SA-11,20200920,TMIN,1,21.0,21.0
SA-11,20200921,TMAX,1,32.5,32.5
SA-11,20200921,TMIN,1,20.7,20.7
SA-11,20200922,TMIN,1,20.5,20.5
SA-11,20200923,TMIN,1,20.9,20.9
SA-11,20200924,TMAX,1,33.1,33.1
SA-11,20200924,TMIN,1,21.2,21.2
SA-11,20200925,TMAX,1,33.0,33.0
SA-11,20200925,TMIN,1,20.8,20.8
SA-11,20200926,TMAX,1,31.9,31.9
SA-11,20200926,TMIN,1,22.0,22.0
SA-11,20200927,TMAX,1,32.2,32.2
SA-11,20200927,TMIN,1,21.0,21.0
SA-11,20200928,TMAX,1,32.8,32.8
SA-11,20200928,TMIN,1,20.3,20.3
SA-11,20200929,TMAX,1,32.3,32.3
SA-11,20200929,TMIN,1,20.3,20.3
SA-11,20200930,TMAX,1,32.5,32.5
SA-11,20200930,TMIN,1,20.9,20.9
SA-11,20201001,TMAX,1,32.6,32.6
SA-11,20201001,TMIN,1,21.0,21.0
SA-11,20201002,TMAX,1,31.5,31.5
SA-11,20201003,TMAX,1,30.5,30.5
SA-11,20201003,TMIN,1,19.3,19.3
SA-11,20201004,TMAX,1,31.2,31.2
SA-11,20201004,TMIN,1,19.2,19.2
SA-11,20201005,TMAX,1,31.4,31.4
SA-11,20201005,TMIN,1,19.9,19.9
SA-11,20201006,TMAX,1,31.4,31.4
SA-11,20201006,TMIN,1,20.4,20.4
SA-11,20201007,TMAX,1,31.8,31.8
SA-11,20201007,TMIN,1,20.0,20.0
SA-11,20201008,TMAX,1,31.0,31.0
SA-11,20201008,TMIN,1,19.8,19.8
SA-11,20201009,TMAX,1,30.1,30.1
SA-11,20201009,TMIN,1,19.1,19.1
SA-11,20201010,TMAX,1,29.4,29.4
SA-11,20201010,TMIN,1,19.1,19.1
SA-11,20201011,TMAX,1,29.3,29.3
SA-11,20201011,TMIN,1,17.4,17.4
SA-11,20201012,TMAX,1,30.2,30.2
SA-11,20201013,TMAX,1,30.3,30.3
SA-11,20201013,TMIN,1,16.6,16.6
SA-11,20201014,TMAX,1,29.7,29.7
SA-11,20201014,TMIN,1,16.8,16.8
SA-11,20201015,TMAX,1,27.9,27.9
SA-11,20201015,TMIN,1,16.4,16.4
SA-11,20201016,TMAX,1,27.4,27.4
SA-11,20201016,TMIN,1,17.0,17.0
SA-11,20201017,TMAX,1,28.0,28.0
SA-11,20201017,TMIN,1,16.4,16.4
SA-11,20201018,TMAX,1,27.4,27.4
SA-11,20201018,TMIN,1,15.5,15.5
SA-11,20201019,TMAX,1,26.6,26.6
SA-11,20201019,TMIN,1,15.4,15.4
SA-11,20201020,TMAX,1,26.0,26.0
SA-11,20201020,TMIN,1,14.2,14.2
SA-11,20201021,TMAX,1,27.0,27.0
SA-11,20201021,TMIN,1,14.5,14.5
SA-11,20201022,TMAX,1,28.2,28.2
SA-11,20201022,TMIN,1,16.5,16.5
SA-11,20201023,TMAX,1,27.4,27.4
SA-11,20201023,TMIN,1,16.7,16.7
SA-11,20201024,TMAX,1,28.3,28.3
SA-11,20201024,TMIN,1,14.6,14.6
SA-11,20201025,TMAX,1,30.5,30.5
SA-11,20201025,TMIN,1,16.0,16.0
SA-11,20201026,TMAX,1,28.3,28.3
SA-11,20201026,TMIN,1,14.5,14.5
SA-11,20201027,TMIN,1,14.4,14.4
SA-11,20201028,TMAX,1,26.1,26.1
SA-11,20201028,TMIN,1,14.3,14.3
SA-11,20201029,TMIN,1,14.6,14.6
SA-11,20201030,TMAX,1,27.0,27.0
SA-11,20201031,TMAX,1,27.7,27.7
SA-11,20201031,TMIN,1,13.5,13.5
SA-11,20201101,TMAX,1,27.4,27.4
SA-11,20201102,TMAX,1,27.6,27.6
SA-11,20201102,TMIN,1,13.7,13.7
SA-11,20201103,TMIN,1,12.8,12.8
SA-11,20201104,TMAX,1,28.3,28.3
SA-11,20201104,TMIN,1,13.0,13.0
SA-11,20201105,TMAX,1,26.3,26.3
SA-11,20201105,TMIN,1,14.6,14.6
SA-11,20201106,TMAX,1,26.1,26.1
SA-11,20201107,TMIN,1,16.0,16.0
SA-11,20201108,TMAX,1,29.0,29.0
SA-11,20201108,TMIN,1,14.2,14.2
SA-11,20201109,TMAX,1,28.5,28.5
SA-11,20201109,TMIN,1,17.2,17.2
SA-11,20201110,TMAX,1,28.4,28.4
SA-11,20201110,TMIN,1,15.6,15.6
SA-11,20201111,TMAX,1,28.4,28.4
SA-11,20201112,TMAX,1,28.7,28.7
SA-11,20201112,TMIN,1,16.1,16.1
SA-11,20201113,TMAX,1,27.9,27.9
SA-11,20201113,TMIN,1,15.9,15.9
SA-11,20201114,TMAX,1,27.2,27.2
SA-11,20201115,TMAX,1,27.2,27.2
SA-11,20201115,TMIN,1,14.4,14.4
SA-11,20201116,TMIN,1,15.5,15.5
SA-11,20201117,TMAX,1,27.4,27.4
SA-11,20201117,TMIN,1,15.4,15.4
SA-11,20201118,TMAX,1,26.4,26.4
SA-11,20201118,TMIN,1,13.0,13.0
SA-11,20201119,TMAX,1,27.2,27.2
SA-11,20201119,TMIN,1,12.9,12.9
SA-11,20201120,TMIN,1,14.6,14.6
SA-11,20201121,TMAX,1,28.9,28.9
SA-11,20201121,TMIN,1,13.7,13.7
SA-11,20201122,TMAX,1,27.4,27.4
SA-11,20201122,TMIN,1,14.0,14.0
SA-11,20201123,TMAX,1,27.9,27.9
SA-11,20201123,TMIN,1,12.0,12.0
SA-11,20201124,TMAX,1,27.1,27.1
SA-11,20201124,TMIN,1,11.0,11.0
SA-11,20201125,TMAX,1,28.3,28.3
SA-11,20201125,TMIN,1,12.0,12.0
SA-11,20201126,TMAX,1,25.7,25.7
SA-11,20201126,TMIN,1,16.0,16.0
SA-12,20200501,TMAX,1,30.0,30.0
SA-12,20200501,TMIN,2,12.6,19.0
SA-12,20200502,TMAX,2,31.0,32.2
SA-12,20200502,TMIN,2,13.4,17.9
SA-12,20200503,TMAX,1,35.2,35.2
SA-12,20200503,TMIN,1,9.8,9.8
SA-12,20200504,TMAX,1,33.0,33.0
SA-12,20200504,TMIN,2,16.0,23.7
SA-12,20200505,TMAX,1,33.2,33.2
SA-12,20200505,TMIN,1,14.0,14.0
SA-12,20200506,PRCP,1,1.0,1.0
SA-12,20200506,TMAX,2,26.2,27.1
SA-12,20200506,TMIN,2,12.0,15.0
SA-12,20200507,TMAX,2,30.1,31.2
SA-12,20200507,TMIN,2,10.8,15.6
SA-12,20200508,TMAX,2,35.8,37.0
SA-12,20200508,TMIN,2,14.0,20.0
SA-12,20200509,TMAX,2,28.0,36.2
SA-12,20200509,TMIN,1,19.5,19.5
SA-12,20200510,TMAX,2,29.3,30.2
SA-12,20200510,TMIN,2,13.0,16.8
SA-12,20200511,TMAX,1,32.8,32.8
SA-12,20200511,TMIN,1,12.0,12.0
SA-12,20200512,TMAX,2,35.2,36.0
SA-12,20200512,TMIN,1,19.8,19.8
SA-12,20200513,TMAX,2,36.4,37.0
SA-12,20200513,TMIN,2,16.6,19.7
SA-12,20200514,TMAX,1,38.2,38.2
SA-12,20200514,TMIN,2,19.6,20.6
SA-12,20200515,TMAX,1,40.0,40.0
SA-12,20200515,TMIN,1,23.4,23.4
SA-12,20200516,TMAX,1,40.2,40.2
SA-12,20200516,TMIN,1,22.0,22.0
SA-12,20200517,TMAX,2,39.4,40.8
SA-12,20200518,TMAX,1,40.0,40.0
SA-12,20200518,TMIN,2,24.7,27.0
SA-12,20200519,TMAX,2,39.3,39.4
SA-12,20200519,TMIN,2,24.0,24.7
SA-12,20200520,TMAX,1,39.2,39.2
SA-12,20200520,TMIN,2,23.2,23.7
SA-12,20200521,TMAX,2,41.2,42.4
SA-12,20200521,TMIN,2,22.0,23.7
SA-12,20200522,TMAX,1,42.0,42.0
SA-12,20200523,TMAX,1,34.4,34.4
SA-12,20200524,TMAX,2,25.0,30.2
SA-12,20200524,TMIN,1,15.0,15.0
SA-12,20200525,TMAX,1,27.8,27.8
SA-12,20200525,TMIN,2,11.6,15.5
SA-12,20200526,TMAX,1,33.0,33.0
SA-12,20200526,TMIN,1,13.0,13.0
SA-12,20200527,TMAX,1,41.0,41.0
SA-12,20200527,TMIN,2,18.6,23.8
SA-12,20200528,TMAX,2,34.0,37.1
SA-12,20200529,TMAX,1,30.4,30.4
SA-12,20200529,TMIN,2,13.0,21.9
SA-12,20200530,TMAX,1,31.0,31.0
SA-12,20200530,TMIN,1,12.4,12.4
SA-12,20200531,TMAX,2,35.2,38.3
SA-12,20200531,TMIN,2,15.4,23.7
SA-12,20200601,TMAX,2,35.4,39.0
SA-12,20200601,TMIN,2,16.0,24.6
SA-12,20200602,TMAX,2,37.0,38.4
SA-12,20200602,TMIN,2,18.0,22.8
SA-12,20200603,TMAX,2,32.4,33.1
SA-12,20200603,TMIN,1,15.0,15.0
SA-12,20200604,TMAX,2,35.0,36.2
SA-12,20200604,TMIN,2,15.0,22.7
SA-12,20200605,TMAX,1,39.0,39.0
SA-12,20200605,TMIN,2,20.0,23.7
SA-12,20200606,TMAX,1,41.4,41.4
SA-12,20200606,TMIN,1,21.0,21.0
SA-12,20200607,TMAX,2,41.0,41.4
SA-12,20200607,TMIN,1,23.4,23.4
SA-12,20200608,TMAX,1,40.8,40.8
SA-12,20200608,TMIN,2,21.4,23.7
SA-12,20200609,TMAX,1,40.0,40.0
SA-12,20200609,TMIN,2,20.0,26.1
SA-12,20200610,TMAX,2,38.2,42.4
SA-12,20200610,TMIN,1,18.0,18.0
SA-12,20200611,TMAX,1,37.6,37.6
SA-12,20200611,TMIN,2,20.0,25.8
SA-12,20200612,TMAX,2,34.0,35.4
SA-12,20200612,TMIN,1,16.4,16.4
SA-12,20200613,TMAX,1,38.0,38.0
SA-12,20200613,TMIN,2,17.0,21.7
SA-12,20200614,TMAX,2,36.8,41.0
SA-12,20200614,TMIN,1,20.8,20.8
SA-12,20200615,TMAX,1,36.0,36.0
SA-12,20200615,TMIN,2,18.0,25.9
SA-12,20200616,TMAX,1,35.6,35.6
SA-12,20200616,TMIN,1,17.0,17.0
SA-12,20200617,TMAX,1,39.0,39.0
SA-12,20200617,TMIN,2,20.0,25.0
SA-12,20200618,TMAX,1,39.4,39.4
SA-12,20200618,TMIN,1,24.0,24.0
SA-12,20200619,TMAX,2,32.6,35.0
SA-12,20200619,TMIN,2,18.0,23.8
SA-12,20200620,TMAX,2,32.3,34.0
SA-12,20200620,TMIN,2,18.0,21.0
SA-12,20200621,TMAX,1,35.4,35.4
SA-12,20200621,TMIN,1,18.0,18.0
SA-12,20200622,TMAX,2,39.0,40.1
SA-12,20200622,TMIN,1,20.0,20.0
SA-12,20200623,TMAX,2,38.4,39.1
SA-12,20200623,TMIN,2,16.0,25.7
SA-12,20200624,TMAX,2,35.6,38.3
SA-12,20200624,TMIN,2,17.4,24.7
SA-12,20200625,TMAX,1,36.4,36.4
SA-12,20200625,TMIN,2,17.0,21.6
SA-12,20200626,TMAX,2,39.4,40.3
SA-12,20200626,TMIN,1,18.0,18.0
SA-12,20200627,TMAX,1,40.8,40.8
SA-12,20200627,TMIN,2,19.0,23.5
SA-12,20200628,TMAX,2,39.0,40.4
SA-12,20200628,TMIN,1,20.0,20.0
SA-12,20200629,TMAX,1,37.4,37.4
SA-12,20200629,TMIN,2,19.0,26.9
SA-12,20200630,TMAX,2,37.0,37.1
SA-12,20200630,TMIN,2,19.2,25.0
SA-12,20200701,TMAX,2,37.4,38.2
SA-12,20200701,TMIN,2,20.0,24.7
SA-12,20200702,TMAX,1,40.4,40.4
SA-12,20200702,TMIN,2,19.0,25.8
SA-12,20200703,TMAX,2,42.6,44.1
SA-12,20200703,TMIN,2,21.0,27.6
SA-12,20200704,TMIN,2,23.0,28.9
SA-12,20200705,TMAX,1,40.4,40.4
SA-12,20200705,TMIN,1,22.0,22.0
SA-12,20200706,TMAX,1,39.4,39.4
SA-12,20200706,TMIN,2,22.0,26.0
SA-12,20200707,TMAX,2,39.0,40.1
SA-12,20200707,TMIN,1,25.6,25.6
SA-12,20200708,TMAX,1,37.6,37.6
SA-12,20200708,TMIN,1,20.6,20.6
SA-12,20200709,TMAX,1,40.0,40.0
SA-12,20200709,TMIN,1,19.0,19.0
SA-12,20200710,TMAX,1,37.6,37.6
SA-12,20200710,TMIN,2,21.0,25.5
SA-12,20200711,TMAX,2,38.6,42.2
SA-12,20200711,TMIN,2,21.0,28.9
SA-12,20200712,TMAX,1,39.0,39.0
SA-12,20200712,TMIN,1,21.4,21.4
SA-12,20200713,TMAX,2,38.6,41.4
SA-12,20200713,TMIN,2,21.0,27.6
SA-12,20200714,TMAX,1,40.0,40.0
SA-12,20200714,TMIN,2,21.0,27.9
SA-12,20200715,TMAX,2,41.2,43.3
SA-12,20200715,TMIN,1,22.0,22.0
SA-12,20200716,TMAX,1,41.6,41.6
SA-12,20200716,TMIN,2,23.0,30.6
SA-12,20200717,TMAX,1,40.0,40.0
SA-12,20200717,TMIN,1,21.0,21.0
SA-12,20200718,TMAX,2,40.4,44.3
SA-12,20200718,TMIN,2,20.0,28.9
SA-12,20200719,TMAX,1,43.2,43.2
SA-12,20200719,TMIN,1,21.0,21.0
SA-12,20200720,TMAX,1,45.0,45.0
SA-12,20200720,TMIN,1,24.0,24.0
SA-12,20200721,TMAX,1,42.0,42.0
SA-12,20200721,TMIN,2,24.0,31.8
SA-12,20200722,TMAX,1,40.6,40.6
SA-12,20200722,TMIN,1,29.6,29.6
SA-12,20200723,TMAX,1,43.0,43.0
SA-12,20200723,TMIN,1,23.2,23.2
SA-12,20200724,TMAX,2,40.0,43.1
SA-12,20200724,TMIN,2,21.0,31.6
SA-12,20200725,TMAX,1,41.0,41.0
SA-12,20200725,TMIN,2,20.0,28.7
SA-12,20200726,TMAX,1,45.4,45.4
SA-12,20200726,TMIN,2,22.0,32.0
SA-12,20200727,PRCP,1,1.0,1.0
SA-12,20200727,TMAX,2,47.2,48.0
SA-12,20200727,TMIN,1,27.0,27.0
SA-12,20200728,PRCP,1,0.5,0.5
SA-12,20200728,TMAX,1,47.6,47.6
SA-12,20200728,TMIN,2,30.0,32.5
SA-12,20200729,TMAX,1,45.8,45.8
SA-12,20200729,TMIN,1,29.0,29.0
SA-12,20200730,TMAX,1,45.0,45.0
SA-12,20200731,TMAX,1,44.0,44.0
SA-12,20200731,TMIN,1,23.0,23.0
SA-12,20200801,TMAX,2,40.0,41.4
SA-12,20200801,TMIN,1,22.0,22.0
SA-12,20200802,TMAX,2,40.0,41.2
SA-12,20200802,TMIN,2,21.0,28.5
SA-12,20200803,TMAX,1,40.0,40.0
SA-12,20200803,TMIN,1,20.0,20.0
SA-12,20200804,TMAX,2,37.3,38.0
SA-12,20200804,TMIN,2,21.0,25.5
SA-12,20200805,TMAX,1,38.0,38.0
SA-12,20200805,TMIN,2,20.0,26.6
SA-12,20200806,TMAX,1,39.4,39.4
SA-12,20200806,TMIN,1,20.2,20.2
SA-12,20200807,TMAX,2,40.0,41.0
SA-12,20200807,TMIN,2,22.0,27.0
SA-12,20200808,TMAX,2,41.1,41.2
SA-12,20200808,TMIN,2,22.0,27.7
SA-12,20200809,TMAX,2,35.6,38.2
SA-12,20200809,TMIN,1,21.0,21.0
SA-12,20200810,TMAX,1,36.0,36.0
SA-12,20200810,TMIN,2,20.0,23.7
SA-12,20200811,TMAX,1,35.8,35.8
SA-12,20200811,TMIN,1,19.2,19.2
SA-12,20200812,TMAX,1,36.2,36.2
SA-12,20200812,TMIN,2,19.6,24.6
SA-12,20200813,TMAX,1,38.6,38.6
SA-12,20200813,TMIN,1,20.4,20.4
SA-12,20200814,TMAX,1,39.4,39.4
SA-12,20200814,TMIN,2,21.0,26.9
SA-12,20200815,TMAX,1,38.0,38.0
SA-12,20200815,TMIN,1,21.4,21.4
SA-12,20200816,TMAX,2,38.2,39.0
SA-12,20200816,TMIN,2,19.0,25.9
SA-12,20200817,TMAX,2,38.8,39.2
SA-12,20200817,TMIN,2,18.6,23.6
SA-12,20200818,TMAX,2,38.2,39.3
SA-12,20200818,TMIN,2,17.8,21.6
SA-12,20200819,TMAX,1,38.4,38.4
SA-12,20200819,TMIN,1,19.0,19.0
SA-12,20200820,TMAX,1,39.4,39.4
SA-12,20200820,TMIN,1,16.0,16.0
SA-12,20200821,TMAX,1,38.0,38.0
SA-12,20200821,TMIN,1,19.0,19.0
SA-12,20200822,TMAX,1,37.2,37.2
SA-12,20200822,TMIN,2,20.0,24.8
SA-12,20200823,TMAX,2,37.0,38.4
SA-12,20200823,TMIN,1,18.6,18.6
SA-12,20200824,TMAX,1,39.2,39.2
SA-12,20200824,TMIN,2,20.6,25.6
SA-12,20200825,TMAX,1,39.4,39.4
SA-12,20200825,TMIN,2,20.0,26.7
SA-12,20200826,TMAX,2,39.4,40.4
SA-12,20200826,TMIN,1,21.0,21.0
SA-12,20200827,TMAX,1,38.2,38.2
SA-12,20200827,TMIN,1,19.0,19.0
SA-12,20200828,TMAX,1,38.0,38.0
SA-12,20200828,TMIN,1,19.0,19.0
SA-12,20200829,TMAX,2,42.3,43.4
SA-12,20200829,TMIN,1,19.6,19.6
SA-12,20200830,TMAX,1,44.4,44.4
SA-12,20200830,TMIN,2,24.8,27.5
SA-12,20200831,TMAX,2,42.1,44.0
SA-12,20200831,TMIN,2,24.2,24.7
SA-12,20200901,TMAX,1,44.6,44.6
SA-12,20200901,TMIN,1,24.0,24.0
SA-12,20200902,TMAX,1,44.0,44.0
SA-12,20200902,TMIN,2,24.0,24.9
SA-12,20200903,TMAX,1,44.0,44.0
SA-12,20200903,TMIN,2,23.0,25.9
SA-12,20200904,TMAX,2,43.0,45.4
SA-12,20200904,TMIN,2,24.0,26.6
SA-12,20200905,TMAX,1,44.8,44.8
SA-12,20200905,TMIN,1,24.0,24.0
SA-12,20200906,TMAX,2,43.2,44.2
SA-12,20200906,TMIN,1,24.0,24.0
SA-12,20200907,TMAX,2,42.3,44.0
SA-12,20200907,TMIN,1,23.4,23.4
SA-12,20200908,TMAX,1,44.0,44.0
SA-12,20200908,TMIN,2,24.0,27.7
SA-12,20200909,TMAX,1,42.2,42.2
SA-12,20200909,TMIN,1,25.0,25.0
SA-12,20200910,TMAX,1,44.4,44.4
SA-12,20200910,TMIN,1,23.6,23.6
SA-12,20200911,TMAX,2,42.0,43.1
SA-12,20200911,TMIN,1,28.6,28.6
SA-12,20200912,TMAX,2,40.2,43.3
SA-12,20200912,TMIN,1,22.2,22.2
SA-12,20200913,TMAX,2,39.4,42.4
SA-12,20200913,TMIN,1,23.0,23.0
SA-12,20200914,TMAX,2,39.8,42.3
SA-12,20200914,TMIN,2,21.0,28.5
SA-12,20200915,TMAX,2,42.4,43.2
SA-12,20200915,TMIN,2,21.0,27.8
SA-12,20200916,TMAX,1,42.2,42.2
SA-12,20200916,TMIN,1,24.2,24.2
SA-12,20200917,TMAX,2,42.0,42.8
SA-12,20200917,TMIN,1,25.0,25.0
SA-12,20200918,TMIN,1,27.7,27.7
SA-12,20200919,TMAX,2,41.0,41.2
SA-12,20200919,TMIN,1,23.0,23.0
SA-12,20200920,TMAX,1,42.0,42.0
SA-12,20200920,TMIN,2,22.0,27.0
SA-12,20200921,TMAX,1,41.0,41.0
SA-12,20200921,TMIN,2,22.0,24.5
SA-12,20200922,TMAX,2,38.8,41.2
SA-12,20200922,TMIN,1,22.0,22.0
SA-12,20200923,TMAX,1,36.0,36.0
SA-12,20200923,TMIN,1,18.6,18.6
SA-12,20200924,TMAX,1,35.2,35.2
SA-12,20200924,TMIN,2,18.8,23.7
SA-12,20200925,TMAX,1,35.4,35.4
SA-12,20200925,TMIN,2,19.0,23.5
SA-12,20200926,TMAX,2,34.2,36.2
SA-12,20200926,TMIN,1,18.0,18.0
SA-12,20200927,TMAX,2,36.0,36.2
SA-12,20200927,TMIN,2,17.4,22.6
SA-12,20200928,TMAX,1,39.0,39.0
SA-12,20200928,TMIN,1,19.0,19.0
SA-12,20200929,TMAX,1,39.0,39.0
SA-12,20200929,TMIN,1,20.0,20.0
SA-12,20200930,TMAX,2,37.0,38.6
SA-12,20200930,TMIN,2,20.0,21.6
SA-12,20201001,TMAX,1,37.6,37.6
SA-12,20201001,TMIN,2,19.0,21.6
SA-12,20201002,TMAX,2,34.6,39.1
SA-12,20201002,TMIN,1,20.0,20.0
SA-12,20201003,TMAX,1,34.2,34.2
SA-12,20201003,TMIN,2,17.0,21.6
SA-12,20201004,TMAX,1,31.6,31.6
SA-12,20201004,TMIN,2,17.2,20.6
SA-12,20201005,TMAX,2,34.4,34.8
SA-12,20201005,TMIN,2,17.0,19.8
SA-12,20201006,TMAX,2,34.1,35.0
SA-12,20201006,TMIN,2,16.8,17.4
SA-12,20201007,TMAX,2,35.1,35.8
SA-12,20201007,TMIN,1,17.0,17.0
SA-12,20201008,TMAX,2,36.1,36.4
SA-12,20201008,TMIN,1,16.0,16.0
SA-12,20201009,TMAX,1,37.0,37.0
SA-12,20201009,TMIN,1,18.0,18.0
SA-12,20201010,TMAX,1,36.8,36.8
SA-12,20201010,TMIN,1,16.6,16.6
SA-12,20201011,TMAX,1,35.2,35.2
SA-12,20201011,TMIN,1,16.0,16.0
SA-12,20201012,TMAX,2,35.2,36.0
SA-12,20201012,TMIN,1,16.4,16.4
SA-12,20201013,TMAX,1,34.6,34.6
SA-12,20201013,TMIN,1,17.0,17.0
SA-12,20201014,TMAX,1,35.0,35.0
SA-12,20201014,TMIN,2,17.0,19.8
SA-12,20201015,TMAX,1,33.0,33.0
SA-12,20201015,TMIN,1,18.0,18.0
SA-12,20201016,TMAX,1,32.6,32.6
SA-12,20201016,TMIN,2,14.8,18.8
SA-12,20201017,TMAX,2,32.4,33.4
SA-12,20201017,TMIN,1,15.0,15.0
SA-12,20201018,TMAX,1,34.4,34.4
SA-12,20201018,TMIN,2,14.2,17.7
SA-12,20201019,TMAX,1,34.6,34.6
SA-12,20201019,TMIN,2,14.0,16.9
SA-12,20201020,TMAX,2,33.0,35.2
SA-12,20201020,TMIN,1,13.0,13.0
SA-12,20201021,TMAX,2,32.2,33.2
SA-12,20201021,TMIN,2,13.0,15.8
SA-12,20201022,TMAX,2,33.4,35.6
SA-12,20201022,TMIN,2,13.2,18.6
SA-12,20201023,TMAX,1,33.6,33.6
SA-12,20201023,TMIN,1,13.4,13.4
SA-12,20201024,TMAX,1,33.0,33.0
SA-12,20201024,TMIN,1,13.4,13.4
SA-12,20201025,TMAX,1,30.6,30.6
SA-12,20201025,TMIN,1,13.0,13.0
SA-12,20201026,TMAX,1,34.0,34.0
SA-12,20201026,TMIN,1,13.0,13.0
SA-12,20201027,TMAX,1,33.2,33.2
SA-12,20201027,TMIN,2,14.0,18.8
SA-12,20201028,TMAX,1,34.2,34.2
SA-12,20201028,TMIN,2,17.0,18.6
SA-12,20201029,TMAX,1,33.0,33.0
SA-12,20201029,TMIN,2,14.0,18.5
SA-12,20201030,TMAX,1,32.0,32.0
SA-12,20201030,TMIN,1,12.4,12.4
SA-12,20201031,TMAX,2,32.4,32.8
SA-12,20201031,TMIN,2,14.0,14.5
SA-12,20201101,TMAX,2,30.2,33.2
SA-12,20201101,TMIN,1,17.5,17.5
SA-12,20201102,PRCP,1,11.9,11.9
SA-12,20201102,TMAX,2,25.4,31.4
SA-12,20201102,TMIN,1,13.0,13.0
SA-12,20201103,PRCP,1,10.9,10.9
SA-12,20201103,TMAX,2,26.6,29.4
SA-12,20201103,TMIN,1,13.4,13.4
SA-12,20201104,TMAX,2,24.4,27.2
SA-12,20201104,TMIN,1,13.4,13.4
SA-12,20201105,TMAX,1,24.2,24.2
SA-12,20201105,TMIN,1,14.0,14.0
SA-12,20201106,TMAX,1,22.4,22.4
SA-12,20201106,TMIN,1,11.6,11.6
SA-12,20201107,TMAX,1,25.4,25.4
SA-12,20201107,TMIN,1,11.4,11.4
SA-12,20201108,TMAX,2,25.4,26.0
SA-12,20201108,TMIN,1,12.0,12.0
SA-12,20201109,TMAX,1,25.4,25.4
SA-12,20201109,TMIN,1,13.8,13.8
SA-12,20201110,TMAX,1,24.0,24.0
SA-12,20201110,TMIN,2,10.2,15.5
SA-12,20201111,TMAX,2,24.6,26.0
SA-12,20201111,TMIN,2,11.6,16.8
SA-12,20201112,TMAX,2,24.0,24.2
SA-12,20201112,TMIN,2,11.0,15.8
SA-12,20201113,TMAX,1,24.4,24.4
SA-12,20201113,TMIN,1,10.2,10.2
SA-12,20201114,TMAX,2,24.2,24.6
SA-12,20201114,TMIN,1,10.6,10.6
SA-12,20201115,TMAX,2,24.0,24.2
SA-12,20201115,TMIN,1,10.2,10.2
SA-12,20201116,TMIN,1,8.8,8.8
SA-12,20201117,TMAX,1,22.6,22.6
SA-12,20201117,TMIN,1,7.2,7.2
SA-12,20201118,TMAX,1,21.6,21.6
SA-12,20201118,TMIN,1,10.5,10.5
SA-12,20201119,TMAX,1,22.2,22.2
SA-12,20201119,TMIN,1,7.0,7.0
SA-12,20201120,TMAX,1,22.2,22.2
SA-12,20201120,TMIN,2,8.0,11.8
SA-12,20201121,TMAX,1,22.4,22.4
SA-12,20201122,TMAX,1,20.2,20.2
SA-12,20201122,TMIN,1,8.9,8.9
SA-12,20201123,TMAX,1,21.4,21.4
SA-12,20201123,TMIN,2,6.4,9.0
SA-12,20201124,TMAX,2,22.0,23.1
SA-12,20201124,TMIN,2,6.2,10.0
SA-12,20201125,TMAX,2,23.8,28.0
SA-12,20201125,TMIN,2,7.6,10.8
SA-12,20201126,TMAX,2,20.8,21.1
SA-14,20200501,TMAX,1,29.0,29.0
SA-14,20200501,TMIN,2,17.0,20.4
SA-14,20200502,TMAX,1,28.0,28.0
SA-14,20200502,TMIN,2,15.6,22.0
SA-14,20200503,TMAX,2,27.0,27.1
SA-14,20200503,TMIN,3,15.4,20.0
SA-14,20200504,TMAX,1,35.0,35.0
SA-14,20200504,TMIN,1,22.8,22.8
SA-14,20200505,PRCP,1,5.1,5.1
SA-14,20200505,TMAX,3,26.4,36.1
SA-14,20200505,TMIN,1,16.0,16.0
SA-14,20200506,TMAX,1,28.0,28.0
SA-14,20200506,TMIN,1,15.0,15.0
SA-14,20200507,TMAX,2,27.0,28.0
SA-14,20200507,TMIN,1,20.8,20.8
SA-14,20200508,TMAX,3,27.2,37.4
SA-14,20200508,TMIN,3,17.0,21.2
SA-14,20200509,TMAX,1,38.2,38.2
SA-14,20200509,TMIN,2,16.2,17.0
SA-14,20200510,TMAX,2,29.0,37.2
SA-14,20200510,TMIN,2,16.0,23.5
SA-14,20200511,TMIN,2,17.0,18.8
SA-14,20200512,TMAX,2,31.6,38.0
SA-14,20200512,TMIN,2,17.9,18.0
SA-14,20200513,TMAX,1,32.0,32.0
SA-14,20200513,TMIN,2,17.5,23.5
SA-14,20200514,TMAX,2,28.5,30.0
SA-14,20200514,TMIN,2,17.8,19.4
SA-14,20200515,TMAX,2,30.0,36.3
SA-14,20200515,TMIN,2,18.0,23.6
SA-14,20200516,TMAX,2,28.2,29.0
SA-14,20200516,TMIN,1,16.9,16.9
SA-14,20200517,TMAX,3,29.3,37.1
SA-14,20200517,TMIN,2,17.0,19.6
SA-14,20200518,TMAX,1,29.0,29.0
SA-14,20200519,PRCP,1,1.0,1.0
SA-14,20200519,TMAX,1,28.0,28.0
SA-14,20200519,TMIN,3,15.7,22.5
SA-14,20200520,TMAX,2,26.0,26.5
SA-14,20200520,TMIN,3,16.0,22.4
SA-14,20200521,TMAX,3,27.2,36.4
SA-14,20200521,TMIN,3,15.5,20.5
SA-14,20200522,TMAX,1,30.0,30.0
SA-14,20200522,TMIN,2,16.4,18.0
SA-14,20200523,TMAX,2,28.3,30.4
SA-14,20200523,TMIN,2,16.5,24.7
SA-14,20200524,TMAX,2,28.1,28.4
SA-14,20200524,TMIN,3,14.7,25.0
SA-14,20200525,TMAX,3,29.2,36.0
SA-14,20200525,TMIN,2,14.0,20.9
SA-14,20200526,TMAX,2,30.0,36.2
SA-14,20200526,TMIN,3,14.9,22.3
SA-14,20200527,TMAX,2,29.5,30.0
SA-14,20200527,TMIN,2,16.5,22.5
SA-14,20200528,TMAX,2,30.0,31.5
SA-14,20200528,TMIN,3,17.0,22.5
SA-14,20200529,TMAX,1,33.0,33.0
SA-14,20200529,TMIN,3,15.6,21.7
SA-14,20200530,TMAX,3,32.4,39.0
SA-14,20200530,TMIN,2,16.9,21.5
SA-14,20200531,TMAX,3,32.3,40.0
SA-14,20200531,TMIN,2,19.0,23.0
SA-14,20200601,TMAX,2,33.0,39.2
SA-14,20200601,TMIN,2,17.6,22.6
SA-14,20200602,TMAX,2,30.1,39.0
SA-14,20200602,TMIN,2,18.5,23.8
SA-14,20200603,TMAX,2,32.2,38.0
SA-14,20200603,TMIN,2,18.2,20.0
SA-14,20200604,TMAX,1,30.1,30.1
SA-14,20200604,TMIN,3,14.2,24.7
SA-14,20200605,TMAX,3,31.0,40.0
SA-14,20200605,TMIN,3,19.5,24.9
SA-14,20200606,TMAX,3,28.2,39.0
SA-14,20200606,TMIN,3,17.5,24.9
SA-14,20200607,TMAX,3,30.3,38.0
SA-14,20200607,TMIN,3,15.8,25.6
SA-14,20200608,TMAX,3,30.3,38.2
SA-14,20200608,TMIN,3,16.5,25.0
SA-14,20200609,TMAX,2,30.3,31.0
SA-14,20200609,TMIN,3,20.0,24.0
SA-14,20200610,TMAX,2,33.0,40.0
SA-14,20200610,TMIN,3,18.8,28.7
SA-14,20200611,TMAX,2,31.8,40.0
SA-14,20200611,TMIN,3,17.9,27.8
SA-14,20200612,TMAX,2,34.0,40.0
SA-14,20200612,TMIN,2,18.0,19.0
SA-14,20200613,TMAX,3,33.0,40.7
SA-14,20200613,TMIN,3,20.6,25.7
SA-14,20200614,TMAX,1,34.0,34.0
SA-14,20200614,TMIN,2,19.0,19.5
SA-14,20200615,TMAX,3,32.3,40.3
SA-14,20200615,TMIN,3,18.0,24.7
SA-14,20200616,TMAX,3,31.4,40.5
SA-14,20200616,TMIN,2,17.9,19.0
SA-14,20200617,TMAX,2,34.3,40.4
SA-14,20200617,TMIN,1,19.0,19.0
SA-14,20200618,TMAX,2,35.0,40.0
SA-14,20200618,TMIN,1,20.6,20.6
SA-14,20200619,TMAX,2,33.0,40.4
SA-14,20200619,TMIN,3,19.0,28.6
SA-14,20200620,TMAX,3,30.0,40.3
SA-14,20200620,TMIN,3,19.0,24.9
SA-14,20200621,TMAX,3,31.0,39.0
SA-14,20200621,TMIN,3,19.0,26.8
SA-14,20200622,TMAX,2,32.0,33.0
SA-14,20200622,TMIN,2,19.0,19.0
SA-14,20200623,TMAX,3,30.2,36.4
SA-14,20200623,TMIN,3,20.0,24.7
SA-14,20200624,TMAX,1,30.3,30.3
SA-14,20200624,TMIN,3,17.6,21.7
SA-14,20200625,TMAX,3,30.1,37.5
SA-14,20200625,TMIN,1,15.9,15.9
SA-14,20200626,TMAX,2,32.2,39.0
SA-14,20200626,TMIN,3,18.5,22.6
SA-14,20200627,TMAX,2,33.5,40.2
SA-14,20200627,TMIN,2,17.9,23.0
SA-14,20200628,TMAX,2,33.3,33.8
SA-14,20200628,TMIN,2,18.2,21.0
SA-14,20200629,TMAX,1,35.0,35.0
SA-14,20200629,TMIN,2,21.0,23.5
SA-14,20200630,TMAX,2,35.0,42.0
SA-14,20200630,TMIN,3,19.8,27.6
SA-14,20200701,TMAX,3,32.3,41.0
SA-14,20200701,TMIN,2,20.6,21.0
SA-14,20200702,PRCP,1,16.0,16.0
SA-14,20200702,TMAX,3,33.2,41.2
SA-14,20200703,TMAX,1,33.0,33.0
SA-14,20200703,TMIN,1,18.0,18.0
SA-14,20200704,TMAX,3,32.2,40.0
SA-14,20200704,TMIN,3,19.7,27.6
SA-14,20200705,TMAX,1,34.0,34.0
SA-14,20200705,TMIN,1,22.0,22.0
SA-14,20200706,TMAX,2,30.0,33.0
SA-14,20200706,TMIN,3,19.0,29.0
SA-14,20200707,TMAX,2,32.0,40.0
SA-14,20200707,TMIN,2,20.0,26.8
SA-14,20200708,TMAX,1,31.5,31.5
SA-14,20200708,TMIN,2,18.0,19.0
SA-14,20200709,TMAX,2,32.2,33.3
SA-14,20200709,TMIN,2,19.0,24.6
SA-14,20200710,TMAX,2,33.9,34.2
SA-14,20200710,TMIN,1,20.0,20.0
SA-14,20200711,TMAX,2,34.6,41.2
SA-14,20200711,TMIN,3,18.8,26.9
SA-14,20200712,TMAX,1,40.1,40.1
SA-14,20200712,TMIN,3,19.5,25.9
SA-14,20200713,TMAX,2,31.0,39.4
SA-14,20200714,TMAX,2,32.2,39.0
SA-14,20200714,TMIN,2,21.0,26.5
SA-14,20200715,TMAX,2,32.2,33.0
SA-14,20200715,TMIN,2,19.3,21.0
SA-14,20200716,TMAX,3,30.8,40.1
SA-14,20200716,TMIN,1,20.5,20.5
SA-14,20200717,TMAX,1,39.4,39.4
SA-14,20200717,TMIN,1,19.3,19.3
SA-14,20200718,TMAX,1,31.0,31.0
SA-14,20200718,TMIN,3,19.0,26.7
SA-14,20200719,TMAX,3,33.0,40.0
SA-14,20200719,TMIN,2,18.0,18.6
SA-14,20200720,PRCP,1,17.0,17.0
SA-14,20200720,TMAX,2,26.0,34.0
SA-14,20200721,TMAX,3,30.2,40.1
SA-14,20200721,TMIN,1,18.0,18.0
SA-14,20200722,TMAX,2,32.0,40.4
SA-14,20200722,TMIN,1,18.6,18.6
SA-14,20200723,TMAX,1,32.0,32.0
SA-14,20200723,TMIN,3,17.9,26.0
SA-14,20200724,TMAX,2,30.1,31.0
SA-14,20200725,TMAX,3,30.4,39.3
SA-14,20200725,TMIN,3,17.7,25.0
SA-14,20200726,TMAX,2,29.2,39.0
SA-14,20200726,TMIN,1,26.7,26.7
SA-14,20200727,PRCP,1,30.0,30.0
SA-14,20200727,TMAX,2,26.0,27.0
SA-14,20200727,TMIN,3,16.5,26.6
SA-14,20200728,PRCP,2,5.6,16.0
SA-14,20200728,TMAX,3,24.4,38.1
SA-14,20200728,TMIN,2,15.0,15.9
SA-14,20200729,PRCP,2,3.0,9.9
SA-14,20200729,TMAX,3,21.3,34.4
SA-14,20200729,TMIN,2,15.9,16.0
SA-14,20200730,PRCP,1,3.6,3.6
SA-14,20200730,TMAX,2,29.0,39.0
SA-14,20200730,TMIN,3,13.6,22.6
SA-14,20200731,TMAX,2,31.0,38.2
SA-14,20200731,TMIN,1,23.9,23.9
SA-14,20200801,TMAX,2,26.4,38.4
SA-14,20200801,TMIN,2,16.7,24.0
SA-14,20200802,TMAX,1,39.0,39.0
SA-14,20200803,TMAX,1,30.4,30.4
SA-14,20200803,TMIN,2,17.0,17.0
SA-14,20200804,PRCP,1,1.0,1.0
SA-14,20200804,TMAX,2,25.6,39.0
SA-14,20200804,TMIN,3,17.5,24.8
SA-14,20200805,TMAX,2,31.8,38.4
SA-14,20200805,TMIN,2,17.0,25.8
SA-14,20200806,TMAX,2,30.0,37.1
SA-14,20200806,TMIN,2,17.5,18.0
SA-14,20200807,TMAX,2,27.6,29.0
SA-14,20200807,TMIN,3,17.2,25.9
SA-14,20200808,TMAX,3,27.4,37.6
SA-14,20200808,TMIN,3,16.7,21.7
SA-14,20200809,TMAX,2,30.0,37.4
SA-14,20200809,TMIN,2,17.0,25.6
SA-14,20200810,TMAX,2,28.3,29.0
SA-14,20200810,TMIN,2,17.5,18.0
SA-14,20200811,TMAX,3,31.0,38.1
SA-14,20200811,TMIN,2,18.0,20.0
SA-14,20200812,TMAX,2,31.0,32.0
SA-14,20200812,TMIN,3,20.0,26.0
SA-14,20200813,TMAX,2,30.4,31.0
SA-14,20200813,TMIN,2,19.0,19.5
SA-14,20200814,TMAX,1,31.5,31.5
SA-14,20200814,TMIN,3,15.0,24.0
SA-14,20200815,TMAX,3,30.9,39.3
SA-14,20200815,TMIN,1,20.6,20.6
SA-14,20200816,TMAX,2,30.6,32.4
SA-14,20200816,TMIN,3,18.0,23.6
SA-14,20200817,TMAX,2,29.3,32.3
SA-14,20200817,TMIN,3,18.5,27.0
SA-14,20200818,TMAX,3,32.0,39.0
SA-14,20200818,TMIN,3,18.7,28.7
SA-14,20200819,TMAX,2,31.0,32.0
SA-14,20200819,TMIN,3,19.0,27.7
SA-14,20200820,TMAX,2,32.5,33.2
SA-14,20200820,TMIN,2,18.5,24.5
SA-14,20200821,TMAX,1,34.0,34.0
SA-14,20200821,TMIN,2,18.0,19.0
SA-14,20200822,TMAX,2,32.0,40.1
SA-14,20200822,TMIN,1,25.0,25.0
SA-14,20200823,TMAX,2,32.0,40.0
SA-14,20200823,TMIN,3,18.5,27.6
SA-14,20200824,TMAX,3,31.0,40.3
SA-14,20200824,TMIN,2,19.6,21.0
SA-14,20200825,TMAX,1,32.0,32.0
SA-14,20200825,TMIN,3,19.5,28.7
SA-14,20200826,TMAX,3,31.3,39.4
SA-14,20200826,TMIN,1,27.6,27.6
SA-14,20200827,TMAX,2,31.0,31.2
SA-14,20200827,TMIN,2,18.5,27.0
SA-14,20200828,TMAX,2,30.2,33.0
SA-14,20200828,TMIN,2,17.0,17.0
SA-14,20200829,TMAX,2,30.3,31.9
SA-14,20200829,TMIN,1,19.0,19.0
SA-14,20200830,TMAX,2,30.0,38.0
SA-14,20200830,TMIN,3,18.0,24.0
SA-14,20200831,TMAX,3,32.0,38.0
SA-14,20200831,TMIN,3,16.0,24.0
SA-14,20200901,TMAX,2,31.2,31.5
SA-14,20200901,TMIN,2,18.0,25.8
SA-14,20200902,TMAX,3,30.6,37.0
SA-14,20200902,TMIN,1,16.6,16.6
SA-14,20200903,TMAX,2,30.0,37.1
SA-14,20200903,TMIN,3,17.0,24.0
SA-14,20200904,TMAX,2,30.0,31.0
SA-14,20200904,TMIN,2,16.5,17.0
SA-14,20200905,TMAX,3,30.2,38.0
SA-14,20200905,TMIN,3,16.0,21.0
SA-14,20200906,TMAX,1,30.2,30.2
SA-14,20200906,TMIN,3,17.0,21.4
SA-14,20200907,TMAX,3,30.2,37.3
SA-14,20200907,TMIN,2,17.8,21.5
SA-14,20200908,TMAX,1,37.2,37.2
SA-14,20200908,TMIN,1,16.8,16.8
SA-14,20200909,TMAX,2,32.4,38.2
SA-14,20200909,TMIN,3,18.8,22.5
SA-14,20200910,TMAX,1,32.0,32.0
SA-14,20200910,TMIN,3,17.6,24.6
SA-14,20200911,TMAX,2,28.0,30.0
SA-14,20200911,TMIN,1,19.0,19.0
SA-14,20200912,TMAX,2,32.0,32.0
SA-14,20200912,TMIN,3,15.8,25.8
SA-14,20200913,TMAX,2,32.0,32.4
SA-14,20200913,TMIN,3,15.0,21.9
SA-14,20200914,TMAX,2,30.4,31.0
SA-14,20200914,TMIN,2,18.0,20.5
SA-14,20200915,TMAX,1,29.3,29.3
SA-14,20200915,TMIN,2,15.8,17.5
SA-14,20200916,TMAX,2,30.7,32.0
SA-14,20200916,TMIN,3,16.0,25.8
SA-14,20200917,TMAX,2,31.0,37.1
SA-14,20200917,TMIN,2,16.5,18.0
SA-14,20200918,TMAX,1,30.2,30.2
SA-14,20200918,TMIN,3,16.6,21.9
SA-14,20200919,TMAX,1,29.0,29.0
SA-14,20200919,TMIN,3,15.9,19.7
SA-14,20200920,TMAX,3,29.3,35.4
SA-14,20200920,TMIN,3,15.8,19.9
SA-14,20200921,TMAX,1,30.5,30.5
SA-14,20200921,TMIN,2,16.5,16.9
SA-14,20200922,TMAX,3,29.0,36.3
SA-14,20200922,TMIN,1,15.5,15.5
SA-14,20200923,TMAX,1,36.3,36.3
SA-14,20200923,TMIN,2,17.0,20.5
SA-14,20200924,TMAX,1,30.0,30.0
SA-14,20200924,TMIN,1,16.9,16.9
SA-14,20200925,TMAX,3,29.4,36.1
SA-14,20200925,TMIN,2,14.0,17.8
SA-14,20200926,TMAX,2,31.0,35.0
SA-14,20200926,TMIN,1,16.0,16.0
SA-14,20200927,TMAX,3,29.2,36.0
SA-14,20200927,TMIN,2,15.9,16.5
SA-14,20200928,TMAX,3,29.2,36.0
SA-14,20200928,TMIN,2,17.0,18.0
SA-14,20200929,TMAX,1,30.0,30.0
SA-14,20200929,TMIN,1,16.5,16.5
SA-14,20200930,TMIN,3,14.5,19.0
SA-14,20201001,TMAX,3,28.4,36.0
SA-14,20201001,TMIN,1,16.0,16.0
SA-14,20201002,TMAX,1,28.2,28.2
SA-14,20201002,TMIN,2,15.5,20.5
SA-14,20201003,TMAX,2,27.6,28.4
SA-14,20201003,TMIN,2,14.1,18.0
SA-14,20201004,TMAX,3,27.2,35.0
SA-14,20201004,TMIN,2,14.0,17.0
SA-14,20201005,TMIN,2,13.0,14.0
SA-14,20201006,TMAX,3,28.3,35.4
SA-14,20201006,TMIN,2,12.5,14.5
SA-14,20201007,TMAX,3,28.4,35.1
SA-14,20201007,TMIN,1,15.0,15.0
SA-14,20201008,TMAX,1,29.0,29.0
SA-14,20201008,TMIN,3,14.8,19.8
SA-14,20201009,TMAX,3,26.3,34.0
SA-14,20201009,TMIN,1,15.0,15.0
SA-14,20201010,TMAX,2,27.4,33.0
SA-14,20201010,TMIN,3,13.8,15.5
SA-14,20201011,TMAX,1,27.0,27.0
SA-14,20201011,TMIN,3,11.8,14.5
SA-14,20201012,TMAX,3,27.3,32.0
SA-14,20201012,TMIN,3,11.4,15.5
SA-14,20201013,TMAX,2,26.0,27.0
SA-14,20201013,TMIN,1,14.8,14.8
SA-14,20201014,TMAX,3,26.0,32.0
SA-14,20201014,TMIN,2,11.8,13.9
SA-14,20201015,TMAX,3,25.4,31.2
SA-14,20201015,TMIN,3,13.0,13.0
SA-14,20201016,TMAX,3,25.0,31.4
SA-14,20201016,TMIN,2,12.0,12.9
SA-14,20201017,TMAX,1,31.5,31.5
SA-14,20201017,TMIN,1,12.4,12.4
SA-14,20201018,TMAX,2,26.5,30.0
SA-14,20201018,TMIN,3,10.8,16.1
SA-14,20201019,TMAX,2,24.3,26.0
SA-14,20201019,TMIN,3,10.7,13.9
SA-14,20201020,TMAX,3,24.4,29.4
SA-14,20201020,TMIN,1,11.5,11.5
SA-14,20201021,TMAX,3,26.2,30.4
SA-14,20201021,TMIN,2,12.0,12.9
SA-14,20201022,TMAX,2,27.0,29.8
SA-14,20201022,TMIN,1,14.0,14.0
SA-14,20201023,TMAX,2,26.5,30.2
SA-14,20201023,TMIN,2,13.0,13.8
SA-14,20201024,TMAX,2,26.4,31.0
SA-14,20201024,TMIN,2,11.0,12.7
SA-14,20201025,TMAX,3,26.2,32.4
SA-14,20201025,TMIN,2,10.8,12.8
SA-14,20201026,TMAX,2,28.0,30.3
SA-14,20201026,TMIN,1,12.8,12.8
SA-14,20201027,TMAX,2,25.0,29.4
SA-14,20201027,TMIN,3,11.0,13.5
SA-14,20201028,TMAX,2,24.9,25.5
SA-14,20201028,TMIN,2,11.0,11.4
SA-14,20201029,TMAX,3,24.0,28.0
SA-14,20201029,TMIN,2,10.5,12.9
SA-14,20201030,TMAX,2,24.0,26.0
SA-14,20201030,TMIN,3,11.0,12.0
SA-14,20201031,TMAX,3,26.0,30.0
SA-14,20201031,TMIN,1,13.0,13.0
SA-14,20201101,TMAX,2,26.9,30.4
SA-14,20201101,TMIN,1,13.5,13.5
SA-14,20201102,TMAX,2,25.3,26.0
SA-14,20201102,TMIN,2,10.6,11.0
SA-14,20201103,TMAX,1,26.0,26.0
SA-14,20201103,TMIN,2,9.0,10.7
SA-14,20201104,TMAX,3,23.0,30.0
SA-14,20201104,TMIN,2,11.0,11.0
SA-14,20201105,TMAX,2,24.0,25.0
SA-14,20201105,TMIN,3,12.0,14.0
SA-14,20201106,TMAX,2,22.2,29.3
SA-14,20201106,TMIN,2,13.3,13.5
SA-14,20201107,TMAX,3,22.2,31.0
SA-14,20201107,TMIN,3,10.5,16.9
SA-14,20201108,TMAX,2,24.1,25.0
SA-14,20201108,TMIN,2,14.0,16.6
SA-14,20201109,TMAX,2,25.0,32.3
SA-14,20201109,TMIN,1,14.0,14.0
SA-14,20201110,TMAX,3,26.0,32.0
SA-14,20201110,TMIN,3,12.1,15.7
SA-14,20201111,TMAX,3,24.4,31.4
SA-14,20201111,TMIN,3,10.5,14.0
SA-14,20201112,TMAX,2,25.0,30.9
SA-14,20201112,TMIN,3,11.6,13.5
SA-14,20201113,TMAX,1,26.0,26.0
SA-14,20201113,TMIN,3,12.0,13.9
SA-14,20201114,TMAX,1,25.2,25.2
SA-14,20201114,TMIN,1,12.0,12.0
SA-14,20201115,TMAX,2,24.0,30.3
SA-14,20201115,TMIN,3,11.7,13.0
SA-14,20201116,TMIN,3,12.5,14.6
SA-14,20201117,TMAX,2,26.0,30.1
SA-14,20201117,TMIN,3,12.8,14.5
SA-14,20201118,TMAX,2,24.8,26.0
SA-14,20201118,TMIN,3,10.1,13.9
SA-14,20201119,TMAX,3,24.0,30.2
SA-14,20201119,TMIN,2,9.5,11.0
SA-14,20201120,TMAX,2,24.0,30.4
SA-14,20201120,TMIN,3,9.6,12.6
SA-14,20201121,TMAX,1,27.9,27.9
SA-14,20201121,TMIN,2,8.6,10.0
SA-14,20201122,TMAX,2,25.2,26.0
SA-14,20201122,TMIN,3,8.0,11.7
SA-14,20201123,TMAX,2,25.1,26.0
SA-14,20201123,TMIN,1,10.9,10.9
SA-14,20201124,TMAX,2,25.1,26.0
SA-14,20201124,TMIN,2,9.7,12.0
SA-14,20201125,TMAX,1,24.0,24.0
SA-14,20201125,TMIN,3,9.0,11.5
SA-14,20201126,TMAX,3,22.0,26.1
SA-14,20201126,TMIN,2,13.0,13.5
