source_file,initial_time,lead_time_hours,valid_start_time,valid_end_time,region_id,region_name_en,indicator,unit,region_cell_count,valid_cell_count,minimum,weighted_mean,spatial_p95,maximum
handoff/mazu_like/mazu_like_20180601_00_lead024.nc,2018-06-01T00:00:00Z,24,2018-06-01T00:00:00Z,2018-06-02T00:00:00Z,SA-01,Riyadh Region,daily_precip_total,mm,531,531,0.21949434,0.3790037,0.52160722,0.66210794
handoff/mazu_like/mazu_like_20180601_00_lead024.nc,2018-06-01T00:00:00Z,24,2018-06-01T00:00:00Z,2018-06-02T00:00:00Z,SA-01,Riyadh Region,t2m_c,degC,531,531,33.670105,36.009832,37.455536,38.429901
handoff/mazu_like/mazu_like_20180601_00_lead024.nc,2018-06-01T00:00:00Z,24,2018-06-01T00:00:00Z,2018-06-02T00:00:00Z,SA-01,Riyadh Region,tmax_c,degC,531,531,38.729614,41.048301,42.756332,43.78183
handoff/mazu_like/mazu_like_20180601_00_lead024.nc,2018-06-01T00:00:00Z,24,2018-06-01T00:00:00Z,2018-06-02T00:00:00Z,SA-01,Riyadh Region,tmin_c,degC,531,531,28.278748,31.134967,32.520554,33.32901
handoff/mazu_like/mazu_like_20180601_00_lead024.nc,2018-06-01T00:00:00Z,24,2018-06-01T00:00:00Z,2018-06-02T00:00:00Z,SA-01,Riyadh Region,wind10_speed,m s-1,531,531,1.4418833,3.1248446,4.2487569,4.7419124
handoff/mazu_like/mazu_like_20180601_00_lead024.nc,2018-06-01T00:00:00Z,24,2018-06-01T00:00:00Z,2018-06-02T00:00:00Z,SA-01,Riyadh Region,pwat,kg m-2,531,531,19.163399,30.415627,39.922223,45.118922
handoff/mazu_like/mazu_like_20180601_00_lead024.nc,2018-06-01T00:00:00Z,24,2018-06-01T00:00:00Z,2018-06-02T00:00:00Z,SA-01,Riyadh Region,ivt,kg m-1 s-1,531,531,37.259727,95.965139,147.27944,172.4463
handoff/mazu_like/mazu_like_20180601_00_lead024.nc,2018-06-01T00:00:00Z,24,2018-06-01T00:00:00Z,2018-06-02T00:00:00Z,SA-01,Riyadh Region,wind850_speed,m s-1,531,531,2.0418606,5.2303323,7.0674064,7.5548506
handoff/mazu_like/mazu_like_20180601_00_lead024.nc,2018-06-01T00:00:00Z,24,2018-06-01T00:00:00Z,2018-06-02T00:00:00Z,SA-01,Riyadh Region,wind_shear_850_200,m s-1,531,531,2.7789049,13.317878,24.05644,35.02256
handoff/mazu_like/mazu_like_20180601_00_lead024.nc,2018-06-01T00:00:00Z,24,2018-06-01T00:00:00Z,2018-06-02T00:00:00Z,SA-01,Riyadh Region,omega500,Pa s-1,531,531,-0.086522609,-0.016578554,0.028301432,0.04974971
handoff/mazu_like/mazu_like_20180601_00_lead024.nc,2018-06-01T00:00:00Z,24,2018-06-01T00:00:00Z,2018-06-02T00:00:00Z,SA-01,Riyadh Region,geopotential_height500,gpm,531,531,5878.1953,5898.3534,5905.0266,5906.3784
handoff/mazu_like/mazu_like_20180601_00_lead024.nc,2018-06-01T00:00:00Z,24,2018-06-01T00:00:00Z,2018-06-02T00:00:00Z,SA-02,Makkah Region,daily_precip_total,mm,191,191,0.096509077,0.30713521,0.50487477,0.72196215
handoff/mazu_like/mazu_like_20180601_00_lead024.nc,2018-06-01T00:00:00Z,24,2018-06-01T00:00:00Z,2018-06-02T00:00:00Z,SA-02,Makkah Region,t2m_c,degC,191,191,27.384155,32.60729,35.32254,37.809357
handoff/mazu_like/mazu_like_20180601_00_lead024.nc,2018-06-01T00:00:00Z,24,2018-06-01T00:00:00Z,2018-06-02T00:00:00Z,SA-02,Makkah Region,tmax_c,degC,191,191,32.530914,38.211394,40.649277,44.000763
handoff/mazu_like/mazu_like_20180601_00_lead024.nc,2018-06-01T00:00:00Z,24,2018-06-01T00:00:00Z,2018-06-02T00:00:00Z,SA-02,Makkah Region,tmin_c,degC,191,191,22.886475,27.190323,30.77774,32.031586
handoff/mazu_like/mazu_like_20180601_00_lead024.nc,2018-06-01T00:00:00Z,24,2018-06-01T00:00:00Z,2018-06-02T00:00:00Z,SA-02,Makkah Region,wind10_speed,m s-1,191,191,1.6142654,4.412095,6.4261224,9.0990934
handoff/mazu_like/mazu_like_20180601_00_lead024.nc,2018-06-01T00:00:00Z,24,2018-06-01T00:00:00Z,2018-06-02T00:00:00Z,SA-02,Makkah Region,pwat,kg m-2,191,191,14.907716,24.101901,36.362129,42.106334
handoff/mazu_like/mazu_like_20180601_00_lead024.nc,2018-06-01T00:00:00Z,24,2018-06-01T00:00:00Z,2018-06-02T00:00:00Z,SA-02,Makkah Region,ivt,kg m-1 s-1,191,191,41.444568,79.809356,115.85763,180.404
handoff/mazu_like/mazu_like_20180601_00_lead024.nc,2018-06-01T00:00:00Z,24,2018-06-01T00:00:00Z,2018-06-02T00:00:00Z,SA-02,Makkah Region,wind850_speed,m s-1,191,191,1.8936678,7.4159472,10.739678,13.196106
handoff/mazu_like/mazu_like_20180601_00_lead024.nc,2018-06-01T00:00:00Z,24,2018-06-01T00:00:00Z,2018-06-02T00:00:00Z,SA-02,Makkah Region,wind_shear_850_200,m s-1,191,191,7.0313921,15.405463,20.120278,24.113674
handoff/mazu_like/mazu_like_20180601_00_lead024.nc,2018-06-01T00:00:00Z,24,2018-06-01T00:00:00Z,2018-06-02T00:00:00Z,SA-02,Makkah Region,omega500,Pa s-1,191,191,-0.053150367,0.018855685,0.064388208,0.083843328
handoff/mazu_like/mazu_like_20180601_00_lead024.nc,2018-06-01T00:00:00Z,24,2018-06-01T00:00:00Z,2018-06-02T00:00:00Z,SA-02,Makkah Region,geopotential_height500,gpm,191,191,5883.8247,5896.4905,5900.7842,5901.7041
handoff/mazu_like/mazu_like_20180601_00_lead024.nc,2018-06-01T00:00:00Z,24,2018-06-01T00:00:00Z,2018-06-02T00:00:00Z,SA-03,Al Madinah Region,daily_precip_total,mm,207,207,0,0.21146015,0.36036632,0.43052098
handoff/mazu_like/mazu_like_20180601_00_lead024.nc,2018-06-01T00:00:00Z,24,2018-06-01T00:00:00Z,2018-06-02T00:00:00Z,SA-03,Al Madinah Region,t2m_c,degC,207,207,24.830444,30.510834,33.117142,34.31192
handoff/mazu_like/mazu_like_20180601_00_lead024.nc,2018-06-01T00:00:00Z,24,2018-06-01T00:00:00Z,2018-06-02T00:00:00Z,SA-03,Al Madinah Region,tmax_c,degC,207,207,29.365723,36.106911,38.883096,39.917297
handoff/mazu_like/mazu_like_20180601_00_lead024.nc,2018-06-01T00:00:00Z,24,2018-06-01T00:00:00Z,2018-06-02T00:00:00Z,SA-03,Al Madinah Region,tmin_c,degC,207,207,20.533875,25.364495,28.158063,29.047913
handoff/mazu_like/mazu_like_20180601_00_lead024.nc,2018-06-01T00:00:00Z,24,2018-06-01T00:00:00Z,2018-06-02T00:00:00Z,SA-03,Al Madinah Region,wind10_speed,m s-1,207,207,1.8957202,3.9321267,5.2304892,6.5009055
handoff/mazu_like/mazu_like_20180601_00_lead024.nc,2018-06-01T00:00:00Z,24,2018-06-01T00:00:00Z,2018-06-02T00:00:00Z,SA-03,Al Madinah Region,pwat,kg m-2,207,207,11.982591,16.199287,19.984332,20.704416
handoff/mazu_like/mazu_like_20180601_00_lead024.nc,2018-06-01T00:00:00Z,24,2018-06-01T00:00:00Z,2018-06-02T00:00:00Z,SA-03,Al Madinah Region,ivt,kg m-1 s-1,207,207,43.81898,83.873049,108.07537,134.35618
handoff/mazu_like/mazu_like_20180601_00_lead024.nc,2018-06-01T00:00:00Z,24,2018-06-01T00:00:00Z,2018-06-02T00:00:00Z,SA-03,Al Madinah Region,wind850_speed,m s-1,207,207,3.8482585,6.7979011,8.4444592,13.278298
handoff/mazu_like/mazu_like_20180601_00_lead024.nc,2018-06-01T00:00:00Z,24,2018-06-01T00:00:00Z,2018-06-02T00:00:00Z,SA-03,Al Madinah Region,wind_shear_850_200,m s-1,207,207,16.79878,27.707446,36.875081,38.304707
handoff/mazu_like/mazu_like_20180601_00_lead024.nc,2018-06-01T00:00:00Z,24,2018-06-01T00:00:00Z,2018-06-02T00:00:00Z,SA-03,Al Madinah Region,omega500,Pa s-1,207,207,-0.22659904,-0.016016102,0.10098357,0.15982074
handoff/mazu_like/mazu_like_20180601_00_lead024.nc,2018-06-01T00:00:00Z,24,2018-06-01T00:00:00Z,2018-06-02T00:00:00Z,SA-03,Al Madinah Region,geopotential_height500,gpm,207,207,5823.6104,5868.8013,5888.3172,5890.9922
handoff/mazu_like/mazu_like_20180601_00_lead024.nc,2018-06-01T00:00:00Z,24,2018-06-01T00:00:00Z,2018-06-02T00:00:00Z,SA-04,Eastern Region,daily_precip_total,mm,798,798,0.14018176,0.34883217,0.63355545,0.78088838
handoff/mazu_like/mazu_like_20180601_00_lead024.nc,2018-06-01T00:00:00Z,24,2018-06-01T00:00:00Z,2018-06-02T00:00:00Z,SA-04,Eastern Region,t2m_c,degC,798,798,31.348969,37.05247,39.042792,40.148895
handoff/mazu_like/mazu_like_20180601_00_lead024.nc,2018-06-01T00:00:00Z,24,2018-06-01T00:00:00Z,2018-06-02T00:00:00Z,SA-04,Eastern Region,tmax_c,degC,798,798,36.354279,43.139203,45.509152,47.119934
handoff/mazu_like/mazu_like_20180601_00_lead024.nc,2018-06-01T00:00:00Z,24,2018-06-01T00:00:00Z,2018-06-02T00:00:00Z,SA-04,Eastern Region,tmin_c,degC,798,798,26.798431,31.331375,33.216174,33.678192
handoff/mazu_like/mazu_like_20180601_00_lead024.nc,2018-06-01T00:00:00Z,24,2018-06-01T00:00:00Z,2018-06-02T00:00:00Z,SA-04,Eastern Region,wind10_speed,m s-1,798,798,1.0837238,3.2905639,4.6182919,5.599412
handoff/mazu_like/mazu_like_20180601_00_lead024.nc,2018-06-01T00:00:00Z,24,2018-06-01T00:00:00Z,2018-06-02T00:00:00Z,SA-04,Eastern Region,pwat,kg m-2,798,798,20.948914,28.160688,34.056241,47.763148
handoff/mazu_like/mazu_like_20180601_00_lead024.nc,2018-06-01T00:00:00Z,24,2018-06-01T00:00:00Z,2018-06-02T00:00:00Z,SA-04,Eastern Region,ivt,kg m-1 s-1,798,798,28.125584,125.06108,182.08439,191.36242
handoff/mazu_like/mazu_like_20180601_00_lead024.nc,2018-06-01T00:00:00Z,24,2018-06-01T00:00:00Z,2018-06-02T00:00:00Z,SA-04,Eastern Region,wind850_speed,m s-1,798,798,1.0254354,5.1454599,6.8245543,8.2257566
handoff/mazu_like/mazu_like_20180601_00_lead024.nc,2018-06-01T00:00:00Z,24,2018-06-01T00:00:00Z,2018-06-02T00:00:00Z,SA-04,Eastern Region,wind_shear_850_200,m s-1,798,798,1.8667055,9.5915206,27.80901,40.409576
handoff/mazu_like/mazu_like_20180601_00_lead024.nc,2018-06-01T00:00:00Z,24,2018-06-01T00:00:00Z,2018-06-02T00:00:00Z,SA-04,Eastern Region,omega500,Pa s-1,798,798,-0.094889946,0.0098598244,0.05395908,0.079844281
handoff/mazu_like/mazu_like_20180601_00_lead024.nc,2018-06-01T00:00:00Z,24,2018-06-01T00:00:00Z,2018-06-02T00:00:00Z,SA-04,Eastern Region,geopotential_height500,gpm,798,798,5871.9224,5902.5414,5911.0824,5912.8789
handoff/mazu_like/mazu_like_20180601_00_lead024.nc,2018-06-01T00:00:00Z,24,2018-06-01T00:00:00Z,2018-06-02T00:00:00Z,SA-05,Al-Qassim Region,daily_precip_total,mm,96,96,0.26268855,0.42222956,0.49481931,0.53381586
handoff/mazu_like/mazu_like_20180601_00_lead024.nc,2018-06-01T00:00:00Z,24,2018-06-01T00:00:00Z,2018-06-02T00:00:00Z,SA-05,Al-Qassim Region,t2m_c,degC,96,96,32.895782,34.822451,35.773392,36.052582
handoff/mazu_like/mazu_like_20180601_00_lead024.nc,2018-06-01T00:00:00Z,24,2018-06-01T00:00:00Z,2018-06-02T00:00:00Z,SA-05,Al-Qassim Region,tmax_c,degC,96,96,38.327911,40.390827,41.775055,41.841431
handoff/mazu_like/mazu_like_20180601_00_lead024.nc,2018-06-01T00:00:00Z,24,2018-06-01T00:00:00Z,2018-06-02T00:00:00Z,SA-05,Al-Qassim Region,tmin_c,degC,96,96,27.708282,29.627667,30.438103,30.916046
handoff/mazu_like/mazu_like_20180601_00_lead024.nc,2018-06-01T00:00:00Z,24,2018-06-01T00:00:00Z,2018-06-02T00:00:00Z,SA-05,Al-Qassim Region,wind10_speed,m s-1,96,96,1.9020456,3.2777897,4.5973206,4.8366776
handoff/mazu_like/mazu_like_20180601_00_lead024.nc,2018-06-01T00:00:00Z,24,2018-06-01T00:00:00Z,2018-06-02T00:00:00Z,SA-05,Al-Qassim Region,pwat,kg m-2,96,96,18.560913,21.98897,25.31873,26.707381
handoff/mazu_like/mazu_like_20180601_00_lead024.nc,2018-06-01T00:00:00Z,24,2018-06-01T00:00:00Z,2018-06-02T00:00:00Z,SA-05,Al-Qassim Region,ivt,kg m-1 s-1,96,96,56.797141,75.901223,107.1623,113.58884
handoff/mazu_like/mazu_like_20180601_00_lead024.nc,2018-06-01T00:00:00Z,24,2018-06-01T00:00:00Z,2018-06-02T00:00:00Z,SA-05,Al-Qassim Region,wind850_speed,m s-1,96,96,1.9793798,4.5434669,6.3596914,6.9012489
handoff/mazu_like/mazu_like_20180601_00_lead024.nc,2018-06-01T00:00:00Z,24,2018-06-01T00:00:00Z,2018-06-02T00:00:00Z,SA-05,Al-Qassim Region,wind_shear_850_200,m s-1,96,96,21.93186,29.575084,36.710703,37.77145
handoff/mazu_like/mazu_like_20180601_00_lead024.nc,2018-06-01T00:00:00Z,24,2018-06-01T00:00:00Z,2018-06-02T00:00:00Z,SA-05,Al-Qassim Region,omega500,Pa s-1,96,96,-0.086466394,0.015086967,0.067360891,0.10186552
handoff/mazu_like/mazu_like_20180601_00_lead024.nc,2018-06-01T00:00:00Z,24,2018-06-01T00:00:00Z,2018-06-02T00:00:00Z,SA-05,Al-Qassim Region,geopotential_height500,gpm,96,96,5868.6221,5879.6574,5888.0719,5889.417
handoff/mazu_like/mazu_like_20180601_00_lead024.nc,2018-06-01T00:00:00Z,24,2018-06-01T00:00:00Z,2018-06-02T00:00:00Z,SA-06,Hail Region,daily_precip_total,mm,163,163,0.22194476,0.37722398,0.54059585,0.57348669
handoff/mazu_like/mazu_like_20180601_00_lead024.nc,2018-06-01T00:00:00Z,24,2018-06-01T00:00:00Z,2018-06-02T00:00:00Z,SA-06,Hail Region,t2m_c,degC,163,163,26.534088,30.487342,33.680402,34.200043
handoff/mazu_like/mazu_like_20180601_00_lead024.nc,2018-06-01T00:00:00Z,24,2018-06-01T00:00:00Z,2018-06-02T00:00:00Z,SA-06,Hail Region,tmax_c,degC,163,163,32.180237,36.290853,39.223627,39.886963
handoff/mazu_like/mazu_like_20180601_00_lead024.nc,2018-06-01T00:00:00Z,24,2018-06-01T00:00:00Z,2018-06-02T00:00:00Z,SA-06,Hail Region,tmin_c,degC,163,163,21.560608,25.127744,28.526843,28.920807
handoff/mazu_like/mazu_like_20180601_00_lead024.nc,2018-06-01T00:00:00Z,24,2018-06-01T00:00:00Z,2018-06-02T00:00:00Z,SA-06,Hail Region,wind10_speed,m s-1,163,163,1.9915996,3.439045,4.7292516,5.0497208
handoff/mazu_like/mazu_like_20180601_00_lead024.nc,2018-06-01T00:00:00Z,24,2018-06-01T00:00:00Z,2018-06-02T00:00:00Z,SA-06,Hail Region,pwat,kg m-2,163,163,14.95543,19.138976,23.134938,23.519193
handoff/mazu_like/mazu_like_20180601_00_lead024.nc,2018-06-01T00:00:00Z,24,2018-06-01T00:00:00Z,2018-06-02T00:00:00Z,SA-06,Hail Region,ivt,kg m-1 s-1,163,163,43.953925,76.873171,102.64408,111.35693
handoff/mazu_like/mazu_like_20180601_00_lead024.nc,2018-06-01T00:00:00Z,24,2018-06-01T00:00:00Z,2018-06-02T00:00:00Z,SA-06,Hail Region,wind850_speed,m s-1,163,163,2.1054151,5.193037,7.0678803,7.4638186
handoff/mazu_like/mazu_like_20180601_00_lead024.nc,2018-06-01T00:00:00Z,24,2018-06-01T00:00:00Z,2018-06-02T00:00:00Z,SA-06,Hail Region,wind_shear_850_200,m s-1,163,163,27.072922,36.835112,42.502568,43.004791
handoff/mazu_like/mazu_like_20180601_00_lead024.nc,2018-06-01T00:00:00Z,24,2018-06-01T00:00:00Z,2018-06-02T00:00:00Z,SA-06,Hail Region,omega500,Pa s-1,163,163,-0.36178538,-0.083354329,0.11728129,0.18798777
handoff/mazu_like/mazu_like_20180601_00_lead024.nc,2018-06-01T00:00:00Z,24,2018-06-01T00:00:00Z,2018-06-02T00:00:00Z,SA-06,Hail Region,geopotential_height500,gpm,163,163,5827.5757,5854.323,5869.9695,5873.9814
handoff/mazu_like/mazu_like_20180601_00_lead024.nc,2018-06-01T00:00:00Z,24,2018-06-01T00:00:00Z,2018-06-02T00:00:00Z,SA-07,Tabuk Region,daily_precip_total,mm,205,205,0.1053248,0.28840972,0.4131563,0.83610266
handoff/mazu_like/mazu_like_20180601_00_lead024.nc,2018-06-01T00:00:00Z,24,2018-06-01T00:00:00Z,2018-06-02T00:00:00Z,SA-07,Tabuk Region,t2m_c,degC,205,205,23.552704,27.705606,30.972284,32.351044
handoff/mazu_like/mazu_like_20180601_00_lead024.nc,2018-06-01T00:00:00Z,24,2018-06-01T00:00:00Z,2018-06-02T00:00:00Z,SA-07,Tabuk Region,tmax_c,degC,205,205,28.226959,32.623501,35.83642,36.64679
handoff/mazu_like/mazu_like_20180601_00_lead024.nc,2018-06-01T00:00:00Z,24,2018-06-01T00:00:00Z,2018-06-02T00:00:00Z,SA-07,Tabuk Region,tmin_c,degC,205,205,18.553741,23.438194,28.428735,29.113586
handoff/mazu_like/mazu_like_20180601_00_lead024.nc,2018-06-01T00:00:00Z,24,2018-06-01T00:00:00Z,2018-06-02T00:00:00Z,SA-07,Tabuk Region,wind10_speed,m s-1,205,205,1.6981012,3.2559788,4.0608777,5.2852092
handoff/mazu_like/mazu_like_20180601_00_lead024.nc,2018-06-01T00:00:00Z,24,2018-06-01T00:00:00Z,2018-06-02T00:00:00Z,SA-07,Tabuk Region,pwat,kg m-2,205,205,13.095176,18.743042,20.853853,23.816744
handoff/mazu_like/mazu_like_20180601_00_lead024.nc,2018-06-01T00:00:00Z,24,2018-06-01T00:00:00Z,2018-06-02T00:00:00Z,SA-07,Tabuk Region,ivt,kg m-1 s-1,205,205,50.121635,95.485904,143.81463,164.47822
handoff/mazu_like/mazu_like_20180601_00_lead024.nc,2018-06-01T00:00:00Z,24,2018-06-01T00:00:00Z,2018-06-02T00:00:00Z,SA-07,Tabuk Region,wind850_speed,m s-1,205,205,2.6953614,6.0903507,10.641771,13.044084
handoff/mazu_like/mazu_like_20180601_00_lead024.nc,2018-06-01T00:00:00Z,24,2018-06-01T00:00:00Z,2018-06-02T00:00:00Z,SA-07,Tabuk Region,wind_shear_850_200,m s-1,205,205,31.149248,39.194495,44.740347,45.852272
handoff/mazu_like/mazu_like_20180601_00_lead024.nc,2018-06-01T00:00:00Z,24,2018-06-01T00:00:00Z,2018-06-02T00:00:00Z,SA-07,Tabuk Region,omega500,Pa s-1,205,205,-0.2731123,-0.033552988,0.12846026,0.38773918
handoff/mazu_like/mazu_like_20180601_00_lead024.nc,2018-06-01T00:00:00Z,24,2018-06-01T00:00:00Z,2018-06-02T00:00:00Z,SA-07,Tabuk Region,geopotential_height500,gpm,205,205,5780.7026,5816.344,5851.7208,5865.9971
handoff/mazu_like/mazu_like_20180601_00_lead024.nc,2018-06-01T00:00:00Z,24,2018-06-01T00:00:00Z,2018-06-02T00:00:00Z,SA-08,Northern Borders Region,daily_precip_total,mm,169,169,0.29358709,0.40805549,0.48751768,0.53532386
handoff/mazu_like/mazu_like_20180601_00_lead024.nc,2018-06-01T00:00:00Z,24,2018-06-01T00:00:00Z,2018-06-02T00:00:00Z,SA-08,Northern Borders Region,t2m_c,degC,169,169,24.501923,30.954672,35.704523,36.35675
handoff/mazu_like/mazu_like_20180601_00_lead024.nc,2018-06-01T00:00:00Z,24,2018-06-01T00:00:00Z,2018-06-02T00:00:00Z,SA-08,Northern Borders Region,tmax_c,degC,169,169,29.584564,36.330694,41.360504,42.053833
handoff/mazu_like/mazu_like_20180601_00_lead024.nc,2018-06-01T00:00:00Z,24,2018-06-01T00:00:00Z,2018-06-02T00:00:00Z,SA-08,Northern Borders Region,tmin_c,degC,169,169,19.151337,25.926128,30.750793,31.657318
handoff/mazu_like/mazu_like_20180601_00_lead024.nc,2018-06-01T00:00:00Z,24,2018-06-01T00:00:00Z,2018-06-02T00:00:00Z,SA-08,Northern Borders Region,wind10_speed,m s-1,169,169,2.8087151,4.1809181,5.2113903,5.4445181
handoff/mazu_like/mazu_like_20180601_00_lead024.nc,2018-06-01T00:00:00Z,24,2018-06-01T00:00:00Z,2018-06-02T00:00:00Z,SA-08,Northern Borders Region,pwat,kg m-2,169,169,20.046949,22.693983,26.348861,27.310563
handoff/mazu_like/mazu_like_20180601_00_lead024.nc,2018-06-01T00:00:00Z,24,2018-06-01T00:00:00Z,2018-06-02T00:00:00Z,SA-08,Northern Borders Region,ivt,kg m-1 s-1,169,169,39.060652,97.490279,163.56553,171.98703
handoff/mazu_like/mazu_like_20180601_00_lead024.nc,2018-06-01T00:00:00Z,24,2018-06-01T00:00:00Z,2018-06-02T00:00:00Z,SA-08,Northern Borders Region,wind850_speed,m s-1,169,169,2.9868765,5.0589835,6.9745535,7.8613825
handoff/mazu_like/mazu_like_20180601_00_lead024.nc,2018-06-01T00:00:00Z,24,2018-06-01T00:00:00Z,2018-06-02T00:00:00Z,SA-08,Northern Borders Region,wind_shear_850_200,m s-1,169,169,34.938221,42.612311,45.167944,45.526176
handoff/mazu_like/mazu_like_20180601_00_lead024.nc,2018-06-01T00:00:00Z,24,2018-06-01T00:00:00Z,2018-06-02T00:00:00Z,SA-08,Northern Borders Region,omega500,Pa s-1,169,169,-0.26969892,-0.058024821,0.061529037,0.081362717
handoff/mazu_like/mazu_like_20180601_00_lead024.nc,2018-06-01T00:00:00Z,24,2018-06-01T00:00:00Z,2018-06-02T00:00:00Z,SA-08,Northern Borders Region,geopotential_height500,gpm,169,169,5757.6416,5823.2197,5872.5038,5878.0688
handoff/mazu_like/mazu_like_20180601_00_lead024.nc,2018-06-01T00:00:00Z,24,2018-06-01T00:00:00Z,2018-06-02T00:00:00Z,SA-09,Jazan Region,daily_precip_total,mm,22,22,0.2178559,1.3214364,4.2932856,8.9336538
handoff/mazu_like/mazu_like_20180601_00_lead024.nc,2018-06-01T00:00:00Z,24,2018-06-01T00:00:00Z,2018-06-02T00:00:00Z,SA-09,Jazan Region,t2m_c,degC,22,22,24.924805,32.772587,35.351225,35.4422
handoff/mazu_like/mazu_like_20180601_00_lead024.nc,2018-06-01T00:00:00Z,24,2018-06-01T00:00:00Z,2018-06-02T00:00:00Z,SA-09,Jazan Region,tmax_c,degC,22,22,27.733643,36.19859,39.272145,39.579987
handoff/mazu_like/mazu_like_20180601_00_lead024.nc,2018-06-01T00:00:00Z,24,2018-06-01T00:00:00Z,2018-06-02T00:00:00Z,SA-09,Jazan Region,tmin_c,degC,22,22,21.302734,29.598588,31.870926,32.122437
handoff/mazu_like/mazu_like_20180601_00_lead024.nc,2018-06-01T00:00:00Z,24,2018-06-01T00:00:00Z,2018-06-02T00:00:00Z,SA-09,Jazan Region,wind10_speed,m s-1,22,22,1.3852813,2.6917451,3.8676124,4.6060896
handoff/mazu_like/mazu_like_20180601_00_lead024.nc,2018-06-01T00:00:00Z,24,2018-06-01T00:00:00Z,2018-06-02T00:00:00Z,SA-09,Jazan Region,pwat,kg m-2,22,22,41.783822,51.566012,55.837386,60.273903
handoff/mazu_like/mazu_like_20180601_00_lead024.nc,2018-06-01T00:00:00Z,24,2018-06-01T00:00:00Z,2018-06-02T00:00:00Z,SA-09,Jazan Region,ivt,kg m-1 s-1,22,22,88.716179,131.01202,184.53369,186.93764
handoff/mazu_like/mazu_like_20180601_00_lead024.nc,2018-06-01T00:00:00Z,24,2018-06-01T00:00:00Z,2018-06-02T00:00:00Z,SA-09,Jazan Region,wind850_speed,m s-1,22,22,1.1455022,3.1832571,6.5904131,7.8640985
handoff/mazu_like/mazu_like_20180601_00_lead024.nc,2018-06-01T00:00:00Z,24,2018-06-01T00:00:00Z,2018-06-02T00:00:00Z,SA-09,Jazan Region,wind_shear_850_200,m s-1,22,22,3.7709773,6.6538379,10.241581,11.652043
handoff/mazu_like/mazu_like_20180601_00_lead024.nc,2018-06-01T00:00:00Z,24,2018-06-01T00:00:00Z,2018-06-02T00:00:00Z,SA-09,Jazan Region,omega500,Pa s-1,22,22,-0.28456905,-0.042899074,0.031923205,0.035196058
handoff/mazu_like/mazu_like_20180601_00_lead024.nc,2018-06-01T00:00:00Z,24,2018-06-01T00:00:00Z,2018-06-02T00:00:00Z,SA-09,Jazan Region,geopotential_height500,gpm,22,22,5893.8037,5896.8811,5899.3549,5899.6948
handoff/mazu_like/mazu_like_20180601_00_lead024.nc,2018-06-01T00:00:00Z,24,2018-06-01T00:00:00Z,2018-06-02T00:00:00Z,SA-10,Najran Region,daily_precip_total,mm,123,123,0.3179754,0.60320094,1.0469612,1.9079103
handoff/mazu_like/mazu_like_20180601_00_lead024.nc,2018-06-01T00:00:00Z,24,2018-06-01T00:00:00Z,2018-06-02T00:00:00Z,SA-10,Najran Region,t2m_c,degC,123,123,26.470551,33.71438,36.164334,36.618988
handoff/mazu_like/mazu_like_20180601_00_lead024.nc,2018-06-01T00:00:00Z,24,2018-06-01T00:00:00Z,2018-06-02T00:00:00Z,SA-10,Najran Region,tmax_c,degC,123,123,31.54953,38.302787,40.27562,40.899475
handoff/mazu_like/mazu_like_20180601_00_lead024.nc,2018-06-01T00:00:00Z,24,2018-06-01T00:00:00Z,2018-06-02T00:00:00Z,SA-10,Najran Region,tmin_c,degC,123,123,21.807922,29.393466,31.930716,32.187836
handoff/mazu_like/mazu_like_20180601_00_lead024.nc,2018-06-01T00:00:00Z,24,2018-06-01T00:00:00Z,2018-06-02T00:00:00Z,SA-10,Najran Region,wind10_speed,m s-1,123,123,1.6229572,2.5533945,3.2519698,3.4194202
handoff/mazu_like/mazu_like_20180601_00_lead024.nc,2018-06-01T00:00:00Z,24,2018-06-01T00:00:00Z,2018-06-02T00:00:00Z,SA-10,Najran Region,pwat,kg m-2,123,123,36.435133,45.254207,50.210981,51.583668
handoff/mazu_like/mazu_like_20180601_00_lead024.nc,2018-06-01T00:00:00Z,24,2018-06-01T00:00:00Z,2018-06-02T00:00:00Z,SA-10,Najran Region,ivt,kg m-1 s-1,123,123,130.36518,158.68229,179.17036,185.23642
handoff/mazu_like/mazu_like_20180601_00_lead024.nc,2018-06-01T00:00:00Z,24,2018-06-01T00:00:00Z,2018-06-02T00:00:00Z,SA-10,Najran Region,wind850_speed,m s-1,123,123,2.3350673,4.1825277,4.9392366,5.1331282
handoff/mazu_like/mazu_like_20180601_00_lead024.nc,2018-06-01T00:00:00Z,24,2018-06-01T00:00:00Z,2018-06-02T00:00:00Z,SA-10,Najran Region,wind_shear_850_200,m s-1,123,123,2.2164547,3.9891301,5.5680249,6.1859989
handoff/mazu_like/mazu_like_20180601_00_lead024.nc,2018-06-01T00:00:00Z,24,2018-06-01T00:00:00Z,2018-06-02T00:00:00Z,SA-10,Najran Region,omega500,Pa s-1,123,123,-0.05636923,-0.0098376563,0.027326818,0.060299732
handoff/mazu_like/mazu_like_20180601_00_lead024.nc,2018-06-01T00:00:00Z,24,2018-06-01T00:00:00Z,2018-06-02T00:00:00Z,SA-10,Najran Region,geopotential_height500,gpm,123,123,5893.2979,5896.8982,5898.7886,5899.3965
handoff/mazu_like/mazu_like_20180601_00_lead024.nc,2018-06-01T00:00:00Z,24,2018-06-01T00:00:00Z,2018-06-02T00:00:00Z,SA-11,Al Bahah Region,daily_precip_total,mm,12,12,0.26020914,0.42118394,0.65788572,0.7145384
handoff/mazu_like/mazu_like_20180601_00_lead024.nc,2018-06-01T00:00:00Z,24,2018-06-01T00:00:00Z,2018-06-02T00:00:00Z,SA-11,Al Bahah Region,t2m_c,degC,12,12,28.764313,31.806401,36.448097,36.815094
handoff/mazu_like/mazu_like_20180601_00_lead024.nc,2018-06-01T00:00:00Z,24,2018-06-01T00:00:00Z,2018-06-02T00:00:00Z,SA-11,Al Bahah Region,tmax_c,degC,12,12,32.83075,36.614245,41.725688,42.150391
handoff/mazu_like/mazu_like_20180601_00_lead024.nc,2018-06-01T00:00:00Z,24,2018-06-01T00:00:00Z,2018-06-02T00:00:00Z,SA-11,Al Bahah Region,tmin_c,degC,12,12,24.354553,27.351732,31.643771,31.77533
handoff/mazu_like/mazu_like_20180601_00_lead024.nc,2018-06-01T00:00:00Z,24,2018-06-01T00:00:00Z,2018-06-02T00:00:00Z,SA-11,Al Bahah Region,wind10_speed,m s-1,12,12,1.5440652,2.4748481,3.4782205,3.5903628
handoff/mazu_like/mazu_like_20180601_00_lead024.nc,2018-06-01T00:00:00Z,24,2018-06-01T00:00:00Z,2018-06-02T00:00:00Z,SA-11,Al Bahah Region,pwat,kg m-2,12,12,27.960095,32.429841,35.980198,36.406471
handoff/mazu_like/mazu_like_20180601_00_lead024.nc,2018-06-01T00:00:00Z,24,2018-06-01T00:00:00Z,2018-06-02T00:00:00Z,SA-11,Al Bahah Region,ivt,kg m-1 s-1,12,12,42.579961,56.913779,83.200997,88.066789
handoff/mazu_like/mazu_like_20180601_00_lead024.nc,2018-06-01T00:00:00Z,24,2018-06-01T00:00:00Z,2018-06-02T00:00:00Z,SA-11,Al Bahah Region,wind850_speed,m s-1,12,12,1.7179352,3.5363502,5.7461114,5.7721329
handoff/mazu_like/mazu_like_20180601_00_lead024.nc,2018-06-01T00:00:00Z,24,2018-06-01T00:00:00Z,2018-06-02T00:00:00Z,SA-11,Al Bahah Region,wind_shear_850_200,m s-1,12,12,7.9807782,9.5605949,11.203728,11.376449
handoff/mazu_like/mazu_like_20180601_00_lead024.nc,2018-06-01T00:00:00Z,24,2018-06-01T00:00:00Z,2018-06-02T00:00:00Z,SA-11,Al Bahah Region,omega500,Pa s-1,12,12,-0.019889666,0.020629129,0.051093861,0.056211635
handoff/mazu_like/mazu_like_20180601_00_lead024.nc,2018-06-01T00:00:00Z,24,2018-06-01T00:00:00Z,2018-06-02T00:00:00Z,SA-11,Al Bahah Region,geopotential_height500,gpm,12,12,5899.1475,5900.2813,5900.8952,5900.998
handoff/mazu_like/mazu_like_20180601_00_lead024.nc,2018-06-01T00:00:00Z,24,2018-06-01T00:00:00Z,2018-06-02T00:00:00Z,SA-12,Al Jawf Region,daily_precip_total,mm,122,122,0.25356835,0.37888361,0.43859276,0.4772096
handoff/mazu_like/mazu_like_20180601_00_lead024.nc,2018-06-01T00:00:00Z,24,2018-06-01T00:00:00Z,2018-06-02T00:00:00Z,SA-12,Al Jawf Region,t2m_c,degC,122,122,24.747833,28.312447,30.438553,31.359192
handoff/mazu_like/mazu_like_20180601_00_lead024.nc,2018-06-01T00:00:00Z,24,2018-06-01T00:00:00Z,2018-06-02T00:00:00Z,SA-12,Al Jawf Region,tmax_c,degC,122,122,30.271698,33.537727,35.746706,36.409149
handoff/mazu_like/mazu_like_20180601_00_lead024.nc,2018-06-01T00:00:00Z,24,2018-06-01T00:00:00Z,2018-06-02T00:00:00Z,SA-12,Al Jawf Region,tmin_c,degC,122,122,19.55014,23.377089,25.347855,26.548767
handoff/mazu_like/mazu_like_20180601_00_lead024.nc,2018-06-01T00:00:00Z,24,2018-06-01T00:00:00Z,2018-06-02T00:00:00Z,SA-12,Al Jawf Region,wind10_speed,m s-1,122,122,2.1978524,3.3585538,4.3422508,4.5537109
handoff/mazu_like/mazu_like_20180601_00_lead024.nc,2018-06-01T00:00:00Z,24,2018-06-01T00:00:00Z,2018-06-02T00:00:00Z,SA-12,Al Jawf Region,pwat,kg m-2,122,122,19.017863,21.241511,23.039002,23.345038
handoff/mazu_like/mazu_like_20180601_00_lead024.nc,2018-06-01T00:00:00Z,24,2018-06-01T00:00:00Z,2018-06-02T00:00:00Z,SA-12,Al Jawf Region,ivt,kg m-1 s-1,122,122,40.626461,87.751009,153.14197,176.40838
handoff/mazu_like/mazu_like_20180601_00_lead024.nc,2018-06-01T00:00:00Z,24,2018-06-01T00:00:00Z,2018-06-02T00:00:00Z,SA-12,Al Jawf Region,wind850_speed,m s-1,122,122,2.2388606,4.1873346,7.1486526,8.4391584
handoff/mazu_like/mazu_like_20180601_00_lead024.nc,2018-06-01T00:00:00Z,24,2018-06-01T00:00:00Z,2018-06-02T00:00:00Z,SA-12,Al Jawf Region,wind_shear_850_200,m s-1,122,122,32.013771,44.268082,46.122962,46.340069
handoff/mazu_like/mazu_like_20180601_00_lead024.nc,2018-06-01T00:00:00Z,24,2018-06-01T00:00:00Z,2018-06-02T00:00:00Z,SA-12,Al Jawf Region,omega500,Pa s-1,122,122,-0.33640832,-0.11511755,0.11247086,0.13990897
handoff/mazu_like/mazu_like_20180601_00_lead024.nc,2018-06-01T00:00:00Z,24,2018-06-01T00:00:00Z,2018-06-02T00:00:00Z,SA-12,Al Jawf Region,geopotential_height500,gpm,122,122,5756.2954,5801.6668,5825.4895,5830.1431
handoff/mazu_like/mazu_like_20180601_00_lead024.nc,2018-06-01T00:00:00Z,24,2018-06-01T00:00:00Z,2018-06-02T00:00:00Z,SA-14,Asir Region,daily_precip_total,mm,104,104,0.18244798,0.5106512,1.7550504,3.362042
handoff/mazu_like/mazu_like_20180601_00_lead024.nc,2018-06-01T00:00:00Z,24,2018-06-01T00:00:00Z,2018-06-02T00:00:00Z,SA-14,Asir Region,t2m_c,degC,104,104,24.200806,30.505939,34.631041,35.465424
handoff/mazu_like/mazu_like_20180601_00_lead024.nc,2018-06-01T00:00:00Z,24,2018-06-01T00:00:00Z,2018-06-02T00:00:00Z,SA-14,Asir Region,tmax_c,degC,104,104,27.856873,35.361604,39.946252,40.652954
handoff/mazu_like/mazu_like_20180601_00_lead024.nc,2018-06-01T00:00:00Z,24,2018-06-01T00:00:00Z,2018-06-02T00:00:00Z,SA-14,Asir Region,tmin_c,degC,104,104,19.612671,25.740561,29.99191,30.468384
handoff/mazu_like/mazu_like_20180601_00_lead024.nc,2018-06-01T00:00:00Z,24,2018-06-01T00:00:00Z,2018-06-02T00:00:00Z,SA-14,Asir Region,wind10_speed,m s-1,104,104,0.85878789,3.1007917,4.2386003,4.4153485
handoff/mazu_like/mazu_like_20180601_00_lead024.nc,2018-06-01T00:00:00Z,24,2018-06-01T00:00:00Z,2018-06-02T00:00:00Z,SA-14,Asir Region,pwat,kg m-2,104,104,25.103641,33.291728,44.555801,51.41118
handoff/mazu_like/mazu_like_20180601_00_lead024.nc,2018-06-01T00:00:00Z,24,2018-06-01T00:00:00Z,2018-06-02T00:00:00Z,SA-14,Asir Region,ivt,kg m-1 s-1,104,104,49.776456,95.770296,134.548,146.68231
handoff/mazu_like/mazu_like_20180601_00_lead024.nc,2018-06-01T00:00:00Z,24,2018-06-01T00:00:00Z,2018-06-02T00:00:00Z,SA-14,Asir Region,wind850_speed,m s-1,104,104,0.9493764,4.1050185,7.0472881,7.6904721
handoff/mazu_like/mazu_like_20180601_00_lead024.nc,2018-06-01T00:00:00Z,24,2018-06-01T00:00:00Z,2018-06-02T00:00:00Z,SA-14,Asir Region,wind_shear_850_200,m s-1,104,104,3.3595524,7.8905938,13.211895,14.27846
handoff/mazu_like/mazu_like_20180601_00_lead024.nc,2018-06-01T00:00:00Z,24,2018-06-01T00:00:00Z,2018-06-02T00:00:00Z,SA-14,Asir Region,omega500,Pa s-1,104,104,-0.11282447,0.012119167,0.045985427,0.067715868
handoff/mazu_like/mazu_like_20180601_00_lead024.nc,2018-06-01T00:00:00Z,24,2018-06-01T00:00:00Z,2018-06-02T00:00:00Z,SA-14,Asir Region,geopotential_height500,gpm,104,104,5895.7832,5899.4281,5901.2692,5901.7451
handoff/mazu_like/mazu_like_20180601_00_lead048.nc,2018-06-01T00:00:00Z,48,2018-06-02T00:00:00Z,2018-06-03T00:00:00Z,SA-01,Riyadh Region,daily_precip_total,mm,531,531,0.33897072,0.55170516,0.80936557,0.89424604
handoff/mazu_like/mazu_like_20180601_00_lead048.nc,2018-06-01T00:00:00Z,48,2018-06-02T00:00:00Z,2018-06-03T00:00:00Z,SA-01,Riyadh Region,t2m_c,degC,531,531,33.078979,36.405693,38.086578,38.800293
handoff/mazu_like/mazu_like_20180601_00_lead048.nc,2018-06-01T00:00:00Z,48,2018-06-02T00:00:00Z,2018-06-03T00:00:00Z,SA-01,Riyadh Region,tmax_c,degC,531,531,38.959534,42.116922,44.182648,44.81546
handoff/mazu_like/mazu_like_20180601_00_lead048.nc,2018-06-01T00:00:00Z,48,2018-06-02T00:00:00Z,2018-06-03T00:00:00Z,SA-01,Riyadh Region,tmin_c,degC,531,531,27.708008,31.017459,32.819412,33.805878
handoff/mazu_like/mazu_like_20180601_00_lead048.nc,2018-06-01T00:00:00Z,48,2018-06-02T00:00:00Z,2018-06-03T00:00:00Z,SA-01,Riyadh Region,wind10_speed,m s-1,531,531,1.5570133,3.6114515,4.7262123,5.0199637
handoff/mazu_like/mazu_like_20180601_00_lead048.nc,2018-06-01T00:00:00Z,48,2018-06-02T00:00:00Z,2018-06-03T00:00:00Z,SA-01,Riyadh Region,pwat,kg m-2,531,531,16.578135,26.584499,33.810601,35.744032
handoff/mazu_like/mazu_like_20180601_00_lead048.nc,2018-06-01T00:00:00Z,48,2018-06-02T00:00:00Z,2018-06-03T00:00:00Z,SA-01,Riyadh Region,ivt,kg m-1 s-1,531,531,28.246278,109.73503,171.16148,179.6806
handoff/mazu_like/mazu_like_20180601_00_lead048.nc,2018-06-01T00:00:00Z,48,2018-06-02T00:00:00Z,2018-06-03T00:00:00Z,SA-01,Riyadh Region,wind850_speed,m s-1,531,531,1.6213701,6.0463836,8.3724322,9.1381798
handoff/mazu_like/mazu_like_20180601_00_lead048.nc,2018-06-01T00:00:00Z,48,2018-06-02T00:00:00Z,2018-06-03T00:00:00Z,SA-01,Riyadh Region,wind_shear_850_200,m s-1,531,531,1.6148674,10.332599,22.587662,36.120834
handoff/mazu_like/mazu_like_20180601_00_lead048.nc,2018-06-01T00:00:00Z,48,2018-06-02T00:00:00Z,2018-06-03T00:00:00Z,SA-01,Riyadh Region,omega500,Pa s-1,531,531,-0.14544281,0.0082015272,0.049732113,0.072948098
handoff/mazu_like/mazu_like_20180601_00_lead048.nc,2018-06-01T00:00:00Z,48,2018-06-02T00:00:00Z,2018-06-03T00:00:00Z,SA-01,Riyadh Region,geopotential_height500,gpm,531,531,5872.9624,5899.9752,5906.7346,5907.7173
handoff/mazu_like/mazu_like_20180601_00_lead048.nc,2018-06-01T00:00:00Z,48,2018-06-02T00:00:00Z,2018-06-03T00:00:00Z,SA-02,Makkah Region,daily_precip_total,mm,191,191,0.10486085,0.37989105,0.50728172,0.59320611
handoff/mazu_like/mazu_like_20180601_00_lead048.nc,2018-06-01T00:00:00Z,48,2018-06-02T00:00:00Z,2018-06-03T00:00:00Z,SA-02,Makkah Region,t2m_c,degC,191,191,27.430023,32.461711,34.949203,36.450714
handoff/mazu_like/mazu_like_20180601_00_lead048.nc,2018-06-01T00:00:00Z,48,2018-06-02T00:00:00Z,2018-06-03T00:00:00Z,SA-02,Makkah Region,tmax_c,degC,191,191,31.998993,38.29445,40.898331,42.341461
handoff/mazu_like/mazu_like_20180601_00_lead048.nc,2018-06-01T00:00:00Z,48,2018-06-02T00:00:00Z,2018-06-03T00:00:00Z,SA-02,Makkah Region,tmin_c,degC,191,191,22.623169,27.427505,30.121506,31.22049
handoff/mazu_like/mazu_like_20180601_00_lead048.nc,2018-06-01T00:00:00Z,48,2018-06-02T00:00:00Z,2018-06-03T00:00:00Z,SA-02,Makkah Region,wind10_speed,m s-1,191,191,1.7731161,3.8852859,5.2133846,6.5482593
handoff/mazu_like/mazu_like_20180601_00_lead048.nc,2018-06-01T00:00:00Z,48,2018-06-02T00:00:00Z,2018-06-03T00:00:00Z,SA-02,Makkah Region,pwat,kg m-2,191,191,13.98679,18.737526,29.572259,34.340253
handoff/mazu_like/mazu_like_20180601_00_lead048.nc,2018-06-01T00:00:00Z,48,2018-06-02T00:00:00Z,2018-06-03T00:00:00Z,SA-02,Makkah Region,ivt,kg m-1 s-1,191,191,40.485992,70.196154,91.33297,109.28334
handoff/mazu_like/mazu_like_20180601_00_lead048.nc,2018-06-01T00:00:00Z,48,2018-06-02T00:00:00Z,2018-06-03T00:00:00Z,SA-02,Makkah Region,wind850_speed,m s-1,191,191,2.0601192,7.1046766,9.4776525,10.653859
handoff/mazu_like/mazu_like_20180601_00_lead048.nc,2018-06-01T00:00:00Z,48,2018-06-02T00:00:00Z,2018-06-03T00:00:00Z,SA-02,Makkah Region,wind_shear_850_200,m s-1,191,191,4.370513,14.684062,20.894774,23.5425
handoff/mazu_like/mazu_like_20180601_00_lead048.nc,2018-06-01T00:00:00Z,48,2018-06-02T00:00:00Z,2018-06-03T00:00:00Z,SA-02,Makkah Region,omega500,Pa s-1,191,191,-0.022053033,0.065034284,0.10767495,0.16943116
handoff/mazu_like/mazu_like_20180601_00_lead048.nc,2018-06-01T00:00:00Z,48,2018-06-02T00:00:00Z,2018-06-03T00:00:00Z,SA-02,Makkah Region,geopotential_height500,gpm,191,191,5882.2192,5898.2362,5903.1699,5904.2495
handoff/mazu_like/mazu_like_20180601_00_lead048.nc,2018-06-01T00:00:00Z,48,2018-06-02T00:00:00Z,2018-06-03T00:00:00Z,SA-03,Al Madinah Region,daily_precip_total,mm,207,207,0.0096277129,0.32955482,0.45607211,0.51398045
handoff/mazu_like/mazu_like_20180601_00_lead048.nc,2018-06-01T00:00:00Z,48,2018-06-02T00:00:00Z,2018-06-03T00:00:00Z,SA-03,Al Madinah Region,t2m_c,degC,207,207,24.672485,31.016613,33.065622,33.710663
handoff/mazu_like/mazu_like_20180601_00_lead048.nc,2018-06-01T00:00:00Z,48,2018-06-02T00:00:00Z,2018-06-03T00:00:00Z,SA-03,Al Madinah Region,tmax_c,degC,207,207,29.182251,36.586002,38.765231,39.949707
handoff/mazu_like/mazu_like_20180601_00_lead048.nc,2018-06-01T00:00:00Z,48,2018-06-02T00:00:00Z,2018-06-03T00:00:00Z,SA-03,Al Madinah Region,tmin_c,degC,207,207,18.903198,25.8487,28.929526,29.743835
handoff/mazu_like/mazu_like_20180601_00_lead048.nc,2018-06-01T00:00:00Z,48,2018-06-02T00:00:00Z,2018-06-03T00:00:00Z,SA-03,Al Madinah Region,wind10_speed,m s-1,207,207,1.9177289,3.7288845,4.9396833,5.4408517
handoff/mazu_like/mazu_like_20180601_00_lead048.nc,2018-06-01T00:00:00Z,48,2018-06-02T00:00:00Z,2018-06-03T00:00:00Z,SA-03,Al Madinah Region,pwat,kg m-2,207,207,13.963114,17.06023,19.353387,19.905379
handoff/mazu_like/mazu_like_20180601_00_lead048.nc,2018-06-01T00:00:00Z,48,2018-06-02T00:00:00Z,2018-06-03T00:00:00Z,SA-03,Al Madinah Region,ivt,kg m-1 s-1,207,207,57.659903,81.941219,103.2092,118.86358
handoff/mazu_like/mazu_like_20180601_00_lead048.nc,2018-06-01T00:00:00Z,48,2018-06-02T00:00:00Z,2018-06-03T00:00:00Z,SA-03,Al Madinah Region,wind850_speed,m s-1,207,207,3.6396661,6.7652042,8.2279529,8.8634653
handoff/mazu_like/mazu_like_20180601_00_lead048.nc,2018-06-01T00:00:00Z,48,2018-06-02T00:00:00Z,2018-06-03T00:00:00Z,SA-03,Al Madinah Region,wind_shear_850_200,m s-1,207,207,17.945965,27.132063,36.667283,39.613667
handoff/mazu_like/mazu_like_20180601_00_lead048.nc,2018-06-01T00:00:00Z,48,2018-06-02T00:00:00Z,2018-06-03T00:00:00Z,SA-03,Al Madinah Region,omega500,Pa s-1,207,207,-0.23561732,-0.030856328,0.099493667,0.12985662
handoff/mazu_like/mazu_like_20180601_00_lead048.nc,2018-06-01T00:00:00Z,48,2018-06-02T00:00:00Z,2018-06-03T00:00:00Z,SA-03,Al Madinah Region,geopotential_height500,gpm,207,207,5817.7319,5863.7665,5888.1675,5891.7344
handoff/mazu_like/mazu_like_20180601_00_lead048.nc,2018-06-01T00:00:00Z,48,2018-06-02T00:00:00Z,2018-06-03T00:00:00Z,SA-04,Eastern Region,daily_precip_total,mm,798,798,0.24730456,0.50534664,0.87595747,0.98457813
handoff/mazu_like/mazu_like_20180601_00_lead048.nc,2018-06-01T00:00:00Z,48,2018-06-02T00:00:00Z,2018-06-03T00:00:00Z,SA-04,Eastern Region,t2m_c,degC,798,798,33.132507,38.030976,39.437209,39.908203
handoff/mazu_like/mazu_like_20180601_00_lead048.nc,2018-06-01T00:00:00Z,48,2018-06-02T00:00:00Z,2018-06-03T00:00:00Z,SA-04,Eastern Region,tmax_c,degC,798,798,35.816681,44.64057,46.568024,47.063049
handoff/mazu_like/mazu_like_20180601_00_lead048.nc,2018-06-01T00:00:00Z,48,2018-06-02T00:00:00Z,2018-06-03T00:00:00Z,SA-04,Eastern Region,tmin_c,degC,798,798,27.226471,31.75321,33.562689,34.209747
handoff/mazu_like/mazu_like_20180601_00_lead048.nc,2018-06-01T00:00:00Z,48,2018-06-02T00:00:00Z,2018-06-03T00:00:00Z,SA-04,Eastern Region,wind10_speed,m s-1,798,798,1.6076407,3.3870318,4.7892989,5.8792
handoff/mazu_like/mazu_like_20180601_00_lead048.nc,2018-06-01T00:00:00Z,48,2018-06-02T00:00:00Z,2018-06-03T00:00:00Z,SA-04,Eastern Region,pwat,kg m-2,798,798,19.117475,25.114121,29.886793,32.799471
handoff/mazu_like/mazu_like_20180601_00_lead048.nc,2018-06-01T00:00:00Z,48,2018-06-02T00:00:00Z,2018-06-03T00:00:00Z,SA-04,Eastern Region,ivt,kg m-1 s-1,798,798,15.290013,127.60826,173.25116,198.20866
handoff/mazu_like/mazu_like_20180601_00_lead048.nc,2018-06-01T00:00:00Z,48,2018-06-02T00:00:00Z,2018-06-03T00:00:00Z,SA-04,Eastern Region,wind850_speed,m s-1,798,798,0.77652729,5.6773659,8.5405421,9.2141972
handoff/mazu_like/mazu_like_20180601_00_lead048.nc,2018-06-01T00:00:00Z,48,2018-06-02T00:00:00Z,2018-06-03T00:00:00Z,SA-04,Eastern Region,wind_shear_850_200,m s-1,798,798,1.5042899,8.5542845,28.118222,44.058289
handoff/mazu_like/mazu_like_20180601_00_lead048.nc,2018-06-01T00:00:00Z,48,2018-06-02T00:00:00Z,2018-06-03T00:00:00Z,SA-04,Eastern Region,omega500,Pa s-1,798,798,-0.21553004,-0.010783885,0.031537333,0.05058521
handoff/mazu_like/mazu_like_20180601_00_lead048.nc,2018-06-01T00:00:00Z,48,2018-06-02T00:00:00Z,2018-06-03T00:00:00Z,SA-04,Eastern Region,geopotential_height500,gpm,798,798,5865.1221,5902.9974,5913.4992,5916.1016
handoff/mazu_like/mazu_like_20180601_00_lead048.nc,2018-06-01T00:00:00Z,48,2018-06-02T00:00:00Z,2018-06-03T00:00:00Z,SA-05,Al-Qassim Region,daily_precip_total,mm,96,96,0.40517569,0.55451096,0.65236416,0.66129601
handoff/mazu_like/mazu_like_20180601_00_lead048.nc,2018-06-01T00:00:00Z,48,2018-06-02T00:00:00Z,2018-06-03T00:00:00Z,SA-05,Al-Qassim Region,t2m_c,degC,96,96,32.672882,34.259724,35.122124,35.470856
handoff/mazu_like/mazu_like_20180601_00_lead048.nc,2018-06-01T00:00:00Z,48,2018-06-02T00:00:00Z,2018-06-03T00:00:00Z,SA-05,Al-Qassim Region,tmax_c,degC,96,96,38.062958,40.137158,41.496437,41.983276
handoff/mazu_like/mazu_like_20180601_00_lead048.nc,2018-06-01T00:00:00Z,48,2018-06-02T00:00:00Z,2018-06-03T00:00:00Z,SA-05,Al-Qassim Region,tmin_c,degC,96,96,27.230591,28.880131,30.024796,30.480743
handoff/mazu_like/mazu_like_20180601_00_lead048.nc,2018-06-01T00:00:00Z,48,2018-06-02T00:00:00Z,2018-06-03T00:00:00Z,SA-05,Al-Qassim Region,wind10_speed,m s-1,96,96,2.6017714,3.740953,4.8084104,5.1745267
handoff/mazu_like/mazu_like_20180601_00_lead048.nc,2018-06-01T00:00:00Z,48,2018-06-02T00:00:00Z,2018-06-03T00:00:00Z,SA-05,Al-Qassim Region,pwat,kg m-2,96,96,15.663124,19.980811,22.571579,23.1868
handoff/mazu_like/mazu_like_20180601_00_lead048.nc,2018-06-01T00:00:00Z,48,2018-06-02T00:00:00Z,2018-06-03T00:00:00Z,SA-05,Al-Qassim Region,ivt,kg m-1 s-1,96,96,33.026983,63.256285,88.90848,91.024911
handoff/mazu_like/mazu_like_20180601_00_lead048.nc,2018-06-01T00:00:00Z,48,2018-06-02T00:00:00Z,2018-06-03T00:00:00Z,SA-05,Al-Qassim Region,wind850_speed,m s-1,96,96,2.8867097,4.9917701,7.3371999,7.8622437
handoff/mazu_like/mazu_like_20180601_00_lead048.nc,2018-06-01T00:00:00Z,48,2018-06-02T00:00:00Z,2018-06-03T00:00:00Z,SA-05,Al-Qassim Region,wind_shear_850_200,m s-1,96,96,20.287922,30.494019,40.285832,43.342869
handoff/mazu_like/mazu_like_20180601_00_lead048.nc,2018-06-01T00:00:00Z,48,2018-06-02T00:00:00Z,2018-06-03T00:00:00Z,SA-05,Al-Qassim Region,omega500,Pa s-1,96,96,-0.19970854,-0.034824388,0.029407514,0.059254561
handoff/mazu_like/mazu_like_20180601_00_lead048.nc,2018-06-01T00:00:00Z,48,2018-06-02T00:00:00Z,2018-06-03T00:00:00Z,SA-05,Al-Qassim Region,geopotential_height500,gpm,96,96,5860.1206,5874.5439,5885.5155,5888.4043
handoff/mazu_like/mazu_like_20180601_00_lead048.nc,2018-06-01T00:00:00Z,48,2018-06-02T00:00:00Z,2018-06-03T00:00:00Z,SA-06,Hail Region,daily_precip_total,mm,163,163,0.28552541,0.47713341,0.66054643,0.68220621
handoff/mazu_like/mazu_like_20180601_00_lead048.nc,2018-06-01T00:00:00Z,48,2018-06-02T00:00:00Z,2018-06-03T00:00:00Z,SA-06,Hail Region,t2m_c,degC,163,163,27.664825,30.788227,33.252481,33.803925
handoff/mazu_like/mazu_like_20180601_00_lead048.nc,2018-06-01T00:00:00Z,48,2018-06-02T00:00:00Z,2018-06-03T00:00:00Z,SA-06,Hail Region,tmax_c,degC,163,163,33.463867,36.451107,38.757324,39.399109
handoff/mazu_like/mazu_like_20180601_00_lead048.nc,2018-06-01T00:00:00Z,48,2018-06-02T00:00:00Z,2018-06-03T00:00:00Z,SA-06,Hail Region,tmin_c,degC,163,163,22.294952,25.32937,28.234302,29.166748
handoff/mazu_like/mazu_like_20180601_00_lead048.nc,2018-06-01T00:00:00Z,48,2018-06-02T00:00:00Z,2018-06-03T00:00:00Z,SA-06,Hail Region,wind10_speed,m s-1,163,163,1.92615,3.218852,4.4188151,5.1294775
handoff/mazu_like/mazu_like_20180601_00_lead048.nc,2018-06-01T00:00:00Z,48,2018-06-02T00:00:00Z,2018-06-03T00:00:00Z,SA-06,Hail Region,pwat,kg m-2,163,163,15.23672,18.990314,22.857576,23.154918
handoff/mazu_like/mazu_like_20180601_00_lead048.nc,2018-06-01T00:00:00Z,48,2018-06-02T00:00:00Z,2018-06-03T00:00:00Z,SA-06,Hail Region,ivt,kg m-1 s-1,163,163,12.537259,47.345061,70.628264,78.520801
handoff/mazu_like/mazu_like_20180601_00_lead048.nc,2018-06-01T00:00:00Z,48,2018-06-02T00:00:00Z,2018-06-03T00:00:00Z,SA-06,Hail Region,wind850_speed,m s-1,163,163,2.7531943,5.3119264,7.6573318,8.5424538
handoff/mazu_like/mazu_like_20180601_00_lead048.nc,2018-06-01T00:00:00Z,48,2018-06-02T00:00:00Z,2018-06-03T00:00:00Z,SA-06,Hail Region,wind_shear_850_200,m s-1,163,163,28.630001,39.705861,46.251081,47.106239
handoff/mazu_like/mazu_like_20180601_00_lead048.nc,2018-06-01T00:00:00Z,48,2018-06-02T00:00:00Z,2018-06-03T00:00:00Z,SA-06,Hail Region,omega500,Pa s-1,163,163,-0.25550246,-0.10343556,0.029861883,0.06190557
handoff/mazu_like/mazu_like_20180601_00_lead048.nc,2018-06-01T00:00:00Z,48,2018-06-02T00:00:00Z,2018-06-03T00:00:00Z,SA-06,Hail Region,geopotential_height500,gpm,163,163,5817.5771,5844.4229,5862.3482,5867.4399
handoff/mazu_like/mazu_like_20180601_00_lead048.nc,2018-06-01T00:00:00Z,48,2018-06-02T00:00:00Z,2018-06-03T00:00:00Z,SA-07,Tabuk Region,daily_precip_total,mm,205,205,0.0089316983,0.45302646,0.63059176,0.68177301
handoff/mazu_like/mazu_like_20180601_00_lead048.nc,2018-06-01T00:00:00Z,48,2018-06-02T00:00:00Z,2018-06-03T00:00:00Z,SA-07,Tabuk Region,t2m_c,degC,205,205,22.074951,27.671918,31.242291,32.094116
handoff/mazu_like/mazu_like_20180601_00_lead048.nc,2018-06-01T00:00:00Z,48,2018-06-02T00:00:00Z,2018-06-03T00:00:00Z,SA-07,Tabuk Region,tmax_c,degC,205,205,27.554321,33.111751,36.22262,37.536438
handoff/mazu_like/mazu_like_20180601_00_lead048.nc,2018-06-01T00:00:00Z,48,2018-06-02T00:00:00Z,2018-06-03T00:00:00Z,SA-07,Tabuk Region,tmin_c,degC,205,205,16.719269,22.518679,26.951263,28.007843
handoff/mazu_like/mazu_like_20180601_00_lead048.nc,2018-06-01T00:00:00Z,48,2018-06-02T00:00:00Z,2018-06-03T00:00:00Z,SA-07,Tabuk Region,wind10_speed,m s-1,205,205,2.0446374,3.5959368,5.0062568,5.8328514
handoff/mazu_like/mazu_like_20180601_00_lead048.nc,2018-06-01T00:00:00Z,48,2018-06-02T00:00:00Z,2018-06-03T00:00:00Z,SA-07,Tabuk Region,pwat,kg m-2,205,205,17.609169,19.937667,22.131828,23.212418
handoff/mazu_like/mazu_like_20180601_00_lead048.nc,2018-06-01T00:00:00Z,48,2018-06-02T00:00:00Z,2018-06-03T00:00:00Z,SA-07,Tabuk Region,ivt,kg m-1 s-1,205,205,62.512805,95.541627,120.92687,129.89075
handoff/mazu_like/mazu_like_20180601_00_lead048.nc,2018-06-01T00:00:00Z,48,2018-06-02T00:00:00Z,2018-06-03T00:00:00Z,SA-07,Tabuk Region,wind850_speed,m s-1,205,205,3.5685337,5.5360457,7.5730634,8.3534966
handoff/mazu_like/mazu_like_20180601_00_lead048.nc,2018-06-01T00:00:00Z,48,2018-06-02T00:00:00Z,2018-06-03T00:00:00Z,SA-07,Tabuk Region,wind_shear_850_200,m s-1,205,205,26.611238,37.974162,42.412341,43.413017
handoff/mazu_like/mazu_like_20180601_00_lead048.nc,2018-06-01T00:00:00Z,48,2018-06-02T00:00:00Z,2018-06-03T00:00:00Z,SA-07,Tabuk Region,omega500,Pa s-1,205,205,-0.25830299,-0.04693826,0.068579446,0.10602671
handoff/mazu_like/mazu_like_20180601_00_lead048.nc,2018-06-01T00:00:00Z,48,2018-06-02T00:00:00Z,2018-06-03T00:00:00Z,SA-07,Tabuk Region,geopotential_height500,gpm,205,205,5780.5122,5810.663,5845.7104,5861.5269
handoff/mazu_like/mazu_like_20180601_00_lead048.nc,2018-06-01T00:00:00Z,48,2018-06-02T00:00:00Z,2018-06-03T00:00:00Z,SA-08,Northern Borders Region,daily_precip_total,mm,169,169,0.50359875,0.63484611,0.72994277,0.76372087
handoff/mazu_like/mazu_like_20180601_00_lead048.nc,2018-06-01T00:00:00Z,48,2018-06-02T00:00:00Z,2018-06-03T00:00:00Z,SA-08,Northern Borders Region,t2m_c,degC,169,169,25.250427,31.334479,35.392719,35.998962
handoff/mazu_like/mazu_like_20180601_00_lead048.nc,2018-06-01T00:00:00Z,48,2018-06-02T00:00:00Z,2018-06-03T00:00:00Z,SA-08,Northern Borders Region,tmax_c,degC,169,169,30.376587,36.837231,41.001746,41.585022
handoff/mazu_like/mazu_like_20180601_00_lead048.nc,2018-06-01T00:00:00Z,48,2018-06-02T00:00:00Z,2018-06-03T00:00:00Z,SA-08,Northern Borders Region,tmin_c,degC,169,169,20.521515,26.63103,30.931256,31.55542
handoff/mazu_like/mazu_like_20180601_00_lead048.nc,2018-06-01T00:00:00Z,48,2018-06-02T00:00:00Z,2018-06-03T00:00:00Z,SA-08,Northern Borders Region,wind10_speed,m s-1,169,169,1.8462807,3.7313332,5.6056619,5.9912338
handoff/mazu_like/mazu_like_20180601_00_lead048.nc,2018-06-01T00:00:00Z,48,2018-06-02T00:00:00Z,2018-06-03T00:00:00Z,SA-08,Northern Borders Region,pwat,kg m-2,169,169,20.102824,22.691959,24.341359,26.146444
handoff/mazu_like/mazu_like_20180601_00_lead048.nc,2018-06-01T00:00:00Z,48,2018-06-02T00:00:00Z,2018-06-03T00:00:00Z,SA-08,Northern Borders Region,ivt,kg m-1 s-1,169,169,19.786511,58.402818,116.33608,129.76154
handoff/mazu_like/mazu_like_20180601_00_lead048.nc,2018-06-01T00:00:00Z,48,2018-06-02T00:00:00Z,2018-06-03T00:00:00Z,SA-08,Northern Borders Region,wind850_speed,m s-1,169,169,1.8966472,4.7853322,8.5719959,8.8194876
handoff/mazu_like/mazu_like_20180601_00_lead048.nc,2018-06-01T00:00:00Z,48,2018-06-02T00:00:00Z,2018-06-03T00:00:00Z,SA-08,Northern Borders Region,wind_shear_850_200,m s-1,169,169,28.312634,44.919354,50.227413,51.091103
handoff/mazu_like/mazu_like_20180601_00_lead048.nc,2018-06-01T00:00:00Z,48,2018-06-02T00:00:00Z,2018-06-03T00:00:00Z,SA-08,Northern Borders Region,omega500,Pa s-1,169,169,-0.23300119,-0.070534259,-0.0048259213,0.011055725
handoff/mazu_like/mazu_like_20180601_00_lead048.nc,2018-06-01T00:00:00Z,48,2018-06-02T00:00:00Z,2018-06-03T00:00:00Z,SA-08,Northern Borders Region,geopotential_height500,gpm,169,169,5763.6094,5818.1157,5865.5047,5872.8232
handoff/mazu_like/mazu_like_20180601_00_lead048.nc,2018-06-01T00:00:00Z,48,2018-06-02T00:00:00Z,2018-06-03T00:00:00Z,SA-09,Jazan Region,daily_precip_total,mm,22,22,0.32438421,1.5096823,7.6647192,8.1494503
handoff/mazu_like/mazu_like_20180601_00_lead048.nc,2018-06-01T00:00:00Z,48,2018-06-02T00:00:00Z,2018-06-03T00:00:00Z,SA-09,Jazan Region,t2m_c,degC,22,22,23.464142,31.742443,34.074323,34.265228
handoff/mazu_like/mazu_like_20180601_00_lead048.nc,2018-06-01T00:00:00Z,48,2018-06-02T00:00:00Z,2018-06-03T00:00:00Z,SA-09,Jazan Region,tmax_c,degC,22,22,25.54245,35.215137,38.154564,38.540466
handoff/mazu_like/mazu_like_20180601_00_lead048.nc,2018-06-01T00:00:00Z,48,2018-06-02T00:00:00Z,2018-06-03T00:00:00Z,SA-09,Jazan Region,tmin_c,degC,22,22,20.9505,28.882591,30.761237,31.256165
handoff/mazu_like/mazu_like_20180601_00_lead048.nc,2018-06-01T00:00:00Z,48,2018-06-02T00:00:00Z,2018-06-03T00:00:00Z,SA-09,Jazan Region,wind10_speed,m s-1,22,22,1.4471641,2.2412094,2.7987118,3.1608129
handoff/mazu_like/mazu_like_20180601_00_lead048.nc,2018-06-01T00:00:00Z,48,2018-06-02T00:00:00Z,2018-06-03T00:00:00Z,SA-09,Jazan Region,pwat,kg m-2,22,22,34.058195,49.900251,57.543202,61.456821
handoff/mazu_like/mazu_like_20180601_00_lead048.nc,2018-06-01T00:00:00Z,48,2018-06-02T00:00:00Z,2018-06-03T00:00:00Z,SA-09,Jazan Region,ivt,kg m-1 s-1,22,22,76.80976,102.02923,126.54781,143.78757
handoff/mazu_like/mazu_like_20180601_00_lead048.nc,2018-06-01T00:00:00Z,48,2018-06-02T00:00:00Z,2018-06-03T00:00:00Z,SA-09,Jazan Region,wind850_speed,m s-1,22,22,1.3728831,3.0979957,5.3311251,6.1059337
handoff/mazu_like/mazu_like_20180601_00_lead048.nc,2018-06-01T00:00:00Z,48,2018-06-02T00:00:00Z,2018-06-03T00:00:00Z,SA-09,Jazan Region,wind_shear_850_200,m s-1,22,22,4.6334314,6.7740377,8.776762,9.4314022
handoff/mazu_like/mazu_like_20180601_00_lead048.nc,2018-06-01T00:00:00Z,48,2018-06-02T00:00:00Z,2018-06-03T00:00:00Z,SA-09,Jazan Region,omega500,Pa s-1,22,22,-0.18625531,-0.035818566,0.015921602,0.017149117
handoff/mazu_like/mazu_like_20180601_00_lead048.nc,2018-06-01T00:00:00Z,48,2018-06-02T00:00:00Z,2018-06-03T00:00:00Z,SA-09,Jazan Region,geopotential_height500,gpm,22,22,5898.4346,5900.6831,5902.3887,5902.3926
handoff/mazu_like/mazu_like_20180601_00_lead048.nc,2018-06-01T00:00:00Z,48,2018-06-02T00:00:00Z,2018-06-03T00:00:00Z,SA-10,Najran Region,daily_precip_total,mm,123,123,0.4245182,0.62853058,0.79849952,1.38291
handoff/mazu_like/mazu_like_20180601_00_lead048.nc,2018-06-01T00:00:00Z,48,2018-06-02T00:00:00Z,2018-06-03T00:00:00Z,SA-10,Najran Region,t2m_c,degC,123,123,25.721466,34.352972,36.575708,36.883972
handoff/mazu_like/mazu_like_20180601_00_lead048.nc,2018-06-01T00:00:00Z,48,2018-06-02T00:00:00Z,2018-06-03T00:00:00Z,SA-10,Najran Region,tmax_c,degC,123,123,30.753204,39.609706,42.259543,42.876648
handoff/mazu_like/mazu_like_20180601_00_lead048.nc,2018-06-01T00:00:00Z,48,2018-06-02T00:00:00Z,2018-06-03T00:00:00Z,SA-10,Najran Region,tmin_c,degC,123,123,20.503387,29.110932,31.109299,31.23999
handoff/mazu_like/mazu_like_20180601_00_lead048.nc,2018-06-01T00:00:00Z,48,2018-06-02T00:00:00Z,2018-06-03T00:00:00Z,SA-10,Najran Region,wind10_speed,m s-1,123,123,1.2833849,2.7710635,3.598121,3.812748
handoff/mazu_like/mazu_like_20180601_00_lead048.nc,2018-06-01T00:00:00Z,48,2018-06-02T00:00:00Z,2018-06-03T00:00:00Z,SA-10,Najran Region,pwat,kg m-2,123,123,28.240073,35.24346,40.081639,43.806221
handoff/mazu_like/mazu_like_20180601_00_lead048.nc,2018-06-01T00:00:00Z,48,2018-06-02T00:00:00Z,2018-06-03T00:00:00Z,SA-10,Najran Region,ivt,kg m-1 s-1,123,123,76.559172,107.9112,134.51608,139.89281
handoff/mazu_like/mazu_like_20180601_00_lead048.nc,2018-06-01T00:00:00Z,48,2018-06-02T00:00:00Z,2018-06-03T00:00:00Z,SA-10,Najran Region,wind850_speed,m s-1,123,123,1.3397512,4.5549941,5.9865012,6.2662077
handoff/mazu_like/mazu_like_20180601_00_lead048.nc,2018-06-01T00:00:00Z,48,2018-06-02T00:00:00Z,2018-06-03T00:00:00Z,SA-10,Najran Region,wind_shear_850_200,m s-1,123,123,1.6801317,4.1359728,6.0061103,6.8350062
handoff/mazu_like/mazu_like_20180601_00_lead048.nc,2018-06-01T00:00:00Z,48,2018-06-02T00:00:00Z,2018-06-03T00:00:00Z,SA-10,Najran Region,omega500,Pa s-1,123,123,-0.062309094,0.0049601577,0.032399192,0.036107562
handoff/mazu_like/mazu_like_20180601_00_lead048.nc,2018-06-01T00:00:00Z,48,2018-06-02T00:00:00Z,2018-06-03T00:00:00Z,SA-10,Najran Region,geopotential_height500,gpm,123,123,5896.8193,5901.9322,5903.9303,5904.1538
handoff/mazu_like/mazu_like_20180601_00_lead048.nc,2018-06-01T00:00:00Z,48,2018-06-02T00:00:00Z,2018-06-03T00:00:00Z,SA-11,Al Bahah Region,daily_precip_total,mm,12,12,0.23157249,0.39297792,0.53523675,0.55341923
handoff/mazu_like/mazu_like_20180601_00_lead048.nc,2018-06-01T00:00:00Z,48,2018-06-02T00:00:00Z,2018-06-03T00:00:00Z,SA-11,Al Bahah Region,t2m_c,degC,12,12,28.020355,30.803268,34.514333,34.63916
handoff/mazu_like/mazu_like_20180601_00_lead048.nc,2018-06-01T00:00:00Z,48,2018-06-02T00:00:00Z,2018-06-03T00:00:00Z,SA-11,Al Bahah Region,tmax_c,degC,12,12,32.015442,35.690206,39.651677,39.684021
handoff/mazu_like/mazu_like_20180601_00_lead048.nc,2018-06-01T00:00:00Z,48,2018-06-02T00:00:00Z,2018-06-03T00:00:00Z,SA-11,Al Bahah Region,tmin_c,degC,12,12,23.554504,26.236548,30.35349,30.384491
handoff/mazu_like/mazu_like_20180601_00_lead048.nc,2018-06-01T00:00:00Z,48,2018-06-02T00:00:00Z,2018-06-03T00:00:00Z,SA-11,Al Bahah Region,wind10_speed,m s-1,12,12,2.1337337,2.3628765,2.7175953,2.7902677
handoff/mazu_like/mazu_like_20180601_00_lead048.nc,2018-06-01T00:00:00Z,48,2018-06-02T00:00:00Z,2018-06-03T00:00:00Z,SA-11,Al Bahah Region,pwat,kg m-2,12,12,23.357445,27.377439,30.120307,30.415872
handoff/mazu_like/mazu_like_20180601_00_lead048.nc,2018-06-01T00:00:00Z,48,2018-06-02T00:00:00Z,2018-06-03T00:00:00Z,SA-11,Al Bahah Region,ivt,kg m-1 s-1,12,12,36.936241,46.106125,52.433474,53.260222
handoff/mazu_like/mazu_like_20180601_00_lead048.nc,2018-06-01T00:00:00Z,48,2018-06-02T00:00:00Z,2018-06-03T00:00:00Z,SA-11,Al Bahah Region,wind850_speed,m s-1,12,12,2.1378608,2.9216646,4.2002805,4.3858576
handoff/mazu_like/mazu_like_20180601_00_lead048.nc,2018-06-01T00:00:00Z,48,2018-06-02T00:00:00Z,2018-06-03T00:00:00Z,SA-11,Al Bahah Region,wind_shear_850_200,m s-1,12,12,4.6761899,6.6791364,8.5793273,9.0356684
handoff/mazu_like/mazu_like_20180601_00_lead048.nc,2018-06-01T00:00:00Z,48,2018-06-02T00:00:00Z,2018-06-03T00:00:00Z,SA-11,Al Bahah Region,omega500,Pa s-1,12,12,0.01641655,0.058258562,0.085198635,0.085957617
handoff/mazu_like/mazu_like_20180601_00_lead048.nc,2018-06-01T00:00:00Z,48,2018-06-02T00:00:00Z,2018-06-03T00:00:00Z,SA-11,Al Bahah Region,geopotential_height500,gpm,12,12,5902.1533,5903.0794,5904.0549,5904.4365
handoff/mazu_like/mazu_like_20180601_00_lead048.nc,2018-06-01T00:00:00Z,48,2018-06-02T00:00:00Z,2018-06-03T00:00:00Z,SA-12,Al Jawf Region,daily_precip_total,mm,122,122,0.37898955,0.61765655,0.68820136,0.71314639
handoff/mazu_like/mazu_like_20180601_00_lead048.nc,2018-06-01T00:00:00Z,48,2018-06-02T00:00:00Z,2018-06-03T00:00:00Z,SA-12,Al Jawf Region,t2m_c,degC,122,122,25.135132,29.047956,31.007025,31.878967
handoff/mazu_like/mazu_like_20180601_00_lead048.nc,2018-06-01T00:00:00Z,48,2018-06-02T00:00:00Z,2018-06-03T00:00:00Z,SA-12,Al Jawf Region,tmax_c,degC,122,122,30.0271,34.695735,36.646782,37.637207
handoff/mazu_like/mazu_like_20180601_00_lead048.nc,2018-06-01T00:00:00Z,48,2018-06-02T00:00:00Z,2018-06-03T00:00:00Z,SA-12,Al Jawf Region,tmin_c,degC,122,122,20.342926,24.075692,25.816693,26.915649
handoff/mazu_like/mazu_like_20180601_00_lead048.nc,2018-06-01T00:00:00Z,48,2018-06-02T00:00:00Z,2018-06-03T00:00:00Z,SA-12,Al Jawf Region,wind10_speed,m s-1,122,122,1.6283895,2.9193744,4.0218812,4.1831512
handoff/mazu_like/mazu_like_20180601_00_lead048.nc,2018-06-01T00:00:00Z,48,2018-06-02T00:00:00Z,2018-06-03T00:00:00Z,SA-12,Al Jawf Region,pwat,kg m-2,122,122,18.452949,21.027021,25.012054,25.61465
handoff/mazu_like/mazu_like_20180601_00_lead048.nc,2018-06-01T00:00:00Z,48,2018-06-02T00:00:00Z,2018-06-03T00:00:00Z,SA-12,Al Jawf Region,ivt,kg m-1 s-1,122,122,45.922695,73.221222,105.69723,141.87181
handoff/mazu_like/mazu_like_20180601_00_lead048.nc,2018-06-01T00:00:00Z,48,2018-06-02T00:00:00Z,2018-06-03T00:00:00Z,SA-12,Al Jawf Region,wind850_speed,m s-1,122,122,2.1478376,3.4672229,5.0988541,6.2835751
handoff/mazu_like/mazu_like_20180601_00_lead048.nc,2018-06-01T00:00:00Z,48,2018-06-02T00:00:00Z,2018-06-03T00:00:00Z,SA-12,Al Jawf Region,wind_shear_850_200,m s-1,122,122,26.575787,43.697302,48.939351,49.423454
handoff/mazu_like/mazu_like_20180601_00_lead048.nc,2018-06-01T00:00:00Z,48,2018-06-02T00:00:00Z,2018-06-03T00:00:00Z,SA-12,Al Jawf Region,omega500,Pa s-1,122,122,-0.18693382,-0.072249004,0.02118642,0.045168377
handoff/mazu_like/mazu_like_20180601_00_lead048.nc,2018-06-01T00:00:00Z,48,2018-06-02T00:00:00Z,2018-06-03T00:00:00Z,SA-12,Al Jawf Region,geopotential_height500,gpm,122,122,5762.7109,5797.1234,5816.5355,5821.0869
handoff/mazu_like/mazu_like_20180601_00_lead048.nc,2018-06-01T00:00:00Z,48,2018-06-02T00:00:00Z,2018-06-03T00:00:00Z,SA-14,Asir Region,daily_precip_total,mm,104,104,0.14708354,0.67810915,2.2092286,5.4367547
handoff/mazu_like/mazu_like_20180601_00_lead048.nc,2018-06-01T00:00:00Z,48,2018-06-02T00:00:00Z,2018-06-03T00:00:00Z,SA-14,Asir Region,t2m_c,degC,104,104,22.609009,30.526934,34.776689,35.546967
handoff/mazu_like/mazu_like_20180601_00_lead048.nc,2018-06-01T00:00:00Z,48,2018-06-02T00:00:00Z,2018-06-03T00:00:00Z,SA-14,Asir Region,tmax_c,degC,104,104,25.319153,35.649105,40.491672,41.529419
handoff/mazu_like/mazu_like_20180601_00_lead048.nc,2018-06-01T00:00:00Z,48,2018-06-02T00:00:00Z,2018-06-03T00:00:00Z,SA-14,Asir Region,tmin_c,degC,104,104,18.593536,25.752403,29.777109,30.440979
handoff/mazu_like/mazu_like_20180601_00_lead048.nc,2018-06-01T00:00:00Z,48,2018-06-02T00:00:00Z,2018-06-03T00:00:00Z,SA-14,Asir Region,wind10_speed,m s-1,104,104,1.1378847,2.575854,3.5995741,3.8315139
handoff/mazu_like/mazu_like_20180601_00_lead048.nc,2018-06-01T00:00:00Z,48,2018-06-02T00:00:00Z,2018-06-03T00:00:00Z,SA-14,Asir Region,pwat,kg m-2,104,104,21.09046,31.359264,47.043942,53.478841
handoff/mazu_like/mazu_like_20180601_00_lead048.nc,2018-06-01T00:00:00Z,48,2018-06-02T00:00:00Z,2018-06-03T00:00:00Z,SA-14,Asir Region,ivt,kg m-1 s-1,104,104,31.379987,55.971354,76.525288,90.384346
handoff/mazu_like/mazu_like_20180601_00_lead048.nc,2018-06-01T00:00:00Z,48,2018-06-02T00:00:00Z,2018-06-03T00:00:00Z,SA-14,Asir Region,wind850_speed,m s-1,104,104,1.2451464,3.6503562,6.7449317,7.0464177
handoff/mazu_like/mazu_like_20180601_00_lead048.nc,2018-06-01T00:00:00Z,48,2018-06-02T00:00:00Z,2018-06-03T00:00:00Z,SA-14,Asir Region,wind_shear_850_200,m s-1,104,104,3.7293649,7.191347,11.742647,13.044363
handoff/mazu_like/mazu_like_20180601_00_lead048.nc,2018-06-01T00:00:00Z,48,2018-06-02T00:00:00Z,2018-06-03T00:00:00Z,SA-14,Asir Region,omega500,Pa s-1,104,104,-0.09779045,0.021078781,0.07089389,0.091325007
handoff/mazu_like/mazu_like_20180601_00_lead048.nc,2018-06-01T00:00:00Z,48,2018-06-02T00:00:00Z,2018-06-03T00:00:00Z,SA-14,Asir Region,geopotential_height500,gpm,104,104,5899.6509,5903.382,5904.8962,5905.4272
handoff/mazu_like/mazu_like_20180601_00_lead072.nc,2018-06-01T00:00:00Z,72,2018-06-03T00:00:00Z,2018-06-04T00:00:00Z,SA-01,Riyadh Region,daily_precip_total,mm,531,531,0.3298741,0.55928634,0.70803896,0.78404927
handoff/mazu_like/mazu_like_20180601_00_lead072.nc,2018-06-01T00:00:00Z,72,2018-06-03T00:00:00Z,2018-06-04T00:00:00Z,SA-01,Riyadh Region,t2m_c,degC,531,531,33.179321,36.511779,38.817688,39.148163
handoff/mazu_like/mazu_like_20180601_00_lead072.nc,2018-06-01T00:00:00Z,72,2018-06-03T00:00:00Z,2018-06-04T00:00:00Z,SA-01,Riyadh Region,tmax_c,degC,531,531,39.212738,42.621668,45.108154,45.72171
handoff/mazu_like/mazu_like_20180601_00_lead072.nc,2018-06-01T00:00:00Z,72,2018-06-03T00:00:00Z,2018-06-04T00:00:00Z,SA-01,Riyadh Region,tmin_c,degC,531,531,27.544922,30.669944,32.669357,33.184143
handoff/mazu_like/mazu_like_20180601_00_lead072.nc,2018-06-01T00:00:00Z,72,2018-06-03T00:00:00Z,2018-06-04T00:00:00Z,SA-01,Riyadh Region,wind10_speed,m s-1,531,531,1.3672875,2.8756112,4.3493619,4.8365402
handoff/mazu_like/mazu_like_20180601_00_lead072.nc,2018-06-01T00:00:00Z,72,2018-06-03T00:00:00Z,2018-06-04T00:00:00Z,SA-01,Riyadh Region,pwat,kg m-2,531,531,16.632821,21.873766,27.00746,27.96378
handoff/mazu_like/mazu_like_20180601_00_lead072.nc,2018-06-01T00:00:00Z,72,2018-06-03T00:00:00Z,2018-06-04T00:00:00Z,SA-01,Riyadh Region,ivt,kg m-1 s-1,531,531,7.2020968,67.188944,108.71828,131.99155
handoff/mazu_like/mazu_like_20180601_00_lead072.nc,2018-06-01T00:00:00Z,72,2018-06-03T00:00:00Z,2018-06-04T00:00:00Z,SA-01,Riyadh Region,wind850_speed,m s-1,531,531,1.4344376,4.7183764,6.9826822,8.3995857
handoff/mazu_like/mazu_like_20180601_00_lead072.nc,2018-06-01T00:00:00Z,72,2018-06-03T00:00:00Z,2018-06-04T00:00:00Z,SA-01,Riyadh Region,wind_shear_850_200,m s-1,531,531,2.3335192,10.431891,20.891126,29.607712
handoff/mazu_like/mazu_like_20180601_00_lead072.nc,2018-06-01T00:00:00Z,72,2018-06-03T00:00:00Z,2018-06-04T00:00:00Z,SA-01,Riyadh Region,omega500,Pa s-1,531,531,-0.1139478,0.0098824717,0.062192898,0.082573839
handoff/mazu_like/mazu_like_20180601_00_lead072.nc,2018-06-01T00:00:00Z,72,2018-06-03T00:00:00Z,2018-06-04T00:00:00Z,SA-01,Riyadh Region,geopotential_height500,gpm,531,531,5875.3696,5897.6834,5902.5576,5903.6753
handoff/mazu_like/mazu_like_20180601_00_lead072.nc,2018-06-01T00:00:00Z,72,2018-06-03T00:00:00Z,2018-06-04T00:00:00Z,SA-02,Makkah Region,daily_precip_total,mm,191,191,0.063102126,0.36071533,0.48111041,0.53230798
handoff/mazu_like/mazu_like_20180601_00_lead072.nc,2018-06-01T00:00:00Z,72,2018-06-03T00:00:00Z,2018-06-04T00:00:00Z,SA-02,Makkah Region,t2m_c,degC,191,191,27.424927,32.554061,34.824814,36.190857
handoff/mazu_like/mazu_like_20180601_00_lead072.nc,2018-06-01T00:00:00Z,72,2018-06-03T00:00:00Z,2018-06-04T00:00:00Z,SA-02,Makkah Region,tmax_c,degC,191,191,32.793945,38.41984,40.986374,42.504547
handoff/mazu_like/mazu_like_20180601_00_lead072.nc,2018-06-01T00:00:00Z,72,2018-06-03T00:00:00Z,2018-06-04T00:00:00Z,SA-02,Makkah Region,tmin_c,degC,191,191,22.398956,27.411066,30.600494,31.444763
handoff/mazu_like/mazu_like_20180601_00_lead072.nc,2018-06-01T00:00:00Z,72,2018-06-03T00:00:00Z,2018-06-04T00:00:00Z,SA-02,Makkah Region,wind10_speed,m s-1,191,191,1.5370264,3.8700869,5.5761266,7.0102949
handoff/mazu_like/mazu_like_20180601_00_lead072.nc,2018-06-01T00:00:00Z,72,2018-06-03T00:00:00Z,2018-06-04T00:00:00Z,SA-02,Makkah Region,pwat,kg m-2,191,191,15.793268,20.221644,29.392786,33.525501
handoff/mazu_like/mazu_like_20180601_00_lead072.nc,2018-06-01T00:00:00Z,72,2018-06-03T00:00:00Z,2018-06-04T00:00:00Z,SA-02,Makkah Region,ivt,kg m-1 s-1,191,191,25.912338,63.002391,93.09148,102.551
handoff/mazu_like/mazu_like_20180601_00_lead072.nc,2018-06-01T00:00:00Z,72,2018-06-03T00:00:00Z,2018-06-04T00:00:00Z,SA-02,Makkah Region,wind850_speed,m s-1,191,191,1.9430637,6.312282,8.326611,8.844285
handoff/mazu_like/mazu_like_20180601_00_lead072.nc,2018-06-01T00:00:00Z,72,2018-06-03T00:00:00Z,2018-06-04T00:00:00Z,SA-02,Makkah Region,wind_shear_850_200,m s-1,191,191,4.3201151,11.746883,15.125743,17.783205
handoff/mazu_like/mazu_like_20180601_00_lead072.nc,2018-06-01T00:00:00Z,72,2018-06-03T00:00:00Z,2018-06-04T00:00:00Z,SA-02,Makkah Region,omega500,Pa s-1,191,191,-0.037867725,0.016494366,0.049023638,0.073845774
handoff/mazu_like/mazu_like_20180601_00_lead072.nc,2018-06-01T00:00:00Z,72,2018-06-03T00:00:00Z,2018-06-04T00:00:00Z,SA-02,Makkah Region,geopotential_height500,gpm,191,191,5887.1772,5897.9124,5900.7439,5901.585
handoff/mazu_like/mazu_like_20180601_00_lead072.nc,2018-06-01T00:00:00Z,72,2018-06-03T00:00:00Z,2018-06-04T00:00:00Z,SA-03,Al Madinah Region,daily_precip_total,mm,207,207,0.024881253,0.30609884,0.43530658,0.46459496
handoff/mazu_like/mazu_like_20180601_00_lead072.nc,2018-06-01T00:00:00Z,72,2018-06-03T00:00:00Z,2018-06-04T00:00:00Z,SA-03,Al Madinah Region,t2m_c,degC,207,207,24.045715,30.512739,33.056064,33.731049
handoff/mazu_like/mazu_like_20180601_00_lead072.nc,2018-06-01T00:00:00Z,72,2018-06-03T00:00:00Z,2018-06-04T00:00:00Z,SA-03,Al Madinah Region,tmax_c,degC,207,207,29.610321,36.543392,39.087125,40.039642
handoff/mazu_like/mazu_like_20180601_00_lead072.nc,2018-06-01T00:00:00Z,72,2018-06-03T00:00:00Z,2018-06-04T00:00:00Z,SA-03,Al Madinah Region,tmin_c,degC,207,207,18.882843,24.64457,27.537961,28.08667
handoff/mazu_like/mazu_like_20180601_00_lead072.nc,2018-06-01T00:00:00Z,72,2018-06-03T00:00:00Z,2018-06-04T00:00:00Z,SA-03,Al Madinah Region,wind10_speed,m s-1,207,207,1.9311869,3.7654583,5.05373,6.3061743
handoff/mazu_like/mazu_like_20180601_00_lead072.nc,2018-06-01T00:00:00Z,72,2018-06-03T00:00:00Z,2018-06-04T00:00:00Z,SA-03,Al Madinah Region,pwat,kg m-2,207,207,11.983945,15.325792,17.510844,18.31848
handoff/mazu_like/mazu_like_20180601_00_lead072.nc,2018-06-01T00:00:00Z,72,2018-06-03T00:00:00Z,2018-06-04T00:00:00Z,SA-03,Al Madinah Region,ivt,kg m-1 s-1,207,207,34.793506,75.507993,102.65465,106.15168
handoff/mazu_like/mazu_like_20180601_00_lead072.nc,2018-06-01T00:00:00Z,72,2018-06-03T00:00:00Z,2018-06-04T00:00:00Z,SA-03,Al Madinah Region,wind850_speed,m s-1,207,207,3.2173212,5.6093175,8.0302268,8.5020714
handoff/mazu_like/mazu_like_20180601_00_lead072.nc,2018-06-01T00:00:00Z,72,2018-06-03T00:00:00Z,2018-06-04T00:00:00Z,SA-03,Al Madinah Region,wind_shear_850_200,m s-1,207,207,13.262667,22.98352,34.462561,36.60791
handoff/mazu_like/mazu_like_20180601_00_lead072.nc,2018-06-01T00:00:00Z,72,2018-06-03T00:00:00Z,2018-06-04T00:00:00Z,SA-03,Al Madinah Region,omega500,Pa s-1,207,207,-0.11593736,-0.0052968876,0.088229683,0.12234288
handoff/mazu_like/mazu_like_20180601_00_lead072.nc,2018-06-01T00:00:00Z,72,2018-06-03T00:00:00Z,2018-06-04T00:00:00Z,SA-03,Al Madinah Region,geopotential_height500,gpm,207,207,5837.457,5874.7605,5892.5062,5894.6035
handoff/mazu_like/mazu_like_20180601_00_lead072.nc,2018-06-01T00:00:00Z,72,2018-06-03T00:00:00Z,2018-06-04T00:00:00Z,SA-04,Eastern Region,daily_precip_total,mm,798,798,0.18281047,0.53725238,0.77034565,0.84964538
handoff/mazu_like/mazu_like_20180601_00_lead072.nc,2018-06-01T00:00:00Z,72,2018-06-03T00:00:00Z,2018-06-04T00:00:00Z,SA-04,Eastern Region,t2m_c,degC,798,798,33.602448,38.03685,39.957906,40.86264
handoff/mazu_like/mazu_like_20180601_00_lead072.nc,2018-06-01T00:00:00Z,72,2018-06-03T00:00:00Z,2018-06-04T00:00:00Z,SA-04,Eastern Region,tmax_c,degC,798,798,35.707123,44.994798,46.616957,47.945801
handoff/mazu_like/mazu_like_20180601_00_lead072.nc,2018-06-01T00:00:00Z,72,2018-06-03T00:00:00Z,2018-06-04T00:00:00Z,SA-04,Eastern Region,tmin_c,degC,798,798,26.451874,31.296464,33.840584,34.998962
handoff/mazu_like/mazu_like_20180601_00_lead072.nc,2018-06-01T00:00:00Z,72,2018-06-03T00:00:00Z,2018-06-04T00:00:00Z,SA-04,Eastern Region,wind10_speed,m s-1,798,798,1.5747941,3.2881497,4.3130947,4.9463592
handoff/mazu_like/mazu_like_20180601_00_lead072.nc,2018-06-01T00:00:00Z,72,2018-06-03T00:00:00Z,2018-06-04T00:00:00Z,SA-04,Eastern Region,pwat,kg m-2,798,798,19.767178,23.353548,27.845732,30.663596
handoff/mazu_like/mazu_like_20180601_00_lead072.nc,2018-06-01T00:00:00Z,72,2018-06-03T00:00:00Z,2018-06-04T00:00:00Z,SA-04,Eastern Region,ivt,kg m-1 s-1,798,798,19.384972,104.93451,186.76515,225.32965
handoff/mazu_like/mazu_like_20180601_00_lead072.nc,2018-06-01T00:00:00Z,72,2018-06-03T00:00:00Z,2018-06-04T00:00:00Z,SA-04,Eastern Region,wind850_speed,m s-1,798,798,0.72241861,5.0938759,8.1880061,8.5695543
handoff/mazu_like/mazu_like_20180601_00_lead072.nc,2018-06-01T00:00:00Z,72,2018-06-03T00:00:00Z,2018-06-04T00:00:00Z,SA-04,Eastern Region,wind_shear_850_200,m s-1,798,798,3.5078845,9.2515026,27.497818,37.419868
handoff/mazu_like/mazu_like_20180601_00_lead072.nc,2018-06-01T00:00:00Z,72,2018-06-03T00:00:00Z,2018-06-04T00:00:00Z,SA-04,Eastern Region,omega500,Pa s-1,798,798,-0.11773913,-0.0064333474,0.045243648,0.15774877
handoff/mazu_like/mazu_like_20180601_00_lead072.nc,2018-06-01T00:00:00Z,72,2018-06-03T00:00:00Z,2018-06-04T00:00:00Z,SA-04,Eastern Region,geopotential_height500,gpm,798,798,5864.8589,5896.5811,5907.8475,5910.9546
handoff/mazu_like/mazu_like_20180601_00_lead072.nc,2018-06-01T00:00:00Z,72,2018-06-03T00:00:00Z,2018-06-04T00:00:00Z,SA-05,Al-Qassim Region,daily_precip_total,mm,96,96,0.41360003,0.52855065,0.6234494,0.64122856
handoff/mazu_like/mazu_like_20180601_00_lead072.nc,2018-06-01T00:00:00Z,72,2018-06-03T00:00:00Z,2018-06-04T00:00:00Z,SA-05,Al-Qassim Region,t2m_c,degC,96,96,32.834625,34.26319,34.978088,35.237244
handoff/mazu_like/mazu_like_20180601_00_lead072.nc,2018-06-01T00:00:00Z,72,2018-06-03T00:00:00Z,2018-06-04T00:00:00Z,SA-05,Al-Qassim Region,tmax_c,degC,96,96,39.000549,40.701681,42.001915,42.26944
handoff/mazu_like/mazu_like_20180601_00_lead072.nc,2018-06-01T00:00:00Z,72,2018-06-03T00:00:00Z,2018-06-04T00:00:00Z,SA-05,Al-Qassim Region,tmin_c,degC,96,96,26.709503,28.439908,29.323349,29.821716
handoff/mazu_like/mazu_like_20180601_00_lead072.nc,2018-06-01T00:00:00Z,72,2018-06-03T00:00:00Z,2018-06-04T00:00:00Z,SA-05,Al-Qassim Region,wind10_speed,m s-1,96,96,2.439043,3.5852889,4.6692476,4.9942565
handoff/mazu_like/mazu_like_20180601_00_lead072.nc,2018-06-01T00:00:00Z,72,2018-06-03T00:00:00Z,2018-06-04T00:00:00Z,SA-05,Al-Qassim Region,pwat,kg m-2,96,96,15.229844,17.551366,20.075879,20.595858
handoff/mazu_like/mazu_like_20180601_00_lead072.nc,2018-06-01T00:00:00Z,72,2018-06-03T00:00:00Z,2018-06-04T00:00:00Z,SA-05,Al-Qassim Region,ivt,kg m-1 s-1,96,96,44.85544,82.613293,103.82277,108.0863
handoff/mazu_like/mazu_like_20180601_00_lead072.nc,2018-06-01T00:00:00Z,72,2018-06-03T00:00:00Z,2018-06-04T00:00:00Z,SA-05,Al-Qassim Region,wind850_speed,m s-1,96,96,2.2237349,4.932304,6.7709125,7.0210342
handoff/mazu_like/mazu_like_20180601_00_lead072.nc,2018-06-01T00:00:00Z,72,2018-06-03T00:00:00Z,2018-06-04T00:00:00Z,SA-05,Al-Qassim Region,wind_shear_850_200,m s-1,96,96,17.586414,25.176831,33.776009,36.503479
handoff/mazu_like/mazu_like_20180601_00_lead072.nc,2018-06-01T00:00:00Z,72,2018-06-03T00:00:00Z,2018-06-04T00:00:00Z,SA-05,Al-Qassim Region,omega500,Pa s-1,96,96,-0.10748605,-0.009590802,0.040378967,0.04905856
handoff/mazu_like/mazu_like_20180601_00_lead072.nc,2018-06-01T00:00:00Z,72,2018-06-03T00:00:00Z,2018-06-04T00:00:00Z,SA-05,Al-Qassim Region,geopotential_height500,gpm,96,96,5866.5195,5880.3237,5889.401,5892.0542
handoff/mazu_like/mazu_like_20180601_00_lead072.nc,2018-06-01T00:00:00Z,72,2018-06-03T00:00:00Z,2018-06-04T00:00:00Z,SA-06,Hail Region,daily_precip_total,mm,163,163,0.28946927,0.46356087,0.59149114,0.64607149
handoff/mazu_like/mazu_like_20180601_00_lead072.nc,2018-06-01T00:00:00Z,72,2018-06-03T00:00:00Z,2018-06-04T00:00:00Z,SA-06,Hail Region,t2m_c,degC,163,163,26.543762,30.881797,33.910461,34.354279
handoff/mazu_like/mazu_like_20180601_00_lead072.nc,2018-06-01T00:00:00Z,72,2018-06-03T00:00:00Z,2018-06-04T00:00:00Z,SA-06,Hail Region,tmax_c,degC,163,163,32.852875,37.159229,39.929749,40.43866
handoff/mazu_like/mazu_like_20180601_00_lead072.nc,2018-06-01T00:00:00Z,72,2018-06-03T00:00:00Z,2018-06-04T00:00:00Z,SA-06,Hail Region,tmin_c,degC,163,163,20.655182,24.743768,28.352512,28.738708
handoff/mazu_like/mazu_like_20180601_00_lead072.nc,2018-06-01T00:00:00Z,72,2018-06-03T00:00:00Z,2018-06-04T00:00:00Z,SA-06,Hail Region,wind10_speed,m s-1,163,163,2.6044433,3.5232588,4.4764028,4.9326119
handoff/mazu_like/mazu_like_20180601_00_lead072.nc,2018-06-01T00:00:00Z,72,2018-06-03T00:00:00Z,2018-06-04T00:00:00Z,SA-06,Hail Region,pwat,kg m-2,163,163,15.156001,17.947777,20.956649,21.541405
handoff/mazu_like/mazu_like_20180601_00_lead072.nc,2018-06-01T00:00:00Z,72,2018-06-03T00:00:00Z,2018-06-04T00:00:00Z,SA-06,Hail Region,ivt,kg m-1 s-1,163,163,37.511507,63.181861,79.620159,82.681197
handoff/mazu_like/mazu_like_20180601_00_lead072.nc,2018-06-01T00:00:00Z,72,2018-06-03T00:00:00Z,2018-06-04T00:00:00Z,SA-06,Hail Region,wind850_speed,m s-1,163,163,3.71995,5.257347,6.2349462,6.9487424
handoff/mazu_like/mazu_like_20180601_00_lead072.nc,2018-06-01T00:00:00Z,72,2018-06-03T00:00:00Z,2018-06-04T00:00:00Z,SA-06,Hail Region,wind_shear_850_200,m s-1,163,163,23.737469,35.016005,40.534314,41.633133
handoff/mazu_like/mazu_like_20180601_00_lead072.nc,2018-06-01T00:00:00Z,72,2018-06-03T00:00:00Z,2018-06-04T00:00:00Z,SA-06,Hail Region,omega500,Pa s-1,163,163,-0.1500586,-0.041169241,0.085058761,0.14755578
handoff/mazu_like/mazu_like_20180601_00_lead072.nc,2018-06-01T00:00:00Z,72,2018-06-03T00:00:00Z,2018-06-04T00:00:00Z,SA-06,Hail Region,geopotential_height500,gpm,163,163,5832.4873,5857.3112,5873.451,5876.7495
handoff/mazu_like/mazu_like_20180601_00_lead072.nc,2018-06-01T00:00:00Z,72,2018-06-03T00:00:00Z,2018-06-04T00:00:00Z,SA-07,Tabuk Region,daily_precip_total,mm,205,205,0,0.33811548,0.50398737,0.70688272
handoff/mazu_like/mazu_like_20180601_00_lead072.nc,2018-06-01T00:00:00Z,72,2018-06-03T00:00:00Z,2018-06-04T00:00:00Z,SA-07,Tabuk Region,t2m_c,degC,205,205,22.115723,26.882105,29.713898,31.065735
handoff/mazu_like/mazu_like_20180601_00_lead072.nc,2018-06-01T00:00:00Z,72,2018-06-03T00:00:00Z,2018-06-04T00:00:00Z,SA-07,Tabuk Region,tmax_c,degC,205,205,27.676605,32.130354,34.613684,35.40741
handoff/mazu_like/mazu_like_20180601_00_lead072.nc,2018-06-01T00:00:00Z,72,2018-06-03T00:00:00Z,2018-06-04T00:00:00Z,SA-07,Tabuk Region,tmin_c,degC,205,205,17.351135,22.17997,25.929053,27.831055
handoff/mazu_like/mazu_like_20180601_00_lead072.nc,2018-06-01T00:00:00Z,72,2018-06-03T00:00:00Z,2018-06-04T00:00:00Z,SA-07,Tabuk Region,wind10_speed,m s-1,205,205,2.358954,3.4050268,4.5162127,6.71984
handoff/mazu_like/mazu_like_20180601_00_lead072.nc,2018-06-01T00:00:00Z,72,2018-06-03T00:00:00Z,2018-06-04T00:00:00Z,SA-07,Tabuk Region,pwat,kg m-2,205,205,12.179662,17.599549,21.733909,22.883335
handoff/mazu_like/mazu_like_20180601_00_lead072.nc,2018-06-01T00:00:00Z,72,2018-06-03T00:00:00Z,2018-06-04T00:00:00Z,SA-07,Tabuk Region,ivt,kg m-1 s-1,205,205,35.382511,59.407609,81.517077,111.91753
handoff/mazu_like/mazu_like_20180601_00_lead072.nc,2018-06-01T00:00:00Z,72,2018-06-03T00:00:00Z,2018-06-04T00:00:00Z,SA-07,Tabuk Region,wind850_speed,m s-1,205,205,2.4546161,4.9243385,6.437303,7.53304
handoff/mazu_like/mazu_like_20180601_00_lead072.nc,2018-06-01T00:00:00Z,72,2018-06-03T00:00:00Z,2018-06-04T00:00:00Z,SA-07,Tabuk Region,wind_shear_850_200,m s-1,205,205,24.468609,36.922518,41.311284,41.917713
handoff/mazu_like/mazu_like_20180601_00_lead072.nc,2018-06-01T00:00:00Z,72,2018-06-03T00:00:00Z,2018-06-04T00:00:00Z,SA-07,Tabuk Region,omega500,Pa s-1,205,205,-0.19191951,0.0082070914,0.12684848,0.15522122
handoff/mazu_like/mazu_like_20180601_00_lead072.nc,2018-06-01T00:00:00Z,72,2018-06-03T00:00:00Z,2018-06-04T00:00:00Z,SA-07,Tabuk Region,geopotential_height500,gpm,205,205,5795.4292,5828.6802,5861.9767,5873.6299
handoff/mazu_like/mazu_like_20180601_00_lead072.nc,2018-06-01T00:00:00Z,72,2018-06-03T00:00:00Z,2018-06-04T00:00:00Z,SA-08,Northern Borders Region,daily_precip_total,mm,169,169,0.42308268,0.6448424,0.84543463,0.93667173
handoff/mazu_like/mazu_like_20180601_00_lead072.nc,2018-06-01T00:00:00Z,72,2018-06-03T00:00:00Z,2018-06-04T00:00:00Z,SA-08,Northern Borders Region,t2m_c,degC,169,169,25.504974,32.03422,35.892926,36.386261
handoff/mazu_like/mazu_like_20180601_00_lead072.nc,2018-06-01T00:00:00Z,72,2018-06-03T00:00:00Z,2018-06-04T00:00:00Z,SA-08,Northern Borders Region,tmax_c,degC,169,169,31.681091,38.23099,42.2435,42.888489
handoff/mazu_like/mazu_like_20180601_00_lead072.nc,2018-06-01T00:00:00Z,72,2018-06-03T00:00:00Z,2018-06-04T00:00:00Z,SA-08,Northern Borders Region,tmin_c,degC,169,169,19.879211,26.384894,30.04729,30.522858
handoff/mazu_like/mazu_like_20180601_00_lead072.nc,2018-06-01T00:00:00Z,72,2018-06-03T00:00:00Z,2018-06-04T00:00:00Z,SA-08,Northern Borders Region,wind10_speed,m s-1,169,169,1.9756815,3.200275,4.5184493,5.0474911
handoff/mazu_like/mazu_like_20180601_00_lead072.nc,2018-06-01T00:00:00Z,72,2018-06-03T00:00:00Z,2018-06-04T00:00:00Z,SA-08,Northern Borders Region,pwat,kg m-2,169,169,19.078656,21.193194,22.420367,23.378687
handoff/mazu_like/mazu_like_20180601_00_lead072.nc,2018-06-01T00:00:00Z,72,2018-06-03T00:00:00Z,2018-06-04T00:00:00Z,SA-08,Northern Borders Region,ivt,kg m-1 s-1,169,169,24.161406,61.353285,92.31078,101.23688
handoff/mazu_like/mazu_like_20180601_00_lead072.nc,2018-06-01T00:00:00Z,72,2018-06-03T00:00:00Z,2018-06-04T00:00:00Z,SA-08,Northern Borders Region,wind850_speed,m s-1,169,169,1.8933457,4.4783456,6.410752,7.3817515
handoff/mazu_like/mazu_like_20180601_00_lead072.nc,2018-06-01T00:00:00Z,72,2018-06-03T00:00:00Z,2018-06-04T00:00:00Z,SA-08,Northern Borders Region,wind_shear_850_200,m s-1,169,169,29.668369,40.654486,45.87388,46.720375
handoff/mazu_like/mazu_like_20180601_00_lead072.nc,2018-06-01T00:00:00Z,72,2018-06-03T00:00:00Z,2018-06-04T00:00:00Z,SA-08,Northern Borders Region,omega500,Pa s-1,169,169,-0.21031441,-0.081451729,-0.018129407,-0.0028487891
handoff/mazu_like/mazu_like_20180601_00_lead072.nc,2018-06-01T00:00:00Z,72,2018-06-03T00:00:00Z,2018-06-04T00:00:00Z,SA-08,Northern Borders Region,geopotential_height500,gpm,169,169,5772.8716,5824.3586,5866.8152,5874.6553
handoff/mazu_like/mazu_like_20180601_00_lead072.nc,2018-06-01T00:00:00Z,72,2018-06-03T00:00:00Z,2018-06-04T00:00:00Z,SA-09,Jazan Region,daily_precip_total,mm,22,22,0.25065768,0.92320993,3.4543218,4.9674354
handoff/mazu_like/mazu_like_20180601_00_lead072.nc,2018-06-01T00:00:00Z,72,2018-06-03T00:00:00Z,2018-06-04T00:00:00Z,SA-09,Jazan Region,t2m_c,degC,22,22,24.667877,32.433875,34.399445,34.555695
handoff/mazu_like/mazu_like_20180601_00_lead072.nc,2018-06-01T00:00:00Z,72,2018-06-03T00:00:00Z,2018-06-04T00:00:00Z,SA-09,Jazan Region,tmax_c,degC,22,22,27.829834,36.350038,38.888359,39.131622
handoff/mazu_like/mazu_like_20180601_00_lead072.nc,2018-06-01T00:00:00Z,72,2018-06-03T00:00:00Z,2018-06-04T00:00:00Z,SA-09,Jazan Region,tmin_c,degC,22,22,21.205292,29.487562,31.186552,31.429413
handoff/mazu_like/mazu_like_20180601_00_lead072.nc,2018-06-01T00:00:00Z,72,2018-06-03T00:00:00Z,2018-06-04T00:00:00Z,SA-09,Jazan Region,wind10_speed,m s-1,22,22,1.3045223,2.2109778,3.0092585,3.3879805
handoff/mazu_like/mazu_like_20180601_00_lead072.nc,2018-06-01T00:00:00Z,72,2018-06-03T00:00:00Z,2018-06-04T00:00:00Z,SA-09,Jazan Region,pwat,kg m-2,22,22,34.727323,46.137381,51.870646,55.41003
handoff/mazu_like/mazu_like_20180601_00_lead072.nc,2018-06-01T00:00:00Z,72,2018-06-03T00:00:00Z,2018-06-04T00:00:00Z,SA-09,Jazan Region,ivt,kg m-1 s-1,22,22,79.88819,99.04817,112.63848,122.9693
handoff/mazu_like/mazu_like_20180601_00_lead072.nc,2018-06-01T00:00:00Z,72,2018-06-03T00:00:00Z,2018-06-04T00:00:00Z,SA-09,Jazan Region,wind850_speed,m s-1,22,22,1.4043778,4.3169877,7.590922,8.4229212
handoff/mazu_like/mazu_like_20180601_00_lead072.nc,2018-06-01T00:00:00Z,72,2018-06-03T00:00:00Z,2018-06-04T00:00:00Z,SA-09,Jazan Region,wind_shear_850_200,m s-1,22,22,5.9219737,8.6755766,10.906503,11.618071
handoff/mazu_like/mazu_like_20180601_00_lead072.nc,2018-06-01T00:00:00Z,72,2018-06-03T00:00:00Z,2018-06-04T00:00:00Z,SA-09,Jazan Region,omega500,Pa s-1,22,22,-0.14520806,-0.045614995,-0.011568979,-0.0072152987
handoff/mazu_like/mazu_like_20180601_00_lead072.nc,2018-06-01T00:00:00Z,72,2018-06-03T00:00:00Z,2018-06-04T00:00:00Z,SA-09,Jazan Region,geopotential_height500,gpm,22,22,5890.354,5894.0234,5896.6082,5897.1289
handoff/mazu_like/mazu_like_20180601_00_lead072.nc,2018-06-01T00:00:00Z,72,2018-06-03T00:00:00Z,2018-06-04T00:00:00Z,SA-10,Najran Region,daily_precip_total,mm,123,123,0.46079251,0.55540677,0.62865172,0.76186478
handoff/mazu_like/mazu_like_20180601_00_lead072.nc,2018-06-01T00:00:00Z,72,2018-06-03T00:00:00Z,2018-06-04T00:00:00Z,SA-10,Najran Region,t2m_c,degC,123,123,26.75592,34.74282,37.118729,37.638184
handoff/mazu_like/mazu_like_20180601_00_lead072.nc,2018-06-01T00:00:00Z,72,2018-06-03T00:00:00Z,2018-06-04T00:00:00Z,SA-10,Najran Region,tmax_c,degC,123,123,31.874268,40.690626,43.277924,43.895813
handoff/mazu_like/mazu_like_20180601_00_lead072.nc,2018-06-01T00:00:00Z,72,2018-06-03T00:00:00Z,2018-06-04T00:00:00Z,SA-10,Najran Region,tmin_c,degC,123,123,20.972198,28.929699,31.350366,31.607208
handoff/mazu_like/mazu_like_20180601_00_lead072.nc,2018-06-01T00:00:00Z,72,2018-06-03T00:00:00Z,2018-06-04T00:00:00Z,SA-10,Najran Region,wind10_speed,m s-1,123,123,1.7797614,2.7776164,3.5202281,4.1818676
handoff/mazu_like/mazu_like_20180601_00_lead072.nc,2018-06-01T00:00:00Z,72,2018-06-03T00:00:00Z,2018-06-04T00:00:00Z,SA-10,Najran Region,pwat,kg m-2,123,123,21.544445,24.83266,29.118715,33.031899
handoff/mazu_like/mazu_like_20180601_00_lead072.nc,2018-06-01T00:00:00Z,72,2018-06-03T00:00:00Z,2018-06-04T00:00:00Z,SA-10,Najran Region,ivt,kg m-1 s-1,123,123,42.74657,86.828471,108.43784,123.88789
handoff/mazu_like/mazu_like_20180601_00_lead072.nc,2018-06-01T00:00:00Z,72,2018-06-03T00:00:00Z,2018-06-04T00:00:00Z,SA-10,Najran Region,wind850_speed,m s-1,123,123,1.9466168,4.9398451,6.0821426,6.9639196
handoff/mazu_like/mazu_like_20180601_00_lead072.nc,2018-06-01T00:00:00Z,72,2018-06-03T00:00:00Z,2018-06-04T00:00:00Z,SA-10,Najran Region,wind_shear_850_200,m s-1,123,123,2.8245981,3.973267,5.8553253,6.2917829
handoff/mazu_like/mazu_like_20180601_00_lead072.nc,2018-06-01T00:00:00Z,72,2018-06-03T00:00:00Z,2018-06-04T00:00:00Z,SA-10,Najran Region,omega500,Pa s-1,123,123,-0.06302397,-0.013621675,0.0079559634,0.018828811
handoff/mazu_like/mazu_like_20180601_00_lead072.nc,2018-06-01T00:00:00Z,72,2018-06-03T00:00:00Z,2018-06-04T00:00:00Z,SA-10,Najran Region,geopotential_height500,gpm,123,123,5883.8569,5892.7971,5897.6655,5898.6294
handoff/mazu_like/mazu_like_20180601_00_lead072.nc,2018-06-01T00:00:00Z,72,2018-06-03T00:00:00Z,2018-06-04T00:00:00Z,SA-11,Al Bahah Region,daily_precip_total,mm,12,12,0.2076337,0.35011391,0.49504688,0.51670635
handoff/mazu_like/mazu_like_20180601_00_lead072.nc,2018-06-01T00:00:00Z,72,2018-06-03T00:00:00Z,2018-06-04T00:00:00Z,SA-11,Al Bahah Region,t2m_c,degC,12,12,28.774536,31.317799,35.007878,35.337311
handoff/mazu_like/mazu_like_20180601_00_lead072.nc,2018-06-01T00:00:00Z,72,2018-06-03T00:00:00Z,2018-06-04T00:00:00Z,SA-11,Al Bahah Region,tmax_c,degC,12,12,33.483032,36.506509,40.313106,40.580872
handoff/mazu_like/mazu_like_20180601_00_lead072.nc,2018-06-01T00:00:00Z,72,2018-06-03T00:00:00Z,2018-06-04T00:00:00Z,SA-11,Al Bahah Region,tmin_c,degC,12,12,24.266663,26.946533,31.073558,31.143433
handoff/mazu_like/mazu_like_20180601_00_lead072.nc,2018-06-01T00:00:00Z,72,2018-06-03T00:00:00Z,2018-06-04T00:00:00Z,SA-11,Al Bahah Region,wind10_speed,m s-1,12,12,1.512046,2.0589463,2.6576212,2.9467626
handoff/mazu_like/mazu_like_20180601_00_lead072.nc,2018-06-01T00:00:00Z,72,2018-06-03T00:00:00Z,2018-06-04T00:00:00Z,SA-11,Al Bahah Region,pwat,kg m-2,12,12,20.415526,25.623432,28.282115,28.525982
handoff/mazu_like/mazu_like_20180601_00_lead072.nc,2018-06-01T00:00:00Z,72,2018-06-03T00:00:00Z,2018-06-04T00:00:00Z,SA-11,Al Bahah Region,ivt,kg m-1 s-1,12,12,13.633711,27.957295,46.162738,49.248279
handoff/mazu_like/mazu_like_20180601_00_lead072.nc,2018-06-01T00:00:00Z,72,2018-06-03T00:00:00Z,2018-06-04T00:00:00Z,SA-11,Al Bahah Region,wind850_speed,m s-1,12,12,1.7077308,3.4226284,5.7889471,5.8943157
handoff/mazu_like/mazu_like_20180601_00_lead072.nc,2018-06-01T00:00:00Z,72,2018-06-03T00:00:00Z,2018-06-04T00:00:00Z,SA-11,Al Bahah Region,wind_shear_850_200,m s-1,12,12,4.5376673,6.3943779,8.5930949,8.7635269
handoff/mazu_like/mazu_like_20180601_00_lead072.nc,2018-06-01T00:00:00Z,72,2018-06-03T00:00:00Z,2018-06-04T00:00:00Z,SA-11,Al Bahah Region,omega500,Pa s-1,12,12,-0.0012063105,0.022727047,0.03751146,0.039119016
handoff/mazu_like/mazu_like_20180601_00_lead072.nc,2018-06-01T00:00:00Z,72,2018-06-03T00:00:00Z,2018-06-04T00:00:00Z,SA-11,Al Bahah Region,geopotential_height500,gpm,12,12,5898.4639,5900.058,5901.2384,5901.3125
handoff/mazu_like/mazu_like_20180601_00_lead072.nc,2018-06-01T00:00:00Z,72,2018-06-03T00:00:00Z,2018-06-04T00:00:00Z,SA-12,Al Jawf Region,daily_precip_total,mm,122,122,0.29983643,0.50851347,0.61545782,0.64720243
handoff/mazu_like/mazu_like_20180601_00_lead072.nc,2018-06-01T00:00:00Z,72,2018-06-03T00:00:00Z,2018-06-04T00:00:00Z,SA-12,Al Jawf Region,t2m_c,degC,122,122,25.37973,29.058271,31.904845,32.816589
handoff/mazu_like/mazu_like_20180601_00_lead072.nc,2018-06-01T00:00:00Z,72,2018-06-03T00:00:00Z,2018-06-04T00:00:00Z,SA-12,Al Jawf Region,tmax_c,degC,122,122,31.657776,35.288133,38.235059,39.084412
handoff/mazu_like/mazu_like_20180601_00_lead072.nc,2018-06-01T00:00:00Z,72,2018-06-03T00:00:00Z,2018-06-04T00:00:00Z,SA-12,Al Jawf Region,tmin_c,degC,122,122,19.713226,23.665485,26.608253,27.506775
handoff/mazu_like/mazu_like_20180601_00_lead072.nc,2018-06-01T00:00:00Z,72,2018-06-03T00:00:00Z,2018-06-04T00:00:00Z,SA-12,Al Jawf Region,wind10_speed,m s-1,122,122,3.2268479,4.4266203,5.3676912,5.5033593
handoff/mazu_like/mazu_like_20180601_00_lead072.nc,2018-06-01T00:00:00Z,72,2018-06-03T00:00:00Z,2018-06-04T00:00:00Z,SA-12,Al Jawf Region,pwat,kg m-2,122,122,18.008054,19.951816,22.309219,22.585466
handoff/mazu_like/mazu_like_20180601_00_lead072.nc,2018-06-01T00:00:00Z,72,2018-06-03T00:00:00Z,2018-06-04T00:00:00Z,SA-12,Al Jawf Region,ivt,kg m-1 s-1,122,122,65.576332,91.909856,104.46798,113.2525
handoff/mazu_like/mazu_like_20180601_00_lead072.nc,2018-06-01T00:00:00Z,72,2018-06-03T00:00:00Z,2018-06-04T00:00:00Z,SA-12,Al Jawf Region,wind850_speed,m s-1,122,122,4.3402209,5.6980683,6.9709295,7.4008832
handoff/mazu_like/mazu_like_20180601_00_lead072.nc,2018-06-01T00:00:00Z,72,2018-06-03T00:00:00Z,2018-06-04T00:00:00Z,SA-12,Al Jawf Region,wind_shear_850_200,m s-1,122,122,31.007799,39.518558,41.682803,42.627487
handoff/mazu_like/mazu_like_20180601_00_lead072.nc,2018-06-01T00:00:00Z,72,2018-06-03T00:00:00Z,2018-06-04T00:00:00Z,SA-12,Al Jawf Region,omega500,Pa s-1,122,122,-0.2703563,-0.14669704,-0.024270453,0.032814261
handoff/mazu_like/mazu_like_20180601_00_lead072.nc,2018-06-01T00:00:00Z,72,2018-06-03T00:00:00Z,2018-06-04T00:00:00Z,SA-12,Al Jawf Region,geopotential_height500,gpm,122,122,5773.1074,5809.0735,5830.3618,5833.6313
handoff/mazu_like/mazu_like_20180601_00_lead072.nc,2018-06-01T00:00:00Z,72,2018-06-03T00:00:00Z,2018-06-04T00:00:00Z,SA-14,Asir Region,daily_precip_total,mm,104,104,0.064436056,0.55372467,1.2268488,2.5154984
handoff/mazu_like/mazu_like_20180601_00_lead072.nc,2018-06-01T00:00:00Z,72,2018-06-03T00:00:00Z,2018-06-04T00:00:00Z,SA-14,Asir Region,t2m_c,degC,104,104,23.737061,30.9281,34.741786,35.679474
handoff/mazu_like/mazu_like_20180601_00_lead072.nc,2018-06-01T00:00:00Z,72,2018-06-03T00:00:00Z,2018-06-04T00:00:00Z,SA-14,Asir Region,tmax_c,degC,104,104,28.172791,36.180685,40.653712,41.723572
handoff/mazu_like/mazu_like_20180601_00_lead072.nc,2018-06-01T00:00:00Z,72,2018-06-03T00:00:00Z,2018-06-04T00:00:00Z,SA-14,Asir Region,tmin_c,degC,104,104,19.368103,26.24784,30.309584,30.982758
handoff/mazu_like/mazu_like_20180601_00_lead072.nc,2018-06-01T00:00:00Z,72,2018-06-03T00:00:00Z,2018-06-04T00:00:00Z,SA-14,Asir Region,wind10_speed,m s-1,104,104,0.96589226,2.6547031,3.8088347,4.0360823
handoff/mazu_like/mazu_like_20180601_00_lead072.nc,2018-06-01T00:00:00Z,72,2018-06-03T00:00:00Z,2018-06-04T00:00:00Z,SA-14,Asir Region,pwat,kg m-2,104,104,19.409071,27.702774,39.817238,45.531775
handoff/mazu_like/mazu_like_20180601_00_lead072.nc,2018-06-01T00:00:00Z,72,2018-06-03T00:00:00Z,2018-06-04T00:00:00Z,SA-14,Asir Region,ivt,kg m-1 s-1,104,104,19.975377,59.066871,87.795597,92.751732
handoff/mazu_like/mazu_like_20180601_00_lead072.nc,2018-06-01T00:00:00Z,72,2018-06-03T00:00:00Z,2018-06-04T00:00:00Z,SA-14,Asir Region,wind850_speed,m s-1,104,104,1.0171664,3.8202241,6.59969,7.1571174
handoff/mazu_like/mazu_like_20180601_00_lead072.nc,2018-06-01T00:00:00Z,72,2018-06-03T00:00:00Z,2018-06-04T00:00:00Z,SA-14,Asir Region,wind_shear_850_200,m s-1,104,104,4.107574,7.3024143,11.253904,12.372715
handoff/mazu_like/mazu_like_20180601_00_lead072.nc,2018-06-01T00:00:00Z,72,2018-06-03T00:00:00Z,2018-06-04T00:00:00Z,SA-14,Asir Region,omega500,Pa s-1,104,104,-0.097416148,0.016531375,0.067791143,0.078426309
handoff/mazu_like/mazu_like_20180601_00_lead072.nc,2018-06-01T00:00:00Z,72,2018-06-03T00:00:00Z,2018-06-04T00:00:00Z,SA-14,Asir Region,geopotential_height500,gpm,104,104,5892.895,5898.5136,5900.509,5900.8652
handoff/mazu_like/mazu_like_20180614_00_lead024.nc,2018-06-14T00:00:00Z,24,2018-06-14T00:00:00Z,2018-06-15T00:00:00Z,SA-01,Riyadh Region,daily_precip_total,mm,531,531,0.077826194,0.26963783,0.35862833,0.41015616
handoff/mazu_like/mazu_like_20180614_00_lead024.nc,2018-06-14T00:00:00Z,24,2018-06-14T00:00:00Z,2018-06-15T00:00:00Z,SA-01,Riyadh Region,t2m_c,degC,531,531,30.705505,34.169322,36.86673,37.369659
handoff/mazu_like/mazu_like_20180614_00_lead024.nc,2018-06-14T00:00:00Z,24,2018-06-14T00:00:00Z,2018-06-15T00:00:00Z,SA-01,Riyadh Region,tmax_c,degC,531,531,35.893036,40.142521,43.669357,44.39032
handoff/mazu_like/mazu_like_20180614_00_lead024.nc,2018-06-14T00:00:00Z,24,2018-06-14T00:00:00Z,2018-06-15T00:00:00Z,SA-01,Riyadh Region,tmin_c,degC,531,531,25.689972,28.309788,30.658539,31.300568
handoff/mazu_like/mazu_like_20180614_00_lead024.nc,2018-06-14T00:00:00Z,24,2018-06-14T00:00:00Z,2018-06-15T00:00:00Z,SA-01,Riyadh Region,wind10_speed,m s-1,531,531,2.5239139,5.2737878,6.4103994,6.9917459
handoff/mazu_like/mazu_like_20180614_00_lead024.nc,2018-06-14T00:00:00Z,24,2018-06-14T00:00:00Z,2018-06-15T00:00:00Z,SA-01,Riyadh Region,pwat,kg m-2,531,531,11.955417,17.324885,23.375145,29.599268
handoff/mazu_like/mazu_like_20180614_00_lead024.nc,2018-06-14T00:00:00Z,24,2018-06-14T00:00:00Z,2018-06-15T00:00:00Z,SA-01,Riyadh Region,ivt,kg m-1 s-1,531,531,55.974282,114.42595,162.8605,181.84607
handoff/mazu_like/mazu_like_20180614_00_lead024.nc,2018-06-14T00:00:00Z,24,2018-06-14T00:00:00Z,2018-06-15T00:00:00Z,SA-01,Riyadh Region,wind850_speed,m s-1,531,531,4.0796928,8.8821397,11.164645,11.720511
handoff/mazu_like/mazu_like_20180614_00_lead024.nc,2018-06-14T00:00:00Z,24,2018-06-14T00:00:00Z,2018-06-15T00:00:00Z,SA-01,Riyadh Region,wind_shear_850_200,m s-1,531,531,14.195461,20.600189,25.019564,36.031029
handoff/mazu_like/mazu_like_20180614_00_lead024.nc,2018-06-14T00:00:00Z,24,2018-06-14T00:00:00Z,2018-06-15T00:00:00Z,SA-01,Riyadh Region,omega500,Pa s-1,531,531,-0.10829612,0.060473103,0.16682441,0.2564345
handoff/mazu_like/mazu_like_20180614_00_lead024.nc,2018-06-14T00:00:00Z,24,2018-06-14T00:00:00Z,2018-06-15T00:00:00Z,SA-01,Riyadh Region,geopotential_height500,gpm,531,531,5835.7983,5870.2515,5886.7925,5888.4238
handoff/mazu_like/mazu_like_20180614_00_lead024.nc,2018-06-14T00:00:00Z,24,2018-06-14T00:00:00Z,2018-06-15T00:00:00Z,SA-02,Makkah Region,daily_precip_total,mm,191,191,0.10137347,0.26185227,0.365889,0.46064362
handoff/mazu_like/mazu_like_20180614_00_lead024.nc,2018-06-14T00:00:00Z,24,2018-06-14T00:00:00Z,2018-06-15T00:00:00Z,SA-02,Makkah Region,t2m_c,degC,191,191,24.372131,31.457249,34.423813,35.360687
handoff/mazu_like/mazu_like_20180614_00_lead024.nc,2018-06-14T00:00:00Z,24,2018-06-14T00:00:00Z,2018-06-15T00:00:00Z,SA-02,Makkah Region,tmax_c,degC,191,191,28.876831,36.782538,39.565704,40.543121
handoff/mazu_like/mazu_like_20180614_00_lead024.nc,2018-06-14T00:00:00Z,24,2018-06-14T00:00:00Z,2018-06-15T00:00:00Z,SA-02,Makkah Region,tmin_c,degC,191,191,19.571289,25.868429,29.905991,31.099731
handoff/mazu_like/mazu_like_20180614_00_lead024.nc,2018-06-14T00:00:00Z,24,2018-06-14T00:00:00Z,2018-06-15T00:00:00Z,SA-02,Makkah Region,wind10_speed,m s-1,191,191,2.0545158,4.5553935,6.2616613,6.9317789
handoff/mazu_like/mazu_like_20180614_00_lead024.nc,2018-06-14T00:00:00Z,24,2018-06-14T00:00:00Z,2018-06-15T00:00:00Z,SA-02,Makkah Region,pwat,kg m-2,191,191,16.355851,21.820808,30.831927,33.293851
handoff/mazu_like/mazu_like_20180614_00_lead024.nc,2018-06-14T00:00:00Z,24,2018-06-14T00:00:00Z,2018-06-15T00:00:00Z,SA-02,Makkah Region,ivt,kg m-1 s-1,191,191,99.029052,150.41342,183.10836,281.11887
handoff/mazu_like/mazu_like_20180614_00_lead024.nc,2018-06-14T00:00:00Z,24,2018-06-14T00:00:00Z,2018-06-15T00:00:00Z,SA-02,Makkah Region,wind850_speed,m s-1,191,191,3.2142048,7.9455253,10.618464,12.511976
handoff/mazu_like/mazu_like_20180614_00_lead024.nc,2018-06-14T00:00:00Z,24,2018-06-14T00:00:00Z,2018-06-15T00:00:00Z,SA-02,Makkah Region,wind_shear_850_200,m s-1,191,191,12.693984,21.550327,26.147285,28.194912
handoff/mazu_like/mazu_like_20180614_00_lead024.nc,2018-06-14T00:00:00Z,24,2018-06-14T00:00:00Z,2018-06-15T00:00:00Z,SA-02,Makkah Region,omega500,Pa s-1,191,191,-0.15042432,0.039442213,0.18190116,0.27760661
handoff/mazu_like/mazu_like_20180614_00_lead024.nc,2018-06-14T00:00:00Z,24,2018-06-14T00:00:00Z,2018-06-15T00:00:00Z,SA-02,Makkah Region,geopotential_height500,gpm,191,191,5855.7339,5870.6739,5884.2598,5888.1514
handoff/mazu_like/mazu_like_20180614_00_lead024.nc,2018-06-14T00:00:00Z,24,2018-06-14T00:00:00Z,2018-06-15T00:00:00Z,SA-03,Al Madinah Region,daily_precip_total,mm,207,207,0,0.2108834,0.32130862,0.36886141
handoff/mazu_like/mazu_like_20180614_00_lead024.nc,2018-06-14T00:00:00Z,24,2018-06-14T00:00:00Z,2018-06-15T00:00:00Z,SA-03,Al Madinah Region,t2m_c,degC,207,207,25.010834,30.150512,32.528589,34.083252
handoff/mazu_like/mazu_like_20180614_00_lead024.nc,2018-06-14T00:00:00Z,24,2018-06-14T00:00:00Z,2018-06-15T00:00:00Z,SA-03,Al Madinah Region,tmax_c,degC,207,207,29.739746,35.197485,37.288953,38.83255
handoff/mazu_like/mazu_like_20180614_00_lead024.nc,2018-06-14T00:00:00Z,24,2018-06-14T00:00:00Z,2018-06-15T00:00:00Z,SA-03,Al Madinah Region,tmin_c,degC,207,207,21.330383,25.449234,28.418607,28.93512
handoff/mazu_like/mazu_like_20180614_00_lead024.nc,2018-06-14T00:00:00Z,24,2018-06-14T00:00:00Z,2018-06-15T00:00:00Z,SA-03,Al Madinah Region,wind10_speed,m s-1,207,207,1.66677,4.1401292,6.2122062,6.5691752
handoff/mazu_like/mazu_like_20180614_00_lead024.nc,2018-06-14T00:00:00Z,24,2018-06-14T00:00:00Z,2018-06-15T00:00:00Z,SA-03,Al Madinah Region,pwat,kg m-2,207,207,15.672096,20.408237,26.2095,27.26713
handoff/mazu_like/mazu_like_20180614_00_lead024.nc,2018-06-14T00:00:00Z,24,2018-06-14T00:00:00Z,2018-06-15T00:00:00Z,SA-03,Al Madinah Region,ivt,kg m-1 s-1,207,207,48.192607,102.33644,147.72499,162.61471
handoff/mazu_like/mazu_like_20180614_00_lead024.nc,2018-06-14T00:00:00Z,24,2018-06-14T00:00:00Z,2018-06-15T00:00:00Z,SA-03,Al Madinah Region,wind850_speed,m s-1,207,207,2.8636899,6.5281495,9.8251768,10.379383
handoff/mazu_like/mazu_like_20180614_00_lead024.nc,2018-06-14T00:00:00Z,24,2018-06-14T00:00:00Z,2018-06-15T00:00:00Z,SA-03,Al Madinah Region,wind_shear_850_200,m s-1,207,207,23.313005,30.271025,37.610366,38.895401
handoff/mazu_like/mazu_like_20180614_00_lead024.nc,2018-06-14T00:00:00Z,24,2018-06-14T00:00:00Z,2018-06-15T00:00:00Z,SA-03,Al Madinah Region,omega500,Pa s-1,207,207,-0.011878185,0.082361974,0.14267468,0.1667521
handoff/mazu_like/mazu_like_20180614_00_lead024.nc,2018-06-14T00:00:00Z,24,2018-06-14T00:00:00Z,2018-06-15T00:00:00Z,SA-03,Al Madinah Region,geopotential_height500,gpm,207,207,5824.4854,5843.8656,5857.4806,5861.752
handoff/mazu_like/mazu_like_20180614_00_lead024.nc,2018-06-14T00:00:00Z,24,2018-06-14T00:00:00Z,2018-06-15T00:00:00Z,SA-04,Eastern Region,daily_precip_total,mm,798,798,0.0062563587,0.31718631,0.42894938,0.51698893
handoff/mazu_like/mazu_like_20180614_00_lead024.nc,2018-06-14T00:00:00Z,24,2018-06-14T00:00:00Z,2018-06-15T00:00:00Z,SA-04,Eastern Region,t2m_c,degC,798,798,33.450684,37.038214,37.999187,38.36618
handoff/mazu_like/mazu_like_20180614_00_lead024.nc,2018-06-14T00:00:00Z,24,2018-06-14T00:00:00Z,2018-06-15T00:00:00Z,SA-04,Eastern Region,tmax_c,degC,798,798,34.782288,44.265586,45.632617,46.299377
handoff/mazu_like/mazu_like_20180614_00_lead024.nc,2018-06-14T00:00:00Z,24,2018-06-14T00:00:00Z,2018-06-15T00:00:00Z,SA-04,Eastern Region,tmin_c,degC,798,798,27.670074,29.766969,31.236079,32.195801
handoff/mazu_like/mazu_like_20180614_00_lead024.nc,2018-06-14T00:00:00Z,24,2018-06-14T00:00:00Z,2018-06-15T00:00:00Z,SA-04,Eastern Region,wind10_speed,m s-1,798,798,1.5316226,3.4198999,5.4988359,6.3686233
handoff/mazu_like/mazu_like_20180614_00_lead024.nc,2018-06-14T00:00:00Z,24,2018-06-14T00:00:00Z,2018-06-15T00:00:00Z,SA-04,Eastern Region,pwat,kg m-2,798,798,12.779841,17.536413,21.689374,26.743101
handoff/mazu_like/mazu_like_20180614_00_lead024.nc,2018-06-14T00:00:00Z,24,2018-06-14T00:00:00Z,2018-06-15T00:00:00Z,SA-04,Eastern Region,ivt,kg m-1 s-1,798,798,35.223584,84.383701,134.35149,153.34276
handoff/mazu_like/mazu_like_20180614_00_lead024.nc,2018-06-14T00:00:00Z,24,2018-06-14T00:00:00Z,2018-06-15T00:00:00Z,SA-04,Eastern Region,wind850_speed,m s-1,798,798,2.2092957,5.6690391,10.513442,12.834596
handoff/mazu_like/mazu_like_20180614_00_lead024.nc,2018-06-14T00:00:00Z,24,2018-06-14T00:00:00Z,2018-06-15T00:00:00Z,SA-04,Eastern Region,wind_shear_850_200,m s-1,798,798,12.16544,18.940599,30.413822,37.17474
handoff/mazu_like/mazu_like_20180614_00_lead024.nc,2018-06-14T00:00:00Z,24,2018-06-14T00:00:00Z,2018-06-15T00:00:00Z,SA-04,Eastern Region,omega500,Pa s-1,798,798,-0.094406687,0.0094329865,0.11787541,0.17777056
handoff/mazu_like/mazu_like_20180614_00_lead024.nc,2018-06-14T00:00:00Z,24,2018-06-14T00:00:00Z,2018-06-15T00:00:00Z,SA-04,Eastern Region,geopotential_height500,gpm,798,798,5828.2061,5874.271,5886.2605,5888.1997
handoff/mazu_like/mazu_like_20180614_00_lead024.nc,2018-06-14T00:00:00Z,24,2018-06-14T00:00:00Z,2018-06-15T00:00:00Z,SA-05,Al-Qassim Region,daily_precip_total,mm,96,96,0.22075561,0.30864433,0.36741146,0.37773514
handoff/mazu_like/mazu_like_20180614_00_lead024.nc,2018-06-14T00:00:00Z,24,2018-06-14T00:00:00Z,2018-06-15T00:00:00Z,SA-05,Al-Qassim Region,t2m_c,degC,96,96,30.820557,32.729273,34.423599,35.065948
handoff/mazu_like/mazu_like_20180614_00_lead024.nc,2018-06-14T00:00:00Z,24,2018-06-14T00:00:00Z,2018-06-15T00:00:00Z,SA-05,Al-Qassim Region,tmax_c,degC,96,96,36.099792,38.076906,39.906693,40.732666
handoff/mazu_like/mazu_like_20180614_00_lead024.nc,2018-06-14T00:00:00Z,24,2018-06-14T00:00:00Z,2018-06-15T00:00:00Z,SA-05,Al-Qassim Region,tmin_c,degC,96,96,25.887817,27.852767,29.528786,29.929565
handoff/mazu_like/mazu_like_20180614_00_lead024.nc,2018-06-14T00:00:00Z,24,2018-06-14T00:00:00Z,2018-06-15T00:00:00Z,SA-05,Al-Qassim Region,wind10_speed,m s-1,96,96,2.266778,4.1273032,5.6899875,6.4439826
handoff/mazu_like/mazu_like_20180614_00_lead024.nc,2018-06-14T00:00:00Z,24,2018-06-14T00:00:00Z,2018-06-15T00:00:00Z,SA-05,Al-Qassim Region,pwat,kg m-2,96,96,13.414547,17.63241,21.214448,21.948076
handoff/mazu_like/mazu_like_20180614_00_lead024.nc,2018-06-14T00:00:00Z,24,2018-06-14T00:00:00Z,2018-06-15T00:00:00Z,SA-05,Al-Qassim Region,ivt,kg m-1 s-1,96,96,39.220205,79.838797,115.40358,140.72909
handoff/mazu_like/mazu_like_20180614_00_lead024.nc,2018-06-14T00:00:00Z,24,2018-06-14T00:00:00Z,2018-06-15T00:00:00Z,SA-05,Al-Qassim Region,wind850_speed,m s-1,96,96,3.8774352,6.8723606,9.1864336,10.478669
handoff/mazu_like/mazu_like_20180614_00_lead024.nc,2018-06-14T00:00:00Z,24,2018-06-14T00:00:00Z,2018-06-15T00:00:00Z,SA-05,Al-Qassim Region,wind_shear_850_200,m s-1,96,96,22.551765,30.194067,36.773631,37.775764
handoff/mazu_like/mazu_like_20180614_00_lead024.nc,2018-06-14T00:00:00Z,24,2018-06-14T00:00:00Z,2018-06-15T00:00:00Z,SA-05,Al-Qassim Region,omega500,Pa s-1,96,96,-0.0034718048,0.080383295,0.12682034,0.14835024
handoff/mazu_like/mazu_like_20180614_00_lead024.nc,2018-06-14T00:00:00Z,24,2018-06-14T00:00:00Z,2018-06-15T00:00:00Z,SA-05,Al-Qassim Region,geopotential_height500,gpm,96,96,5830.3359,5840.1215,5847.3781,5850.5625
handoff/mazu_like/mazu_like_20180614_00_lead024.nc,2018-06-14T00:00:00Z,24,2018-06-14T00:00:00Z,2018-06-15T00:00:00Z,SA-06,Hail Region,daily_precip_total,mm,163,163,0.17822115,0.28238995,0.34497989,0.40482032
handoff/mazu_like/mazu_like_20180614_00_lead024.nc,2018-06-14T00:00:00Z,24,2018-06-14T00:00:00Z,2018-06-15T00:00:00Z,SA-06,Hail Region,t2m_c,degC,163,163,26.945709,29.989814,32.802097,33.302673
handoff/mazu_like/mazu_like_20180614_00_lead024.nc,2018-06-14T00:00:00Z,24,2018-06-14T00:00:00Z,2018-06-15T00:00:00Z,SA-06,Hail Region,tmax_c,degC,163,163,31.963684,35.251288,37.930792,38.530975
handoff/mazu_like/mazu_like_20180614_00_lead024.nc,2018-06-14T00:00:00Z,24,2018-06-14T00:00:00Z,2018-06-15T00:00:00Z,SA-06,Hail Region,tmin_c,degC,163,163,21.911041,25.017899,27.86972,28.543213
handoff/mazu_like/mazu_like_20180614_00_lead024.nc,2018-06-14T00:00:00Z,24,2018-06-14T00:00:00Z,2018-06-15T00:00:00Z,SA-06,Hail Region,wind10_speed,m s-1,163,163,2.5383425,3.6457822,4.7887412,5.4813719
handoff/mazu_like/mazu_like_20180614_00_lead024.nc,2018-06-14T00:00:00Z,24,2018-06-14T00:00:00Z,2018-06-15T00:00:00Z,SA-06,Hail Region,pwat,kg m-2,163,163,17.742138,22.145011,25.383421,26.204245
handoff/mazu_like/mazu_like_20180614_00_lead024.nc,2018-06-14T00:00:00Z,24,2018-06-14T00:00:00Z,2018-06-15T00:00:00Z,SA-06,Hail Region,ivt,kg m-1 s-1,163,163,42.860319,77.611964,101.08529,105.13218
handoff/mazu_like/mazu_like_20180614_00_lead024.nc,2018-06-14T00:00:00Z,24,2018-06-14T00:00:00Z,2018-06-15T00:00:00Z,SA-06,Hail Region,wind850_speed,m s-1,163,163,3.6208489,5.8148747,7.6007661,7.7526445
handoff/mazu_like/mazu_like_20180614_00_lead024.nc,2018-06-14T00:00:00Z,24,2018-06-14T00:00:00Z,2018-06-15T00:00:00Z,SA-06,Hail Region,wind_shear_850_200,m s-1,163,163,30.95372,39.108205,41.804037,42.068764
handoff/mazu_like/mazu_like_20180614_00_lead024.nc,2018-06-14T00:00:00Z,24,2018-06-14T00:00:00Z,2018-06-15T00:00:00Z,SA-06,Hail Region,omega500,Pa s-1,163,163,-0.013249476,0.06292785,0.10552977,0.15740657
handoff/mazu_like/mazu_like_20180614_00_lead024.nc,2018-06-14T00:00:00Z,24,2018-06-14T00:00:00Z,2018-06-15T00:00:00Z,SA-06,Hail Region,geopotential_height500,gpm,163,163,5813.9028,5826.3502,5836.5166,5839.3149
handoff/mazu_like/mazu_like_20180614_00_lead024.nc,2018-06-14T00:00:00Z,24,2018-06-14T00:00:00Z,2018-06-15T00:00:00Z,SA-07,Tabuk Region,daily_precip_total,mm,205,205,0.11245115,0.28007548,0.38793705,0.57579917
handoff/mazu_like/mazu_like_20180614_00_lead024.nc,2018-06-14T00:00:00Z,24,2018-06-14T00:00:00Z,2018-06-15T00:00:00Z,SA-07,Tabuk Region,t2m_c,degC,205,205,24.731415,28.223299,31.078168,32.183624
handoff/mazu_like/mazu_like_20180614_00_lead024.nc,2018-06-14T00:00:00Z,24,2018-06-14T00:00:00Z,2018-06-15T00:00:00Z,SA-07,Tabuk Region,tmax_c,degC,205,205,29.320648,32.742509,35.581989,36.309174
handoff/mazu_like/mazu_like_20180614_00_lead024.nc,2018-06-14T00:00:00Z,24,2018-06-14T00:00:00Z,2018-06-15T00:00:00Z,SA-07,Tabuk Region,tmin_c,degC,205,205,20.44632,24.226292,27.282721,28.433319
handoff/mazu_like/mazu_like_20180614_00_lead024.nc,2018-06-14T00:00:00Z,24,2018-06-14T00:00:00Z,2018-06-15T00:00:00Z,SA-07,Tabuk Region,wind10_speed,m s-1,205,205,1.1333114,2.5899988,3.3327034,3.662225
handoff/mazu_like/mazu_like_20180614_00_lead024.nc,2018-06-14T00:00:00Z,24,2018-06-14T00:00:00Z,2018-06-15T00:00:00Z,SA-07,Tabuk Region,pwat,kg m-2,205,205,15.462379,24.427936,27.040175,27.590488
handoff/mazu_like/mazu_like_20180614_00_lead024.nc,2018-06-14T00:00:00Z,24,2018-06-14T00:00:00Z,2018-06-15T00:00:00Z,SA-07,Tabuk Region,ivt,kg m-1 s-1,205,205,45.839064,78.329309,99.719847,111.38835
handoff/mazu_like/mazu_like_20180614_00_lead024.nc,2018-06-14T00:00:00Z,24,2018-06-14T00:00:00Z,2018-06-15T00:00:00Z,SA-07,Tabuk Region,wind850_speed,m s-1,205,205,2.17869,4.2204698,6.1544643,8.235981
handoff/mazu_like/mazu_like_20180614_00_lead024.nc,2018-06-14T00:00:00Z,24,2018-06-14T00:00:00Z,2018-06-15T00:00:00Z,SA-07,Tabuk Region,wind_shear_850_200,m s-1,205,205,23.038586,35.24236,41.560551,41.775826
handoff/mazu_like/mazu_like_20180614_00_lead024.nc,2018-06-14T00:00:00Z,24,2018-06-14T00:00:00Z,2018-06-15T00:00:00Z,SA-07,Tabuk Region,omega500,Pa s-1,205,205,-0.011355534,0.099427236,0.16740491,0.19164731
handoff/mazu_like/mazu_like_20180614_00_lead024.nc,2018-06-14T00:00:00Z,24,2018-06-14T00:00:00Z,2018-06-15T00:00:00Z,SA-07,Tabuk Region,geopotential_height500,gpm,205,205,5805.7661,5822.0639,5840.085,5846.6353
handoff/mazu_like/mazu_like_20180614_00_lead024.nc,2018-06-14T00:00:00Z,24,2018-06-14T00:00:00Z,2018-06-15T00:00:00Z,SA-08,Northern Borders Region,daily_precip_total,mm,169,169,0.16940542,0.30917776,0.36817991,0.39754152
handoff/mazu_like/mazu_like_20180614_00_lead024.nc,2018-06-14T00:00:00Z,24,2018-06-14T00:00:00Z,2018-06-15T00:00:00Z,SA-08,Northern Borders Region,t2m_c,degC,169,169,26.027252,31.139226,35.043842,35.650116
handoff/mazu_like/mazu_like_20180614_00_lead024.nc,2018-06-14T00:00:00Z,24,2018-06-14T00:00:00Z,2018-06-15T00:00:00Z,SA-08,Northern Borders Region,tmax_c,degC,169,169,30.970184,36.524692,40.648663,41.414978
handoff/mazu_like/mazu_like_20180614_00_lead024.nc,2018-06-14T00:00:00Z,24,2018-06-14T00:00:00Z,2018-06-15T00:00:00Z,SA-08,Northern Borders Region,tmin_c,degC,169,169,21.553162,26.09553,29.521954,29.912262
handoff/mazu_like/mazu_like_20180614_00_lead024.nc,2018-06-14T00:00:00Z,24,2018-06-14T00:00:00Z,2018-06-15T00:00:00Z,SA-08,Northern Borders Region,wind10_speed,m s-1,169,169,2.775424,3.8840667,4.4716597,4.6195078
handoff/mazu_like/mazu_like_20180614_00_lead024.nc,2018-06-14T00:00:00Z,24,2018-06-14T00:00:00Z,2018-06-15T00:00:00Z,SA-08,Northern Borders Region,pwat,kg m-2,169,169,19.774225,24.714266,28.669443,30.237855
handoff/mazu_like/mazu_like_20180614_00_lead024.nc,2018-06-14T00:00:00Z,24,2018-06-14T00:00:00Z,2018-06-15T00:00:00Z,SA-08,Northern Borders Region,ivt,kg m-1 s-1,169,169,45.095651,131.97664,188.04309,202.84573
handoff/mazu_like/mazu_like_20180614_00_lead024.nc,2018-06-14T00:00:00Z,24,2018-06-14T00:00:00Z,2018-06-15T00:00:00Z,SA-08,Northern Borders Region,wind850_speed,m s-1,169,169,4.3045411,6.1327911,7.5318554,8.1289978
handoff/mazu_like/mazu_like_20180614_00_lead024.nc,2018-06-14T00:00:00Z,24,2018-06-14T00:00:00Z,2018-06-15T00:00:00Z,SA-08,Northern Borders Region,wind_shear_850_200,m s-1,169,169,27.93573,39.638826,43.045943,43.533463
handoff/mazu_like/mazu_like_20180614_00_lead024.nc,2018-06-14T00:00:00Z,24,2018-06-14T00:00:00Z,2018-06-15T00:00:00Z,SA-08,Northern Borders Region,omega500,Pa s-1,169,169,0.018998012,0.071033886,0.11223985,0.13033468
handoff/mazu_like/mazu_like_20180614_00_lead024.nc,2018-06-14T00:00:00Z,24,2018-06-14T00:00:00Z,2018-06-15T00:00:00Z,SA-08,Northern Borders Region,geopotential_height500,gpm,169,169,5784.9414,5807.7691,5830.1525,5834.0786
handoff/mazu_like/mazu_like_20180614_00_lead024.nc,2018-06-14T00:00:00Z,24,2018-06-14T00:00:00Z,2018-06-15T00:00:00Z,SA-09,Jazan Region,daily_precip_total,mm,22,22,0.22618571,0.34929702,0.45225124,0.4751142
handoff/mazu_like/mazu_like_20180614_00_lead024.nc,2018-06-14T00:00:00Z,24,2018-06-14T00:00:00Z,2018-06-15T00:00:00Z,SA-09,Jazan Region,t2m_c,degC,22,22,27.064453,34.299074,36.525064,36.860626
handoff/mazu_like/mazu_like_20180614_00_lead024.nc,2018-06-14T00:00:00Z,24,2018-06-14T00:00:00Z,2018-06-15T00:00:00Z,SA-09,Jazan Region,tmax_c,degC,22,22,30.682465,38.34862,41.482037,41.604828
handoff/mazu_like/mazu_like_20180614_00_lead024.nc,2018-06-14T00:00:00Z,24,2018-06-14T00:00:00Z,2018-06-15T00:00:00Z,SA-09,Jazan Region,tmin_c,degC,22,22,23.54834,29.592961,31.561253,31.59668
handoff/mazu_like/mazu_like_20180614_00_lead024.nc,2018-06-14T00:00:00Z,24,2018-06-14T00:00:00Z,2018-06-15T00:00:00Z,SA-09,Jazan Region,wind10_speed,m s-1,22,22,1.9928467,4.509382,7.1902098,7.3644872
handoff/mazu_like/mazu_like_20180614_00_lead024.nc,2018-06-14T00:00:00Z,24,2018-06-14T00:00:00Z,2018-06-15T00:00:00Z,SA-09,Jazan Region,pwat,kg m-2,22,22,31.836249,35.304781,38.495181,41.480312
handoff/mazu_like/mazu_like_20180614_00_lead024.nc,2018-06-14T00:00:00Z,24,2018-06-14T00:00:00Z,2018-06-15T00:00:00Z,SA-09,Jazan Region,ivt,kg m-1 s-1,22,22,72.049123,179.49718,271.38461,287.46958
handoff/mazu_like/mazu_like_20180614_00_lead024.nc,2018-06-14T00:00:00Z,24,2018-06-14T00:00:00Z,2018-06-15T00:00:00Z,SA-09,Jazan Region,wind850_speed,m s-1,22,22,1.8402122,8.2698023,13.309269,13.536385
handoff/mazu_like/mazu_like_20180614_00_lead024.nc,2018-06-14T00:00:00Z,24,2018-06-14T00:00:00Z,2018-06-15T00:00:00Z,SA-09,Jazan Region,wind_shear_850_200,m s-1,22,22,13.491382,20.490032,25.363786,25.674316
handoff/mazu_like/mazu_like_20180614_00_lead024.nc,2018-06-14T00:00:00Z,24,2018-06-14T00:00:00Z,2018-06-15T00:00:00Z,SA-09,Jazan Region,omega500,Pa s-1,22,22,-0.11810931,-0.029778205,0.042307633,0.043984741
handoff/mazu_like/mazu_like_20180614_00_lead024.nc,2018-06-14T00:00:00Z,24,2018-06-14T00:00:00Z,2018-06-15T00:00:00Z,SA-09,Jazan Region,geopotential_height500,gpm,22,22,5888.3281,5890.672,5892.4817,5892.6611
handoff/mazu_like/mazu_like_20180614_00_lead024.nc,2018-06-14T00:00:00Z,24,2018-06-14T00:00:00Z,2018-06-15T00:00:00Z,SA-10,Najran Region,daily_precip_total,mm,123,123,0.1824301,0.30904661,0.52809737,0.63491189
handoff/mazu_like/mazu_like_20180614_00_lead024.nc,2018-06-14T00:00:00Z,24,2018-06-14T00:00:00Z,2018-06-15T00:00:00Z,SA-10,Najran Region,t2m_c,degC,123,123,25.657227,34.093391,35.964374,36.28949
handoff/mazu_like/mazu_like_20180614_00_lead024.nc,2018-06-14T00:00:00Z,24,2018-06-14T00:00:00Z,2018-06-15T00:00:00Z,SA-10,Najran Region,tmax_c,degC,123,123,29.738953,39.683438,42.421054,43.06427
handoff/mazu_like/mazu_like_20180614_00_lead024.nc,2018-06-14T00:00:00Z,24,2018-06-14T00:00:00Z,2018-06-15T00:00:00Z,SA-10,Najran Region,tmin_c,degC,123,123,20.709198,28.328915,29.876169,30.439362
handoff/mazu_like/mazu_like_20180614_00_lead024.nc,2018-06-14T00:00:00Z,24,2018-06-14T00:00:00Z,2018-06-15T00:00:00Z,SA-10,Najran Region,wind10_speed,m s-1,123,123,3.2611513,5.4966146,6.5889627,6.7010527
handoff/mazu_like/mazu_like_20180614_00_lead024.nc,2018-06-14T00:00:00Z,24,2018-06-14T00:00:00Z,2018-06-15T00:00:00Z,SA-10,Najran Region,pwat,kg m-2,123,123,19.378227,25.623632,33.293348,36.445102
handoff/mazu_like/mazu_like_20180614_00_lead024.nc,2018-06-14T00:00:00Z,24,2018-06-14T00:00:00Z,2018-06-15T00:00:00Z,SA-10,Najran Region,ivt,kg m-1 s-1,123,123,81.774396,124.29476,145.36289,160.07606
handoff/mazu_like/mazu_like_20180614_00_lead024.nc,2018-06-14T00:00:00Z,24,2018-06-14T00:00:00Z,2018-06-15T00:00:00Z,SA-10,Najran Region,wind850_speed,m s-1,123,123,3.2563162,9.156168,12.260093,12.582757
handoff/mazu_like/mazu_like_20180614_00_lead024.nc,2018-06-14T00:00:00Z,24,2018-06-14T00:00:00Z,2018-06-15T00:00:00Z,SA-10,Najran Region,wind_shear_850_200,m s-1,123,123,15.818844,19.388533,21.13898,21.470669
handoff/mazu_like/mazu_like_20180614_00_lead024.nc,2018-06-14T00:00:00Z,24,2018-06-14T00:00:00Z,2018-06-15T00:00:00Z,SA-10,Najran Region,omega500,Pa s-1,123,123,-0.11947891,0.036337092,0.15403228,0.19569802
handoff/mazu_like/mazu_like_20180614_00_lead024.nc,2018-06-14T00:00:00Z,24,2018-06-14T00:00:00Z,2018-06-15T00:00:00Z,SA-10,Najran Region,geopotential_height500,gpm,123,123,5885.144,5888.7946,5891.1971,5892.3145
handoff/mazu_like/mazu_like_20180614_00_lead024.nc,2018-06-14T00:00:00Z,24,2018-06-14T00:00:00Z,2018-06-15T00:00:00Z,SA-11,Al Bahah Region,daily_precip_total,mm,12,12,0.17630722,0.26904896,0.3589321,0.37118134
handoff/mazu_like/mazu_like_20180614_00_lead024.nc,2018-06-14T00:00:00Z,24,2018-06-14T00:00:00Z,2018-06-15T00:00:00Z,SA-11,Al Bahah Region,t2m_c,degC,12,12,25.607391,29.201983,34.286699,34.445465
handoff/mazu_like/mazu_like_20180614_00_lead024.nc,2018-06-14T00:00:00Z,24,2018-06-14T00:00:00Z,2018-06-15T00:00:00Z,SA-11,Al Bahah Region,tmax_c,degC,12,12,29.984711,33.758163,38.29222,38.294586
handoff/mazu_like/mazu_like_20180614_00_lead024.nc,2018-06-14T00:00:00Z,24,2018-06-14T00:00:00Z,2018-06-15T00:00:00Z,SA-11,Al Bahah Region,tmin_c,degC,12,12,20.668854,24.20912,29.933473,30.207886
handoff/mazu_like/mazu_like_20180614_00_lead024.nc,2018-06-14T00:00:00Z,24,2018-06-14T00:00:00Z,2018-06-15T00:00:00Z,SA-11,Al Bahah Region,wind10_speed,m s-1,12,12,2.4427202,3.3730555,4.7243646,4.8339596
handoff/mazu_like/mazu_like_20180614_00_lead024.nc,2018-06-14T00:00:00Z,24,2018-06-14T00:00:00Z,2018-06-15T00:00:00Z,SA-11,Al Bahah Region,pwat,kg m-2,12,12,27.131088,28.978646,30.960717,31.038184
handoff/mazu_like/mazu_like_20180614_00_lead024.nc,2018-06-14T00:00:00Z,24,2018-06-14T00:00:00Z,2018-06-15T00:00:00Z,SA-11,Al Bahah Region,ivt,kg m-1 s-1,12,12,103.48792,138.48404,158.13697,158.83407
handoff/mazu_like/mazu_like_20180614_00_lead024.nc,2018-06-14T00:00:00Z,24,2018-06-14T00:00:00Z,2018-06-15T00:00:00Z,SA-11,Al Bahah Region,wind850_speed,m s-1,12,12,3.1406822,4.7122947,6.6318557,6.9027085
handoff/mazu_like/mazu_like_20180614_00_lead024.nc,2018-06-14T00:00:00Z,24,2018-06-14T00:00:00Z,2018-06-15T00:00:00Z,SA-11,Al Bahah Region,wind_shear_850_200,m s-1,12,12,12.515895,15.568813,19.649174,19.690159
handoff/mazu_like/mazu_like_20180614_00_lead024.nc,2018-06-14T00:00:00Z,24,2018-06-14T00:00:00Z,2018-06-15T00:00:00Z,SA-11,Al Bahah Region,omega500,Pa s-1,12,12,-0.19214556,-0.13611537,-0.044375757,-0.037737802
handoff/mazu_like/mazu_like_20180614_00_lead024.nc,2018-06-14T00:00:00Z,24,2018-06-14T00:00:00Z,2018-06-15T00:00:00Z,SA-11,Al Bahah Region,geopotential_height500,gpm,12,12,5881.0273,5882.3253,5883.6994,5883.9741
handoff/mazu_like/mazu_like_20180614_00_lead024.nc,2018-06-14T00:00:00Z,24,2018-06-14T00:00:00Z,2018-06-15T00:00:00Z,SA-12,Al Jawf Region,daily_precip_total,mm,122,122,0.29700157,0.36330177,0.41597338,0.4308289
handoff/mazu_like/mazu_like_20180614_00_lead024.nc,2018-06-14T00:00:00Z,24,2018-06-14T00:00:00Z,2018-06-15T00:00:00Z,SA-12,Al Jawf Region,t2m_c,degC,122,122,27.129578,28.949755,30.434842,31.364105
handoff/mazu_like/mazu_like_20180614_00_lead024.nc,2018-06-14T00:00:00Z,24,2018-06-14T00:00:00Z,2018-06-15T00:00:00Z,SA-12,Al Jawf Region,tmax_c,degC,122,122,32.66098,34.410831,36.141075,37.081573
handoff/mazu_like/mazu_like_20180614_00_lead024.nc,2018-06-14T00:00:00Z,24,2018-06-14T00:00:00Z,2018-06-15T00:00:00Z,SA-12,Al Jawf Region,tmin_c,degC,122,122,22.247803,24.109282,25.511301,25.891205
handoff/mazu_like/mazu_like_20180614_00_lead024.nc,2018-06-14T00:00:00Z,24,2018-06-14T00:00:00Z,2018-06-15T00:00:00Z,SA-12,Al Jawf Region,wind10_speed,m s-1,122,122,2.5759277,3.7811347,4.4008706,4.460001
handoff/mazu_like/mazu_like_20180614_00_lead024.nc,2018-06-14T00:00:00Z,24,2018-06-14T00:00:00Z,2018-06-15T00:00:00Z,SA-12,Al Jawf Region,pwat,kg m-2,122,122,22.356818,24.355568,25.400869,25.732446
handoff/mazu_like/mazu_like_20180614_00_lead024.nc,2018-06-14T00:00:00Z,24,2018-06-14T00:00:00Z,2018-06-15T00:00:00Z,SA-12,Al Jawf Region,ivt,kg m-1 s-1,122,122,95.734886,135.93048,172.9007,181.87777
handoff/mazu_like/mazu_like_20180614_00_lead024.nc,2018-06-14T00:00:00Z,24,2018-06-14T00:00:00Z,2018-06-15T00:00:00Z,SA-12,Al Jawf Region,wind850_speed,m s-1,122,122,3.5481319,5.4268556,7.0730969,7.8982711
handoff/mazu_like/mazu_like_20180614_00_lead024.nc,2018-06-14T00:00:00Z,24,2018-06-14T00:00:00Z,2018-06-15T00:00:00Z,SA-12,Al Jawf Region,wind_shear_850_200,m s-1,122,122,25.748161,40.508799,42.639076,43.248611
handoff/mazu_like/mazu_like_20180614_00_lead024.nc,2018-06-14T00:00:00Z,24,2018-06-14T00:00:00Z,2018-06-15T00:00:00Z,SA-12,Al Jawf Region,omega500,Pa s-1,122,122,0.038302593,0.080709764,0.10957616,0.12316616
handoff/mazu_like/mazu_like_20180614_00_lead024.nc,2018-06-14T00:00:00Z,24,2018-06-14T00:00:00Z,2018-06-15T00:00:00Z,SA-12,Al Jawf Region,geopotential_height500,gpm,122,122,5791.5391,5804.4367,5812.767,5813.8135
handoff/mazu_like/mazu_like_20180614_00_lead024.nc,2018-06-14T00:00:00Z,24,2018-06-14T00:00:00Z,2018-06-15T00:00:00Z,SA-14,Asir Region,daily_precip_total,mm,104,104,0.16563554,0.35091141,0.4871923,0.55631167
handoff/mazu_like/mazu_like_20180614_00_lead024.nc,2018-06-14T00:00:00Z,24,2018-06-14T00:00:00Z,2018-06-15T00:00:00Z,SA-14,Asir Region,t2m_c,degC,104,104,23.463287,29.793589,34.267892,34.700378
handoff/mazu_like/mazu_like_20180614_00_lead024.nc,2018-06-14T00:00:00Z,24,2018-06-14T00:00:00Z,2018-06-15T00:00:00Z,SA-14,Asir Region,tmax_c,degC,104,104,27.612732,34.808878,39.372588,39.85733
handoff/mazu_like/mazu_like_20180614_00_lead024.nc,2018-06-14T00:00:00Z,24,2018-06-14T00:00:00Z,2018-06-15T00:00:00Z,SA-14,Asir Region,tmin_c,degC,104,104,18.937988,24.730246,29.69091,30.370087
handoff/mazu_like/mazu_like_20180614_00_lead024.nc,2018-06-14T00:00:00Z,24,2018-06-14T00:00:00Z,2018-06-15T00:00:00Z,SA-14,Asir Region,wind10_speed,m s-1,104,104,1.7969174,3.9901003,5.1782482,5.6551657
handoff/mazu_like/mazu_like_20180614_00_lead024.nc,2018-06-14T00:00:00Z,24,2018-06-14T00:00:00Z,2018-06-15T00:00:00Z,SA-14,Asir Region,pwat,kg m-2,104,104,25.122312,31.36102,34.631261,36.386896
handoff/mazu_like/mazu_like_20180614_00_lead024.nc,2018-06-14T00:00:00Z,24,2018-06-14T00:00:00Z,2018-06-15T00:00:00Z,SA-14,Asir Region,ivt,kg m-1 s-1,104,104,85.554691,158.02209,205.50273,226.87508
handoff/mazu_like/mazu_like_20180614_00_lead024.nc,2018-06-14T00:00:00Z,24,2018-06-14T00:00:00Z,2018-06-15T00:00:00Z,SA-14,Asir Region,wind850_speed,m s-1,104,104,1.8284465,5.7496681,8.711373,11.310261
handoff/mazu_like/mazu_like_20180614_00_lead024.nc,2018-06-14T00:00:00Z,24,2018-06-14T00:00:00Z,2018-06-15T00:00:00Z,SA-14,Asir Region,wind_shear_850_200,m s-1,104,104,12.219455,16.970317,20.948766,23.82744
handoff/mazu_like/mazu_like_20180614_00_lead024.nc,2018-06-14T00:00:00Z,24,2018-06-14T00:00:00Z,2018-06-15T00:00:00Z,SA-14,Asir Region,omega500,Pa s-1,104,104,-0.18147987,-0.0094751277,0.16685443,0.24640706
handoff/mazu_like/mazu_like_20180614_00_lead024.nc,2018-06-14T00:00:00Z,24,2018-06-14T00:00:00Z,2018-06-15T00:00:00Z,SA-14,Asir Region,geopotential_height500,gpm,104,104,5877.9937,5885.9603,5890.8701,5891.9009
handoff/mazu_like/mazu_like_20180614_00_lead048.nc,2018-06-14T00:00:00Z,48,2018-06-15T00:00:00Z,2018-06-16T00:00:00Z,SA-01,Riyadh Region,daily_precip_total,mm,531,531,0.14191426,0.31939049,0.38713087,0.42001587
handoff/mazu_like/mazu_like_20180614_00_lead048.nc,2018-06-14T00:00:00Z,48,2018-06-15T00:00:00Z,2018-06-16T00:00:00Z,SA-01,Riyadh Region,t2m_c,degC,531,531,30.915009,34.016597,36.522247,37.070526
handoff/mazu_like/mazu_like_20180614_00_lead048.nc,2018-06-14T00:00:00Z,48,2018-06-15T00:00:00Z,2018-06-16T00:00:00Z,SA-01,Riyadh Region,tmax_c,degC,531,531,36.973358,40.160602,43.382217,44.352966
handoff/mazu_like/mazu_like_20180614_00_lead048.nc,2018-06-14T00:00:00Z,48,2018-06-15T00:00:00Z,2018-06-16T00:00:00Z,SA-01,Riyadh Region,tmin_c,degC,531,531,25.55423,27.87913,29.206757,29.671417
handoff/mazu_like/mazu_like_20180614_00_lead048.nc,2018-06-14T00:00:00Z,48,2018-06-15T00:00:00Z,2018-06-16T00:00:00Z,SA-01,Riyadh Region,wind10_speed,m s-1,531,531,3.0025008,4.0683994,4.8303394,5.0334492
handoff/mazu_like/mazu_like_20180614_00_lead048.nc,2018-06-14T00:00:00Z,48,2018-06-15T00:00:00Z,2018-06-16T00:00:00Z,SA-01,Riyadh Region,pwat,kg m-2,531,531,15.412009,18.336992,21.582019,22.536869
handoff/mazu_like/mazu_like_20180614_00_lead048.nc,2018-06-14T00:00:00Z,48,2018-06-15T00:00:00Z,2018-06-16T00:00:00Z,SA-01,Riyadh Region,ivt,kg m-1 s-1,531,531,52.104949,81.209363,103.36392,111.07973
handoff/mazu_like/mazu_like_20180614_00_lead048.nc,2018-06-14T00:00:00Z,48,2018-06-15T00:00:00Z,2018-06-16T00:00:00Z,SA-01,Riyadh Region,wind850_speed,m s-1,531,531,3.897737,6.520079,7.7243264,8.0876894
handoff/mazu_like/mazu_like_20180614_00_lead048.nc,2018-06-14T00:00:00Z,48,2018-06-15T00:00:00Z,2018-06-16T00:00:00Z,SA-01,Riyadh Region,wind_shear_850_200,m s-1,531,531,14.56925,16.979789,20.235867,22.882654
handoff/mazu_like/mazu_like_20180614_00_lead048.nc,2018-06-14T00:00:00Z,48,2018-06-15T00:00:00Z,2018-06-16T00:00:00Z,SA-01,Riyadh Region,omega500,Pa s-1,531,531,-0.027717751,0.056133964,0.10837205,0.1263583
handoff/mazu_like/mazu_like_20180614_00_lead048.nc,2018-06-14T00:00:00Z,48,2018-06-15T00:00:00Z,2018-06-16T00:00:00Z,SA-01,Riyadh Region,geopotential_height500,gpm,531,531,5859.2588,5880.1757,5889.5042,5890.7573
handoff/mazu_like/mazu_like_20180614_00_lead048.nc,2018-06-14T00:00:00Z,48,2018-06-15T00:00:00Z,2018-06-16T00:00:00Z,SA-02,Makkah Region,daily_precip_total,mm,191,191,0,0.27407048,0.3923942,0.46165857
handoff/mazu_like/mazu_like_20180614_00_lead048.nc,2018-06-14T00:00:00Z,48,2018-06-15T00:00:00Z,2018-06-16T00:00:00Z,SA-02,Makkah Region,t2m_c,degC,191,191,26.813232,31.902347,35.361481,36.076447
handoff/mazu_like/mazu_like_20180614_00_lead048.nc,2018-06-14T00:00:00Z,48,2018-06-15T00:00:00Z,2018-06-16T00:00:00Z,SA-02,Makkah Region,tmax_c,degC,191,191,32.117737,37.635941,41.182251,42.296082
handoff/mazu_like/mazu_like_20180614_00_lead048.nc,2018-06-14T00:00:00Z,48,2018-06-15T00:00:00Z,2018-06-16T00:00:00Z,SA-02,Makkah Region,tmin_c,degC,191,191,22.379883,26.800587,31.246475,31.939148
handoff/mazu_like/mazu_like_20180614_00_lead048.nc,2018-06-14T00:00:00Z,48,2018-06-15T00:00:00Z,2018-06-16T00:00:00Z,SA-02,Makkah Region,wind10_speed,m s-1,191,191,2.0781689,3.896714,5.3475561,5.9819665
handoff/mazu_like/mazu_like_20180614_00_lead048.nc,2018-06-14T00:00:00Z,48,2018-06-15T00:00:00Z,2018-06-16T00:00:00Z,SA-02,Makkah Region,pwat,kg m-2,191,191,12.51745,16.910101,21.673942,24.19779
handoff/mazu_like/mazu_like_20180614_00_lead048.nc,2018-06-14T00:00:00Z,48,2018-06-15T00:00:00Z,2018-06-16T00:00:00Z,SA-02,Makkah Region,ivt,kg m-1 s-1,191,191,60.47382,97.342844,163.65744,185.03622
handoff/mazu_like/mazu_like_20180614_00_lead048.nc,2018-06-14T00:00:00Z,48,2018-06-15T00:00:00Z,2018-06-16T00:00:00Z,SA-02,Makkah Region,wind850_speed,m s-1,191,191,3.0328524,7.4193339,10.95845,13.451732
handoff/mazu_like/mazu_like_20180614_00_lead048.nc,2018-06-14T00:00:00Z,48,2018-06-15T00:00:00Z,2018-06-16T00:00:00Z,SA-02,Makkah Region,wind_shear_850_200,m s-1,191,191,13.832791,17.811342,20.885978,24.789534
handoff/mazu_like/mazu_like_20180614_00_lead048.nc,2018-06-14T00:00:00Z,48,2018-06-15T00:00:00Z,2018-06-16T00:00:00Z,SA-02,Makkah Region,omega500,Pa s-1,191,191,-0.047910608,0.03144079,0.082453355,0.096923232
handoff/mazu_like/mazu_like_20180614_00_lead048.nc,2018-06-14T00:00:00Z,48,2018-06-15T00:00:00Z,2018-06-16T00:00:00Z,SA-02,Makkah Region,geopotential_height500,gpm,191,191,5878.3345,5884.4702,5888.1035,5888.6704
handoff/mazu_like/mazu_like_20180614_00_lead048.nc,2018-06-14T00:00:00Z,48,2018-06-15T00:00:00Z,2018-06-16T00:00:00Z,SA-03,Al Madinah Region,daily_precip_total,mm,207,207,0,0.25427791,0.37838325,0.42291573
handoff/mazu_like/mazu_like_20180614_00_lead048.nc,2018-06-14T00:00:00Z,48,2018-06-15T00:00:00Z,2018-06-16T00:00:00Z,SA-03,Al Madinah Region,t2m_c,degC,207,207,27.222443,31.517958,32.992746,33.388397
handoff/mazu_like/mazu_like_20180614_00_lead048.nc,2018-06-14T00:00:00Z,48,2018-06-15T00:00:00Z,2018-06-16T00:00:00Z,SA-03,Al Madinah Region,tmax_c,degC,207,207,32.124573,36.753013,38.51586,39.994415
handoff/mazu_like/mazu_like_20180614_00_lead048.nc,2018-06-14T00:00:00Z,48,2018-06-15T00:00:00Z,2018-06-16T00:00:00Z,SA-03,Al Madinah Region,tmin_c,degC,207,207,23.033691,26.66693,28.402914,28.696014
handoff/mazu_like/mazu_like_20180614_00_lead048.nc,2018-06-14T00:00:00Z,48,2018-06-15T00:00:00Z,2018-06-16T00:00:00Z,SA-03,Al Madinah Region,wind10_speed,m s-1,207,207,1.4182597,2.4571209,3.5842129,4.1680741
handoff/mazu_like/mazu_like_20180614_00_lead048.nc,2018-06-14T00:00:00Z,48,2018-06-15T00:00:00Z,2018-06-16T00:00:00Z,SA-03,Al Madinah Region,pwat,kg m-2,207,207,14.40407,19.437201,23.346758,25.299271
handoff/mazu_like/mazu_like_20180614_00_lead048.nc,2018-06-14T00:00:00Z,48,2018-06-15T00:00:00Z,2018-06-16T00:00:00Z,SA-03,Al Madinah Region,ivt,kg m-1 s-1,207,207,20.974544,48.932799,72.257575,89.098924
handoff/mazu_like/mazu_like_20180614_00_lead048.nc,2018-06-14T00:00:00Z,48,2018-06-15T00:00:00Z,2018-06-16T00:00:00Z,SA-03,Al Madinah Region,wind850_speed,m s-1,207,207,2.3389945,4.0996072,5.6145236,6.6216192
handoff/mazu_like/mazu_like_20180614_00_lead048.nc,2018-06-14T00:00:00Z,48,2018-06-15T00:00:00Z,2018-06-16T00:00:00Z,SA-03,Al Madinah Region,wind_shear_850_200,m s-1,207,207,14.96583,20.430524,26.403554,27.266838
handoff/mazu_like/mazu_like_20180614_00_lead048.nc,2018-06-14T00:00:00Z,48,2018-06-15T00:00:00Z,2018-06-16T00:00:00Z,SA-03,Al Madinah Region,omega500,Pa s-1,207,207,-0.0064499583,0.10014443,0.16370484,0.20535132
handoff/mazu_like/mazu_like_20180614_00_lead048.nc,2018-06-14T00:00:00Z,48,2018-06-15T00:00:00Z,2018-06-16T00:00:00Z,SA-03,Al Madinah Region,geopotential_height500,gpm,207,207,5873.7349,5881.0395,5887.4018,5889.9565
handoff/mazu_like/mazu_like_20180614_00_lead048.nc,2018-06-14T00:00:00Z,48,2018-06-15T00:00:00Z,2018-06-16T00:00:00Z,SA-04,Eastern Region,daily_precip_total,mm,798,798,0.065182567,0.36015578,0.44963265,0.50549078
handoff/mazu_like/mazu_like_20180614_00_lead048.nc,2018-06-14T00:00:00Z,48,2018-06-15T00:00:00Z,2018-06-16T00:00:00Z,SA-04,Eastern Region,t2m_c,degC,798,798,33.424286,36.593542,37.995291,38.610413
handoff/mazu_like/mazu_like_20180614_00_lead048.nc,2018-06-14T00:00:00Z,48,2018-06-15T00:00:00Z,2018-06-16T00:00:00Z,SA-04,Eastern Region,tmax_c,degC,798,798,34.62561,43.549415,45.749274,46.285767
handoff/mazu_like/mazu_like_20180614_00_lead048.nc,2018-06-14T00:00:00Z,48,2018-06-15T00:00:00Z,2018-06-16T00:00:00Z,SA-04,Eastern Region,tmin_c,degC,798,798,27.39975,29.521806,31.165849,32.560791
handoff/mazu_like/mazu_like_20180614_00_lead048.nc,2018-06-14T00:00:00Z,48,2018-06-15T00:00:00Z,2018-06-16T00:00:00Z,SA-04,Eastern Region,wind10_speed,m s-1,798,798,1.8913429,3.7259013,5.3866889,6.3014159
handoff/mazu_like/mazu_like_20180614_00_lead048.nc,2018-06-14T00:00:00Z,48,2018-06-15T00:00:00Z,2018-06-16T00:00:00Z,SA-04,Eastern Region,pwat,kg m-2,798,798,14.953825,18.153815,22.518288,23.607123
handoff/mazu_like/mazu_like_20180614_00_lead048.nc,2018-06-14T00:00:00Z,48,2018-06-15T00:00:00Z,2018-06-16T00:00:00Z,SA-04,Eastern Region,ivt,kg m-1 s-1,798,798,60.471536,97.416965,161.8672,206.57814
handoff/mazu_like/mazu_like_20180614_00_lead048.nc,2018-06-14T00:00:00Z,48,2018-06-15T00:00:00Z,2018-06-16T00:00:00Z,SA-04,Eastern Region,wind850_speed,m s-1,798,798,3.4039803,6.3713607,10.901069,13.060394
handoff/mazu_like/mazu_like_20180614_00_lead048.nc,2018-06-14T00:00:00Z,48,2018-06-15T00:00:00Z,2018-06-16T00:00:00Z,SA-04,Eastern Region,wind_shear_850_200,m s-1,798,798,14.595159,18.524391,24.868124,26.120628
handoff/mazu_like/mazu_like_20180614_00_lead048.nc,2018-06-14T00:00:00Z,48,2018-06-15T00:00:00Z,2018-06-16T00:00:00Z,SA-04,Eastern Region,omega500,Pa s-1,798,798,-0.038377352,0.042887853,0.12432282,0.16660634
handoff/mazu_like/mazu_like_20180614_00_lead048.nc,2018-06-14T00:00:00Z,48,2018-06-15T00:00:00Z,2018-06-16T00:00:00Z,SA-04,Eastern Region,geopotential_height500,gpm,798,798,5848.8354,5880.5147,5888.5005,5889.6138
handoff/mazu_like/mazu_like_20180614_00_lead048.nc,2018-06-14T00:00:00Z,48,2018-06-15T00:00:00Z,2018-06-16T00:00:00Z,SA-05,Al-Qassim Region,daily_precip_total,mm,96,96,0.31126913,0.3916136,0.44445666,0.46989432
handoff/mazu_like/mazu_like_20180614_00_lead048.nc,2018-06-14T00:00:00Z,48,2018-06-15T00:00:00Z,2018-06-16T00:00:00Z,SA-05,Al-Qassim Region,t2m_c,degC,96,96,31.815582,33.084041,33.768143,33.894104
handoff/mazu_like/mazu_like_20180614_00_lead048.nc,2018-06-14T00:00:00Z,48,2018-06-15T00:00:00Z,2018-06-16T00:00:00Z,SA-05,Al-Qassim Region,tmax_c,degC,96,96,37.035706,38.488143,39.504471,39.668396
handoff/mazu_like/mazu_like_20180614_00_lead048.nc,2018-06-14T00:00:00Z,48,2018-06-15T00:00:00Z,2018-06-16T00:00:00Z,SA-05,Al-Qassim Region,tmin_c,degC,96,96,26.428253,27.200289,27.771805,27.962067
handoff/mazu_like/mazu_like_20180614_00_lead048.nc,2018-06-14T00:00:00Z,48,2018-06-15T00:00:00Z,2018-06-16T00:00:00Z,SA-05,Al-Qassim Region,wind10_speed,m s-1,96,96,2.1010871,3.335275,3.9351513,4.1418667
handoff/mazu_like/mazu_like_20180614_00_lead048.nc,2018-06-14T00:00:00Z,48,2018-06-15T00:00:00Z,2018-06-16T00:00:00Z,SA-05,Al-Qassim Region,pwat,kg m-2,96,96,19.623665,21.069068,21.812035,22.032772
handoff/mazu_like/mazu_like_20180614_00_lead048.nc,2018-06-14T00:00:00Z,48,2018-06-15T00:00:00Z,2018-06-16T00:00:00Z,SA-05,Al-Qassim Region,ivt,kg m-1 s-1,96,96,34.610469,73.11795,97.248801,104.50856
handoff/mazu_like/mazu_like_20180614_00_lead048.nc,2018-06-14T00:00:00Z,48,2018-06-15T00:00:00Z,2018-06-16T00:00:00Z,SA-05,Al-Qassim Region,wind850_speed,m s-1,96,96,3.3516436,5.4279603,6.4771721,6.6396308
handoff/mazu_like/mazu_like_20180614_00_lead048.nc,2018-06-14T00:00:00Z,48,2018-06-15T00:00:00Z,2018-06-16T00:00:00Z,SA-05,Al-Qassim Region,wind_shear_850_200,m s-1,96,96,18.905268,21.95507,24.8118,25.312807
handoff/mazu_like/mazu_like_20180614_00_lead048.nc,2018-06-14T00:00:00Z,48,2018-06-15T00:00:00Z,2018-06-16T00:00:00Z,SA-05,Al-Qassim Region,omega500,Pa s-1,96,96,0.075233027,0.10819,0.14532974,0.15823801
handoff/mazu_like/mazu_like_20180614_00_lead048.nc,2018-06-14T00:00:00Z,48,2018-06-15T00:00:00Z,2018-06-16T00:00:00Z,SA-05,Al-Qassim Region,geopotential_height500,gpm,96,96,5858.5713,5867.8946,5874.2672,5874.894
handoff/mazu_like/mazu_like_20180614_00_lead048.nc,2018-06-14T00:00:00Z,48,2018-06-15T00:00:00Z,2018-06-16T00:00:00Z,SA-06,Hail Region,daily_precip_total,mm,163,163,0.26452249,0.35816083,0.41520782,0.44568008
handoff/mazu_like/mazu_like_20180614_00_lead048.nc,2018-06-14T00:00:00Z,48,2018-06-15T00:00:00Z,2018-06-16T00:00:00Z,SA-06,Hail Region,t2m_c,degC,163,163,28.617096,31.146432,32.779922,33.231323
handoff/mazu_like/mazu_like_20180614_00_lead048.nc,2018-06-14T00:00:00Z,48,2018-06-15T00:00:00Z,2018-06-16T00:00:00Z,SA-06,Hail Region,tmax_c,degC,163,163,34.572723,36.518725,38.142377,38.592102
handoff/mazu_like/mazu_like_20180614_00_lead048.nc,2018-06-14T00:00:00Z,48,2018-06-15T00:00:00Z,2018-06-16T00:00:00Z,SA-06,Hail Region,tmin_c,degC,163,163,22.440857,25.472259,27.436203,27.829773
handoff/mazu_like/mazu_like_20180614_00_lead048.nc,2018-06-14T00:00:00Z,48,2018-06-15T00:00:00Z,2018-06-16T00:00:00Z,SA-06,Hail Region,wind10_speed,m s-1,163,163,1.5246013,2.4527409,3.0479258,3.1827841
handoff/mazu_like/mazu_like_20180614_00_lead048.nc,2018-06-14T00:00:00Z,48,2018-06-15T00:00:00Z,2018-06-16T00:00:00Z,SA-06,Hail Region,pwat,kg m-2,163,163,20.070126,20.846589,21.851227,21.917207
handoff/mazu_like/mazu_like_20180614_00_lead048.nc,2018-06-14T00:00:00Z,48,2018-06-15T00:00:00Z,2018-06-16T00:00:00Z,SA-06,Hail Region,ivt,kg m-1 s-1,163,163,25.898883,68.344163,96.824039,102.94367
handoff/mazu_like/mazu_like_20180614_00_lead048.nc,2018-06-14T00:00:00Z,48,2018-06-15T00:00:00Z,2018-06-16T00:00:00Z,SA-06,Hail Region,wind850_speed,m s-1,163,163,2.7859702,4.235383,5.1952674,5.4915762
handoff/mazu_like/mazu_like_20180614_00_lead048.nc,2018-06-14T00:00:00Z,48,2018-06-15T00:00:00Z,2018-06-16T00:00:00Z,SA-06,Hail Region,wind_shear_850_200,m s-1,163,163,20.920486,26.638163,29.002252,29.705595
handoff/mazu_like/mazu_like_20180614_00_lead048.nc,2018-06-14T00:00:00Z,48,2018-06-15T00:00:00Z,2018-06-16T00:00:00Z,SA-06,Hail Region,omega500,Pa s-1,163,163,0.014500655,0.1303878,0.18920029,0.22442116
handoff/mazu_like/mazu_like_20180614_00_lead048.nc,2018-06-14T00:00:00Z,48,2018-06-15T00:00:00Z,2018-06-16T00:00:00Z,SA-06,Hail Region,geopotential_height500,gpm,163,163,5853.9102,5864.9873,5874.8129,5876.8438
handoff/mazu_like/mazu_like_20180614_00_lead048.nc,2018-06-14T00:00:00Z,48,2018-06-15T00:00:00Z,2018-06-16T00:00:00Z,SA-07,Tabuk Region,daily_precip_total,mm,205,205,0.049189556,0.34576514,0.47057877,0.67544007
handoff/mazu_like/mazu_like_20180614_00_lead048.nc,2018-06-14T00:00:00Z,48,2018-06-15T00:00:00Z,2018-06-16T00:00:00Z,SA-07,Tabuk Region,t2m_c,degC,205,205,26.647919,29.613373,31.869257,33.61557
handoff/mazu_like/mazu_like_20180614_00_lead048.nc,2018-06-14T00:00:00Z,48,2018-06-15T00:00:00Z,2018-06-16T00:00:00Z,SA-07,Tabuk Region,tmax_c,degC,205,205,30.311127,34.794996,36.971234,38.852478
handoff/mazu_like/mazu_like_20180614_00_lead048.nc,2018-06-14T00:00:00Z,48,2018-06-15T00:00:00Z,2018-06-16T00:00:00Z,SA-07,Tabuk Region,tmin_c,degC,205,205,21.537201,24.675312,28.251025,29.267517
handoff/mazu_like/mazu_like_20180614_00_lead048.nc,2018-06-14T00:00:00Z,48,2018-06-15T00:00:00Z,2018-06-16T00:00:00Z,SA-07,Tabuk Region,wind10_speed,m s-1,205,205,1.0537862,2.9144228,4.0618046,4.4019194
handoff/mazu_like/mazu_like_20180614_00_lead048.nc,2018-06-14T00:00:00Z,48,2018-06-15T00:00:00Z,2018-06-16T00:00:00Z,SA-07,Tabuk Region,pwat,kg m-2,205,205,14.43669,19.504879,21.902149,24.114449
handoff/mazu_like/mazu_like_20180614_00_lead048.nc,2018-06-14T00:00:00Z,48,2018-06-15T00:00:00Z,2018-06-16T00:00:00Z,SA-07,Tabuk Region,ivt,kg m-1 s-1,205,205,55.392179,80.217258,105.23987,116.51652
handoff/mazu_like/mazu_like_20180614_00_lead048.nc,2018-06-14T00:00:00Z,48,2018-06-15T00:00:00Z,2018-06-16T00:00:00Z,SA-07,Tabuk Region,wind850_speed,m s-1,205,205,2.1822908,4.9902917,6.8731476,7.7458887
handoff/mazu_like/mazu_like_20180614_00_lead048.nc,2018-06-14T00:00:00Z,48,2018-06-15T00:00:00Z,2018-06-16T00:00:00Z,SA-07,Tabuk Region,wind_shear_850_200,m s-1,205,205,22.145828,26.163368,28.252915,28.608566
handoff/mazu_like/mazu_like_20180614_00_lead048.nc,2018-06-14T00:00:00Z,48,2018-06-15T00:00:00Z,2018-06-16T00:00:00Z,SA-07,Tabuk Region,omega500,Pa s-1,205,205,-0.10241284,0.10609665,0.20966313,0.28416237
handoff/mazu_like/mazu_like_20180614_00_lead048.nc,2018-06-14T00:00:00Z,48,2018-06-15T00:00:00Z,2018-06-16T00:00:00Z,SA-07,Tabuk Region,geopotential_height500,gpm,205,205,5850.9033,5870.5068,5886.5608,5890.2314
handoff/mazu_like/mazu_like_20180614_00_lead048.nc,2018-06-14T00:00:00Z,48,2018-06-15T00:00:00Z,2018-06-16T00:00:00Z,SA-08,Northern Borders Region,daily_precip_total,mm,169,169,0.32501474,0.42167223,0.4995474,0.52116483
handoff/mazu_like/mazu_like_20180614_00_lead048.nc,2018-06-14T00:00:00Z,48,2018-06-15T00:00:00Z,2018-06-16T00:00:00Z,SA-08,Northern Borders Region,t2m_c,degC,169,169,27.831207,31.832546,34.185388,34.398529
handoff/mazu_like/mazu_like_20180614_00_lead048.nc,2018-06-14T00:00:00Z,48,2018-06-15T00:00:00Z,2018-06-16T00:00:00Z,SA-08,Northern Borders Region,tmax_c,degC,169,169,33.579254,37.619913,39.877612,40.21225
handoff/mazu_like/mazu_like_20180614_00_lead048.nc,2018-06-14T00:00:00Z,48,2018-06-15T00:00:00Z,2018-06-16T00:00:00Z,SA-08,Northern Borders Region,tmin_c,degC,169,169,21.811096,25.973878,28.052814,28.212097
handoff/mazu_like/mazu_like_20180614_00_lead048.nc,2018-06-14T00:00:00Z,48,2018-06-15T00:00:00Z,2018-06-16T00:00:00Z,SA-08,Northern Borders Region,wind10_speed,m s-1,169,169,2.3347406,3.7611674,5.0795361,5.2564688
handoff/mazu_like/mazu_like_20180614_00_lead048.nc,2018-06-14T00:00:00Z,48,2018-06-15T00:00:00Z,2018-06-16T00:00:00Z,SA-08,Northern Borders Region,pwat,kg m-2,169,169,15.387071,20.293732,22.963537,23.474628
handoff/mazu_like/mazu_like_20180614_00_lead048.nc,2018-06-14T00:00:00Z,48,2018-06-15T00:00:00Z,2018-06-16T00:00:00Z,SA-08,Northern Borders Region,ivt,kg m-1 s-1,169,169,96.094674,128.53341,143.74279,164.10818
handoff/mazu_like/mazu_like_20180614_00_lead048.nc,2018-06-14T00:00:00Z,48,2018-06-15T00:00:00Z,2018-06-16T00:00:00Z,SA-08,Northern Borders Region,wind850_speed,m s-1,169,169,4.8602948,6.7852017,8.8734074,9.4179306
handoff/mazu_like/mazu_like_20180614_00_lead048.nc,2018-06-14T00:00:00Z,48,2018-06-15T00:00:00Z,2018-06-16T00:00:00Z,SA-08,Northern Borders Region,wind_shear_850_200,m s-1,169,169,22.466076,27.346174,30.904488,31.339537
handoff/mazu_like/mazu_like_20180614_00_lead048.nc,2018-06-14T00:00:00Z,48,2018-06-15T00:00:00Z,2018-06-16T00:00:00Z,SA-08,Northern Borders Region,omega500,Pa s-1,169,169,0.049720794,0.11710394,0.15297157,0.17021801
handoff/mazu_like/mazu_like_20180614_00_lead048.nc,2018-06-14T00:00:00Z,48,2018-06-15T00:00:00Z,2018-06-16T00:00:00Z,SA-08,Northern Borders Region,geopotential_height500,gpm,169,169,5821.793,5842.3406,5855.8841,5858.2451
handoff/mazu_like/mazu_like_20180614_00_lead048.nc,2018-06-14T00:00:00Z,48,2018-06-15T00:00:00Z,2018-06-16T00:00:00Z,SA-09,Jazan Region,daily_precip_total,mm,22,22,0.024496796,0.21346268,0.37910969,0.41922554
handoff/mazu_like/mazu_like_20180614_00_lead048.nc,2018-06-14T00:00:00Z,48,2018-06-15T00:00:00Z,2018-06-16T00:00:00Z,SA-09,Jazan Region,t2m_c,degC,22,22,27.202026,34.107049,36.030206,36.067474
handoff/mazu_like/mazu_like_20180614_00_lead048.nc,2018-06-14T00:00:00Z,48,2018-06-15T00:00:00Z,2018-06-16T00:00:00Z,SA-09,Jazan Region,tmax_c,degC,22,22,31.844299,39.172062,41.841937,42.570618
handoff/mazu_like/mazu_like_20180614_00_lead048.nc,2018-06-14T00:00:00Z,48,2018-06-15T00:00:00Z,2018-06-16T00:00:00Z,SA-09,Jazan Region,tmin_c,degC,22,22,22.22345,29.549447,31.368311,31.437408
handoff/mazu_like/mazu_like_20180614_00_lead048.nc,2018-06-14T00:00:00Z,48,2018-06-15T00:00:00Z,2018-06-16T00:00:00Z,SA-09,Jazan Region,wind10_speed,m s-1,22,22,1.9519346,3.2445986,5.4513213,6.1102886
handoff/mazu_like/mazu_like_20180614_00_lead048.nc,2018-06-14T00:00:00Z,48,2018-06-15T00:00:00Z,2018-06-16T00:00:00Z,SA-09,Jazan Region,pwat,kg m-2,22,22,22.40634,28.496277,33.628671,36.013506
handoff/mazu_like/mazu_like_20180614_00_lead048.nc,2018-06-14T00:00:00Z,48,2018-06-15T00:00:00Z,2018-06-16T00:00:00Z,SA-09,Jazan Region,ivt,kg m-1 s-1,22,22,47.504768,93.228728,155.73481,166.72412
handoff/mazu_like/mazu_like_20180614_00_lead048.nc,2018-06-14T00:00:00Z,48,2018-06-15T00:00:00Z,2018-06-16T00:00:00Z,SA-09,Jazan Region,wind850_speed,m s-1,22,22,2.3755417,7.754035,13.124497,13.928672
handoff/mazu_like/mazu_like_20180614_00_lead048.nc,2018-06-14T00:00:00Z,48,2018-06-15T00:00:00Z,2018-06-16T00:00:00Z,SA-09,Jazan Region,wind_shear_850_200,m s-1,22,22,15.031995,20.58573,24.90073,25.607695
handoff/mazu_like/mazu_like_20180614_00_lead048.nc,2018-06-14T00:00:00Z,48,2018-06-15T00:00:00Z,2018-06-16T00:00:00Z,SA-09,Jazan Region,omega500,Pa s-1,22,22,-0.054214742,0.0075220642,0.043797371,0.044112146
handoff/mazu_like/mazu_like_20180614_00_lead048.nc,2018-06-14T00:00:00Z,48,2018-06-15T00:00:00Z,2018-06-16T00:00:00Z,SA-09,Jazan Region,geopotential_height500,gpm,22,22,5888.7964,5890.3943,5892.4741,5892.5356
handoff/mazu_like/mazu_like_20180614_00_lead048.nc,2018-06-14T00:00:00Z,48,2018-06-15T00:00:00Z,2018-06-16T00:00:00Z,SA-10,Najran Region,daily_precip_total,mm,123,123,0.28033072,0.38025531,0.43307707,0.55557823
handoff/mazu_like/mazu_like_20180614_00_lead048.nc,2018-06-14T00:00:00Z,48,2018-06-15T00:00:00Z,2018-06-16T00:00:00Z,SA-10,Najran Region,t2m_c,degC,123,123,26.468048,33.461944,35.659665,35.912415
handoff/mazu_like/mazu_like_20180614_00_lead048.nc,2018-06-14T00:00:00Z,48,2018-06-15T00:00:00Z,2018-06-16T00:00:00Z,SA-10,Najran Region,tmax_c,degC,123,123,31.801514,39.545761,42.217923,42.575073
handoff/mazu_like/mazu_like_20180614_00_lead048.nc,2018-06-14T00:00:00Z,48,2018-06-15T00:00:00Z,2018-06-16T00:00:00Z,SA-10,Najran Region,tmin_c,degC,123,123,20.429535,27.026754,28.796393,29.227539
handoff/mazu_like/mazu_like_20180614_00_lead048.nc,2018-06-14T00:00:00Z,48,2018-06-15T00:00:00Z,2018-06-16T00:00:00Z,SA-10,Najran Region,wind10_speed,m s-1,123,123,1.5826755,4.6314563,5.5071248,5.6103005
handoff/mazu_like/mazu_like_20180614_00_lead048.nc,2018-06-14T00:00:00Z,48,2018-06-15T00:00:00Z,2018-06-16T00:00:00Z,SA-10,Najran Region,pwat,kg m-2,123,123,18.90441,23.333743,27.380958,28.257631
handoff/mazu_like/mazu_like_20180614_00_lead048.nc,2018-06-14T00:00:00Z,48,2018-06-15T00:00:00Z,2018-06-16T00:00:00Z,SA-10,Najran Region,ivt,kg m-1 s-1,123,123,39.087839,91.151017,119.90638,129.73539
handoff/mazu_like/mazu_like_20180614_00_lead048.nc,2018-06-14T00:00:00Z,48,2018-06-15T00:00:00Z,2018-06-16T00:00:00Z,SA-10,Najran Region,wind850_speed,m s-1,123,123,1.5879883,6.8785543,8.3899503,8.8148346
handoff/mazu_like/mazu_like_20180614_00_lead048.nc,2018-06-14T00:00:00Z,48,2018-06-15T00:00:00Z,2018-06-16T00:00:00Z,SA-10,Najran Region,wind_shear_850_200,m s-1,123,123,15.73645,18.509145,20.000336,20.239546
handoff/mazu_like/mazu_like_20180614_00_lead048.nc,2018-06-14T00:00:00Z,48,2018-06-15T00:00:00Z,2018-06-16T00:00:00Z,SA-10,Najran Region,omega500,Pa s-1,123,123,-0.032382015,0.013976333,0.076878993,0.091641098
handoff/mazu_like/mazu_like_20180614_00_lead048.nc,2018-06-14T00:00:00Z,48,2018-06-15T00:00:00Z,2018-06-16T00:00:00Z,SA-10,Najran Region,geopotential_height500,gpm,123,123,5888.29,5890.6911,5892.6593,5893.3389
handoff/mazu_like/mazu_like_20180614_00_lead048.nc,2018-06-14T00:00:00Z,48,2018-06-15T00:00:00Z,2018-06-16T00:00:00Z,SA-11,Al Bahah Region,daily_precip_total,mm,12,12,0.040591344,0.17887592,0.29712918,0.31295109
handoff/mazu_like/mazu_like_20180614_00_lead048.nc,2018-06-14T00:00:00Z,48,2018-06-15T00:00:00Z,2018-06-16T00:00:00Z,SA-11,Al Bahah Region,t2m_c,degC,12,12,27.895416,30.531198,34.95415,35.100311
handoff/mazu_like/mazu_like_20180614_00_lead048.nc,2018-06-14T00:00:00Z,48,2018-06-15T00:00:00Z,2018-06-16T00:00:00Z,SA-11,Al Bahah Region,tmax_c,degC,12,12,33.062561,35.725718,40.30141,40.512024
handoff/mazu_like/mazu_like_20180614_00_lead048.nc,2018-06-14T00:00:00Z,48,2018-06-15T00:00:00Z,2018-06-16T00:00:00Z,SA-11,Al Bahah Region,tmin_c,degC,12,12,23.205597,25.746935,30.40432,30.656342
handoff/mazu_like/mazu_like_20180614_00_lead048.nc,2018-06-14T00:00:00Z,48,2018-06-15T00:00:00Z,2018-06-16T00:00:00Z,SA-11,Al Bahah Region,wind10_speed,m s-1,12,12,2.3075252,3.1613775,4.466271,4.9219761
handoff/mazu_like/mazu_like_20180614_00_lead048.nc,2018-06-14T00:00:00Z,48,2018-06-15T00:00:00Z,2018-06-16T00:00:00Z,SA-11,Al Bahah Region,pwat,kg m-2,12,12,13.440782,18.714761,21.727103,22.041785
handoff/mazu_like/mazu_like_20180614_00_lead048.nc,2018-06-14T00:00:00Z,48,2018-06-15T00:00:00Z,2018-06-16T00:00:00Z,SA-11,Al Bahah Region,ivt,kg m-1 s-1,12,12,66.236235,96.336555,141.40787,148.69808
handoff/mazu_like/mazu_like_20180614_00_lead048.nc,2018-06-14T00:00:00Z,48,2018-06-15T00:00:00Z,2018-06-16T00:00:00Z,SA-11,Al Bahah Region,wind850_speed,m s-1,12,12,2.9481928,6.096019,10.323207,10.49881
handoff/mazu_like/mazu_like_20180614_00_lead048.nc,2018-06-14T00:00:00Z,48,2018-06-15T00:00:00Z,2018-06-16T00:00:00Z,SA-11,Al Bahah Region,wind_shear_850_200,m s-1,12,12,14.103733,17.235156,21.488152,21.57472
handoff/mazu_like/mazu_like_20180614_00_lead048.nc,2018-06-14T00:00:00Z,48,2018-06-15T00:00:00Z,2018-06-16T00:00:00Z,SA-11,Al Bahah Region,omega500,Pa s-1,12,12,-0.049775615,-0.011860687,0.017339373,0.025944663
handoff/mazu_like/mazu_like_20180614_00_lead048.nc,2018-06-14T00:00:00Z,48,2018-06-15T00:00:00Z,2018-06-16T00:00:00Z,SA-11,Al Bahah Region,geopotential_height500,gpm,12,12,5884.5483,5886.3389,5887.5771,5887.6479
handoff/mazu_like/mazu_like_20180614_00_lead048.nc,2018-06-14T00:00:00Z,48,2018-06-15T00:00:00Z,2018-06-16T00:00:00Z,SA-12,Al Jawf Region,daily_precip_total,mm,122,122,0.33238056,0.43998817,0.48635863,0.50095242
handoff/mazu_like/mazu_like_20180614_00_lead048.nc,2018-06-14T00:00:00Z,48,2018-06-15T00:00:00Z,2018-06-16T00:00:00Z,SA-12,Al Jawf Region,t2m_c,degC,122,122,27.99588,30.412402,32.096693,32.852051
handoff/mazu_like/mazu_like_20180614_00_lead048.nc,2018-06-14T00:00:00Z,48,2018-06-15T00:00:00Z,2018-06-16T00:00:00Z,SA-12,Al Jawf Region,tmax_c,degC,122,122,34.375824,36.411294,38.04653,38.732605
handoff/mazu_like/mazu_like_20180614_00_lead048.nc,2018-06-14T00:00:00Z,48,2018-06-15T00:00:00Z,2018-06-16T00:00:00Z,SA-12,Al Jawf Region,tmin_c,degC,122,122,22.044006,24.505569,26.187297,27.073425
handoff/mazu_like/mazu_like_20180614_00_lead048.nc,2018-06-14T00:00:00Z,48,2018-06-15T00:00:00Z,2018-06-16T00:00:00Z,SA-12,Al Jawf Region,wind10_speed,m s-1,122,122,2.6609051,4.0074653,4.7946679,4.9386702
handoff/mazu_like/mazu_like_20180614_00_lead048.nc,2018-06-14T00:00:00Z,48,2018-06-15T00:00:00Z,2018-06-16T00:00:00Z,SA-12,Al Jawf Region,pwat,kg m-2,122,122,15.778158,19.450855,21.514065,21.787331
handoff/mazu_like/mazu_like_20180614_00_lead048.nc,2018-06-14T00:00:00Z,48,2018-06-15T00:00:00Z,2018-06-16T00:00:00Z,SA-12,Al Jawf Region,ivt,kg m-1 s-1,122,122,98.150795,130.41943,143.61685,144.82791
handoff/mazu_like/mazu_like_20180614_00_lead048.nc,2018-06-14T00:00:00Z,48,2018-06-15T00:00:00Z,2018-06-16T00:00:00Z,SA-12,Al Jawf Region,wind850_speed,m s-1,122,122,4.730906,6.8596235,8.7822441,9.546566
handoff/mazu_like/mazu_like_20180614_00_lead048.nc,2018-06-14T00:00:00Z,48,2018-06-15T00:00:00Z,2018-06-16T00:00:00Z,SA-12,Al Jawf Region,wind_shear_850_200,m s-1,122,122,25.166388,26.76615,28.109855,28.997997
handoff/mazu_like/mazu_like_20180614_00_lead048.nc,2018-06-14T00:00:00Z,48,2018-06-15T00:00:00Z,2018-06-16T00:00:00Z,SA-12,Al Jawf Region,omega500,Pa s-1,122,122,0.061026689,0.10668965,0.15599181,0.19534191
handoff/mazu_like/mazu_like_20180614_00_lead048.nc,2018-06-14T00:00:00Z,48,2018-06-15T00:00:00Z,2018-06-16T00:00:00Z,SA-12,Al Jawf Region,geopotential_height500,gpm,122,122,5828.6484,5846.4713,5857.054,5859.605
handoff/mazu_like/mazu_like_20180614_00_lead048.nc,2018-06-14T00:00:00Z,48,2018-06-15T00:00:00Z,2018-06-16T00:00:00Z,SA-14,Asir Region,daily_precip_total,mm,104,104,0.083147578,0.27212413,0.37726823,0.46606648
handoff/mazu_like/mazu_like_20180614_00_lead048.nc,2018-06-14T00:00:00Z,48,2018-06-15T00:00:00Z,2018-06-16T00:00:00Z,SA-14,Asir Region,t2m_c,degC,104,104,24.406036,29.515783,33.111026,35.69519
handoff/mazu_like/mazu_like_20180614_00_lead048.nc,2018-06-14T00:00:00Z,48,2018-06-15T00:00:00Z,2018-06-16T00:00:00Z,SA-14,Asir Region,tmax_c,degC,104,104,29.220795,35.286178,39.506233,41.127319
handoff/mazu_like/mazu_like_20180614_00_lead048.nc,2018-06-14T00:00:00Z,48,2018-06-15T00:00:00Z,2018-06-16T00:00:00Z,SA-14,Asir Region,tmin_c,degC,104,104,19.194489,24.118496,28.04514,30.894958
handoff/mazu_like/mazu_like_20180614_00_lead048.nc,2018-06-14T00:00:00Z,48,2018-06-15T00:00:00Z,2018-06-16T00:00:00Z,SA-14,Asir Region,wind10_speed,m s-1,104,104,1.6293545,3.6133583,4.880265,5.3407149
handoff/mazu_like/mazu_like_20180614_00_lead048.nc,2018-06-14T00:00:00Z,48,2018-06-15T00:00:00Z,2018-06-16T00:00:00Z,SA-14,Asir Region,pwat,kg m-2,104,104,12.711373,17.242492,22.254592,25.89959
handoff/mazu_like/mazu_like_20180614_00_lead048.nc,2018-06-14T00:00:00Z,48,2018-06-15T00:00:00Z,2018-06-16T00:00:00Z,SA-14,Asir Region,ivt,kg m-1 s-1,104,104,41.670015,68.065078,87.358854,142.67192
handoff/mazu_like/mazu_like_20180614_00_lead048.nc,2018-06-14T00:00:00Z,48,2018-06-15T00:00:00Z,2018-06-16T00:00:00Z,SA-14,Asir Region,wind850_speed,m s-1,104,104,1.8161448,5.4332325,8.6081203,11.321244
handoff/mazu_like/mazu_like_20180614_00_lead048.nc,2018-06-14T00:00:00Z,48,2018-06-15T00:00:00Z,2018-06-16T00:00:00Z,SA-14,Asir Region,wind_shear_850_200,m s-1,104,104,14.425874,17.611268,20.279001,23.397202
handoff/mazu_like/mazu_like_20180614_00_lead048.nc,2018-06-14T00:00:00Z,48,2018-06-15T00:00:00Z,2018-06-16T00:00:00Z,SA-14,Asir Region,omega500,Pa s-1,104,104,-0.061880991,0.033091222,0.067451942,0.090399534
handoff/mazu_like/mazu_like_20180614_00_lead048.nc,2018-06-14T00:00:00Z,48,2018-06-15T00:00:00Z,2018-06-16T00:00:00Z,SA-14,Asir Region,geopotential_height500,gpm,104,104,5885.2729,5888.8852,5891.4762,5891.8833
handoff/mazu_like/mazu_like_20180614_00_lead072.nc,2018-06-14T00:00:00Z,72,2018-06-16T00:00:00Z,2018-06-17T00:00:00Z,SA-01,Riyadh Region,daily_precip_total,mm,531,531,0.22307557,0.3185831,0.37281437,0.3963671
handoff/mazu_like/mazu_like_20180614_00_lead072.nc,2018-06-14T00:00:00Z,72,2018-06-16T00:00:00Z,2018-06-17T00:00:00Z,SA-01,Riyadh Region,t2m_c,degC,531,531,32.392517,34.398044,35.696167,36.049377
handoff/mazu_like/mazu_like_20180614_00_lead072.nc,2018-06-14T00:00:00Z,72,2018-06-16T00:00:00Z,2018-06-17T00:00:00Z,SA-01,Riyadh Region,tmax_c,degC,531,531,37.992798,40.441614,42.454758,43.148499
handoff/mazu_like/mazu_like_20180614_00_lead072.nc,2018-06-14T00:00:00Z,72,2018-06-16T00:00:00Z,2018-06-17T00:00:00Z,SA-01,Riyadh Region,tmin_c,degC,531,531,26.317261,28.316841,29.608658,30.010925
handoff/mazu_like/mazu_like_20180614_00_lead072.nc,2018-06-14T00:00:00Z,72,2018-06-16T00:00:00Z,2018-06-17T00:00:00Z,SA-01,Riyadh Region,wind10_speed,m s-1,531,531,1.9482012,3.3924707,4.3560162,4.9143209
handoff/mazu_like/mazu_like_20180614_00_lead072.nc,2018-06-14T00:00:00Z,72,2018-06-16T00:00:00Z,2018-06-17T00:00:00Z,SA-01,Riyadh Region,pwat,kg m-2,531,531,15.844232,18.029879,19.392371,20.000969
handoff/mazu_like/mazu_like_20180614_00_lead072.nc,2018-06-14T00:00:00Z,72,2018-06-16T00:00:00Z,2018-06-17T00:00:00Z,SA-01,Riyadh Region,ivt,kg m-1 s-1,531,531,50.362936,85.718373,143.64687,175.51286
handoff/mazu_like/mazu_like_20180614_00_lead072.nc,2018-06-14T00:00:00Z,72,2018-06-16T00:00:00Z,2018-06-17T00:00:00Z,SA-01,Riyadh Region,wind850_speed,m s-1,531,531,3.8588696,6.2234182,9.4089441,10.842525
handoff/mazu_like/mazu_like_20180614_00_lead072.nc,2018-06-14T00:00:00Z,72,2018-06-16T00:00:00Z,2018-06-17T00:00:00Z,SA-01,Riyadh Region,wind_shear_850_200,m s-1,531,531,6.6199718,9.9826196,13.495213,14.790989
handoff/mazu_like/mazu_like_20180614_00_lead072.nc,2018-06-14T00:00:00Z,72,2018-06-16T00:00:00Z,2018-06-17T00:00:00Z,SA-01,Riyadh Region,omega500,Pa s-1,531,531,-0.037779298,0.012013468,0.060055461,0.081739739
handoff/mazu_like/mazu_like_20180614_00_lead072.nc,2018-06-14T00:00:00Z,72,2018-06-16T00:00:00Z,2018-06-17T00:00:00Z,SA-01,Riyadh Region,geopotential_height500,gpm,531,531,5887.5259,5897.6382,5904.1479,5908.3677
handoff/mazu_like/mazu_like_20180614_00_lead072.nc,2018-06-14T00:00:00Z,72,2018-06-16T00:00:00Z,2018-06-17T00:00:00Z,SA-02,Makkah Region,daily_precip_total,mm,191,191,0,0.31580282,0.44398363,0.58422345
handoff/mazu_like/mazu_like_20180614_00_lead072.nc,2018-06-14T00:00:00Z,72,2018-06-16T00:00:00Z,2018-06-17T00:00:00Z,SA-02,Makkah Region,t2m_c,degC,191,191,28.46405,33.194586,36.316742,37.587067
handoff/mazu_like/mazu_like_20180614_00_lead072.nc,2018-06-14T00:00:00Z,72,2018-06-16T00:00:00Z,2018-06-17T00:00:00Z,SA-02,Makkah Region,tmax_c,degC,191,191,32.350861,38.99577,42.774384,44.084198
handoff/mazu_like/mazu_like_20180614_00_lead072.nc,2018-06-14T00:00:00Z,72,2018-06-16T00:00:00Z,2018-06-17T00:00:00Z,SA-02,Makkah Region,tmin_c,degC,191,191,24.19397,28.015904,31.44548,32.160889
handoff/mazu_like/mazu_like_20180614_00_lead072.nc,2018-06-14T00:00:00Z,72,2018-06-16T00:00:00Z,2018-06-17T00:00:00Z,SA-02,Makkah Region,wind10_speed,m s-1,191,191,1.1582704,2.655239,4.6668606,6.2549534
handoff/mazu_like/mazu_like_20180614_00_lead072.nc,2018-06-14T00:00:00Z,72,2018-06-16T00:00:00Z,2018-06-17T00:00:00Z,SA-02,Makkah Region,pwat,kg m-2,191,191,15.578978,17.831729,20.926689,25.274278
handoff/mazu_like/mazu_like_20180614_00_lead072.nc,2018-06-14T00:00:00Z,72,2018-06-16T00:00:00Z,2018-06-17T00:00:00Z,SA-02,Makkah Region,ivt,kg m-1 s-1,191,191,41.8097,60.016156,78.808754,100.15493
handoff/mazu_like/mazu_like_20180614_00_lead072.nc,2018-06-14T00:00:00Z,72,2018-06-16T00:00:00Z,2018-06-17T00:00:00Z,SA-02,Makkah Region,wind850_speed,m s-1,191,191,1.1267084,4.5408362,6.2526317,7.5636015
handoff/mazu_like/mazu_like_20180614_00_lead072.nc,2018-06-14T00:00:00Z,72,2018-06-16T00:00:00Z,2018-06-17T00:00:00Z,SA-02,Makkah Region,wind_shear_850_200,m s-1,191,191,5.7363119,9.6319338,14.539294,18.755432
handoff/mazu_like/mazu_like_20180614_00_lead072.nc,2018-06-14T00:00:00Z,72,2018-06-16T00:00:00Z,2018-06-17T00:00:00Z,SA-02,Makkah Region,omega500,Pa s-1,191,191,-0.069920175,0.00046848327,0.067593604,0.10024355
handoff/mazu_like/mazu_like_20180614_00_lead072.nc,2018-06-14T00:00:00Z,72,2018-06-16T00:00:00Z,2018-06-17T00:00:00Z,SA-02,Makkah Region,geopotential_height500,gpm,191,191,5898.2485,5905.321,5912.2075,5916.3926
handoff/mazu_like/mazu_like_20180614_00_lead072.nc,2018-06-14T00:00:00Z,72,2018-06-16T00:00:00Z,2018-06-17T00:00:00Z,SA-03,Al Madinah Region,daily_precip_total,mm,207,207,0,0.28472348,0.39641056,0.49016473
handoff/mazu_like/mazu_like_20180614_00_lead072.nc,2018-06-14T00:00:00Z,72,2018-06-16T00:00:00Z,2018-06-17T00:00:00Z,SA-03,Al Madinah Region,t2m_c,degC,207,207,28.137909,33.296387,35.151056,35.831177
handoff/mazu_like/mazu_like_20180614_00_lead072.nc,2018-06-14T00:00:00Z,72,2018-06-16T00:00:00Z,2018-06-17T00:00:00Z,SA-03,Al Madinah Region,tmax_c,degC,207,207,32.352539,38.818224,41.066675,42.255096
handoff/mazu_like/mazu_like_20180614_00_lead072.nc,2018-06-14T00:00:00Z,72,2018-06-16T00:00:00Z,2018-06-17T00:00:00Z,SA-03,Al Madinah Region,tmin_c,degC,207,207,21.768158,28.21141,30.568909,31.4711
handoff/mazu_like/mazu_like_20180614_00_lead072.nc,2018-06-14T00:00:00Z,72,2018-06-16T00:00:00Z,2018-06-17T00:00:00Z,SA-03,Al Madinah Region,wind10_speed,m s-1,207,207,1.4066664,2.9692066,4.6946949,5.341888
handoff/mazu_like/mazu_like_20180614_00_lead072.nc,2018-06-14T00:00:00Z,72,2018-06-16T00:00:00Z,2018-06-17T00:00:00Z,SA-03,Al Madinah Region,pwat,kg m-2,207,207,13.823863,17.472514,21.663749,22.542984
handoff/mazu_like/mazu_like_20180614_00_lead072.nc,2018-06-14T00:00:00Z,72,2018-06-16T00:00:00Z,2018-06-17T00:00:00Z,SA-03,Al Madinah Region,ivt,kg m-1 s-1,207,207,32.218128,58.874076,71.581213,77.371633
handoff/mazu_like/mazu_like_20180614_00_lead072.nc,2018-06-14T00:00:00Z,72,2018-06-16T00:00:00Z,2018-06-17T00:00:00Z,SA-03,Al Madinah Region,wind850_speed,m s-1,207,207,2.7852528,6.0078388,7.9815825,8.7999067
handoff/mazu_like/mazu_like_20180614_00_lead072.nc,2018-06-14T00:00:00Z,72,2018-06-16T00:00:00Z,2018-06-17T00:00:00Z,SA-03,Al Madinah Region,wind_shear_850_200,m s-1,207,207,6.5221,15.700088,23.407137,24.785862
handoff/mazu_like/mazu_like_20180614_00_lead072.nc,2018-06-14T00:00:00Z,72,2018-06-16T00:00:00Z,2018-06-17T00:00:00Z,SA-03,Al Madinah Region,omega500,Pa s-1,207,207,-0.069145598,0.036176702,0.10390241,0.13904189
handoff/mazu_like/mazu_like_20180614_00_lead072.nc,2018-06-14T00:00:00Z,72,2018-06-16T00:00:00Z,2018-06-17T00:00:00Z,SA-03,Al Madinah Region,geopotential_height500,gpm,207,207,5907.7383,5914.6111,5919.3768,5921.2651
handoff/mazu_like/mazu_like_20180614_00_lead072.nc,2018-06-14T00:00:00Z,72,2018-06-16T00:00:00Z,2018-06-17T00:00:00Z,SA-04,Eastern Region,daily_precip_total,mm,798,798,0.11459707,0.37395344,0.45007637,0.50492531
handoff/mazu_like/mazu_like_20180614_00_lead072.nc,2018-06-14T00:00:00Z,72,2018-06-16T00:00:00Z,2018-06-17T00:00:00Z,SA-04,Eastern Region,t2m_c,degC,798,798,34.215424,36.243555,37.547015,38.390228
handoff/mazu_like/mazu_like_20180614_00_lead072.nc,2018-06-14T00:00:00Z,72,2018-06-16T00:00:00Z,2018-06-17T00:00:00Z,SA-04,Eastern Region,tmax_c,degC,798,798,35.542877,42.748951,44.504704,44.945923
handoff/mazu_like/mazu_like_20180614_00_lead072.nc,2018-06-14T00:00:00Z,72,2018-06-16T00:00:00Z,2018-06-17T00:00:00Z,SA-04,Eastern Region,tmin_c,degC,798,798,27.527405,29.603268,31.72523,33.294434
handoff/mazu_like/mazu_like_20180614_00_lead072.nc,2018-06-14T00:00:00Z,72,2018-06-16T00:00:00Z,2018-06-17T00:00:00Z,SA-04,Eastern Region,wind10_speed,m s-1,798,798,2.416785,4.4356644,6.1903579,6.6601028
handoff/mazu_like/mazu_like_20180614_00_lead072.nc,2018-06-14T00:00:00Z,72,2018-06-16T00:00:00Z,2018-06-17T00:00:00Z,SA-04,Eastern Region,pwat,kg m-2,798,798,15.860111,18.773981,20.809696,21.306107
handoff/mazu_like/mazu_like_20180614_00_lead072.nc,2018-06-14T00:00:00Z,72,2018-06-16T00:00:00Z,2018-06-17T00:00:00Z,SA-04,Eastern Region,ivt,kg m-1 s-1,798,798,66.585467,142.77735,212.18298,228.23679
handoff/mazu_like/mazu_like_20180614_00_lead072.nc,2018-06-14T00:00:00Z,72,2018-06-16T00:00:00Z,2018-06-17T00:00:00Z,SA-04,Eastern Region,wind850_speed,m s-1,798,798,4.7603574,8.9455135,13.512492,15.586621
handoff/mazu_like/mazu_like_20180614_00_lead072.nc,2018-06-14T00:00:00Z,72,2018-06-16T00:00:00Z,2018-06-17T00:00:00Z,SA-04,Eastern Region,wind_shear_850_200,m s-1,798,798,9.6318026,16.242788,24.456932,26.760895
handoff/mazu_like/mazu_like_20180614_00_lead072.nc,2018-06-14T00:00:00Z,72,2018-06-16T00:00:00Z,2018-06-17T00:00:00Z,SA-04,Eastern Region,omega500,Pa s-1,798,798,-0.035824351,0.040394613,0.11563998,0.13763285
handoff/mazu_like/mazu_like_20180614_00_lead072.nc,2018-06-14T00:00:00Z,72,2018-06-16T00:00:00Z,2018-06-17T00:00:00Z,SA-04,Eastern Region,geopotential_height500,gpm,798,798,5873.3818,5889.8565,5894.5646,5895.356
handoff/mazu_like/mazu_like_20180614_00_lead072.nc,2018-06-14T00:00:00Z,72,2018-06-16T00:00:00Z,2018-06-17T00:00:00Z,SA-05,Al-Qassim Region,daily_precip_total,mm,96,96,0.28325596,0.347982,0.39178383,0.41325903
handoff/mazu_like/mazu_like_20180614_00_lead072.nc,2018-06-14T00:00:00Z,72,2018-06-16T00:00:00Z,2018-06-17T00:00:00Z,SA-05,Al-Qassim Region,t2m_c,degC,96,96,33.050812,33.914067,34.365288,34.58902
handoff/mazu_like/mazu_like_20180614_00_lead072.nc,2018-06-14T00:00:00Z,72,2018-06-16T00:00:00Z,2018-06-17T00:00:00Z,SA-05,Al-Qassim Region,tmax_c,degC,96,96,38.633759,39.924579,40.654968,40.790833
handoff/mazu_like/mazu_like_20180614_00_lead072.nc,2018-06-14T00:00:00Z,72,2018-06-16T00:00:00Z,2018-06-17T00:00:00Z,SA-05,Al-Qassim Region,tmin_c,degC,96,96,25.971985,27.473436,28.133339,28.367096
handoff/mazu_like/mazu_like_20180614_00_lead072.nc,2018-06-14T00:00:00Z,72,2018-06-16T00:00:00Z,2018-06-17T00:00:00Z,SA-05,Al-Qassim Region,wind10_speed,m s-1,96,96,2.3890567,3.6508137,4.9742795,5.2985139
handoff/mazu_like/mazu_like_20180614_00_lead072.nc,2018-06-14T00:00:00Z,72,2018-06-16T00:00:00Z,2018-06-17T00:00:00Z,SA-05,Al-Qassim Region,pwat,kg m-2,96,96,15.327682,16.846292,18.339078,18.441604
handoff/mazu_like/mazu_like_20180614_00_lead072.nc,2018-06-14T00:00:00Z,72,2018-06-16T00:00:00Z,2018-06-17T00:00:00Z,SA-05,Al-Qassim Region,ivt,kg m-1 s-1,96,96,60.143113,91.377893,136.59445,147.00313
handoff/mazu_like/mazu_like_20180614_00_lead072.nc,2018-06-14T00:00:00Z,72,2018-06-16T00:00:00Z,2018-06-17T00:00:00Z,SA-05,Al-Qassim Region,wind850_speed,m s-1,96,96,5.2900348,7.5501785,9.2766762,9.6678028
handoff/mazu_like/mazu_like_20180614_00_lead072.nc,2018-06-14T00:00:00Z,72,2018-06-16T00:00:00Z,2018-06-17T00:00:00Z,SA-05,Al-Qassim Region,wind_shear_850_200,m s-1,96,96,10.341778,13.951736,16.379505,16.880342
handoff/mazu_like/mazu_like_20180614_00_lead072.nc,2018-06-14T00:00:00Z,72,2018-06-16T00:00:00Z,2018-06-17T00:00:00Z,SA-05,Al-Qassim Region,omega500,Pa s-1,96,96,-0.050161429,0.013895601,0.06425892,0.080615036
handoff/mazu_like/mazu_like_20180614_00_lead072.nc,2018-06-14T00:00:00Z,72,2018-06-16T00:00:00Z,2018-06-17T00:00:00Z,SA-05,Al-Qassim Region,geopotential_height500,gpm,96,96,5896.1362,5903.5368,5908.9928,5910.1455
handoff/mazu_like/mazu_like_20180614_00_lead072.nc,2018-06-14T00:00:00Z,72,2018-06-16T00:00:00Z,2018-06-17T00:00:00Z,SA-06,Hail Region,daily_precip_total,mm,163,163,0.17804715,0.34092476,0.41705216,0.43985122
handoff/mazu_like/mazu_like_20180614_00_lead072.nc,2018-06-14T00:00:00Z,72,2018-06-16T00:00:00Z,2018-06-17T00:00:00Z,SA-06,Hail Region,t2m_c,degC,163,163,28.665253,31.158345,33.241818,33.966278
handoff/mazu_like/mazu_like_20180614_00_lead072.nc,2018-06-14T00:00:00Z,72,2018-06-16T00:00:00Z,2018-06-17T00:00:00Z,SA-06,Hail Region,tmax_c,degC,163,163,35.200897,37.499634,39.335791,39.826447
handoff/mazu_like/mazu_like_20180614_00_lead072.nc,2018-06-14T00:00:00Z,72,2018-06-16T00:00:00Z,2018-06-17T00:00:00Z,SA-06,Hail Region,tmin_c,degC,163,163,22.052917,24.617172,26.613687,27.248108
handoff/mazu_like/mazu_like_20180614_00_lead072.nc,2018-06-14T00:00:00Z,72,2018-06-16T00:00:00Z,2018-06-17T00:00:00Z,SA-06,Hail Region,wind10_speed,m s-1,163,163,3.1572907,4.1296407,5.0346001,5.3777146
handoff/mazu_like/mazu_like_20180614_00_lead072.nc,2018-06-14T00:00:00Z,72,2018-06-16T00:00:00Z,2018-06-17T00:00:00Z,SA-06,Hail Region,pwat,kg m-2,163,163,13.82013,14.83855,16.26008,16.760457
handoff/mazu_like/mazu_like_20180614_00_lead072.nc,2018-06-14T00:00:00Z,72,2018-06-16T00:00:00Z,2018-06-17T00:00:00Z,SA-06,Hail Region,ivt,kg m-1 s-1,163,163,61.408541,87.572631,126.24947,141.84453
handoff/mazu_like/mazu_like_20180614_00_lead072.nc,2018-06-14T00:00:00Z,72,2018-06-16T00:00:00Z,2018-06-17T00:00:00Z,SA-06,Hail Region,wind850_speed,m s-1,163,163,5.1277056,7.3978519,9.0670844,9.8453732
handoff/mazu_like/mazu_like_20180614_00_lead072.nc,2018-06-14T00:00:00Z,72,2018-06-16T00:00:00Z,2018-06-17T00:00:00Z,SA-06,Hail Region,wind_shear_850_200,m s-1,163,163,16.095406,19.764127,23.311878,24.104572
handoff/mazu_like/mazu_like_20180614_00_lead072.nc,2018-06-14T00:00:00Z,72,2018-06-16T00:00:00Z,2018-06-17T00:00:00Z,SA-06,Hail Region,omega500,Pa s-1,163,163,0.0048206449,0.077995058,0.10342706,0.11458124
handoff/mazu_like/mazu_like_20180614_00_lead072.nc,2018-06-14T00:00:00Z,72,2018-06-16T00:00:00Z,2018-06-17T00:00:00Z,SA-06,Hail Region,geopotential_height500,gpm,163,163,5896.5552,5906.7705,5913.5766,5915.3545
handoff/mazu_like/mazu_like_20180614_00_lead072.nc,2018-06-14T00:00:00Z,72,2018-06-16T00:00:00Z,2018-06-17T00:00:00Z,SA-07,Tabuk Region,daily_precip_total,mm,205,205,0,0.32296148,0.4946944,0.76719332
handoff/mazu_like/mazu_like_20180614_00_lead072.nc,2018-06-14T00:00:00Z,72,2018-06-16T00:00:00Z,2018-06-17T00:00:00Z,SA-07,Tabuk Region,t2m_c,degC,205,205,28.030762,30.974847,35.116309,36.370819
handoff/mazu_like/mazu_like_20180614_00_lead072.nc,2018-06-14T00:00:00Z,72,2018-06-16T00:00:00Z,2018-06-17T00:00:00Z,SA-07,Tabuk Region,tmax_c,degC,205,205,31.299561,36.951758,41.547021,42.562195
handoff/mazu_like/mazu_like_20180614_00_lead072.nc,2018-06-14T00:00:00Z,72,2018-06-16T00:00:00Z,2018-06-17T00:00:00Z,SA-07,Tabuk Region,tmin_c,degC,205,205,21.518341,25.617686,30.136121,32.260071
handoff/mazu_like/mazu_like_20180614_00_lead072.nc,2018-06-14T00:00:00Z,72,2018-06-16T00:00:00Z,2018-06-17T00:00:00Z,SA-07,Tabuk Region,wind10_speed,m s-1,205,205,0.86181307,2.5304442,3.5615535,4.8730903
handoff/mazu_like/mazu_like_20180614_00_lead072.nc,2018-06-14T00:00:00Z,72,2018-06-16T00:00:00Z,2018-06-17T00:00:00Z,SA-07,Tabuk Region,pwat,kg m-2,205,205,13.760885,16.228733,20.199002,22.153668
handoff/mazu_like/mazu_like_20180614_00_lead072.nc,2018-06-14T00:00:00Z,72,2018-06-16T00:00:00Z,2018-06-17T00:00:00Z,SA-07,Tabuk Region,ivt,kg m-1 s-1,205,205,30.575714,59.344046,88.416715,108.76271
handoff/mazu_like/mazu_like_20180614_00_lead072.nc,2018-06-14T00:00:00Z,72,2018-06-16T00:00:00Z,2018-06-17T00:00:00Z,SA-07,Tabuk Region,wind850_speed,m s-1,205,205,1.3281834,3.7224959,6.0640964,6.8463173
handoff/mazu_like/mazu_like_20180614_00_lead072.nc,2018-06-14T00:00:00Z,72,2018-06-16T00:00:00Z,2018-06-17T00:00:00Z,SA-07,Tabuk Region,wind_shear_850_200,m s-1,205,205,15.772427,24.761637,28.646788,29.75951
handoff/mazu_like/mazu_like_20180614_00_lead072.nc,2018-06-14T00:00:00Z,72,2018-06-16T00:00:00Z,2018-06-17T00:00:00Z,SA-07,Tabuk Region,omega500,Pa s-1,205,205,-0.15631072,0.09590184,0.23456807,0.30833122
handoff/mazu_like/mazu_like_20180614_00_lead072.nc,2018-06-14T00:00:00Z,72,2018-06-16T00:00:00Z,2018-06-17T00:00:00Z,SA-07,Tabuk Region,geopotential_height500,gpm,205,205,5895.1826,5909.9341,5920.0178,5922.8223
handoff/mazu_like/mazu_like_20180614_00_lead072.nc,2018-06-14T00:00:00Z,72,2018-06-16T00:00:00Z,2018-06-17T00:00:00Z,SA-08,Northern Borders Region,daily_precip_total,mm,169,169,0.33852831,0.42834923,0.52358327,0.60599446
handoff/mazu_like/mazu_like_20180614_00_lead072.nc,2018-06-14T00:00:00Z,72,2018-06-16T00:00:00Z,2018-06-17T00:00:00Z,SA-08,Northern Borders Region,t2m_c,degC,169,169,29.30896,32.054156,34.539014,34.851501
handoff/mazu_like/mazu_like_20180614_00_lead072.nc,2018-06-14T00:00:00Z,72,2018-06-16T00:00:00Z,2018-06-17T00:00:00Z,SA-08,Northern Borders Region,tmax_c,degC,169,169,35.169128,38.254315,40.525397,40.905304
handoff/mazu_like/mazu_like_20180614_00_lead072.nc,2018-06-14T00:00:00Z,72,2018-06-16T00:00:00Z,2018-06-17T00:00:00Z,SA-08,Northern Borders Region,tmin_c,degC,169,169,23.558044,25.931672,28.359229,28.512329
handoff/mazu_like/mazu_like_20180614_00_lead072.nc,2018-06-14T00:00:00Z,72,2018-06-16T00:00:00Z,2018-06-17T00:00:00Z,SA-08,Northern Borders Region,wind10_speed,m s-1,169,169,1.8876289,4.4415053,5.9304951,6.01649
handoff/mazu_like/mazu_like_20180614_00_lead072.nc,2018-06-14T00:00:00Z,72,2018-06-16T00:00:00Z,2018-06-17T00:00:00Z,SA-08,Northern Borders Region,pwat,kg m-2,169,169,14.599031,16.650834,20.102011,21.059515
handoff/mazu_like/mazu_like_20180614_00_lead072.nc,2018-06-14T00:00:00Z,72,2018-06-16T00:00:00Z,2018-06-17T00:00:00Z,SA-08,Northern Borders Region,ivt,kg m-1 s-1,169,169,112.68427,147.87586,170.32477,189.74823
handoff/mazu_like/mazu_like_20180614_00_lead072.nc,2018-06-14T00:00:00Z,72,2018-06-16T00:00:00Z,2018-06-17T00:00:00Z,SA-08,Northern Borders Region,wind850_speed,m s-1,169,169,3.4704075,7.8629931,10.83392,11.923262
handoff/mazu_like/mazu_like_20180614_00_lead072.nc,2018-06-14T00:00:00Z,72,2018-06-16T00:00:00Z,2018-06-17T00:00:00Z,SA-08,Northern Borders Region,wind_shear_850_200,m s-1,169,169,14.73173,23.783361,29.24334,30.081724
handoff/mazu_like/mazu_like_20180614_00_lead072.nc,2018-06-14T00:00:00Z,72,2018-06-16T00:00:00Z,2018-06-17T00:00:00Z,SA-08,Northern Borders Region,omega500,Pa s-1,169,169,0.066184707,0.15279063,0.22962573,0.27121413
handoff/mazu_like/mazu_like_20180614_00_lead072.nc,2018-06-14T00:00:00Z,72,2018-06-16T00:00:00Z,2018-06-17T00:00:00Z,SA-08,Northern Borders Region,geopotential_height500,gpm,169,169,5871.3735,5887.5454,5897.4377,5899.4756
handoff/mazu_like/mazu_like_20180614_00_lead072.nc,2018-06-14T00:00:00Z,72,2018-06-16T00:00:00Z,2018-06-17T00:00:00Z,SA-09,Jazan Region,daily_precip_total,mm,22,22,0,0.17983857,0.45805689,0.51832283
handoff/mazu_like/mazu_like_20180614_00_lead072.nc,2018-06-14T00:00:00Z,72,2018-06-16T00:00:00Z,2018-06-17T00:00:00Z,SA-09,Jazan Region,t2m_c,degC,22,22,27.889954,34.024385,35.719278,35.84549
handoff/mazu_like/mazu_like_20180614_00_lead072.nc,2018-06-14T00:00:00Z,72,2018-06-16T00:00:00Z,2018-06-17T00:00:00Z,SA-09,Jazan Region,tmax_c,degC,22,22,32.965393,38.647517,41.004367,41.204956
handoff/mazu_like/mazu_like_20180614_00_lead072.nc,2018-06-14T00:00:00Z,72,2018-06-16T00:00:00Z,2018-06-17T00:00:00Z,SA-09,Jazan Region,tmin_c,degC,22,22,22.22345,29.776879,31.520177,31.626801
handoff/mazu_like/mazu_like_20180614_00_lead072.nc,2018-06-14T00:00:00Z,72,2018-06-16T00:00:00Z,2018-06-17T00:00:00Z,SA-09,Jazan Region,wind10_speed,m s-1,22,22,1.7778821,2.5250299,3.8475307,4.4094963
handoff/mazu_like/mazu_like_20180614_00_lead072.nc,2018-06-14T00:00:00Z,72,2018-06-16T00:00:00Z,2018-06-17T00:00:00Z,SA-09,Jazan Region,pwat,kg m-2,22,22,24.582196,31.390429,37.040653,40.029241
handoff/mazu_like/mazu_like_20180614_00_lead072.nc,2018-06-14T00:00:00Z,72,2018-06-16T00:00:00Z,2018-06-17T00:00:00Z,SA-09,Jazan Region,ivt,kg m-1 s-1,22,22,51.736528,63.384414,85.093545,88.035462
handoff/mazu_like/mazu_like_20180614_00_lead072.nc,2018-06-14T00:00:00Z,72,2018-06-16T00:00:00Z,2018-06-17T00:00:00Z,SA-09,Jazan Region,wind850_speed,m s-1,22,22,1.8946437,4.2509662,6.7999594,6.9993424
handoff/mazu_like/mazu_like_20180614_00_lead072.nc,2018-06-14T00:00:00Z,72,2018-06-16T00:00:00Z,2018-06-17T00:00:00Z,SA-09,Jazan Region,wind_shear_850_200,m s-1,22,22,15.954368,17.652683,18.738721,18.789528
handoff/mazu_like/mazu_like_20180614_00_lead072.nc,2018-06-14T00:00:00Z,72,2018-06-16T00:00:00Z,2018-06-17T00:00:00Z,SA-09,Jazan Region,omega500,Pa s-1,22,22,-0.17612438,-0.029385261,0.017766175,0.020887878
handoff/mazu_like/mazu_like_20180614_00_lead072.nc,2018-06-14T00:00:00Z,72,2018-06-16T00:00:00Z,2018-06-17T00:00:00Z,SA-09,Jazan Region,geopotential_height500,gpm,22,22,5895.5386,5898.0659,5899.1963,5899.6377
handoff/mazu_like/mazu_like_20180614_00_lead072.nc,2018-06-14T00:00:00Z,72,2018-06-16T00:00:00Z,2018-06-17T00:00:00Z,SA-10,Najran Region,daily_precip_total,mm,123,123,0.22550026,0.34001618,0.39878122,0.43665075
handoff/mazu_like/mazu_like_20180614_00_lead072.nc,2018-06-14T00:00:00Z,72,2018-06-16T00:00:00Z,2018-06-17T00:00:00Z,SA-10,Najran Region,t2m_c,degC,123,123,26.875763,33.592467,35.924719,36.239014
handoff/mazu_like/mazu_like_20180614_00_lead072.nc,2018-06-14T00:00:00Z,72,2018-06-16T00:00:00Z,2018-06-17T00:00:00Z,SA-10,Najran Region,tmax_c,degC,123,123,31.883057,39.985756,42.426511,42.77182
handoff/mazu_like/mazu_like_20180614_00_lead072.nc,2018-06-14T00:00:00Z,72,2018-06-16T00:00:00Z,2018-06-17T00:00:00Z,SA-10,Najran Region,tmin_c,degC,123,123,21.509857,27.00376,29.326877,29.654785
handoff/mazu_like/mazu_like_20180614_00_lead072.nc,2018-06-14T00:00:00Z,72,2018-06-16T00:00:00Z,2018-06-17T00:00:00Z,SA-10,Najran Region,wind10_speed,m s-1,123,123,2.0993457,3.8517703,4.4282272,4.517715
handoff/mazu_like/mazu_like_20180614_00_lead072.nc,2018-06-14T00:00:00Z,72,2018-06-16T00:00:00Z,2018-06-17T00:00:00Z,SA-10,Najran Region,pwat,kg m-2,123,123,16.503191,18.450747,19.61457,20.08444
handoff/mazu_like/mazu_like_20180614_00_lead072.nc,2018-06-14T00:00:00Z,72,2018-06-16T00:00:00Z,2018-06-17T00:00:00Z,SA-10,Najran Region,ivt,kg m-1 s-1,123,123,55.330232,72.836818,84.454733,86.816524
handoff/mazu_like/mazu_like_20180614_00_lead072.nc,2018-06-14T00:00:00Z,72,2018-06-16T00:00:00Z,2018-06-17T00:00:00Z,SA-10,Najran Region,wind850_speed,m s-1,123,123,2.1930623,6.7102536,7.8827435,7.9750471
handoff/mazu_like/mazu_like_20180614_00_lead072.nc,2018-06-14T00:00:00Z,72,2018-06-16T00:00:00Z,2018-06-17T00:00:00Z,SA-10,Najran Region,wind_shear_850_200,m s-1,123,123,9.7651968,12.876422,15.214904,15.644334
handoff/mazu_like/mazu_like_20180614_00_lead072.nc,2018-06-14T00:00:00Z,72,2018-06-16T00:00:00Z,2018-06-17T00:00:00Z,SA-10,Najran Region,omega500,Pa s-1,123,123,-0.092787534,-0.00062293778,0.025027313,0.029037386
handoff/mazu_like/mazu_like_20180614_00_lead072.nc,2018-06-14T00:00:00Z,72,2018-06-16T00:00:00Z,2018-06-17T00:00:00Z,SA-10,Najran Region,geopotential_height500,gpm,123,123,5892.7896,5896.9232,5900.1546,5900.7266
handoff/mazu_like/mazu_like_20180614_00_lead072.nc,2018-06-14T00:00:00Z,72,2018-06-16T00:00:00Z,2018-06-17T00:00:00Z,SA-11,Al Bahah Region,daily_precip_total,mm,12,12,0.14406022,0.29657168,0.41899365,0.44634706
handoff/mazu_like/mazu_like_20180614_00_lead072.nc,2018-06-14T00:00:00Z,72,2018-06-16T00:00:00Z,2018-06-17T00:00:00Z,SA-11,Al Bahah Region,t2m_c,degC,12,12,29.47995,32.13314,36.66102,36.893219
handoff/mazu_like/mazu_like_20180614_00_lead072.nc,2018-06-14T00:00:00Z,72,2018-06-16T00:00:00Z,2018-06-17T00:00:00Z,SA-11,Al Bahah Region,tmax_c,degC,12,12,34.75351,37.661316,43.046567,43.105011
handoff/mazu_like/mazu_like_20180614_00_lead072.nc,2018-06-14T00:00:00Z,72,2018-06-16T00:00:00Z,2018-06-17T00:00:00Z,SA-11,Al Bahah Region,tmin_c,degC,12,12,24.542389,27.039125,31.185361,31.390167
handoff/mazu_like/mazu_like_20180614_00_lead072.nc,2018-06-14T00:00:00Z,72,2018-06-16T00:00:00Z,2018-06-17T00:00:00Z,SA-11,Al Bahah Region,wind10_speed,m s-1,12,12,1.2237215,2.1244001,3.0593054,3.189384
handoff/mazu_like/mazu_like_20180614_00_lead072.nc,2018-06-14T00:00:00Z,72,2018-06-16T00:00:00Z,2018-06-17T00:00:00Z,SA-11,Al Bahah Region,pwat,kg m-2,12,12,15.583566,17.984153,19.583394,19.770253
handoff/mazu_like/mazu_like_20180614_00_lead072.nc,2018-06-14T00:00:00Z,72,2018-06-16T00:00:00Z,2018-06-17T00:00:00Z,SA-11,Al Bahah Region,ivt,kg m-1 s-1,12,12,41.280013,49.700856,58.419824,59.077091
handoff/mazu_like/mazu_like_20180614_00_lead072.nc,2018-06-14T00:00:00Z,72,2018-06-16T00:00:00Z,2018-06-17T00:00:00Z,SA-11,Al Bahah Region,wind850_speed,m s-1,12,12,1.4393505,3.0694257,4.8458745,4.8643827
handoff/mazu_like/mazu_like_20180614_00_lead072.nc,2018-06-14T00:00:00Z,72,2018-06-16T00:00:00Z,2018-06-17T00:00:00Z,SA-11,Al Bahah Region,wind_shear_850_200,m s-1,12,12,9.8803415,11.936056,14.687337,14.847501
handoff/mazu_like/mazu_like_20180614_00_lead072.nc,2018-06-14T00:00:00Z,72,2018-06-16T00:00:00Z,2018-06-17T00:00:00Z,SA-11,Al Bahah Region,omega500,Pa s-1,12,12,-0.041903809,-0.002373982,0.034443394,0.036233906
handoff/mazu_like/mazu_like_20180614_00_lead072.nc,2018-06-14T00:00:00Z,72,2018-06-16T00:00:00Z,2018-06-17T00:00:00Z,SA-11,Al Bahah Region,geopotential_height500,gpm,12,12,5900.0239,5902.4483,5903.9105,5903.939
handoff/mazu_like/mazu_like_20180614_00_lead072.nc,2018-06-14T00:00:00Z,72,2018-06-16T00:00:00Z,2018-06-17T00:00:00Z,SA-12,Al Jawf Region,daily_precip_total,mm,122,122,0.32998809,0.42845859,0.49435082,0.55463952
handoff/mazu_like/mazu_like_20180614_00_lead072.nc,2018-06-14T00:00:00Z,72,2018-06-16T00:00:00Z,2018-06-17T00:00:00Z,SA-12,Al Jawf Region,t2m_c,degC,122,122,29.632904,30.853919,31.761548,32.077484
handoff/mazu_like/mazu_like_20180614_00_lead072.nc,2018-06-14T00:00:00Z,72,2018-06-16T00:00:00Z,2018-06-17T00:00:00Z,SA-12,Al Jawf Region,tmax_c,degC,122,122,35.999969,37.332443,38.146295,38.569519
handoff/mazu_like/mazu_like_20180614_00_lead072.nc,2018-06-14T00:00:00Z,72,2018-06-16T00:00:00Z,2018-06-17T00:00:00Z,SA-12,Al Jawf Region,tmin_c,degC,122,122,22.941071,25.195952,26.943848,27.141785
handoff/mazu_like/mazu_like_20180614_00_lead072.nc,2018-06-14T00:00:00Z,72,2018-06-16T00:00:00Z,2018-06-17T00:00:00Z,SA-12,Al Jawf Region,wind10_speed,m s-1,122,122,1.6016756,3.1624894,4.1129571,4.2166758
handoff/mazu_like/mazu_like_20180614_00_lead072.nc,2018-06-14T00:00:00Z,72,2018-06-16T00:00:00Z,2018-06-17T00:00:00Z,SA-12,Al Jawf Region,pwat,kg m-2,122,122,14.205771,16.355134,19.265174,21.759725
handoff/mazu_like/mazu_like_20180614_00_lead072.nc,2018-06-14T00:00:00Z,72,2018-06-16T00:00:00Z,2018-06-17T00:00:00Z,SA-12,Al Jawf Region,ivt,kg m-1 s-1,122,122,70.361442,110.89706,136.40726,194.35441
handoff/mazu_like/mazu_like_20180614_00_lead072.nc,2018-06-14T00:00:00Z,72,2018-06-16T00:00:00Z,2018-06-17T00:00:00Z,SA-12,Al Jawf Region,wind850_speed,m s-1,122,122,2.3090665,5.1021099,6.7648525,7.4082961
handoff/mazu_like/mazu_like_20180614_00_lead072.nc,2018-06-14T00:00:00Z,72,2018-06-16T00:00:00Z,2018-06-17T00:00:00Z,SA-12,Al Jawf Region,wind_shear_850_200,m s-1,122,122,23.095987,26.779107,29.608988,30.096855
handoff/mazu_like/mazu_like_20180614_00_lead072.nc,2018-06-14T00:00:00Z,72,2018-06-16T00:00:00Z,2018-06-17T00:00:00Z,SA-12,Al Jawf Region,omega500,Pa s-1,122,122,0.028532678,0.15329479,0.24213086,0.34792
handoff/mazu_like/mazu_like_20180614_00_lead072.nc,2018-06-14T00:00:00Z,72,2018-06-16T00:00:00Z,2018-06-17T00:00:00Z,SA-12,Al Jawf Region,geopotential_height500,gpm,122,122,5874.1538,5894.0665,5902.9748,5904.7461
handoff/mazu_like/mazu_like_20180614_00_lead072.nc,2018-06-14T00:00:00Z,72,2018-06-16T00:00:00Z,2018-06-17T00:00:00Z,SA-14,Asir Region,daily_precip_total,mm,104,104,0.094819695,0.29299288,0.53614426,0.65479273
handoff/mazu_like/mazu_like_20180614_00_lead072.nc,2018-06-14T00:00:00Z,72,2018-06-16T00:00:00Z,2018-06-17T00:00:00Z,SA-14,Asir Region,t2m_c,degC,104,104,24.961517,30.36936,34.11326,36.260834
handoff/mazu_like/mazu_like_20180614_00_lead072.nc,2018-06-14T00:00:00Z,72,2018-06-16T00:00:00Z,2018-06-17T00:00:00Z,SA-14,Asir Region,tmax_c,degC,104,104,29.934204,36.045016,40.54837,42.748932
handoff/mazu_like/mazu_like_20180614_00_lead072.nc,2018-06-14T00:00:00Z,72,2018-06-16T00:00:00Z,2018-06-17T00:00:00Z,SA-14,Asir Region,tmin_c,degC,104,104,19.561371,24.983953,28.625424,31.322998
handoff/mazu_like/mazu_like_20180614_00_lead072.nc,2018-06-14T00:00:00Z,72,2018-06-16T00:00:00Z,2018-06-17T00:00:00Z,SA-14,Asir Region,wind10_speed,m s-1,104,104,1.3668216,2.6991422,3.4180148,3.6217225
handoff/mazu_like/mazu_like_20180614_00_lead072.nc,2018-06-14T00:00:00Z,72,2018-06-16T00:00:00Z,2018-06-17T00:00:00Z,SA-14,Asir Region,pwat,kg m-2,104,104,15.196371,17.736967,24.303065,27.378353
handoff/mazu_like/mazu_like_20180614_00_lead072.nc,2018-06-14T00:00:00Z,72,2018-06-16T00:00:00Z,2018-06-17T00:00:00Z,SA-14,Asir Region,ivt,kg m-1 s-1,104,104,41.305652,55.786381,65.951263,73.65819
handoff/mazu_like/mazu_like_20180614_00_lead072.nc,2018-06-14T00:00:00Z,72,2018-06-16T00:00:00Z,2018-06-17T00:00:00Z,SA-14,Asir Region,wind850_speed,m s-1,104,104,1.6342686,4.0006021,6.069943,6.4229689
handoff/mazu_like/mazu_like_20180614_00_lead072.nc,2018-06-14T00:00:00Z,72,2018-06-16T00:00:00Z,2018-06-17T00:00:00Z,SA-14,Asir Region,wind_shear_850_200,m s-1,104,104,7.7169542,12.642603,16.141157,17.907919
handoff/mazu_like/mazu_like_20180614_00_lead072.nc,2018-06-14T00:00:00Z,72,2018-06-16T00:00:00Z,2018-06-17T00:00:00Z,SA-14,Asir Region,omega500,Pa s-1,104,104,-0.19159052,-0.012032384,0.024843212,0.034490842
handoff/mazu_like/mazu_like_20180614_00_lead072.nc,2018-06-14T00:00:00Z,72,2018-06-16T00:00:00Z,2018-06-17T00:00:00Z,SA-14,Asir Region,geopotential_height500,gpm,104,104,5896.3535,5900.2755,5901.6353,5902.9355
handoff/mazu_like/mazu_like_20180619_00_lead024.nc,2018-06-19T00:00:00Z,24,2018-06-19T00:00:00Z,2018-06-20T00:00:00Z,SA-01,Riyadh Region,daily_precip_total,mm,531,531,0.18376744,0.31213736,0.37747434,0.46340597
handoff/mazu_like/mazu_like_20180619_00_lead024.nc,2018-06-19T00:00:00Z,24,2018-06-19T00:00:00Z,2018-06-20T00:00:00Z,SA-01,Riyadh Region,t2m_c,degC,531,531,34.233917,36.73425,37.720718,38.291229
handoff/mazu_like/mazu_like_20180619_00_lead024.nc,2018-06-19T00:00:00Z,24,2018-06-19T00:00:00Z,2018-06-20T00:00:00Z,SA-01,Riyadh Region,tmax_c,degC,531,531,40.032959,42.979858,44.460342,45.338745
handoff/mazu_like/mazu_like_20180619_00_lead024.nc,2018-06-19T00:00:00Z,24,2018-06-19T00:00:00Z,2018-06-20T00:00:00Z,SA-01,Riyadh Region,tmin_c,degC,531,531,27.864838,30.493212,31.558563,32.646606
handoff/mazu_like/mazu_like_20180619_00_lead024.nc,2018-06-19T00:00:00Z,24,2018-06-19T00:00:00Z,2018-06-20T00:00:00Z,SA-01,Riyadh Region,wind10_speed,m s-1,531,531,1.0861881,3.5516271,4.7465405,5.0599699
handoff/mazu_like/mazu_like_20180619_00_lead024.nc,2018-06-19T00:00:00Z,24,2018-06-19T00:00:00Z,2018-06-20T00:00:00Z,SA-01,Riyadh Region,pwat,kg m-2,531,531,17.327866,18.722162,20.464696,20.906441
handoff/mazu_like/mazu_like_20180619_00_lead024.nc,2018-06-19T00:00:00Z,24,2018-06-19T00:00:00Z,2018-06-20T00:00:00Z,SA-01,Riyadh Region,ivt,kg m-1 s-1,531,531,22.022366,117.96776,215.87311,234.20764
handoff/mazu_like/mazu_like_20180619_00_lead024.nc,2018-06-19T00:00:00Z,24,2018-06-19T00:00:00Z,2018-06-20T00:00:00Z,SA-01,Riyadh Region,wind850_speed,m s-1,531,531,2.2591324,7.8218623,11.764961,13.568883
handoff/mazu_like/mazu_like_20180619_00_lead024.nc,2018-06-19T00:00:00Z,24,2018-06-19T00:00:00Z,2018-06-20T00:00:00Z,SA-01,Riyadh Region,wind_shear_850_200,m s-1,531,531,4.5845408,8.7914757,14.209246,16.250797
handoff/mazu_like/mazu_like_20180619_00_lead024.nc,2018-06-19T00:00:00Z,24,2018-06-19T00:00:00Z,2018-06-20T00:00:00Z,SA-01,Riyadh Region,omega500,Pa s-1,531,531,-0.078590438,-0.0062623071,0.055927213,0.094825402
handoff/mazu_like/mazu_like_20180619_00_lead024.nc,2018-06-19T00:00:00Z,24,2018-06-19T00:00:00Z,2018-06-20T00:00:00Z,SA-01,Riyadh Region,geopotential_height500,gpm,531,531,5893.3599,5910.6196,5921.5146,5924.2319
handoff/mazu_like/mazu_like_20180619_00_lead024.nc,2018-06-19T00:00:00Z,24,2018-06-19T00:00:00Z,2018-06-20T00:00:00Z,SA-02,Makkah Region,daily_precip_total,mm,191,191,0,0.35250303,0.64697039,1.2659857
handoff/mazu_like/mazu_like_20180619_00_lead024.nc,2018-06-19T00:00:00Z,24,2018-06-19T00:00:00Z,2018-06-20T00:00:00Z,SA-02,Makkah Region,t2m_c,degC,191,191,29.978149,34.836762,36.685913,37.392334
handoff/mazu_like/mazu_like_20180619_00_lead024.nc,2018-06-19T00:00:00Z,24,2018-06-19T00:00:00Z,2018-06-20T00:00:00Z,SA-02,Makkah Region,tmax_c,degC,191,191,33.797668,39.954296,42.314331,42.90097
handoff/mazu_like/mazu_like_20180619_00_lead024.nc,2018-06-19T00:00:00Z,24,2018-06-19T00:00:00Z,2018-06-20T00:00:00Z,SA-02,Makkah Region,tmin_c,degC,191,191,25.183014,30.035225,32.636108,33.157715
handoff/mazu_like/mazu_like_20180619_00_lead024.nc,2018-06-19T00:00:00Z,24,2018-06-19T00:00:00Z,2018-06-20T00:00:00Z,SA-02,Makkah Region,wind10_speed,m s-1,191,191,0.91970813,2.5996735,3.4685324,4.1141052
handoff/mazu_like/mazu_like_20180619_00_lead024.nc,2018-06-19T00:00:00Z,24,2018-06-19T00:00:00Z,2018-06-20T00:00:00Z,SA-02,Makkah Region,pwat,kg m-2,191,191,18.422106,24.552375,35.692235,38.087988
handoff/mazu_like/mazu_like_20180619_00_lead024.nc,2018-06-19T00:00:00Z,24,2018-06-19T00:00:00Z,2018-06-20T00:00:00Z,SA-02,Makkah Region,ivt,kg m-1 s-1,191,191,30.652322,72.941655,98.394405,118.6861
handoff/mazu_like/mazu_like_20180619_00_lead024.nc,2018-06-19T00:00:00Z,24,2018-06-19T00:00:00Z,2018-06-20T00:00:00Z,SA-02,Makkah Region,wind850_speed,m s-1,191,191,0.9676404,4.9689099,7.3632865,8.2514801
handoff/mazu_like/mazu_like_20180619_00_lead024.nc,2018-06-19T00:00:00Z,24,2018-06-19T00:00:00Z,2018-06-20T00:00:00Z,SA-02,Makkah Region,wind_shear_850_200,m s-1,191,191,4.631011,11.080734,14.955339,15.782116
handoff/mazu_like/mazu_like_20180619_00_lead024.nc,2018-06-19T00:00:00Z,24,2018-06-19T00:00:00Z,2018-06-20T00:00:00Z,SA-02,Makkah Region,omega500,Pa s-1,191,191,-0.52003342,-0.053139591,0.059410907,0.1102083
handoff/mazu_like/mazu_like_20180619_00_lead024.nc,2018-06-19T00:00:00Z,24,2018-06-19T00:00:00Z,2018-06-20T00:00:00Z,SA-02,Makkah Region,geopotential_height500,gpm,191,191,5905.041,5918.5946,5922.4175,5924.1187
handoff/mazu_like/mazu_like_20180619_00_lead024.nc,2018-06-19T00:00:00Z,24,2018-06-19T00:00:00Z,2018-06-20T00:00:00Z,SA-03,Al Madinah Region,daily_precip_total,mm,207,207,0,0.2822857,0.40880572,0.49391308
handoff/mazu_like/mazu_like_20180619_00_lead024.nc,2018-06-19T00:00:00Z,24,2018-06-19T00:00:00Z,2018-06-20T00:00:00Z,SA-03,Al Madinah Region,t2m_c,degC,207,207,30.557251,36.176983,38.149005,38.525543
handoff/mazu_like/mazu_like_20180619_00_lead024.nc,2018-06-19T00:00:00Z,24,2018-06-19T00:00:00Z,2018-06-20T00:00:00Z,SA-03,Al Madinah Region,tmax_c,degC,207,207,34.599487,41.513032,43.52858,44.153992
handoff/mazu_like/mazu_like_20180619_00_lead024.nc,2018-06-19T00:00:00Z,24,2018-06-19T00:00:00Z,2018-06-20T00:00:00Z,SA-03,Al Madinah Region,tmin_c,degC,207,207,24.646118,31.204211,33.540213,34.183929
handoff/mazu_like/mazu_like_20180619_00_lead024.nc,2018-06-19T00:00:00Z,24,2018-06-19T00:00:00Z,2018-06-20T00:00:00Z,SA-03,Al Madinah Region,wind10_speed,m s-1,207,207,1.8427111,3.1462312,4.0228009,5.891686
handoff/mazu_like/mazu_like_20180619_00_lead024.nc,2018-06-19T00:00:00Z,24,2018-06-19T00:00:00Z,2018-06-20T00:00:00Z,SA-03,Al Madinah Region,pwat,kg m-2,207,207,18.254691,20.902929,23.369758,25.018679
handoff/mazu_like/mazu_like_20180619_00_lead024.nc,2018-06-19T00:00:00Z,24,2018-06-19T00:00:00Z,2018-06-20T00:00:00Z,SA-03,Al Madinah Region,ivt,kg m-1 s-1,207,207,22.213201,65.414347,95.240888,104.65475
handoff/mazu_like/mazu_like_20180619_00_lead024.nc,2018-06-19T00:00:00Z,24,2018-06-19T00:00:00Z,2018-06-20T00:00:00Z,SA-03,Al Madinah Region,wind850_speed,m s-1,207,207,4.2327271,6.350985,7.9100559,8.2105589
handoff/mazu_like/mazu_like_20180619_00_lead024.nc,2018-06-19T00:00:00Z,24,2018-06-19T00:00:00Z,2018-06-20T00:00:00Z,SA-03,Al Madinah Region,wind_shear_850_200,m s-1,207,207,7.6677246,14.101002,16.094833,16.797632
handoff/mazu_like/mazu_like_20180619_00_lead024.nc,2018-06-19T00:00:00Z,24,2018-06-19T00:00:00Z,2018-06-20T00:00:00Z,SA-03,Al Madinah Region,omega500,Pa s-1,207,207,-0.37079316,-0.032655008,0.11728936,0.25567105
handoff/mazu_like/mazu_like_20180619_00_lead024.nc,2018-06-19T00:00:00Z,24,2018-06-19T00:00:00Z,2018-06-20T00:00:00Z,SA-03,Al Madinah Region,geopotential_height500,gpm,207,207,5905.0059,5920.0094,5924.7007,5925.6616
handoff/mazu_like/mazu_like_20180619_00_lead024.nc,2018-06-19T00:00:00Z,24,2018-06-19T00:00:00Z,2018-06-20T00:00:00Z,SA-04,Eastern Region,daily_precip_total,mm,798,798,0,0.25953434,0.33612683,0.37463966
handoff/mazu_like/mazu_like_20180619_00_lead024.nc,2018-06-19T00:00:00Z,24,2018-06-19T00:00:00Z,2018-06-20T00:00:00Z,SA-04,Eastern Region,t2m_c,degC,798,798,34.177429,37.068968,38.131454,39.438721
handoff/mazu_like/mazu_like_20180619_00_lead024.nc,2018-06-19T00:00:00Z,24,2018-06-19T00:00:00Z,2018-06-20T00:00:00Z,SA-04,Eastern Region,tmax_c,degC,798,798,35.537964,43.770198,45.269038,46.110321
handoff/mazu_like/mazu_like_20180619_00_lead024.nc,2018-06-19T00:00:00Z,24,2018-06-19T00:00:00Z,2018-06-20T00:00:00Z,SA-04,Eastern Region,tmin_c,degC,798,798,28.011505,30.802378,32.829057,33.877258
handoff/mazu_like/mazu_like_20180619_00_lead024.nc,2018-06-19T00:00:00Z,24,2018-06-19T00:00:00Z,2018-06-20T00:00:00Z,SA-04,Eastern Region,wind10_speed,m s-1,798,798,1.440784,5.1933182,7.0324716,8.4507771
handoff/mazu_like/mazu_like_20180619_00_lead024.nc,2018-06-19T00:00:00Z,24,2018-06-19T00:00:00Z,2018-06-20T00:00:00Z,SA-04,Eastern Region,pwat,kg m-2,798,798,16.140745,19.439806,23.7053,28.027617
handoff/mazu_like/mazu_like_20180619_00_lead024.nc,2018-06-19T00:00:00Z,24,2018-06-19T00:00:00Z,2018-06-20T00:00:00Z,SA-04,Eastern Region,ivt,kg m-1 s-1,798,798,34.237538,200.96442,299.37769,337.31572
handoff/mazu_like/mazu_like_20180619_00_lead024.nc,2018-06-19T00:00:00Z,24,2018-06-19T00:00:00Z,2018-06-20T00:00:00Z,SA-04,Eastern Region,wind850_speed,m s-1,798,798,1.6617186,11.22899,18.741214,20.412256
handoff/mazu_like/mazu_like_20180619_00_lead024.nc,2018-06-19T00:00:00Z,24,2018-06-19T00:00:00Z,2018-06-20T00:00:00Z,SA-04,Eastern Region,wind_shear_850_200,m s-1,798,798,9.4814253,15.960933,22.676755,25.774061
handoff/mazu_like/mazu_like_20180619_00_lead024.nc,2018-06-19T00:00:00Z,24,2018-06-19T00:00:00Z,2018-06-20T00:00:00Z,SA-04,Eastern Region,omega500,Pa s-1,798,798,-0.059253283,-0.0023632297,0.048236809,0.086135603
handoff/mazu_like/mazu_like_20180619_00_lead024.nc,2018-06-19T00:00:00Z,24,2018-06-19T00:00:00Z,2018-06-20T00:00:00Z,SA-04,Eastern Region,geopotential_height500,gpm,798,798,5865.1309,5890.7032,5910.1235,5913.2402
handoff/mazu_like/mazu_like_20180619_00_lead024.nc,2018-06-19T00:00:00Z,24,2018-06-19T00:00:00Z,2018-06-20T00:00:00Z,SA-05,Al-Qassim Region,daily_precip_total,mm,96,96,0.21871139,0.35964482,0.4292015,0.47326568
handoff/mazu_like/mazu_like_20180619_00_lead024.nc,2018-06-19T00:00:00Z,24,2018-06-19T00:00:00Z,2018-06-20T00:00:00Z,SA-05,Al-Qassim Region,t2m_c,degC,96,96,36.443726,37.575109,38.395737,38.590912
handoff/mazu_like/mazu_like_20180619_00_lead024.nc,2018-06-19T00:00:00Z,24,2018-06-19T00:00:00Z,2018-06-20T00:00:00Z,SA-05,Al-Qassim Region,tmax_c,degC,96,96,41.763733,43.708116,44.39756,44.555908
handoff/mazu_like/mazu_like_20180619_00_lead024.nc,2018-06-19T00:00:00Z,24,2018-06-19T00:00:00Z,2018-06-20T00:00:00Z,SA-05,Al-Qassim Region,tmin_c,degC,96,96,30.418793,31.834495,33.79866,33.994507
handoff/mazu_like/mazu_like_20180619_00_lead024.nc,2018-06-19T00:00:00Z,24,2018-06-19T00:00:00Z,2018-06-20T00:00:00Z,SA-05,Al-Qassim Region,wind10_speed,m s-1,96,96,1.814841,2.7371715,3.4922853,3.7233067
handoff/mazu_like/mazu_like_20180619_00_lead024.nc,2018-06-19T00:00:00Z,24,2018-06-19T00:00:00Z,2018-06-20T00:00:00Z,SA-05,Al-Qassim Region,pwat,kg m-2,96,96,19.932457,20.925976,21.968402,22.207952
handoff/mazu_like/mazu_like_20180619_00_lead024.nc,2018-06-19T00:00:00Z,24,2018-06-19T00:00:00Z,2018-06-20T00:00:00Z,SA-05,Al-Qassim Region,ivt,kg m-1 s-1,96,96,20.874194,50.40617,74.947857,80.995595
handoff/mazu_like/mazu_like_20180619_00_lead024.nc,2018-06-19T00:00:00Z,24,2018-06-19T00:00:00Z,2018-06-20T00:00:00Z,SA-05,Al-Qassim Region,wind850_speed,m s-1,96,96,2.7167428,5.1670145,6.8469421,7.5254326
handoff/mazu_like/mazu_like_20180619_00_lead024.nc,2018-06-19T00:00:00Z,24,2018-06-19T00:00:00Z,2018-06-20T00:00:00Z,SA-05,Al-Qassim Region,wind_shear_850_200,m s-1,96,96,4.6141729,7.9583223,11.033336,12.585152
handoff/mazu_like/mazu_like_20180619_00_lead024.nc,2018-06-19T00:00:00Z,24,2018-06-19T00:00:00Z,2018-06-20T00:00:00Z,SA-05,Al-Qassim Region,omega500,Pa s-1,96,96,-0.1320025,0.017212733,0.11191789,0.1445931
handoff/mazu_like/mazu_like_20180619_00_lead024.nc,2018-06-19T00:00:00Z,24,2018-06-19T00:00:00Z,2018-06-20T00:00:00Z,SA-05,Al-Qassim Region,geopotential_height500,gpm,96,96,5912.0542,5918.9294,5922.9014,5923.1221
handoff/mazu_like/mazu_like_20180619_00_lead024.nc,2018-06-19T00:00:00Z,24,2018-06-19T00:00:00Z,2018-06-20T00:00:00Z,SA-06,Hail Region,daily_precip_total,mm,163,163,0.12384077,0.30379248,0.39512466,0.42535913
handoff/mazu_like/mazu_like_20180619_00_lead024.nc,2018-06-19T00:00:00Z,24,2018-06-19T00:00:00Z,2018-06-20T00:00:00Z,SA-06,Hail Region,t2m_c,degC,163,163,31.95932,35.334541,37.309296,38.029877
handoff/mazu_like/mazu_like_20180619_00_lead024.nc,2018-06-19T00:00:00Z,24,2018-06-19T00:00:00Z,2018-06-20T00:00:00Z,SA-06,Hail Region,tmax_c,degC,163,163,38.549683,41.767132,44.023752,44.13324
handoff/mazu_like/mazu_like_20180619_00_lead024.nc,2018-06-19T00:00:00Z,24,2018-06-19T00:00:00Z,2018-06-20T00:00:00Z,SA-06,Hail Region,tmin_c,degC,163,163,25.828705,29.248188,32.606232,33.627136
handoff/mazu_like/mazu_like_20180619_00_lead024.nc,2018-06-19T00:00:00Z,24,2018-06-19T00:00:00Z,2018-06-20T00:00:00Z,SA-06,Hail Region,wind10_speed,m s-1,163,163,2.1968169,3.3330326,4.1450397,4.3599696
handoff/mazu_like/mazu_like_20180619_00_lead024.nc,2018-06-19T00:00:00Z,24,2018-06-19T00:00:00Z,2018-06-20T00:00:00Z,SA-06,Hail Region,pwat,kg m-2,163,163,20.461418,21.658253,22.580425,22.796312
handoff/mazu_like/mazu_like_20180619_00_lead024.nc,2018-06-19T00:00:00Z,24,2018-06-19T00:00:00Z,2018-06-20T00:00:00Z,SA-06,Hail Region,ivt,kg m-1 s-1,163,163,46.888114,67.306022,81.253709,82.355092
handoff/mazu_like/mazu_like_20180619_00_lead024.nc,2018-06-19T00:00:00Z,24,2018-06-19T00:00:00Z,2018-06-20T00:00:00Z,SA-06,Hail Region,wind850_speed,m s-1,163,163,3.1601133,6.2598278,8.0706842,8.2374992
handoff/mazu_like/mazu_like_20180619_00_lead024.nc,2018-06-19T00:00:00Z,24,2018-06-19T00:00:00Z,2018-06-20T00:00:00Z,SA-06,Hail Region,wind_shear_850_200,m s-1,163,163,10.357367,14.536413,16.453009,17.131546
handoff/mazu_like/mazu_like_20180619_00_lead024.nc,2018-06-19T00:00:00Z,24,2018-06-19T00:00:00Z,2018-06-20T00:00:00Z,SA-06,Hail Region,omega500,Pa s-1,163,163,-0.35944226,0.018242126,0.13856782,0.19892882
handoff/mazu_like/mazu_like_20180619_00_lead024.nc,2018-06-19T00:00:00Z,24,2018-06-19T00:00:00Z,2018-06-20T00:00:00Z,SA-06,Hail Region,geopotential_height500,gpm,163,163,5906.4575,5915.6419,5922.9149,5924.7358
handoff/mazu_like/mazu_like_20180619_00_lead024.nc,2018-06-19T00:00:00Z,24,2018-06-19T00:00:00Z,2018-06-20T00:00:00Z,SA-07,Tabuk Region,daily_precip_total,mm,205,205,0,0.32835025,0.43885824,0.69969088
handoff/mazu_like/mazu_like_20180619_00_lead024.nc,2018-06-19T00:00:00Z,24,2018-06-19T00:00:00Z,2018-06-20T00:00:00Z,SA-07,Tabuk Region,t2m_c,degC,205,205,27.251343,32.040616,35.960638,37.352966
handoff/mazu_like/mazu_like_20180619_00_lead024.nc,2018-06-19T00:00:00Z,24,2018-06-19T00:00:00Z,2018-06-20T00:00:00Z,SA-07,Tabuk Region,tmax_c,degC,205,205,31.662567,37.777939,41.392566,43.03476
handoff/mazu_like/mazu_like_20180619_00_lead024.nc,2018-06-19T00:00:00Z,24,2018-06-19T00:00:00Z,2018-06-20T00:00:00Z,SA-07,Tabuk Region,tmin_c,degC,205,205,22.750763,27.153382,31.92215,33.282257
handoff/mazu_like/mazu_like_20180619_00_lead024.nc,2018-06-19T00:00:00Z,24,2018-06-19T00:00:00Z,2018-06-20T00:00:00Z,SA-07,Tabuk Region,wind10_speed,m s-1,205,205,1.7597742,3.2994317,4.7649494,6.8194184
handoff/mazu_like/mazu_like_20180619_00_lead024.nc,2018-06-19T00:00:00Z,24,2018-06-19T00:00:00Z,2018-06-20T00:00:00Z,SA-07,Tabuk Region,pwat,kg m-2,205,205,18.383867,21.814365,25.129375,26.000849
handoff/mazu_like/mazu_like_20180619_00_lead024.nc,2018-06-19T00:00:00Z,24,2018-06-19T00:00:00Z,2018-06-20T00:00:00Z,SA-07,Tabuk Region,ivt,kg m-1 s-1,205,205,62.377824,104.58781,138.96907,154.47288
handoff/mazu_like/mazu_like_20180619_00_lead024.nc,2018-06-19T00:00:00Z,24,2018-06-19T00:00:00Z,2018-06-20T00:00:00Z,SA-07,Tabuk Region,wind850_speed,m s-1,205,205,1.8525231,4.2324299,6.156553,6.6267576
handoff/mazu_like/mazu_like_20180619_00_lead024.nc,2018-06-19T00:00:00Z,24,2018-06-19T00:00:00Z,2018-06-20T00:00:00Z,SA-07,Tabuk Region,wind_shear_850_200,m s-1,205,205,13.276628,17.828178,23.954776,24.855907
handoff/mazu_like/mazu_like_20180619_00_lead024.nc,2018-06-19T00:00:00Z,24,2018-06-19T00:00:00Z,2018-06-20T00:00:00Z,SA-07,Tabuk Region,omega500,Pa s-1,205,205,-0.31667215,0.088553673,0.2460136,0.31991887
handoff/mazu_like/mazu_like_20180619_00_lead024.nc,2018-06-19T00:00:00Z,24,2018-06-19T00:00:00Z,2018-06-20T00:00:00Z,SA-07,Tabuk Region,geopotential_height500,gpm,205,205,5881.48,5900.8484,5913.6453,5919.9136
handoff/mazu_like/mazu_like_20180619_00_lead024.nc,2018-06-19T00:00:00Z,24,2018-06-19T00:00:00Z,2018-06-20T00:00:00Z,SA-08,Northern Borders Region,daily_precip_total,mm,169,169,0.29593605,0.34628307,0.39707341,0.41656512
handoff/mazu_like/mazu_like_20180619_00_lead024.nc,2018-06-19T00:00:00Z,24,2018-06-19T00:00:00Z,2018-06-20T00:00:00Z,SA-08,Northern Borders Region,t2m_c,degC,169,169,27.408783,33.565615,36.526129,36.867157
handoff/mazu_like/mazu_like_20180619_00_lead024.nc,2018-06-19T00:00:00Z,24,2018-06-19T00:00:00Z,2018-06-20T00:00:00Z,SA-08,Northern Borders Region,tmax_c,degC,169,169,33.570251,39.859917,43.070013,43.562988
handoff/mazu_like/mazu_like_20180619_00_lead024.nc,2018-06-19T00:00:00Z,24,2018-06-19T00:00:00Z,2018-06-20T00:00:00Z,SA-08,Northern Borders Region,tmin_c,degC,169,169,22.088776,27.669457,30.002832,30.436218
handoff/mazu_like/mazu_like_20180619_00_lead024.nc,2018-06-19T00:00:00Z,24,2018-06-19T00:00:00Z,2018-06-20T00:00:00Z,SA-08,Northern Borders Region,wind10_speed,m s-1,169,169,1.6242021,3.0286807,4.4694321,4.7720699
handoff/mazu_like/mazu_like_20180619_00_lead024.nc,2018-06-19T00:00:00Z,24,2018-06-19T00:00:00Z,2018-06-20T00:00:00Z,SA-08,Northern Borders Region,pwat,kg m-2,169,169,18.55925,21.866595,23.450335,23.780551
handoff/mazu_like/mazu_like_20180619_00_lead024.nc,2018-06-19T00:00:00Z,24,2018-06-19T00:00:00Z,2018-06-20T00:00:00Z,SA-08,Northern Borders Region,ivt,kg m-1 s-1,169,169,52.578175,133.51693,217.38741,221.79132
handoff/mazu_like/mazu_like_20180619_00_lead024.nc,2018-06-19T00:00:00Z,24,2018-06-19T00:00:00Z,2018-06-20T00:00:00Z,SA-08,Northern Borders Region,wind850_speed,m s-1,169,169,1.0040429,3.5176523,7.0395321,8.5206013
handoff/mazu_like/mazu_like_20180619_00_lead024.nc,2018-06-19T00:00:00Z,24,2018-06-19T00:00:00Z,2018-06-20T00:00:00Z,SA-08,Northern Borders Region,wind_shear_850_200,m s-1,169,169,10.672443,17.81618,24.917805,25.635214
handoff/mazu_like/mazu_like_20180619_00_lead024.nc,2018-06-19T00:00:00Z,24,2018-06-19T00:00:00Z,2018-06-20T00:00:00Z,SA-08,Northern Borders Region,omega500,Pa s-1,169,169,-0.069534674,0.09433395,0.17433558,0.19903158
handoff/mazu_like/mazu_like_20180619_00_lead024.nc,2018-06-19T00:00:00Z,24,2018-06-19T00:00:00Z,2018-06-20T00:00:00Z,SA-08,Northern Borders Region,geopotential_height500,gpm,169,169,5863.7109,5896.2599,5911.1702,5911.96
handoff/mazu_like/mazu_like_20180619_00_lead024.nc,2018-06-19T00:00:00Z,24,2018-06-19T00:00:00Z,2018-06-20T00:00:00Z,SA-09,Jazan Region,daily_precip_total,mm,22,22,0.059100214,0.46641123,0.86747976,2.4071591
handoff/mazu_like/mazu_like_20180619_00_lead024.nc,2018-06-19T00:00:00Z,24,2018-06-19T00:00:00Z,2018-06-20T00:00:00Z,SA-09,Jazan Region,t2m_c,degC,22,22,28.773346,33.783051,35.649733,35.947601
handoff/mazu_like/mazu_like_20180619_00_lead024.nc,2018-06-19T00:00:00Z,24,2018-06-19T00:00:00Z,2018-06-20T00:00:00Z,SA-09,Jazan Region,tmax_c,degC,22,22,32.713837,36.98784,39.281133,39.458588
handoff/mazu_like/mazu_like_20180619_00_lead024.nc,2018-06-19T00:00:00Z,24,2018-06-19T00:00:00Z,2018-06-20T00:00:00Z,SA-09,Jazan Region,tmin_c,degC,22,22,23.152679,30.275426,32.354649,32.516174
handoff/mazu_like/mazu_like_20180619_00_lead024.nc,2018-06-19T00:00:00Z,24,2018-06-19T00:00:00Z,2018-06-20T00:00:00Z,SA-09,Jazan Region,wind10_speed,m s-1,22,22,1.1811008,2.2591147,2.5467066,2.5558865
handoff/mazu_like/mazu_like_20180619_00_lead024.nc,2018-06-19T00:00:00Z,24,2018-06-19T00:00:00Z,2018-06-20T00:00:00Z,SA-09,Jazan Region,pwat,kg m-2,22,22,24.196095,35.379002,38.374127,40.128452
handoff/mazu_like/mazu_like_20180619_00_lead024.nc,2018-06-19T00:00:00Z,24,2018-06-19T00:00:00Z,2018-06-20T00:00:00Z,SA-09,Jazan Region,ivt,kg m-1 s-1,22,22,90.516264,113.06576,131.53401,134.51846
handoff/mazu_like/mazu_like_20180619_00_lead024.nc,2018-06-19T00:00:00Z,24,2018-06-19T00:00:00Z,2018-06-20T00:00:00Z,SA-09,Jazan Region,wind850_speed,m s-1,22,22,1.1248634,2.6747234,3.8781002,3.9660568
handoff/mazu_like/mazu_like_20180619_00_lead024.nc,2018-06-19T00:00:00Z,24,2018-06-19T00:00:00Z,2018-06-20T00:00:00Z,SA-09,Jazan Region,wind_shear_850_200,m s-1,22,22,12.759532,14.59871,15.262207,15.283124
handoff/mazu_like/mazu_like_20180619_00_lead024.nc,2018-06-19T00:00:00Z,24,2018-06-19T00:00:00Z,2018-06-20T00:00:00Z,SA-09,Jazan Region,omega500,Pa s-1,22,22,-0.1781738,-0.046169645,0.072596697,0.10528505
handoff/mazu_like/mazu_like_20180619_00_lead024.nc,2018-06-19T00:00:00Z,24,2018-06-19T00:00:00Z,2018-06-20T00:00:00Z,SA-09,Jazan Region,geopotential_height500,gpm,22,22,5894.5156,5900.0103,5903.8691,5905.4292
handoff/mazu_like/mazu_like_20180619_00_lead024.nc,2018-06-19T00:00:00Z,24,2018-06-19T00:00:00Z,2018-06-20T00:00:00Z,SA-10,Najran Region,daily_precip_total,mm,123,123,0.21430352,0.30077491,0.34707491,0.40007192
handoff/mazu_like/mazu_like_20180619_00_lead024.nc,2018-06-19T00:00:00Z,24,2018-06-19T00:00:00Z,2018-06-20T00:00:00Z,SA-10,Najran Region,t2m_c,degC,123,123,27.35556,33.995573,36.378879,36.954926
handoff/mazu_like/mazu_like_20180619_00_lead024.nc,2018-06-19T00:00:00Z,24,2018-06-19T00:00:00Z,2018-06-20T00:00:00Z,SA-10,Najran Region,tmax_c,degC,123,123,32.06839,40.097491,42.345419,42.978149
handoff/mazu_like/mazu_like_20180619_00_lead024.nc,2018-06-19T00:00:00Z,24,2018-06-19T00:00:00Z,2018-06-20T00:00:00Z,SA-10,Najran Region,tmin_c,degC,123,123,22.611389,28.032911,30.547253,31.0336
handoff/mazu_like/mazu_like_20180619_00_lead024.nc,2018-06-19T00:00:00Z,24,2018-06-19T00:00:00Z,2018-06-20T00:00:00Z,SA-10,Najran Region,wind10_speed,m s-1,123,123,2.8094282,4.0240383,4.9697789,5.1087098
handoff/mazu_like/mazu_like_20180619_00_lead024.nc,2018-06-19T00:00:00Z,24,2018-06-19T00:00:00Z,2018-06-20T00:00:00Z,SA-10,Najran Region,pwat,kg m-2,123,123,16.503429,17.839955,18.899388,19.287518
handoff/mazu_like/mazu_like_20180619_00_lead024.nc,2018-06-19T00:00:00Z,24,2018-06-19T00:00:00Z,2018-06-20T00:00:00Z,SA-10,Najran Region,ivt,kg m-1 s-1,123,123,108.57966,159.04957,208.29248,220.81429
handoff/mazu_like/mazu_like_20180619_00_lead024.nc,2018-06-19T00:00:00Z,24,2018-06-19T00:00:00Z,2018-06-20T00:00:00Z,SA-10,Najran Region,wind850_speed,m s-1,123,123,3.4719486,9.2531785,12.68394,13.267634
handoff/mazu_like/mazu_like_20180619_00_lead024.nc,2018-06-19T00:00:00Z,24,2018-06-19T00:00:00Z,2018-06-20T00:00:00Z,SA-10,Najran Region,wind_shear_850_200,m s-1,123,123,5.7446833,9.8954743,12.309132,13.09473
handoff/mazu_like/mazu_like_20180619_00_lead024.nc,2018-06-19T00:00:00Z,24,2018-06-19T00:00:00Z,2018-06-20T00:00:00Z,SA-10,Najran Region,omega500,Pa s-1,123,123,-0.068667136,-0.037749768,-0.0048224758,0.047862209
handoff/mazu_like/mazu_like_20180619_00_lead024.nc,2018-06-19T00:00:00Z,24,2018-06-19T00:00:00Z,2018-06-20T00:00:00Z,SA-10,Najran Region,geopotential_height500,gpm,123,123,5885.3555,5895.6917,5902.2997,5904.3032
handoff/mazu_like/mazu_like_20180619_00_lead024.nc,2018-06-19T00:00:00Z,24,2018-06-19T00:00:00Z,2018-06-20T00:00:00Z,SA-11,Al Bahah Region,daily_precip_total,mm,12,12,0.30646273,0.60221297,1.4054752,1.5206708
handoff/mazu_like/mazu_like_20180619_00_lead024.nc,2018-06-19T00:00:00Z,24,2018-06-19T00:00:00Z,2018-06-20T00:00:00Z,SA-11,Al Bahah Region,t2m_c,degC,12,12,30.226379,32.517957,35.60719,35.821228
handoff/mazu_like/mazu_like_20180619_00_lead024.nc,2018-06-19T00:00:00Z,24,2018-06-19T00:00:00Z,2018-06-20T00:00:00Z,SA-11,Al Bahah Region,tmax_c,degC,12,12,34.692841,36.8916,39.481776,39.648163
handoff/mazu_like/mazu_like_20180619_00_lead024.nc,2018-06-19T00:00:00Z,24,2018-06-19T00:00:00Z,2018-06-20T00:00:00Z,SA-11,Al Bahah Region,tmin_c,degC,12,12,25.540771,28.148324,32.439371,32.493652
handoff/mazu_like/mazu_like_20180619_00_lead024.nc,2018-06-19T00:00:00Z,24,2018-06-19T00:00:00Z,2018-06-20T00:00:00Z,SA-11,Al Bahah Region,wind10_speed,m s-1,12,12,0.8925184,2.2236885,3.2744302,3.2898602
handoff/mazu_like/mazu_like_20180619_00_lead024.nc,2018-06-19T00:00:00Z,24,2018-06-19T00:00:00Z,2018-06-20T00:00:00Z,SA-11,Al Bahah Region,pwat,kg m-2,12,12,19.412102,29.301303,37.386261,37.610891
handoff/mazu_like/mazu_like_20180619_00_lead024.nc,2018-06-19T00:00:00Z,24,2018-06-19T00:00:00Z,2018-06-20T00:00:00Z,SA-11,Al Bahah Region,ivt,kg m-1 s-1,12,12,96.124883,100.11361,104.40033,106.19941
handoff/mazu_like/mazu_like_20180619_00_lead024.nc,2018-06-19T00:00:00Z,24,2018-06-19T00:00:00Z,2018-06-20T00:00:00Z,SA-11,Al Bahah Region,wind850_speed,m s-1,12,12,0.99853683,2.7671287,3.8374639,3.9896116
handoff/mazu_like/mazu_like_20180619_00_lead024.nc,2018-06-19T00:00:00Z,24,2018-06-19T00:00:00Z,2018-06-20T00:00:00Z,SA-11,Al Bahah Region,wind_shear_850_200,m s-1,12,12,9.7707529,12.594571,15.219669,15.274563
handoff/mazu_like/mazu_like_20180619_00_lead024.nc,2018-06-19T00:00:00Z,24,2018-06-19T00:00:00Z,2018-06-20T00:00:00Z,SA-11,Al Bahah Region,omega500,Pa s-1,12,12,-0.28254616,-0.11989504,-0.011501396,-0.0010810457
handoff/mazu_like/mazu_like_20180619_00_lead024.nc,2018-06-19T00:00:00Z,24,2018-06-19T00:00:00Z,2018-06-20T00:00:00Z,SA-11,Al Bahah Region,geopotential_height500,gpm,12,12,5910.9121,5914.1335,5916.6759,5917.0449
handoff/mazu_like/mazu_like_20180619_00_lead024.nc,2018-06-19T00:00:00Z,24,2018-06-19T00:00:00Z,2018-06-20T00:00:00Z,SA-12,Al Jawf Region,daily_precip_total,mm,122,122,0.20198248,0.33943808,0.38889272,0.41433948
handoff/mazu_like/mazu_like_20180619_00_lead024.nc,2018-06-19T00:00:00Z,24,2018-06-19T00:00:00Z,2018-06-20T00:00:00Z,SA-12,Al Jawf Region,t2m_c,degC,122,122,27.2453,31.887664,34.055589,34.402985
handoff/mazu_like/mazu_like_20180619_00_lead024.nc,2018-06-19T00:00:00Z,24,2018-06-19T00:00:00Z,2018-06-20T00:00:00Z,SA-12,Al Jawf Region,tmax_c,degC,122,122,33.411194,37.987416,40.307562,40.670807
handoff/mazu_like/mazu_like_20180619_00_lead024.nc,2018-06-19T00:00:00Z,24,2018-06-19T00:00:00Z,2018-06-20T00:00:00Z,SA-12,Al Jawf Region,tmin_c,degC,122,122,22.241211,26.4998,28.28075,28.722321
handoff/mazu_like/mazu_like_20180619_00_lead024.nc,2018-06-19T00:00:00Z,24,2018-06-19T00:00:00Z,2018-06-20T00:00:00Z,SA-12,Al Jawf Region,wind10_speed,m s-1,122,122,2.3247335,3.5831686,4.8078328,4.9496131
handoff/mazu_like/mazu_like_20180619_00_lead024.nc,2018-06-19T00:00:00Z,24,2018-06-19T00:00:00Z,2018-06-20T00:00:00Z,SA-12,Al Jawf Region,pwat,kg m-2,122,122,19.506808,23.028743,24.657625,25.360386
handoff/mazu_like/mazu_like_20180619_00_lead024.nc,2018-06-19T00:00:00Z,24,2018-06-19T00:00:00Z,2018-06-20T00:00:00Z,SA-12,Al Jawf Region,ivt,kg m-1 s-1,122,122,71.828484,132.53994,192.85143,200.0784
handoff/mazu_like/mazu_like_20180619_00_lead024.nc,2018-06-19T00:00:00Z,24,2018-06-19T00:00:00Z,2018-06-20T00:00:00Z,SA-12,Al Jawf Region,wind850_speed,m s-1,122,122,0.90482676,3.1176438,6.8375916,9.0522451
handoff/mazu_like/mazu_like_20180619_00_lead024.nc,2018-06-19T00:00:00Z,24,2018-06-19T00:00:00Z,2018-06-20T00:00:00Z,SA-12,Al Jawf Region,wind_shear_850_200,m s-1,122,122,16.882654,20.880994,25.176153,25.367174
handoff/mazu_like/mazu_like_20180619_00_lead024.nc,2018-06-19T00:00:00Z,24,2018-06-19T00:00:00Z,2018-06-20T00:00:00Z,SA-12,Al Jawf Region,omega500,Pa s-1,122,122,-0.073089696,0.047050838,0.20898473,0.33246684
handoff/mazu_like/mazu_like_20180619_00_lead024.nc,2018-06-19T00:00:00Z,24,2018-06-19T00:00:00Z,2018-06-20T00:00:00Z,SA-12,Al Jawf Region,geopotential_height500,gpm,122,122,5862.4917,5893.7527,5904.7705,5906.2588
handoff/mazu_like/mazu_like_20180619_00_lead024.nc,2018-06-19T00:00:00Z,24,2018-06-19T00:00:00Z,2018-06-20T00:00:00Z,SA-14,Asir Region,daily_precip_total,mm,104,104,0.22323525,0.42870634,0.90737095,1.7547948
handoff/mazu_like/mazu_like_20180619_00_lead024.nc,2018-06-19T00:00:00Z,24,2018-06-19T00:00:00Z,2018-06-20T00:00:00Z,SA-14,Asir Region,t2m_c,degC,104,104,25.820465,31.505147,35.174431,35.992004
handoff/mazu_like/mazu_like_20180619_00_lead024.nc,2018-06-19T00:00:00Z,24,2018-06-19T00:00:00Z,2018-06-20T00:00:00Z,SA-14,Asir Region,tmax_c,degC,104,104,30.768494,36.926828,41.186884,42.437073
handoff/mazu_like/mazu_like_20180619_00_lead024.nc,2018-06-19T00:00:00Z,24,2018-06-19T00:00:00Z,2018-06-20T00:00:00Z,SA-14,Asir Region,tmin_c,degC,104,104,20.451324,26.055679,29.625906,32.526855
handoff/mazu_like/mazu_like_20180619_00_lead024.nc,2018-06-19T00:00:00Z,24,2018-06-19T00:00:00Z,2018-06-20T00:00:00Z,SA-14,Asir Region,wind10_speed,m s-1,104,104,0.8513943,2.8866451,4.0257598,4.8370309
handoff/mazu_like/mazu_like_20180619_00_lead024.nc,2018-06-19T00:00:00Z,24,2018-06-19T00:00:00Z,2018-06-20T00:00:00Z,SA-14,Asir Region,pwat,kg m-2,104,104,15.871636,20.056397,36.985096,39.014614
handoff/mazu_like/mazu_like_20180619_00_lead024.nc,2018-06-19T00:00:00Z,24,2018-06-19T00:00:00Z,2018-06-20T00:00:00Z,SA-14,Asir Region,ivt,kg m-1 s-1,104,104,88.195095,101.89662,118.12183,125.33149
handoff/mazu_like/mazu_like_20180619_00_lead024.nc,2018-06-19T00:00:00Z,24,2018-06-19T00:00:00Z,2018-06-20T00:00:00Z,SA-14,Asir Region,wind850_speed,m s-1,104,104,0.76322258,4.3179303,7.4616248,8.3393412
handoff/mazu_like/mazu_like_20180619_00_lead024.nc,2018-06-19T00:00:00Z,24,2018-06-19T00:00:00Z,2018-06-20T00:00:00Z,SA-14,Asir Region,wind_shear_850_200,m s-1,104,104,4.9150405,9.9110184,14.692965,15.317315
handoff/mazu_like/mazu_like_20180619_00_lead024.nc,2018-06-19T00:00:00Z,24,2018-06-19T00:00:00Z,2018-06-20T00:00:00Z,SA-14,Asir Region,omega500,Pa s-1,104,104,-0.17595318,-0.025526579,0.042938884,0.068037495
handoff/mazu_like/mazu_like_20180619_00_lead024.nc,2018-06-19T00:00:00Z,24,2018-06-19T00:00:00Z,2018-06-20T00:00:00Z,SA-14,Asir Region,geopotential_height500,gpm,104,104,5900.0034,5908.0691,5913.947,5916.147
handoff/mazu_like/mazu_like_20180619_00_lead048.nc,2018-06-19T00:00:00Z,48,2018-06-20T00:00:00Z,2018-06-21T00:00:00Z,SA-01,Riyadh Region,daily_precip_total,mm,531,531,0.25820819,0.44850283,0.53897771,0.58705825
handoff/mazu_like/mazu_like_20180619_00_lead048.nc,2018-06-19T00:00:00Z,48,2018-06-20T00:00:00Z,2018-06-21T00:00:00Z,SA-01,Riyadh Region,t2m_c,degC,531,531,34.98877,36.822326,37.678299,38.145599
handoff/mazu_like/mazu_like_20180619_00_lead048.nc,2018-06-19T00:00:00Z,48,2018-06-20T00:00:00Z,2018-06-21T00:00:00Z,SA-01,Riyadh Region,tmax_c,degC,531,531,40.253693,42.694605,44.06485,44.751038
handoff/mazu_like/mazu_like_20180619_00_lead048.nc,2018-06-19T00:00:00Z,48,2018-06-20T00:00:00Z,2018-06-21T00:00:00Z,SA-01,Riyadh Region,tmin_c,degC,531,531,28.884003,31.145213,32.419189,33.267944
handoff/mazu_like/mazu_like_20180619_00_lead048.nc,2018-06-19T00:00:00Z,48,2018-06-20T00:00:00Z,2018-06-21T00:00:00Z,SA-01,Riyadh Region,wind10_speed,m s-1,531,531,1.575389,3.5805041,5.4477732,6.3365707
handoff/mazu_like/mazu_like_20180619_00_lead048.nc,2018-06-19T00:00:00Z,48,2018-06-20T00:00:00Z,2018-06-21T00:00:00Z,SA-01,Riyadh Region,pwat,kg m-2,531,531,17.857024,20.685941,22.672173,23.000362
handoff/mazu_like/mazu_like_20180619_00_lead048.nc,2018-06-19T00:00:00Z,48,2018-06-20T00:00:00Z,2018-06-21T00:00:00Z,SA-01,Riyadh Region,ivt,kg m-1 s-1,531,531,54.252395,141.61124,225.07256,242.95444
handoff/mazu_like/mazu_like_20180619_00_lead048.nc,2018-06-19T00:00:00Z,48,2018-06-20T00:00:00Z,2018-06-21T00:00:00Z,SA-01,Riyadh Region,wind850_speed,m s-1,531,531,4.4482241,8.4485056,12.190135,13.945763
handoff/mazu_like/mazu_like_20180619_00_lead048.nc,2018-06-19T00:00:00Z,48,2018-06-20T00:00:00Z,2018-06-21T00:00:00Z,SA-01,Riyadh Region,wind_shear_850_200,m s-1,531,531,6.557745,11.399671,18.268737,21.527088
handoff/mazu_like/mazu_like_20180619_00_lead048.nc,2018-06-19T00:00:00Z,48,2018-06-20T00:00:00Z,2018-06-21T00:00:00Z,SA-01,Riyadh Region,omega500,Pa s-1,531,531,-0.18223205,-0.016658468,0.05326961,0.084687173
handoff/mazu_like/mazu_like_20180619_00_lead048.nc,2018-06-19T00:00:00Z,48,2018-06-20T00:00:00Z,2018-06-21T00:00:00Z,SA-01,Riyadh Region,geopotential_height500,gpm,531,531,5894.708,5917.6388,5930.4202,5934.0195
handoff/mazu_like/mazu_like_20180619_00_lead048.nc,2018-06-19T00:00:00Z,48,2018-06-20T00:00:00Z,2018-06-21T00:00:00Z,SA-02,Makkah Region,daily_precip_total,mm,191,191,0,0.49103929,0.96532398,1.457785
handoff/mazu_like/mazu_like_20180619_00_lead048.nc,2018-06-19T00:00:00Z,48,2018-06-20T00:00:00Z,2018-06-21T00:00:00Z,SA-02,Makkah Region,t2m_c,degC,191,191,29.960327,35.206492,37.414993,37.750458
handoff/mazu_like/mazu_like_20180619_00_lead048.nc,2018-06-19T00:00:00Z,48,2018-06-20T00:00:00Z,2018-06-21T00:00:00Z,SA-02,Makkah Region,tmax_c,degC,191,191,33.983276,40.101866,42.765411,43.440277
handoff/mazu_like/mazu_like_20180619_00_lead048.nc,2018-06-19T00:00:00Z,48,2018-06-20T00:00:00Z,2018-06-21T00:00:00Z,SA-02,Makkah Region,tmin_c,degC,191,191,25.976501,31.169579,33.119034,33.994873
handoff/mazu_like/mazu_like_20180619_00_lead048.nc,2018-06-19T00:00:00Z,48,2018-06-20T00:00:00Z,2018-06-21T00:00:00Z,SA-02,Makkah Region,wind10_speed,m s-1,191,191,0.97195387,2.675088,4.6069975,6.1819868
handoff/mazu_like/mazu_like_20180619_00_lead048.nc,2018-06-19T00:00:00Z,48,2018-06-20T00:00:00Z,2018-06-21T00:00:00Z,SA-02,Makkah Region,pwat,kg m-2,191,191,21.402945,27.870811,39.754102,42.131475
handoff/mazu_like/mazu_like_20180619_00_lead048.nc,2018-06-19T00:00:00Z,48,2018-06-20T00:00:00Z,2018-06-21T00:00:00Z,SA-02,Makkah Region,ivt,kg m-1 s-1,191,191,41.900979,108.27626,165.05542,186.13828
handoff/mazu_like/mazu_like_20180619_00_lead048.nc,2018-06-19T00:00:00Z,48,2018-06-20T00:00:00Z,2018-06-21T00:00:00Z,SA-02,Makkah Region,wind850_speed,m s-1,191,191,1.402787,6.0186668,11.182058,11.897926
handoff/mazu_like/mazu_like_20180619_00_lead048.nc,2018-06-19T00:00:00Z,48,2018-06-20T00:00:00Z,2018-06-21T00:00:00Z,SA-02,Makkah Region,wind_shear_850_200,m s-1,191,191,6.4474769,12.889321,17.739106,18.47142
handoff/mazu_like/mazu_like_20180619_00_lead048.nc,2018-06-19T00:00:00Z,48,2018-06-20T00:00:00Z,2018-06-21T00:00:00Z,SA-02,Makkah Region,omega500,Pa s-1,191,191,-0.539608,-0.1051389,0.041853521,0.099587739
handoff/mazu_like/mazu_like_20180619_00_lead048.nc,2018-06-19T00:00:00Z,48,2018-06-20T00:00:00Z,2018-06-21T00:00:00Z,SA-02,Makkah Region,geopotential_height500,gpm,191,191,5911.5889,5928.2201,5934.0732,5937.2153
handoff/mazu_like/mazu_like_20180619_00_lead048.nc,2018-06-19T00:00:00Z,48,2018-06-20T00:00:00Z,2018-06-21T00:00:00Z,SA-03,Al Madinah Region,daily_precip_total,mm,207,207,0,0.40236281,0.54534589,0.67446172
handoff/mazu_like/mazu_like_20180619_00_lead048.nc,2018-06-19T00:00:00Z,48,2018-06-20T00:00:00Z,2018-06-21T00:00:00Z,SA-03,Al Madinah Region,t2m_c,degC,207,207,30.527618,36.57445,38.912912,39.757935
handoff/mazu_like/mazu_like_20180619_00_lead048.nc,2018-06-19T00:00:00Z,48,2018-06-20T00:00:00Z,2018-06-21T00:00:00Z,SA-03,Al Madinah Region,tmax_c,degC,207,207,35.980438,42.013917,44.2686,45.414276
handoff/mazu_like/mazu_like_20180619_00_lead048.nc,2018-06-19T00:00:00Z,48,2018-06-20T00:00:00Z,2018-06-21T00:00:00Z,SA-03,Al Madinah Region,tmin_c,degC,207,207,24.855988,31.706417,34.659183,35.238373
handoff/mazu_like/mazu_like_20180619_00_lead048.nc,2018-06-19T00:00:00Z,48,2018-06-20T00:00:00Z,2018-06-21T00:00:00Z,SA-03,Al Madinah Region,wind10_speed,m s-1,207,207,2.2775848,4.2396589,5.8244904,8.0051394
handoff/mazu_like/mazu_like_20180619_00_lead048.nc,2018-06-19T00:00:00Z,48,2018-06-20T00:00:00Z,2018-06-21T00:00:00Z,SA-03,Al Madinah Region,pwat,kg m-2,207,207,16.488389,21.469483,24.717871,26.408007
handoff/mazu_like/mazu_like_20180619_00_lead048.nc,2018-06-19T00:00:00Z,48,2018-06-20T00:00:00Z,2018-06-21T00:00:00Z,SA-03,Al Madinah Region,ivt,kg m-1 s-1,207,207,60.300048,105.80912,146.76961,158.73347
handoff/mazu_like/mazu_like_20180619_00_lead048.nc,2018-06-19T00:00:00Z,48,2018-06-20T00:00:00Z,2018-06-21T00:00:00Z,SA-03,Al Madinah Region,wind850_speed,m s-1,207,207,5.033287,8.5713486,10.718451,11.932152
handoff/mazu_like/mazu_like_20180619_00_lead048.nc,2018-06-19T00:00:00Z,48,2018-06-20T00:00:00Z,2018-06-21T00:00:00Z,SA-03,Al Madinah Region,wind_shear_850_200,m s-1,207,207,11.31532,15.521839,17.322941,18.164665
handoff/mazu_like/mazu_like_20180619_00_lead048.nc,2018-06-19T00:00:00Z,48,2018-06-20T00:00:00Z,2018-06-21T00:00:00Z,SA-03,Al Madinah Region,omega500,Pa s-1,207,207,-0.37897754,0.0050458875,0.15272862,0.20481567
handoff/mazu_like/mazu_like_20180619_00_lead048.nc,2018-06-19T00:00:00Z,48,2018-06-20T00:00:00Z,2018-06-21T00:00:00Z,SA-03,Al Madinah Region,geopotential_height500,gpm,207,207,5924.4526,5933.943,5936.8201,5938.5215
handoff/mazu_like/mazu_like_20180619_00_lead048.nc,2018-06-19T00:00:00Z,48,2018-06-20T00:00:00Z,2018-06-21T00:00:00Z,SA-04,Eastern Region,daily_precip_total,mm,798,798,0.1008662,0.35014292,0.42631609,0.49818325
handoff/mazu_like/mazu_like_20180619_00_lead048.nc,2018-06-19T00:00:00Z,48,2018-06-20T00:00:00Z,2018-06-21T00:00:00Z,SA-04,Eastern Region,t2m_c,degC,798,798,34.397369,37.129968,38.555426,40.002747
handoff/mazu_like/mazu_like_20180619_00_lead048.nc,2018-06-19T00:00:00Z,48,2018-06-20T00:00:00Z,2018-06-21T00:00:00Z,SA-04,Eastern Region,tmax_c,degC,798,798,36.321381,43.784528,44.789679,46.117706
handoff/mazu_like/mazu_like_20180619_00_lead048.nc,2018-06-19T00:00:00Z,48,2018-06-20T00:00:00Z,2018-06-21T00:00:00Z,SA-04,Eastern Region,tmin_c,degC,798,798,26.891266,30.675415,33.382683,34.050842
handoff/mazu_like/mazu_like_20180619_00_lead048.nc,2018-06-19T00:00:00Z,48,2018-06-20T00:00:00Z,2018-06-21T00:00:00Z,SA-04,Eastern Region,wind10_speed,m s-1,798,798,0.42943972,5.497428,7.9891685,9.5885477
handoff/mazu_like/mazu_like_20180619_00_lead048.nc,2018-06-19T00:00:00Z,48,2018-06-20T00:00:00Z,2018-06-21T00:00:00Z,SA-04,Eastern Region,pwat,kg m-2,798,798,13.791848,19.03433,26.542847,30.11416
handoff/mazu_like/mazu_like_20180619_00_lead048.nc,2018-06-19T00:00:00Z,48,2018-06-20T00:00:00Z,2018-06-21T00:00:00Z,SA-04,Eastern Region,ivt,kg m-1 s-1,798,798,51.631976,193.60194,252.79654,268.13065
handoff/mazu_like/mazu_like_20180619_00_lead048.nc,2018-06-19T00:00:00Z,48,2018-06-20T00:00:00Z,2018-06-21T00:00:00Z,SA-04,Eastern Region,wind850_speed,m s-1,798,798,1.185709,12.118484,19.742758,21.843672
handoff/mazu_like/mazu_like_20180619_00_lead048.nc,2018-06-19T00:00:00Z,48,2018-06-20T00:00:00Z,2018-06-21T00:00:00Z,SA-04,Eastern Region,wind_shear_850_200,m s-1,798,798,9.1416979,17.319207,25.26828,26.972488
handoff/mazu_like/mazu_like_20180619_00_lead048.nc,2018-06-19T00:00:00Z,48,2018-06-20T00:00:00Z,2018-06-21T00:00:00Z,SA-04,Eastern Region,omega500,Pa s-1,798,798,-0.099185348,-0.026116118,0.047303646,0.077494614
handoff/mazu_like/mazu_like_20180619_00_lead048.nc,2018-06-19T00:00:00Z,48,2018-06-20T00:00:00Z,2018-06-21T00:00:00Z,SA-04,Eastern Region,geopotential_height500,gpm,798,798,5863.7554,5895.5476,5920.3332,5922.4307
handoff/mazu_like/mazu_like_20180619_00_lead048.nc,2018-06-19T00:00:00Z,48,2018-06-20T00:00:00Z,2018-06-21T00:00:00Z,SA-05,Al-Qassim Region,daily_precip_total,mm,96,96,0.3561092,0.49249469,0.55780904,0.58317244
handoff/mazu_like/mazu_like_20180619_00_lead048.nc,2018-06-19T00:00:00Z,48,2018-06-20T00:00:00Z,2018-06-21T00:00:00Z,SA-05,Al-Qassim Region,t2m_c,degC,96,96,36.555023,37.441831,38.27626,38.499176
handoff/mazu_like/mazu_like_20180619_00_lead048.nc,2018-06-19T00:00:00Z,48,2018-06-20T00:00:00Z,2018-06-21T00:00:00Z,SA-05,Al-Qassim Region,tmax_c,degC,96,96,42.202301,43.415717,43.948349,44.057678
handoff/mazu_like/mazu_like_20180619_00_lead048.nc,2018-06-19T00:00:00Z,48,2018-06-20T00:00:00Z,2018-06-21T00:00:00Z,SA-05,Al-Qassim Region,tmin_c,degC,96,96,30.222198,31.683302,33.323898,33.502686
handoff/mazu_like/mazu_like_20180619_00_lead048.nc,2018-06-19T00:00:00Z,48,2018-06-20T00:00:00Z,2018-06-21T00:00:00Z,SA-05,Al-Qassim Region,wind10_speed,m s-1,96,96,2.9942639,3.5692543,4.1988931,4.6330004
handoff/mazu_like/mazu_like_20180619_00_lead048.nc,2018-06-19T00:00:00Z,48,2018-06-20T00:00:00Z,2018-06-21T00:00:00Z,SA-05,Al-Qassim Region,pwat,kg m-2,96,96,21.167543,22.227238,22.932573,23.27107
handoff/mazu_like/mazu_like_20180619_00_lead048.nc,2018-06-19T00:00:00Z,48,2018-06-20T00:00:00Z,2018-06-21T00:00:00Z,SA-05,Al-Qassim Region,ivt,kg m-1 s-1,96,96,67.722922,84.224373,112.13272,128.23554
handoff/mazu_like/mazu_like_20180619_00_lead048.nc,2018-06-19T00:00:00Z,48,2018-06-20T00:00:00Z,2018-06-21T00:00:00Z,SA-05,Al-Qassim Region,wind850_speed,m s-1,96,96,5.1771379,6.731086,8.1782434,8.5635347
handoff/mazu_like/mazu_like_20180619_00_lead048.nc,2018-06-19T00:00:00Z,48,2018-06-20T00:00:00Z,2018-06-21T00:00:00Z,SA-05,Al-Qassim Region,wind_shear_850_200,m s-1,96,96,8.2586002,11.260479,15.004375,15.923201
handoff/mazu_like/mazu_like_20180619_00_lead048.nc,2018-06-19T00:00:00Z,48,2018-06-20T00:00:00Z,2018-06-21T00:00:00Z,SA-05,Al-Qassim Region,omega500,Pa s-1,96,96,-0.084517479,0.075510036,0.13589801,0.14053176
handoff/mazu_like/mazu_like_20180619_00_lead048.nc,2018-06-19T00:00:00Z,48,2018-06-20T00:00:00Z,2018-06-21T00:00:00Z,SA-05,Al-Qassim Region,geopotential_height500,gpm,96,96,5921.583,5927.4602,5932.5706,5933.9097
handoff/mazu_like/mazu_like_20180619_00_lead048.nc,2018-06-19T00:00:00Z,48,2018-06-20T00:00:00Z,2018-06-21T00:00:00Z,SA-06,Hail Region,daily_precip_total,mm,163,163,0.17498069,0.39719705,0.4870055,0.50713664
handoff/mazu_like/mazu_like_20180619_00_lead048.nc,2018-06-19T00:00:00Z,48,2018-06-20T00:00:00Z,2018-06-21T00:00:00Z,SA-06,Hail Region,t2m_c,degC,163,163,31.345795,34.715017,36.985587,37.999298
handoff/mazu_like/mazu_like_20180619_00_lead048.nc,2018-06-19T00:00:00Z,48,2018-06-20T00:00:00Z,2018-06-21T00:00:00Z,SA-06,Hail Region,tmax_c,degC,163,163,37.786865,41.04239,43.072696,43.451813
handoff/mazu_like/mazu_like_20180619_00_lead048.nc,2018-06-19T00:00:00Z,48,2018-06-20T00:00:00Z,2018-06-21T00:00:00Z,SA-06,Hail Region,tmin_c,degC,163,163,25.706421,28.395028,31.550912,32.669098
handoff/mazu_like/mazu_like_20180619_00_lead048.nc,2018-06-19T00:00:00Z,48,2018-06-20T00:00:00Z,2018-06-21T00:00:00Z,SA-06,Hail Region,wind10_speed,m s-1,163,163,2.4663916,3.6391785,4.6408934,5.0882268
handoff/mazu_like/mazu_like_20180619_00_lead048.nc,2018-06-19T00:00:00Z,48,2018-06-20T00:00:00Z,2018-06-21T00:00:00Z,SA-06,Hail Region,pwat,kg m-2,163,163,20.157209,21.474804,23.007994,23.370679
handoff/mazu_like/mazu_like_20180619_00_lead048.nc,2018-06-19T00:00:00Z,48,2018-06-20T00:00:00Z,2018-06-21T00:00:00Z,SA-06,Hail Region,ivt,kg m-1 s-1,163,163,62.866684,85.273439,109.33192,119.67689
handoff/mazu_like/mazu_like_20180619_00_lead048.nc,2018-06-19T00:00:00Z,48,2018-06-20T00:00:00Z,2018-06-21T00:00:00Z,SA-06,Hail Region,wind850_speed,m s-1,163,163,3.9756696,6.1275754,8.37711,8.862359
handoff/mazu_like/mazu_like_20180619_00_lead048.nc,2018-06-19T00:00:00Z,48,2018-06-20T00:00:00Z,2018-06-21T00:00:00Z,SA-06,Hail Region,wind_shear_850_200,m s-1,163,163,13.252687,15.05469,16.384922,17.258537
handoff/mazu_like/mazu_like_20180619_00_lead048.nc,2018-06-19T00:00:00Z,48,2018-06-20T00:00:00Z,2018-06-21T00:00:00Z,SA-06,Hail Region,omega500,Pa s-1,163,163,-0.26113889,0.037607838,0.11600471,0.1407401
handoff/mazu_like/mazu_like_20180619_00_lead048.nc,2018-06-19T00:00:00Z,48,2018-06-20T00:00:00Z,2018-06-21T00:00:00Z,SA-06,Hail Region,geopotential_height500,gpm,163,163,5921.0713,5927.975,5934.8466,5936.5957
handoff/mazu_like/mazu_like_20180619_00_lead048.nc,2018-06-19T00:00:00Z,48,2018-06-20T00:00:00Z,2018-06-21T00:00:00Z,SA-07,Tabuk Region,daily_precip_total,mm,205,205,0.041035559,0.37480886,0.54683647,0.92797202
handoff/mazu_like/mazu_like_20180619_00_lead048.nc,2018-06-19T00:00:00Z,48,2018-06-20T00:00:00Z,2018-06-21T00:00:00Z,SA-07,Tabuk Region,t2m_c,degC,205,205,26.746857,31.7634,35.692267,37.057404
handoff/mazu_like/mazu_like_20180619_00_lead048.nc,2018-06-19T00:00:00Z,48,2018-06-20T00:00:00Z,2018-06-21T00:00:00Z,SA-07,Tabuk Region,tmax_c,degC,205,205,32.421844,37.648516,41.660724,43.523926
handoff/mazu_like/mazu_like_20180619_00_lead048.nc,2018-06-19T00:00:00Z,48,2018-06-20T00:00:00Z,2018-06-21T00:00:00Z,SA-07,Tabuk Region,tmin_c,degC,205,205,20.886688,26.399582,30.839136,31.571198
handoff/mazu_like/mazu_like_20180619_00_lead048.nc,2018-06-19T00:00:00Z,48,2018-06-20T00:00:00Z,2018-06-21T00:00:00Z,SA-07,Tabuk Region,wind10_speed,m s-1,205,205,2.491529,3.7441758,5.5013771,8.0389986
handoff/mazu_like/mazu_like_20180619_00_lead048.nc,2018-06-19T00:00:00Z,48,2018-06-20T00:00:00Z,2018-06-21T00:00:00Z,SA-07,Tabuk Region,pwat,kg m-2,205,205,15.203586,19.470107,21.352558,22.490659
handoff/mazu_like/mazu_like_20180619_00_lead048.nc,2018-06-19T00:00:00Z,48,2018-06-20T00:00:00Z,2018-06-21T00:00:00Z,SA-07,Tabuk Region,ivt,kg m-1 s-1,205,205,58.305299,91.192061,126.21913,148.94246
handoff/mazu_like/mazu_like_20180619_00_lead048.nc,2018-06-19T00:00:00Z,48,2018-06-20T00:00:00Z,2018-06-21T00:00:00Z,SA-07,Tabuk Region,wind850_speed,m s-1,205,205,4.0265532,5.4945284,7.8437328,9.1014938
handoff/mazu_like/mazu_like_20180619_00_lead048.nc,2018-06-19T00:00:00Z,48,2018-06-20T00:00:00Z,2018-06-21T00:00:00Z,SA-07,Tabuk Region,wind_shear_850_200,m s-1,205,205,13.470958,17.72638,21.525967,24.983393
handoff/mazu_like/mazu_like_20180619_00_lead048.nc,2018-06-19T00:00:00Z,48,2018-06-20T00:00:00Z,2018-06-21T00:00:00Z,SA-07,Tabuk Region,omega500,Pa s-1,205,205,-0.20377041,0.081872376,0.24143291,0.30286902
handoff/mazu_like/mazu_like_20180619_00_lead048.nc,2018-06-19T00:00:00Z,48,2018-06-20T00:00:00Z,2018-06-21T00:00:00Z,SA-07,Tabuk Region,geopotential_height500,gpm,205,205,5906.4321,5920.9492,5930.8796,5937.3281
handoff/mazu_like/mazu_like_20180619_00_lead048.nc,2018-06-19T00:00:00Z,48,2018-06-20T00:00:00Z,2018-06-21T00:00:00Z,SA-08,Northern Borders Region,daily_precip_total,mm,169,169,0.37159476,0.43432589,0.49801933,0.51999044
handoff/mazu_like/mazu_like_20180619_00_lead048.nc,2018-06-19T00:00:00Z,48,2018-06-20T00:00:00Z,2018-06-21T00:00:00Z,SA-08,Northern Borders Region,t2m_c,degC,169,169,28.017548,33.408384,36.634882,36.87735
handoff/mazu_like/mazu_like_20180619_00_lead048.nc,2018-06-19T00:00:00Z,48,2018-06-20T00:00:00Z,2018-06-21T00:00:00Z,SA-08,Northern Borders Region,tmax_c,degC,169,169,34.040771,39.796271,43.222754,43.726074
handoff/mazu_like/mazu_like_20180619_00_lead048.nc,2018-06-19T00:00:00Z,48,2018-06-20T00:00:00Z,2018-06-21T00:00:00Z,SA-08,Northern Borders Region,tmin_c,degC,169,169,21.905334,27.260852,30.341394,30.485931
handoff/mazu_like/mazu_like_20180619_00_lead048.nc,2018-06-19T00:00:00Z,48,2018-06-20T00:00:00Z,2018-06-21T00:00:00Z,SA-08,Northern Borders Region,wind10_speed,m s-1,169,169,3.3827109,4.3158315,5.4515304,5.6203566
handoff/mazu_like/mazu_like_20180619_00_lead048.nc,2018-06-19T00:00:00Z,48,2018-06-20T00:00:00Z,2018-06-21T00:00:00Z,SA-08,Northern Borders Region,pwat,kg m-2,169,169,18.375524,19.407401,20.538128,21.168458
handoff/mazu_like/mazu_like_20180619_00_lead048.nc,2018-06-19T00:00:00Z,48,2018-06-20T00:00:00Z,2018-06-21T00:00:00Z,SA-08,Northern Borders Region,ivt,kg m-1 s-1,169,169,106.15278,148.35326,171.91553,192.70524
handoff/mazu_like/mazu_like_20180619_00_lead048.nc,2018-06-19T00:00:00Z,48,2018-06-20T00:00:00Z,2018-06-21T00:00:00Z,SA-08,Northern Borders Region,wind850_speed,m s-1,169,169,4.0431886,6.7369824,9.1255976,10.331818
handoff/mazu_like/mazu_like_20180619_00_lead048.nc,2018-06-19T00:00:00Z,48,2018-06-20T00:00:00Z,2018-06-21T00:00:00Z,SA-08,Northern Borders Region,wind_shear_850_200,m s-1,169,169,15.155308,17.994201,21.968616,23.046947
handoff/mazu_like/mazu_like_20180619_00_lead048.nc,2018-06-19T00:00:00Z,48,2018-06-20T00:00:00Z,2018-06-21T00:00:00Z,SA-08,Northern Borders Region,omega500,Pa s-1,169,169,0.036887556,0.11581562,0.20007284,0.2356503
handoff/mazu_like/mazu_like_20180619_00_lead048.nc,2018-06-19T00:00:00Z,48,2018-06-20T00:00:00Z,2018-06-21T00:00:00Z,SA-08,Northern Borders Region,geopotential_height500,gpm,169,169,5884.7417,5910.0585,5921.6146,5922.6528
handoff/mazu_like/mazu_like_20180619_00_lead048.nc,2018-06-19T00:00:00Z,48,2018-06-20T00:00:00Z,2018-06-21T00:00:00Z,SA-09,Jazan Region,daily_precip_total,mm,22,22,0.31861338,1.0411677,2.1804819,4.9321709
handoff/mazu_like/mazu_like_20180619_00_lead048.nc,2018-06-19T00:00:00Z,48,2018-06-20T00:00:00Z,2018-06-21T00:00:00Z,SA-09,Jazan Region,t2m_c,degC,22,22,29.3237,34.011353,35.846004,36.003204
handoff/mazu_like/mazu_like_20180619_00_lead048.nc,2018-06-19T00:00:00Z,48,2018-06-20T00:00:00Z,2018-06-21T00:00:00Z,SA-09,Jazan Region,tmax_c,degC,22,22,32.843933,37.297882,39.682445,39.835236
handoff/mazu_like/mazu_like_20180619_00_lead048.nc,2018-06-19T00:00:00Z,48,2018-06-20T00:00:00Z,2018-06-21T00:00:00Z,SA-09,Jazan Region,tmin_c,degC,22,22,24.355286,30.862198,32.560593,32.793274
handoff/mazu_like/mazu_like_20180619_00_lead048.nc,2018-06-19T00:00:00Z,48,2018-06-20T00:00:00Z,2018-06-21T00:00:00Z,SA-09,Jazan Region,wind10_speed,m s-1,22,22,1.2119164,2.6176105,3.8379061,4.1622806
handoff/mazu_like/mazu_like_20180619_00_lead048.nc,2018-06-19T00:00:00Z,48,2018-06-20T00:00:00Z,2018-06-21T00:00:00Z,SA-09,Jazan Region,pwat,kg m-2,22,22,26.913867,37.895324,41.729158,42.063705
handoff/mazu_like/mazu_like_20180619_00_lead048.nc,2018-06-19T00:00:00Z,48,2018-06-20T00:00:00Z,2018-06-21T00:00:00Z,SA-09,Jazan Region,ivt,kg m-1 s-1,22,22,115.55692,139.73035,165.40441,172.47865
handoff/mazu_like/mazu_like_20180619_00_lead048.nc,2018-06-19T00:00:00Z,48,2018-06-20T00:00:00Z,2018-06-21T00:00:00Z,SA-09,Jazan Region,wind850_speed,m s-1,22,22,1.1959281,3.4967276,5.0473644,5.1171637
handoff/mazu_like/mazu_like_20180619_00_lead048.nc,2018-06-19T00:00:00Z,48,2018-06-20T00:00:00Z,2018-06-21T00:00:00Z,SA-09,Jazan Region,wind_shear_850_200,m s-1,22,22,14.962696,17.977933,18.935865,19.430584
handoff/mazu_like/mazu_like_20180619_00_lead048.nc,2018-06-19T00:00:00Z,48,2018-06-20T00:00:00Z,2018-06-21T00:00:00Z,SA-09,Jazan Region,omega500,Pa s-1,22,22,-0.28135329,-0.070982655,0.059853313,0.076741487
handoff/mazu_like/mazu_like_20180619_00_lead048.nc,2018-06-19T00:00:00Z,48,2018-06-20T00:00:00Z,2018-06-21T00:00:00Z,SA-09,Jazan Region,geopotential_height500,gpm,22,22,5900.8291,5906.205,5910.6024,5912.187
handoff/mazu_like/mazu_like_20180619_00_lead048.nc,2018-06-19T00:00:00Z,48,2018-06-20T00:00:00Z,2018-06-21T00:00:00Z,SA-10,Najran Region,daily_precip_total,mm,123,123,0.32125232,0.48439165,0.55090073,0.58208489
handoff/mazu_like/mazu_like_20180619_00_lead048.nc,2018-06-19T00:00:00Z,48,2018-06-20T00:00:00Z,2018-06-21T00:00:00Z,SA-10,Najran Region,t2m_c,degC,123,123,27.568787,34.419471,36.381528,36.751068
handoff/mazu_like/mazu_like_20180619_00_lead048.nc,2018-06-19T00:00:00Z,48,2018-06-20T00:00:00Z,2018-06-21T00:00:00Z,SA-10,Najran Region,tmax_c,degC,123,123,31.823792,40.413155,42.666092,43.141205
handoff/mazu_like/mazu_like_20180619_00_lead048.nc,2018-06-19T00:00:00Z,48,2018-06-20T00:00:00Z,2018-06-21T00:00:00Z,SA-10,Najran Region,tmin_c,degC,123,123,23.100586,28.57473,30.554852,31.136963
handoff/mazu_like/mazu_like_20180619_00_lead048.nc,2018-06-19T00:00:00Z,48,2018-06-20T00:00:00Z,2018-06-21T00:00:00Z,SA-10,Najran Region,wind10_speed,m s-1,123,123,2.76316,3.9908243,5.0866356,5.3521242
handoff/mazu_like/mazu_like_20180619_00_lead048.nc,2018-06-19T00:00:00Z,48,2018-06-20T00:00:00Z,2018-06-21T00:00:00Z,SA-10,Najran Region,pwat,kg m-2,123,123,17.787515,19.570413,21.455318,22.121664
handoff/mazu_like/mazu_like_20180619_00_lead048.nc,2018-06-19T00:00:00Z,48,2018-06-20T00:00:00Z,2018-06-21T00:00:00Z,SA-10,Najran Region,ivt,kg m-1 s-1,123,123,143.7826,188.47221,228.99004,237.63644
handoff/mazu_like/mazu_like_20180619_00_lead048.nc,2018-06-19T00:00:00Z,48,2018-06-20T00:00:00Z,2018-06-21T00:00:00Z,SA-10,Najran Region,wind850_speed,m s-1,123,123,3.4776103,9.3623298,13.025369,13.391557
handoff/mazu_like/mazu_like_20180619_00_lead048.nc,2018-06-19T00:00:00Z,48,2018-06-20T00:00:00Z,2018-06-21T00:00:00Z,SA-10,Najran Region,wind_shear_850_200,m s-1,123,123,7.8686576,11.311036,14.313551,14.586072
handoff/mazu_like/mazu_like_20180619_00_lead048.nc,2018-06-19T00:00:00Z,48,2018-06-20T00:00:00Z,2018-06-21T00:00:00Z,SA-10,Najran Region,omega500,Pa s-1,123,123,-0.096436895,-0.051699824,0.040390147,0.1818538
handoff/mazu_like/mazu_like_20180619_00_lead048.nc,2018-06-19T00:00:00Z,48,2018-06-20T00:00:00Z,2018-06-21T00:00:00Z,SA-10,Najran Region,geopotential_height500,gpm,123,123,5886.8848,5899.8708,5908.7931,5910.5664
handoff/mazu_like/mazu_like_20180619_00_lead048.nc,2018-06-19T00:00:00Z,48,2018-06-20T00:00:00Z,2018-06-21T00:00:00Z,SA-11,Al Bahah Region,daily_precip_total,mm,12,12,0.35448524,1.0575856,2.7782893,2.8794968
handoff/mazu_like/mazu_like_20180619_00_lead048.nc,2018-06-19T00:00:00Z,48,2018-06-20T00:00:00Z,2018-06-21T00:00:00Z,SA-11,Al Bahah Region,t2m_c,degC,12,12,29.551178,32.493027,35.593228,35.610382
handoff/mazu_like/mazu_like_20180619_00_lead048.nc,2018-06-19T00:00:00Z,48,2018-06-20T00:00:00Z,2018-06-21T00:00:00Z,SA-11,Al Bahah Region,tmax_c,degC,12,12,33.088776,36.552451,39.269269,39.474915
handoff/mazu_like/mazu_like_20180619_00_lead048.nc,2018-06-19T00:00:00Z,48,2018-06-20T00:00:00Z,2018-06-21T00:00:00Z,SA-11,Al Bahah Region,tmin_c,degC,12,12,26.07077,28.987182,32.836528,33.006439
handoff/mazu_like/mazu_like_20180619_00_lead048.nc,2018-06-19T00:00:00Z,48,2018-06-20T00:00:00Z,2018-06-21T00:00:00Z,SA-11,Al Bahah Region,wind10_speed,m s-1,12,12,1.0723727,1.838123,2.594494,2.6443691
handoff/mazu_like/mazu_like_20180619_00_lead048.nc,2018-06-19T00:00:00Z,48,2018-06-20T00:00:00Z,2018-06-21T00:00:00Z,SA-11,Al Bahah Region,pwat,kg m-2,12,12,24.2548,34.806605,42.249032,43.800846
handoff/mazu_like/mazu_like_20180619_00_lead048.nc,2018-06-19T00:00:00Z,48,2018-06-20T00:00:00Z,2018-06-21T00:00:00Z,SA-11,Al Bahah Region,ivt,kg m-1 s-1,12,12,91.979851,108.26507,117.49386,120.69148
handoff/mazu_like/mazu_like_20180619_00_lead048.nc,2018-06-19T00:00:00Z,48,2018-06-20T00:00:00Z,2018-06-21T00:00:00Z,SA-11,Al Bahah Region,wind850_speed,m s-1,12,12,1.2915982,2.5354789,3.651571,3.6737773
handoff/mazu_like/mazu_like_20180619_00_lead048.nc,2018-06-19T00:00:00Z,48,2018-06-20T00:00:00Z,2018-06-21T00:00:00Z,SA-11,Al Bahah Region,wind_shear_850_200,m s-1,12,12,10.928182,12.952761,15.215605,15.478065
handoff/mazu_like/mazu_like_20180619_00_lead048.nc,2018-06-19T00:00:00Z,48,2018-06-20T00:00:00Z,2018-06-21T00:00:00Z,SA-11,Al Bahah Region,omega500,Pa s-1,12,12,-0.41393781,-0.22604015,-0.079325674,-0.07847888
handoff/mazu_like/mazu_like_20180619_00_lead048.nc,2018-06-19T00:00:00Z,48,2018-06-20T00:00:00Z,2018-06-21T00:00:00Z,SA-11,Al Bahah Region,geopotential_height500,gpm,12,12,5918.5903,5922.9388,5926.5084,5926.9883
handoff/mazu_like/mazu_like_20180619_00_lead048.nc,2018-06-19T00:00:00Z,48,2018-06-20T00:00:00Z,2018-06-21T00:00:00Z,SA-12,Al Jawf Region,daily_precip_total,mm,122,122,0.29443169,0.40841582,0.50404369,0.52163625
handoff/mazu_like/mazu_like_20180619_00_lead048.nc,2018-06-19T00:00:00Z,48,2018-06-20T00:00:00Z,2018-06-21T00:00:00Z,SA-12,Al Jawf Region,t2m_c,degC,122,122,28.111572,31.656362,33.172597,33.6492
handoff/mazu_like/mazu_like_20180619_00_lead048.nc,2018-06-19T00:00:00Z,48,2018-06-20T00:00:00Z,2018-06-21T00:00:00Z,SA-12,Al Jawf Region,tmax_c,degC,122,122,34.389618,37.680705,39.499286,39.998535
handoff/mazu_like/mazu_like_20180619_00_lead048.nc,2018-06-19T00:00:00Z,48,2018-06-20T00:00:00Z,2018-06-21T00:00:00Z,SA-12,Al Jawf Region,tmin_c,degC,122,122,21.9151,26.129625,27.394693,27.60556
handoff/mazu_like/mazu_like_20180619_00_lead048.nc,2018-06-19T00:00:00Z,48,2018-06-20T00:00:00Z,2018-06-21T00:00:00Z,SA-12,Al Jawf Region,wind10_speed,m s-1,122,122,3.2425902,4.2364472,5.1162833,5.2461395
handoff/mazu_like/mazu_like_20180619_00_lead048.nc,2018-06-19T00:00:00Z,48,2018-06-20T00:00:00Z,2018-06-21T00:00:00Z,SA-12,Al Jawf Region,pwat,kg m-2,122,122,19.147546,19.857099,20.942387,21.25786
handoff/mazu_like/mazu_like_20180619_00_lead048.nc,2018-06-19T00:00:00Z,48,2018-06-20T00:00:00Z,2018-06-21T00:00:00Z,SA-12,Al Jawf Region,ivt,kg m-1 s-1,122,122,88.717519,125.25958,157.95457,179.07865
handoff/mazu_like/mazu_like_20180619_00_lead048.nc,2018-06-19T00:00:00Z,48,2018-06-20T00:00:00Z,2018-06-21T00:00:00Z,SA-12,Al Jawf Region,wind850_speed,m s-1,122,122,3.8126168,5.3362155,8.1078265,9.557663
handoff/mazu_like/mazu_like_20180619_00_lead048.nc,2018-06-19T00:00:00Z,48,2018-06-20T00:00:00Z,2018-06-21T00:00:00Z,SA-12,Al Jawf Region,wind_shear_850_200,m s-1,122,122,16.220982,19.311846,22.580688,22.835245
handoff/mazu_like/mazu_like_20180619_00_lead048.nc,2018-06-19T00:00:00Z,48,2018-06-20T00:00:00Z,2018-06-21T00:00:00Z,SA-12,Al Jawf Region,omega500,Pa s-1,122,122,0.018134072,0.12133766,0.23148818,0.25536293
handoff/mazu_like/mazu_like_20180619_00_lead048.nc,2018-06-19T00:00:00Z,48,2018-06-20T00:00:00Z,2018-06-21T00:00:00Z,SA-12,Al Jawf Region,geopotential_height500,gpm,122,122,5887.6646,5910.2505,5919.2031,5921.3755
handoff/mazu_like/mazu_like_20180619_00_lead048.nc,2018-06-19T00:00:00Z,48,2018-06-20T00:00:00Z,2018-06-21T00:00:00Z,SA-14,Asir Region,daily_precip_total,mm,104,104,0.3665489,0.74058934,1.6508563,4.5749016
handoff/mazu_like/mazu_like_20180619_00_lead048.nc,2018-06-19T00:00:00Z,48,2018-06-20T00:00:00Z,2018-06-21T00:00:00Z,SA-14,Asir Region,t2m_c,degC,104,104,25.983551,32.002667,35.738721,36.322144
handoff/mazu_like/mazu_like_20180619_00_lead048.nc,2018-06-19T00:00:00Z,48,2018-06-20T00:00:00Z,2018-06-21T00:00:00Z,SA-14,Asir Region,tmax_c,degC,104,104,30.320068,37.009384,41.402937,42.192505
handoff/mazu_like/mazu_like_20180619_00_lead048.nc,2018-06-19T00:00:00Z,48,2018-06-20T00:00:00Z,2018-06-21T00:00:00Z,SA-14,Asir Region,tmin_c,degC,104,104,21.246277,26.937768,31.068799,32.72049
handoff/mazu_like/mazu_like_20180619_00_lead048.nc,2018-06-19T00:00:00Z,48,2018-06-20T00:00:00Z,2018-06-21T00:00:00Z,SA-14,Asir Region,wind10_speed,m s-1,104,104,0.59971458,3.1581986,4.5956406,4.8945427
handoff/mazu_like/mazu_like_20180619_00_lead048.nc,2018-06-19T00:00:00Z,48,2018-06-20T00:00:00Z,2018-06-21T00:00:00Z,SA-14,Asir Region,pwat,kg m-2,104,104,20.378005,24.232041,40.338132,41.432072
handoff/mazu_like/mazu_like_20180619_00_lead048.nc,2018-06-19T00:00:00Z,48,2018-06-20T00:00:00Z,2018-06-21T00:00:00Z,SA-14,Asir Region,ivt,kg m-1 s-1,104,104,76.975833,120.10562,152.17084,161.83652
handoff/mazu_like/mazu_like_20180619_00_lead048.nc,2018-06-19T00:00:00Z,48,2018-06-20T00:00:00Z,2018-06-21T00:00:00Z,SA-14,Asir Region,wind850_speed,m s-1,104,104,0.53941917,4.2894609,6.1518901,6.6229062
handoff/mazu_like/mazu_like_20180619_00_lead048.nc,2018-06-19T00:00:00Z,48,2018-06-20T00:00:00Z,2018-06-21T00:00:00Z,SA-14,Asir Region,wind_shear_850_200,m s-1,104,104,8.1552296,11.318869,16.774283,18.040524
handoff/mazu_like/mazu_like_20180619_00_lead048.nc,2018-06-19T00:00:00Z,48,2018-06-20T00:00:00Z,2018-06-21T00:00:00Z,SA-14,Asir Region,omega500,Pa s-1,104,104,-0.37732118,-0.037657503,0.06426804,0.13930906
handoff/mazu_like/mazu_like_20180619_00_lead048.nc,2018-06-19T00:00:00Z,48,2018-06-20T00:00:00Z,2018-06-21T00:00:00Z,SA-14,Asir Region,geopotential_height500,gpm,104,104,5907.3018,5915.9163,5922.2569,5925.3735
handoff/mazu_like/mazu_like_20180619_00_lead072.nc,2018-06-19T00:00:00Z,72,2018-06-21T00:00:00Z,2018-06-22T00:00:00Z,SA-01,Riyadh Region,daily_precip_total,mm,531,531,0.25246274,0.40862966,0.53497761,0.61423773
handoff/mazu_like/mazu_like_20180619_00_lead072.nc,2018-06-19T00:00:00Z,72,2018-06-21T00:00:00Z,2018-06-22T00:00:00Z,SA-01,Riyadh Region,t2m_c,degC,531,531,34.504425,35.976772,36.971054,37.286469
handoff/mazu_like/mazu_like_20180619_00_lead072.nc,2018-06-19T00:00:00Z,72,2018-06-21T00:00:00Z,2018-06-22T00:00:00Z,SA-01,Riyadh Region,tmax_c,degC,531,531,39.539062,41.761595,43.262024,43.70813
handoff/mazu_like/mazu_like_20180619_00_lead072.nc,2018-06-19T00:00:00Z,72,2018-06-21T00:00:00Z,2018-06-22T00:00:00Z,SA-01,Riyadh Region,tmin_c,degC,531,531,28.351898,29.91382,31.222015,32.009827
handoff/mazu_like/mazu_like_20180619_00_lead072.nc,2018-06-19T00:00:00Z,72,2018-06-21T00:00:00Z,2018-06-22T00:00:00Z,SA-01,Riyadh Region,wind10_speed,m s-1,531,531,2.5792832,5.0294971,6.3780391,6.8538151
handoff/mazu_like/mazu_like_20180619_00_lead072.nc,2018-06-19T00:00:00Z,72,2018-06-21T00:00:00Z,2018-06-22T00:00:00Z,SA-01,Riyadh Region,pwat,kg m-2,531,531,13.689621,18.802806,22.817344,23.535431
handoff/mazu_like/mazu_like_20180619_00_lead072.nc,2018-06-19T00:00:00Z,72,2018-06-21T00:00:00Z,2018-06-22T00:00:00Z,SA-01,Riyadh Region,ivt,kg m-1 s-1,531,531,121.37883,171.39376,204.21904,222.81512
handoff/mazu_like/mazu_like_20180619_00_lead072.nc,2018-06-19T00:00:00Z,72,2018-06-21T00:00:00Z,2018-06-22T00:00:00Z,SA-01,Riyadh Region,wind850_speed,m s-1,531,531,7.4228806,11.118293,13.8709,14.334239
handoff/mazu_like/mazu_like_20180619_00_lead072.nc,2018-06-19T00:00:00Z,72,2018-06-21T00:00:00Z,2018-06-22T00:00:00Z,SA-01,Riyadh Region,wind_shear_850_200,m s-1,531,531,6.0109754,11.32083,16.522793,18.749264
handoff/mazu_like/mazu_like_20180619_00_lead072.nc,2018-06-19T00:00:00Z,72,2018-06-21T00:00:00Z,2018-06-22T00:00:00Z,SA-01,Riyadh Region,omega500,Pa s-1,531,531,-0.1037197,-0.020931395,0.023930551,0.032355972
handoff/mazu_like/mazu_like_20180619_00_lead072.nc,2018-06-19T00:00:00Z,72,2018-06-21T00:00:00Z,2018-06-22T00:00:00Z,SA-01,Riyadh Region,geopotential_height500,gpm,531,531,5884.5996,5909.98,5921.5352,5926.3149
handoff/mazu_like/mazu_like_20180619_00_lead072.nc,2018-06-19T00:00:00Z,72,2018-06-21T00:00:00Z,2018-06-22T00:00:00Z,SA-02,Makkah Region,daily_precip_total,mm,191,191,0,0.64608283,1.2491081,2.9469793
handoff/mazu_like/mazu_like_20180619_00_lead072.nc,2018-06-19T00:00:00Z,72,2018-06-21T00:00:00Z,2018-06-22T00:00:00Z,SA-02,Makkah Region,t2m_c,degC,191,191,29.309174,35.140986,37.319458,40.581543
handoff/mazu_like/mazu_like_20180619_00_lead072.nc,2018-06-19T00:00:00Z,72,2018-06-21T00:00:00Z,2018-06-22T00:00:00Z,SA-02,Makkah Region,tmax_c,degC,191,191,33.039276,40.30919,43.706299,48.046875
handoff/mazu_like/mazu_like_20180619_00_lead072.nc,2018-06-19T00:00:00Z,72,2018-06-21T00:00:00Z,2018-06-22T00:00:00Z,SA-02,Makkah Region,tmin_c,degC,191,191,25.254303,30.554855,32.822525,35.718323
handoff/mazu_like/mazu_like_20180619_00_lead072.nc,2018-06-19T00:00:00Z,72,2018-06-21T00:00:00Z,2018-06-22T00:00:00Z,SA-02,Makkah Region,wind10_speed,m s-1,191,191,0.8459301,3.1122565,4.7088211,6.852807
handoff/mazu_like/mazu_like_20180619_00_lead072.nc,2018-06-19T00:00:00Z,72,2018-06-21T00:00:00Z,2018-06-22T00:00:00Z,SA-02,Makkah Region,pwat,kg m-2,191,191,22.901606,29.065291,42.162505,44.049009
handoff/mazu_like/mazu_like_20180619_00_lead072.nc,2018-06-19T00:00:00Z,72,2018-06-21T00:00:00Z,2018-06-22T00:00:00Z,SA-02,Makkah Region,ivt,kg m-1 s-1,191,191,92.894946,126.10956,157.66191,186.89046
handoff/mazu_like/mazu_like_20180619_00_lead072.nc,2018-06-19T00:00:00Z,72,2018-06-21T00:00:00Z,2018-06-22T00:00:00Z,SA-02,Makkah Region,wind850_speed,m s-1,191,191,0.80521417,6.6435419,9.9362106,11.293273
handoff/mazu_like/mazu_like_20180619_00_lead072.nc,2018-06-19T00:00:00Z,72,2018-06-21T00:00:00Z,2018-06-22T00:00:00Z,SA-02,Makkah Region,wind_shear_850_200,m s-1,191,191,4.361629,10.012262,15.554867,16.45282
handoff/mazu_like/mazu_like_20180619_00_lead072.nc,2018-06-19T00:00:00Z,72,2018-06-21T00:00:00Z,2018-06-22T00:00:00Z,SA-02,Makkah Region,omega500,Pa s-1,191,191,-0.52375782,-0.066154307,0.07207178,0.10629848
handoff/mazu_like/mazu_like_20180619_00_lead072.nc,2018-06-19T00:00:00Z,72,2018-06-21T00:00:00Z,2018-06-22T00:00:00Z,SA-02,Makkah Region,geopotential_height500,gpm,191,191,5906.2241,5921.4115,5928.6855,5933.5513
handoff/mazu_like/mazu_like_20180619_00_lead072.nc,2018-06-19T00:00:00Z,72,2018-06-21T00:00:00Z,2018-06-22T00:00:00Z,SA-03,Al Madinah Region,daily_precip_total,mm,207,207,0.0093957391,0.44888746,0.65514815,0.76696885
handoff/mazu_like/mazu_like_20180619_00_lead072.nc,2018-06-19T00:00:00Z,72,2018-06-21T00:00:00Z,2018-06-22T00:00:00Z,SA-03,Al Madinah Region,t2m_c,degC,207,207,29.151642,35.975137,39.651968,41.296448
handoff/mazu_like/mazu_like_20180619_00_lead072.nc,2018-06-19T00:00:00Z,72,2018-06-21T00:00:00Z,2018-06-22T00:00:00Z,SA-03,Al Madinah Region,tmax_c,degC,207,207,34.593964,41.27107,44.862366,47.78302
handoff/mazu_like/mazu_like_20180619_00_lead072.nc,2018-06-19T00:00:00Z,72,2018-06-21T00:00:00Z,2018-06-22T00:00:00Z,SA-03,Al Madinah Region,tmin_c,degC,207,207,24.443115,31.077894,35.611996,38.021881
handoff/mazu_like/mazu_like_20180619_00_lead072.nc,2018-06-19T00:00:00Z,72,2018-06-21T00:00:00Z,2018-06-22T00:00:00Z,SA-03,Al Madinah Region,wind10_speed,m s-1,207,207,2.5203161,4.6319522,5.870358,7.3351984
handoff/mazu_like/mazu_like_20180619_00_lead072.nc,2018-06-19T00:00:00Z,72,2018-06-21T00:00:00Z,2018-06-22T00:00:00Z,SA-03,Al Madinah Region,pwat,kg m-2,207,207,17.979572,21.717069,24.326185,25.987674
handoff/mazu_like/mazu_like_20180619_00_lead072.nc,2018-06-19T00:00:00Z,72,2018-06-21T00:00:00Z,2018-06-22T00:00:00Z,SA-03,Al Madinah Region,ivt,kg m-1 s-1,207,207,78.519318,107.72896,135.06416,151.88806
handoff/mazu_like/mazu_like_20180619_00_lead072.nc,2018-06-19T00:00:00Z,72,2018-06-21T00:00:00Z,2018-06-22T00:00:00Z,SA-03,Al Madinah Region,wind850_speed,m s-1,207,207,7.0578232,9.2752482,10.474575,11.148589
handoff/mazu_like/mazu_like_20180619_00_lead072.nc,2018-06-19T00:00:00Z,72,2018-06-21T00:00:00Z,2018-06-22T00:00:00Z,SA-03,Al Madinah Region,wind_shear_850_200,m s-1,207,207,6.4217329,13.00986,17.020902,17.8587
handoff/mazu_like/mazu_like_20180619_00_lead072.nc,2018-06-19T00:00:00Z,72,2018-06-21T00:00:00Z,2018-06-22T00:00:00Z,SA-03,Al Madinah Region,omega500,Pa s-1,207,207,-0.268437,0.012561631,0.1006659,0.19353881
handoff/mazu_like/mazu_like_20180619_00_lead072.nc,2018-06-19T00:00:00Z,72,2018-06-21T00:00:00Z,2018-06-22T00:00:00Z,SA-03,Al Madinah Region,geopotential_height500,gpm,207,207,5925.4795,5930.3757,5932.7807,5934.7637
handoff/mazu_like/mazu_like_20180619_00_lead072.nc,2018-06-19T00:00:00Z,72,2018-06-21T00:00:00Z,2018-06-22T00:00:00Z,SA-04,Eastern Region,daily_precip_total,mm,798,798,0.095233113,0.33707698,0.40591086,0.50717294
handoff/mazu_like/mazu_like_20180619_00_lead072.nc,2018-06-19T00:00:00Z,72,2018-06-21T00:00:00Z,2018-06-22T00:00:00Z,SA-04,Eastern Region,t2m_c,degC,798,798,33.846161,36.374446,37.623105,38.720978
handoff/mazu_like/mazu_like_20180619_00_lead072.nc,2018-06-19T00:00:00Z,72,2018-06-21T00:00:00Z,2018-06-22T00:00:00Z,SA-04,Eastern Region,tmax_c,degC,798,798,35.283752,42.645171,44.1285,44.674744
handoff/mazu_like/mazu_like_20180619_00_lead072.nc,2018-06-19T00:00:00Z,72,2018-06-21T00:00:00Z,2018-06-22T00:00:00Z,SA-04,Eastern Region,tmin_c,degC,798,798,27.175751,30.219217,32.231651,33.158051
handoff/mazu_like/mazu_like_20180619_00_lead072.nc,2018-06-19T00:00:00Z,72,2018-06-21T00:00:00Z,2018-06-22T00:00:00Z,SA-04,Eastern Region,wind10_speed,m s-1,798,798,0.48598725,5.3659248,7.8673546,9.2061462
handoff/mazu_like/mazu_like_20180619_00_lead072.nc,2018-06-19T00:00:00Z,72,2018-06-21T00:00:00Z,2018-06-22T00:00:00Z,SA-04,Eastern Region,pwat,kg m-2,798,798,12.167451,19.954402,29.054745,33.533737
handoff/mazu_like/mazu_like_20180619_00_lead072.nc,2018-06-19T00:00:00Z,72,2018-06-21T00:00:00Z,2018-06-22T00:00:00Z,SA-04,Eastern Region,ivt,kg m-1 s-1,798,798,68.479087,154.95972,211.55234,230.25361
handoff/mazu_like/mazu_like_20180619_00_lead072.nc,2018-06-19T00:00:00Z,72,2018-06-21T00:00:00Z,2018-06-22T00:00:00Z,SA-04,Eastern Region,wind850_speed,m s-1,798,798,1.1588011,9.8584896,15.543338,17.703329
handoff/mazu_like/mazu_like_20180619_00_lead072.nc,2018-06-19T00:00:00Z,72,2018-06-21T00:00:00Z,2018-06-22T00:00:00Z,SA-04,Eastern Region,wind_shear_850_200,m s-1,798,798,6.3486958,13.379295,20.517321,21.90107
handoff/mazu_like/mazu_like_20180619_00_lead072.nc,2018-06-19T00:00:00Z,72,2018-06-21T00:00:00Z,2018-06-22T00:00:00Z,SA-04,Eastern Region,omega500,Pa s-1,798,798,-0.11286525,0.00038480027,0.051721379,0.074202418
handoff/mazu_like/mazu_like_20180619_00_lead072.nc,2018-06-19T00:00:00Z,72,2018-06-21T00:00:00Z,2018-06-22T00:00:00Z,SA-04,Eastern Region,geopotential_height500,gpm,798,798,5860.6885,5892.5242,5916.3657,5919.3721
handoff/mazu_like/mazu_like_20180619_00_lead072.nc,2018-06-19T00:00:00Z,72,2018-06-21T00:00:00Z,2018-06-22T00:00:00Z,SA-05,Al-Qassim Region,daily_precip_total,mm,96,96,0.31290051,0.41573553,0.48292967,0.5161047
handoff/mazu_like/mazu_like_20180619_00_lead072.nc,2018-06-19T00:00:00Z,72,2018-06-21T00:00:00Z,2018-06-22T00:00:00Z,SA-05,Al-Qassim Region,t2m_c,degC,96,96,34.430237,35.616094,36.666122,36.778046
handoff/mazu_like/mazu_like_20180619_00_lead072.nc,2018-06-19T00:00:00Z,72,2018-06-21T00:00:00Z,2018-06-22T00:00:00Z,SA-05,Al-Qassim Region,tmax_c,degC,96,96,40.427856,41.50376,42.192123,42.372009
handoff/mazu_like/mazu_like_20180619_00_lead072.nc,2018-06-19T00:00:00Z,72,2018-06-21T00:00:00Z,2018-06-22T00:00:00Z,SA-05,Al-Qassim Region,tmin_c,degC,96,96,28.070709,29.406421,30.818123,31.049591
handoff/mazu_like/mazu_like_20180619_00_lead072.nc,2018-06-19T00:00:00Z,72,2018-06-21T00:00:00Z,2018-06-22T00:00:00Z,SA-05,Al-Qassim Region,wind10_speed,m s-1,96,96,3.9279008,4.6536722,5.2437395,5.4030752
handoff/mazu_like/mazu_like_20180619_00_lead072.nc,2018-06-19T00:00:00Z,72,2018-06-21T00:00:00Z,2018-06-22T00:00:00Z,SA-05,Al-Qassim Region,pwat,kg m-2,96,96,16.297917,19.21735,21.40393,21.948106
handoff/mazu_like/mazu_like_20180619_00_lead072.nc,2018-06-19T00:00:00Z,72,2018-06-21T00:00:00Z,2018-06-22T00:00:00Z,SA-05,Al-Qassim Region,ivt,kg m-1 s-1,96,96,103.1236,129.02316,150.9786,153.30169
handoff/mazu_like/mazu_like_20180619_00_lead072.nc,2018-06-19T00:00:00Z,72,2018-06-21T00:00:00Z,2018-06-22T00:00:00Z,SA-05,Al-Qassim Region,wind850_speed,m s-1,96,96,8.2401237,9.025867,9.8821428,10.134585
handoff/mazu_like/mazu_like_20180619_00_lead072.nc,2018-06-19T00:00:00Z,72,2018-06-21T00:00:00Z,2018-06-22T00:00:00Z,SA-05,Al-Qassim Region,wind_shear_850_200,m s-1,96,96,9.7039509,12.476563,14.63332,15.416325
handoff/mazu_like/mazu_like_20180619_00_lead072.nc,2018-06-19T00:00:00Z,72,2018-06-21T00:00:00Z,2018-06-22T00:00:00Z,SA-05,Al-Qassim Region,omega500,Pa s-1,96,96,-5.7204627e-05,0.022345356,0.049545451,0.077912122
handoff/mazu_like/mazu_like_20180619_00_lead072.nc,2018-06-19T00:00:00Z,72,2018-06-21T00:00:00Z,2018-06-22T00:00:00Z,SA-05,Al-Qassim Region,geopotential_height500,gpm,96,96,5919.5225,5922.4518,5926.2131,5927.3184
handoff/mazu_like/mazu_like_20180619_00_lead072.nc,2018-06-19T00:00:00Z,72,2018-06-21T00:00:00Z,2018-06-22T00:00:00Z,SA-06,Hail Region,daily_precip_total,mm,163,163,0.2176674,0.33679308,0.40148704,0.43108645
handoff/mazu_like/mazu_like_20180619_00_lead072.nc,2018-06-19T00:00:00Z,72,2018-06-21T00:00:00Z,2018-06-22T00:00:00Z,SA-06,Hail Region,t2m_c,degC,163,163,29.585968,32.655172,35.062439,36.011963
handoff/mazu_like/mazu_like_20180619_00_lead072.nc,2018-06-19T00:00:00Z,72,2018-06-21T00:00:00Z,2018-06-22T00:00:00Z,SA-06,Hail Region,tmax_c,degC,163,163,35.49707,38.697477,40.866028,41.800781
handoff/mazu_like/mazu_like_20180619_00_lead072.nc,2018-06-19T00:00:00Z,72,2018-06-21T00:00:00Z,2018-06-22T00:00:00Z,SA-06,Hail Region,tmin_c,degC,163,163,24.701508,26.821003,28.768835,29.652405
handoff/mazu_like/mazu_like_20180619_00_lead072.nc,2018-06-19T00:00:00Z,72,2018-06-21T00:00:00Z,2018-06-22T00:00:00Z,SA-06,Hail Region,wind10_speed,m s-1,163,163,4.1458073,4.9518828,5.5566448,5.7932501
handoff/mazu_like/mazu_like_20180619_00_lead072.nc,2018-06-19T00:00:00Z,72,2018-06-21T00:00:00Z,2018-06-22T00:00:00Z,SA-06,Hail Region,pwat,kg m-2,163,163,16.141559,18.309769,20.920306,22.347771
handoff/mazu_like/mazu_like_20180619_00_lead072.nc,2018-06-19T00:00:00Z,72,2018-06-21T00:00:00Z,2018-06-22T00:00:00Z,SA-06,Hail Region,ivt,kg m-1 s-1,163,163,96.085761,120.75674,143.29108,146.94759
handoff/mazu_like/mazu_like_20180619_00_lead072.nc,2018-06-19T00:00:00Z,72,2018-06-21T00:00:00Z,2018-06-22T00:00:00Z,SA-06,Hail Region,wind850_speed,m s-1,163,163,7.2874913,9.1036383,9.8070127,10.09727
handoff/mazu_like/mazu_like_20180619_00_lead072.nc,2018-06-19T00:00:00Z,72,2018-06-21T00:00:00Z,2018-06-22T00:00:00Z,SA-06,Hail Region,wind_shear_850_200,m s-1,163,163,11.796614,14.173078,15.602774,16.04491
handoff/mazu_like/mazu_like_20180619_00_lead072.nc,2018-06-19T00:00:00Z,72,2018-06-21T00:00:00Z,2018-06-22T00:00:00Z,SA-06,Hail Region,omega500,Pa s-1,163,163,-0.073772572,0.03711446,0.065669996,0.12127718
handoff/mazu_like/mazu_like_20180619_00_lead072.nc,2018-06-19T00:00:00Z,72,2018-06-21T00:00:00Z,2018-06-22T00:00:00Z,SA-06,Hail Region,geopotential_height500,gpm,163,163,5920.5874,5925.559,5929.7703,5932.6636
handoff/mazu_like/mazu_like_20180619_00_lead072.nc,2018-06-19T00:00:00Z,72,2018-06-21T00:00:00Z,2018-06-22T00:00:00Z,SA-07,Tabuk Region,daily_precip_total,mm,205,205,0,0.30876085,0.48805526,0.862782
handoff/mazu_like/mazu_like_20180619_00_lead072.nc,2018-06-19T00:00:00Z,72,2018-06-21T00:00:00Z,2018-06-22T00:00:00Z,SA-07,Tabuk Region,t2m_c,degC,205,205,27.287018,31.43662,37.325635,38.27124
handoff/mazu_like/mazu_like_20180619_00_lead072.nc,2018-06-19T00:00:00Z,72,2018-06-21T00:00:00Z,2018-06-22T00:00:00Z,SA-07,Tabuk Region,tmax_c,degC,205,205,32.126282,37.222283,43.17132,44.196564
handoff/mazu_like/mazu_like_20180619_00_lead072.nc,2018-06-19T00:00:00Z,72,2018-06-21T00:00:00Z,2018-06-22T00:00:00Z,SA-07,Tabuk Region,tmin_c,degC,205,205,22.48642,26.662159,33.358624,33.998199
handoff/mazu_like/mazu_like_20180619_00_lead072.nc,2018-06-19T00:00:00Z,72,2018-06-21T00:00:00Z,2018-06-22T00:00:00Z,SA-07,Tabuk Region,wind10_speed,m s-1,205,205,2.6671939,4.2936139,6.0100692,8.5240822
handoff/mazu_like/mazu_like_20180619_00_lead072.nc,2018-06-19T00:00:00Z,72,2018-06-21T00:00:00Z,2018-06-22T00:00:00Z,SA-07,Tabuk Region,pwat,kg m-2,205,205,17.656806,21.189759,24.410569,26.465583
handoff/mazu_like/mazu_like_20180619_00_lead072.nc,2018-06-19T00:00:00Z,72,2018-06-21T00:00:00Z,2018-06-22T00:00:00Z,SA-07,Tabuk Region,ivt,kg m-1 s-1,205,205,76.319515,124.62224,170.08704,209.1364
handoff/mazu_like/mazu_like_20180619_00_lead072.nc,2018-06-19T00:00:00Z,72,2018-06-21T00:00:00Z,2018-06-22T00:00:00Z,SA-07,Tabuk Region,wind850_speed,m s-1,205,205,4.5601172,7.4792835,9.1659204,9.8967676
handoff/mazu_like/mazu_like_20180619_00_lead072.nc,2018-06-19T00:00:00Z,72,2018-06-21T00:00:00Z,2018-06-22T00:00:00Z,SA-07,Tabuk Region,wind_shear_850_200,m s-1,205,205,13.995636,17.35003,20.654956,24.560669
handoff/mazu_like/mazu_like_20180619_00_lead072.nc,2018-06-19T00:00:00Z,72,2018-06-21T00:00:00Z,2018-06-22T00:00:00Z,SA-07,Tabuk Region,omega500,Pa s-1,205,205,-0.095134795,0.060281012,0.13668718,0.21179748
handoff/mazu_like/mazu_like_20180619_00_lead072.nc,2018-06-19T00:00:00Z,72,2018-06-21T00:00:00Z,2018-06-22T00:00:00Z,SA-07,Tabuk Region,geopotential_height500,gpm,205,205,5915.1245,5925.2863,5931.6804,5936.644
handoff/mazu_like/mazu_like_20180619_00_lead072.nc,2018-06-19T00:00:00Z,72,2018-06-21T00:00:00Z,2018-06-22T00:00:00Z,SA-08,Northern Borders Region,daily_precip_total,mm,169,169,0.30147484,0.37467099,0.43139677,0.44823945
handoff/mazu_like/mazu_like_20180619_00_lead072.nc,2018-06-19T00:00:00Z,72,2018-06-21T00:00:00Z,2018-06-22T00:00:00Z,SA-08,Northern Borders Region,t2m_c,degC,169,169,27.620087,31.963002,34.565002,35.002075
handoff/mazu_like/mazu_like_20180619_00_lead072.nc,2018-06-19T00:00:00Z,72,2018-06-21T00:00:00Z,2018-06-22T00:00:00Z,SA-08,Northern Borders Region,tmax_c,degC,169,169,33.470032,38.079533,40.727283,41.28009
handoff/mazu_like/mazu_like_20180619_00_lead072.nc,2018-06-19T00:00:00Z,72,2018-06-21T00:00:00Z,2018-06-22T00:00:00Z,SA-08,Northern Borders Region,tmin_c,degC,169,169,22.585419,26.222556,28.262201,28.601746
handoff/mazu_like/mazu_like_20180619_00_lead072.nc,2018-06-19T00:00:00Z,72,2018-06-21T00:00:00Z,2018-06-22T00:00:00Z,SA-08,Northern Borders Region,wind10_speed,m s-1,169,169,4.4986453,5.2328974,6.1720534,6.7174792
handoff/mazu_like/mazu_like_20180619_00_lead072.nc,2018-06-19T00:00:00Z,72,2018-06-21T00:00:00Z,2018-06-22T00:00:00Z,SA-08,Northern Borders Region,pwat,kg m-2,169,169,15.145739,17.060805,20.027898,21.736307
handoff/mazu_like/mazu_like_20180619_00_lead072.nc,2018-06-19T00:00:00Z,72,2018-06-21T00:00:00Z,2018-06-22T00:00:00Z,SA-08,Northern Borders Region,ivt,kg m-1 s-1,169,169,137.50354,161.27588,214.35499,242.39629
handoff/mazu_like/mazu_like_20180619_00_lead072.nc,2018-06-19T00:00:00Z,72,2018-06-21T00:00:00Z,2018-06-22T00:00:00Z,SA-08,Northern Borders Region,wind850_speed,m s-1,169,169,7.3438926,9.7168123,11.820652,14.296535
handoff/mazu_like/mazu_like_20180619_00_lead072.nc,2018-06-19T00:00:00Z,72,2018-06-21T00:00:00Z,2018-06-22T00:00:00Z,SA-08,Northern Borders Region,wind_shear_850_200,m s-1,169,169,13.000592,15.466824,19.585333,20.303667
handoff/mazu_like/mazu_like_20180619_00_lead072.nc,2018-06-19T00:00:00Z,72,2018-06-21T00:00:00Z,2018-06-22T00:00:00Z,SA-08,Northern Borders Region,omega500,Pa s-1,169,169,0.013420058,0.091854451,0.22471595,0.2579214
handoff/mazu_like/mazu_like_20180619_00_lead072.nc,2018-06-19T00:00:00Z,72,2018-06-21T00:00:00Z,2018-06-22T00:00:00Z,SA-08,Northern Borders Region,geopotential_height500,gpm,169,169,5894.2305,5912.4723,5920.7292,5921.8921
handoff/mazu_like/mazu_like_20180619_00_lead072.nc,2018-06-19T00:00:00Z,72,2018-06-21T00:00:00Z,2018-06-22T00:00:00Z,SA-09,Jazan Region,daily_precip_total,mm,22,22,0.53091592,1.2161775,1.774229,6.6285038
handoff/mazu_like/mazu_like_20180619_00_lead072.nc,2018-06-19T00:00:00Z,72,2018-06-21T00:00:00Z,2018-06-22T00:00:00Z,SA-09,Jazan Region,t2m_c,degC,22,22,27.547821,33.679161,35.813406,35.927185
handoff/mazu_like/mazu_like_20180619_00_lead072.nc,2018-06-19T00:00:00Z,72,2018-06-21T00:00:00Z,2018-06-22T00:00:00Z,SA-09,Jazan Region,tmax_c,degC,22,22,31.723816,37.002147,39.422867,39.651794
handoff/mazu_like/mazu_like_20180619_00_lead072.nc,2018-06-19T00:00:00Z,72,2018-06-21T00:00:00Z,2018-06-22T00:00:00Z,SA-09,Jazan Region,tmin_c,degC,22,22,22.306793,30.567708,32.778122,33.262085
handoff/mazu_like/mazu_like_20180619_00_lead072.nc,2018-06-19T00:00:00Z,72,2018-06-21T00:00:00Z,2018-06-22T00:00:00Z,SA-09,Jazan Region,wind10_speed,m s-1,22,22,1.3927112,2.0697343,2.6029878,2.7973797
handoff/mazu_like/mazu_like_20180619_00_lead072.nc,2018-06-19T00:00:00Z,72,2018-06-21T00:00:00Z,2018-06-22T00:00:00Z,SA-09,Jazan Region,pwat,kg m-2,22,22,34.367826,40.548145,43.153816,43.695621
handoff/mazu_like/mazu_like_20180619_00_lead072.nc,2018-06-19T00:00:00Z,72,2018-06-21T00:00:00Z,2018-06-22T00:00:00Z,SA-09,Jazan Region,ivt,kg m-1 s-1,22,22,115.06093,132.82919,157.33085,166.83581
handoff/mazu_like/mazu_like_20180619_00_lead072.nc,2018-06-19T00:00:00Z,72,2018-06-21T00:00:00Z,2018-06-22T00:00:00Z,SA-09,Jazan Region,wind850_speed,m s-1,22,22,1.4039367,2.7313336,3.8054482,4.1291857
handoff/mazu_like/mazu_like_20180619_00_lead072.nc,2018-06-19T00:00:00Z,72,2018-06-21T00:00:00Z,2018-06-22T00:00:00Z,SA-09,Jazan Region,wind_shear_850_200,m s-1,22,22,16.269262,17.558161,18.849823,19.088642
handoff/mazu_like/mazu_like_20180619_00_lead072.nc,2018-06-19T00:00:00Z,72,2018-06-21T00:00:00Z,2018-06-22T00:00:00Z,SA-09,Jazan Region,omega500,Pa s-1,22,22,-0.44496316,-0.16472343,-0.087901103,-0.085870348
handoff/mazu_like/mazu_like_20180619_00_lead072.nc,2018-06-19T00:00:00Z,72,2018-06-21T00:00:00Z,2018-06-22T00:00:00Z,SA-09,Jazan Region,geopotential_height500,gpm,22,22,5896.4492,5900.8996,5905.6117,5906.6191
handoff/mazu_like/mazu_like_20180619_00_lead072.nc,2018-06-19T00:00:00Z,72,2018-06-21T00:00:00Z,2018-06-22T00:00:00Z,SA-10,Najran Region,daily_precip_total,mm,123,123,0.40927187,0.50209217,0.557946,0.60419679
handoff/mazu_like/mazu_like_20180619_00_lead072.nc,2018-06-19T00:00:00Z,72,2018-06-21T00:00:00Z,2018-06-22T00:00:00Z,SA-10,Najran Region,t2m_c,degC,123,123,27.461823,34.016109,36.007858,36.45047
handoff/mazu_like/mazu_like_20180619_00_lead072.nc,2018-06-19T00:00:00Z,72,2018-06-21T00:00:00Z,2018-06-22T00:00:00Z,SA-10,Najran Region,tmax_c,degC,123,123,31.946106,39.636535,41.642468,41.999756
handoff/mazu_like/mazu_like_20180619_00_lead072.nc,2018-06-19T00:00:00Z,72,2018-06-21T00:00:00Z,2018-06-22T00:00:00Z,SA-10,Najran Region,tmin_c,degC,123,123,22.365997,28.174803,31.009985,31.583954
handoff/mazu_like/mazu_like_20180619_00_lead072.nc,2018-06-19T00:00:00Z,72,2018-06-21T00:00:00Z,2018-06-22T00:00:00Z,SA-10,Najran Region,wind10_speed,m s-1,123,123,2.527122,3.8992104,4.9786191,5.2752419
handoff/mazu_like/mazu_like_20180619_00_lead072.nc,2018-06-19T00:00:00Z,72,2018-06-21T00:00:00Z,2018-06-22T00:00:00Z,SA-10,Najran Region,pwat,kg m-2,123,123,18.076522,19.858938,21.611415,22.092719
handoff/mazu_like/mazu_like_20180619_00_lead072.nc,2018-06-19T00:00:00Z,72,2018-06-21T00:00:00Z,2018-06-22T00:00:00Z,SA-10,Najran Region,ivt,kg m-1 s-1,123,123,145.48133,184.3592,208.40321,222.50719
handoff/mazu_like/mazu_like_20180619_00_lead072.nc,2018-06-19T00:00:00Z,72,2018-06-21T00:00:00Z,2018-06-22T00:00:00Z,SA-10,Najran Region,wind850_speed,m s-1,123,123,3.3041861,8.4871634,11.301895,12.220574
handoff/mazu_like/mazu_like_20180619_00_lead072.nc,2018-06-19T00:00:00Z,72,2018-06-21T00:00:00Z,2018-06-22T00:00:00Z,SA-10,Najran Region,wind_shear_850_200,m s-1,123,123,9.1802034,13.386125,15.764611,16.473759
handoff/mazu_like/mazu_like_20180619_00_lead072.nc,2018-06-19T00:00:00Z,72,2018-06-21T00:00:00Z,2018-06-22T00:00:00Z,SA-10,Najran Region,omega500,Pa s-1,123,123,-0.11278728,-0.058140005,0.055006278,0.10880923
handoff/mazu_like/mazu_like_20180619_00_lead072.nc,2018-06-19T00:00:00Z,72,2018-06-21T00:00:00Z,2018-06-22T00:00:00Z,SA-10,Najran Region,geopotential_height500,gpm,123,123,5874.2031,5889.8413,5901.5131,5902.9263
handoff/mazu_like/mazu_like_20180619_00_lead072.nc,2018-06-19T00:00:00Z,72,2018-06-21T00:00:00Z,2018-06-22T00:00:00Z,SA-11,Al Bahah Region,daily_precip_total,mm,12,12,0.51177651,1.8839352,5.1697779,5.7562099
handoff/mazu_like/mazu_like_20180619_00_lead072.nc,2018-06-19T00:00:00Z,72,2018-06-21T00:00:00Z,2018-06-22T00:00:00Z,SA-11,Al Bahah Region,t2m_c,degC,12,12,28.659393,32.134455,35.434435,35.530762
handoff/mazu_like/mazu_like_20180619_00_lead072.nc,2018-06-19T00:00:00Z,72,2018-06-21T00:00:00Z,2018-06-22T00:00:00Z,SA-11,Al Bahah Region,tmax_c,degC,12,12,32.002258,35.950968,38.903915,39.036682
handoff/mazu_like/mazu_like_20180619_00_lead072.nc,2018-06-19T00:00:00Z,72,2018-06-21T00:00:00Z,2018-06-22T00:00:00Z,SA-11,Al Bahah Region,tmin_c,degC,12,12,25.173889,28.474394,32.522632,32.558014
handoff/mazu_like/mazu_like_20180619_00_lead072.nc,2018-06-19T00:00:00Z,72,2018-06-21T00:00:00Z,2018-06-22T00:00:00Z,SA-11,Al Bahah Region,wind10_speed,m s-1,12,12,1.2789049,1.9437091,2.6845069,2.8341708
handoff/mazu_like/mazu_like_20180619_00_lead072.nc,2018-06-19T00:00:00Z,72,2018-06-21T00:00:00Z,2018-06-22T00:00:00Z,SA-11,Al Bahah Region,pwat,kg m-2,12,12,24.74559,36.635628,44.664804,46.239497
handoff/mazu_like/mazu_like_20180619_00_lead072.nc,2018-06-19T00:00:00Z,72,2018-06-21T00:00:00Z,2018-06-22T00:00:00Z,SA-11,Al Bahah Region,ivt,kg m-1 s-1,12,12,106.7544,125.53012,134.49029,134.50966
handoff/mazu_like/mazu_like_20180619_00_lead072.nc,2018-06-19T00:00:00Z,72,2018-06-21T00:00:00Z,2018-06-22T00:00:00Z,SA-11,Al Bahah Region,wind850_speed,m s-1,12,12,1.4259322,2.4136646,3.5266695,3.7593212
handoff/mazu_like/mazu_like_20180619_00_lead072.nc,2018-06-19T00:00:00Z,72,2018-06-21T00:00:00Z,2018-06-22T00:00:00Z,SA-11,Al Bahah Region,wind_shear_850_200,m s-1,12,12,9.5544157,12.427396,14.405887,14.586105
handoff/mazu_like/mazu_like_20180619_00_lead072.nc,2018-06-19T00:00:00Z,72,2018-06-21T00:00:00Z,2018-06-22T00:00:00Z,SA-11,Al Bahah Region,omega500,Pa s-1,12,12,-0.42591512,-0.17474075,-0.04806672,-0.044917449
handoff/mazu_like/mazu_like_20180619_00_lead072.nc,2018-06-19T00:00:00Z,72,2018-06-21T00:00:00Z,2018-06-22T00:00:00Z,SA-11,Al Bahah Region,geopotential_height500,gpm,12,12,5912.2856,5916.2541,5919.7626,5920.6147
handoff/mazu_like/mazu_like_20180619_00_lead072.nc,2018-06-19T00:00:00Z,72,2018-06-21T00:00:00Z,2018-06-22T00:00:00Z,SA-12,Al Jawf Region,daily_precip_total,mm,122,122,0.28639537,0.36531224,0.44349811,0.46326098
handoff/mazu_like/mazu_like_20180619_00_lead072.nc,2018-06-19T00:00:00Z,72,2018-06-21T00:00:00Z,2018-06-22T00:00:00Z,SA-12,Al Jawf Region,t2m_c,degC,122,122,27.81601,30.752451,32.456584,32.782532
handoff/mazu_like/mazu_like_20180619_00_lead072.nc,2018-06-19T00:00:00Z,72,2018-06-21T00:00:00Z,2018-06-22T00:00:00Z,SA-12,Al Jawf Region,tmax_c,degC,122,122,34.593445,36.788866,38.546298,38.918213
handoff/mazu_like/mazu_like_20180619_00_lead072.nc,2018-06-19T00:00:00Z,72,2018-06-21T00:00:00Z,2018-06-22T00:00:00Z,SA-12,Al Jawf Region,tmin_c,degC,122,122,22.689667,25.769534,27.236266,27.413696
handoff/mazu_like/mazu_like_20180619_00_lead072.nc,2018-06-19T00:00:00Z,72,2018-06-21T00:00:00Z,2018-06-22T00:00:00Z,SA-12,Al Jawf Region,wind10_speed,m s-1,122,122,4.4382858,5.5940638,6.303046,6.5535975
handoff/mazu_like/mazu_like_20180619_00_lead072.nc,2018-06-19T00:00:00Z,72,2018-06-21T00:00:00Z,2018-06-22T00:00:00Z,SA-12,Al Jawf Region,pwat,kg m-2,122,122,16.531352,19.204142,22.509687,23.410226
handoff/mazu_like/mazu_like_20180619_00_lead072.nc,2018-06-19T00:00:00Z,72,2018-06-21T00:00:00Z,2018-06-22T00:00:00Z,SA-12,Al Jawf Region,ivt,kg m-1 s-1,122,122,139.52101,177.11572,243.47453,270.81234
handoff/mazu_like/mazu_like_20180619_00_lead072.nc,2018-06-19T00:00:00Z,72,2018-06-21T00:00:00Z,2018-06-22T00:00:00Z,SA-12,Al Jawf Region,wind850_speed,m s-1,122,122,7.8603272,9.5908707,11.076763,11.55302
handoff/mazu_like/mazu_like_20180619_00_lead072.nc,2018-06-19T00:00:00Z,72,2018-06-21T00:00:00Z,2018-06-22T00:00:00Z,SA-12,Al Jawf Region,wind_shear_850_200,m s-1,122,122,13.177021,16.15515,20.032461,21.157412
handoff/mazu_like/mazu_like_20180619_00_lead072.nc,2018-06-19T00:00:00Z,72,2018-06-21T00:00:00Z,2018-06-22T00:00:00Z,SA-12,Al Jawf Region,omega500,Pa s-1,122,122,0.047378443,0.10249883,0.16497708,0.16829762
handoff/mazu_like/mazu_like_20180619_00_lead072.nc,2018-06-19T00:00:00Z,72,2018-06-21T00:00:00Z,2018-06-22T00:00:00Z,SA-12,Al Jawf Region,geopotential_height500,gpm,122,122,5898.0303,5915.2433,5921.6394,5923.3813
handoff/mazu_like/mazu_like_20180619_00_lead072.nc,2018-06-19T00:00:00Z,72,2018-06-21T00:00:00Z,2018-06-22T00:00:00Z,SA-14,Asir Region,daily_precip_total,mm,104,104,0.42524317,0.92824652,2.6280862,6.0769401
handoff/mazu_like/mazu_like_20180619_00_lead072.nc,2018-06-19T00:00:00Z,72,2018-06-21T00:00:00Z,2018-06-22T00:00:00Z,SA-14,Asir Region,t2m_c,degC,104,104,25.80011,31.774842,35.490981,36.305237
handoff/mazu_like/mazu_like_20180619_00_lead072.nc,2018-06-19T00:00:00Z,72,2018-06-21T00:00:00Z,2018-06-22T00:00:00Z,SA-14,Asir Region,tmax_c,degC,104,104,29.21405,36.593011,41.029965,41.927551
handoff/mazu_like/mazu_like_20180619_00_lead072.nc,2018-06-19T00:00:00Z,72,2018-06-21T00:00:00Z,2018-06-22T00:00:00Z,SA-14,Asir Region,tmin_c,degC,104,104,20.308655,26.746607,30.367175,32.098785
handoff/mazu_like/mazu_like_20180619_00_lead072.nc,2018-06-19T00:00:00Z,72,2018-06-21T00:00:00Z,2018-06-22T00:00:00Z,SA-14,Asir Region,wind10_speed,m s-1,104,104,1.0063096,2.719226,3.5944917,3.8028824
handoff/mazu_like/mazu_like_20180619_00_lead072.nc,2018-06-19T00:00:00Z,72,2018-06-21T00:00:00Z,2018-06-22T00:00:00Z,SA-14,Asir Region,pwat,kg m-2,104,104,21.605577,25.859835,41.558127,42.786911
handoff/mazu_like/mazu_like_20180619_00_lead072.nc,2018-06-19T00:00:00Z,72,2018-06-21T00:00:00Z,2018-06-22T00:00:00Z,SA-14,Asir Region,ivt,kg m-1 s-1,104,104,105.47946,140.78073,164.78152,170.11189
handoff/mazu_like/mazu_like_20180619_00_lead072.nc,2018-06-19T00:00:00Z,72,2018-06-21T00:00:00Z,2018-06-22T00:00:00Z,SA-14,Asir Region,wind850_speed,m s-1,104,104,1.0007071,4.2707904,7.3281697,7.8749471
handoff/mazu_like/mazu_like_20180619_00_lead072.nc,2018-06-19T00:00:00Z,72,2018-06-21T00:00:00Z,2018-06-22T00:00:00Z,SA-14,Asir Region,wind_shear_850_200,m s-1,104,104,6.0964465,11.130728,16.35711,16.961554
handoff/mazu_like/mazu_like_20180619_00_lead072.nc,2018-06-19T00:00:00Z,72,2018-06-21T00:00:00Z,2018-06-22T00:00:00Z,SA-14,Asir Region,omega500,Pa s-1,104,104,-0.42523038,-0.034213048,0.084780014,0.11298358
handoff/mazu_like/mazu_like_20180619_00_lead072.nc,2018-06-19T00:00:00Z,72,2018-06-21T00:00:00Z,2018-06-22T00:00:00Z,SA-14,Asir Region,geopotential_height500,gpm,104,104,5901.1494,5908.2225,5913.8972,5917.666
handoff/mazu_like/mazu_like_20180623_00_lead024.nc,2018-06-23T00:00:00Z,24,2018-06-23T00:00:00Z,2018-06-24T00:00:00Z,SA-01,Riyadh Region,daily_precip_total,mm,531,531,0,0.18748518,0.25254349,0.3193756
handoff/mazu_like/mazu_like_20180623_00_lead024.nc,2018-06-23T00:00:00Z,24,2018-06-23T00:00:00Z,2018-06-24T00:00:00Z,SA-01,Riyadh Region,t2m_c,degC,531,531,32.437469,33.979912,35.106201,35.608154
handoff/mazu_like/mazu_like_20180623_00_lead024.nc,2018-06-23T00:00:00Z,24,2018-06-23T00:00:00Z,2018-06-24T00:00:00Z,SA-01,Riyadh Region,tmax_c,degC,531,531,37.798859,39.916284,41.475479,41.933472
handoff/mazu_like/mazu_like_20180623_00_lead024.nc,2018-06-23T00:00:00Z,24,2018-06-23T00:00:00Z,2018-06-24T00:00:00Z,SA-01,Riyadh Region,tmin_c,degC,531,531,25.639526,27.61568,28.634827,29.278839
handoff/mazu_like/mazu_like_20180623_00_lead024.nc,2018-06-23T00:00:00Z,24,2018-06-23T00:00:00Z,2018-06-24T00:00:00Z,SA-01,Riyadh Region,wind10_speed,m s-1,531,531,2.3379674,4.0913689,4.9390001,5.3122272
handoff/mazu_like/mazu_like_20180623_00_lead024.nc,2018-06-23T00:00:00Z,24,2018-06-23T00:00:00Z,2018-06-24T00:00:00Z,SA-01,Riyadh Region,pwat,kg m-2,531,531,14.23696,15.978659,17.644959,18.373037
handoff/mazu_like/mazu_like_20180623_00_lead024.nc,2018-06-23T00:00:00Z,24,2018-06-23T00:00:00Z,2018-06-24T00:00:00Z,SA-01,Riyadh Region,ivt,kg m-1 s-1,531,531,67.256401,96.291329,117.40975,128.37586
handoff/mazu_like/mazu_like_20180623_00_lead024.nc,2018-06-23T00:00:00Z,24,2018-06-23T00:00:00Z,2018-06-24T00:00:00Z,SA-01,Riyadh Region,wind850_speed,m s-1,531,531,5.4717336,7.8877595,9.8193974,11.28569
handoff/mazu_like/mazu_like_20180623_00_lead024.nc,2018-06-23T00:00:00Z,24,2018-06-23T00:00:00Z,2018-06-24T00:00:00Z,SA-01,Riyadh Region,wind_shear_850_200,m s-1,531,531,9.3945084,11.946314,14.175528,16.218185
handoff/mazu_like/mazu_like_20180623_00_lead024.nc,2018-06-23T00:00:00Z,24,2018-06-23T00:00:00Z,2018-06-24T00:00:00Z,SA-01,Riyadh Region,omega500,Pa s-1,531,531,-0.062553607,-0.012095464,0.04323536,0.06928695
handoff/mazu_like/mazu_like_20180623_00_lead024.nc,2018-06-23T00:00:00Z,24,2018-06-23T00:00:00Z,2018-06-24T00:00:00Z,SA-01,Riyadh Region,geopotential_height500,gpm,531,531,5875.2695,5886.7599,5899.0508,5902.9536
handoff/mazu_like/mazu_like_20180623_00_lead024.nc,2018-06-23T00:00:00Z,24,2018-06-23T00:00:00Z,2018-06-24T00:00:00Z,SA-02,Makkah Region,daily_precip_total,mm,191,191,0.069575109,0.37119792,0.76920992,1.2119685
handoff/mazu_like/mazu_like_20180623_00_lead024.nc,2018-06-23T00:00:00Z,24,2018-06-23T00:00:00Z,2018-06-24T00:00:00Z,SA-02,Makkah Region,t2m_c,degC,191,191,29.642578,34.312482,38.384842,40.291168
handoff/mazu_like/mazu_like_20180623_00_lead024.nc,2018-06-23T00:00:00Z,24,2018-06-23T00:00:00Z,2018-06-24T00:00:00Z,SA-02,Makkah Region,tmax_c,degC,191,191,34.361298,39.771313,45.746948,47.547546
handoff/mazu_like/mazu_like_20180623_00_lead024.nc,2018-06-23T00:00:00Z,24,2018-06-23T00:00:00Z,2018-06-24T00:00:00Z,SA-02,Makkah Region,tmin_c,degC,191,191,24.9534,28.8924,32.146774,33.05014
handoff/mazu_like/mazu_like_20180623_00_lead024.nc,2018-06-23T00:00:00Z,24,2018-06-23T00:00:00Z,2018-06-24T00:00:00Z,SA-02,Makkah Region,wind10_speed,m s-1,191,191,1.6330258,3.4287569,4.5476577,5.2141457
handoff/mazu_like/mazu_like_20180623_00_lead024.nc,2018-06-23T00:00:00Z,24,2018-06-23T00:00:00Z,2018-06-24T00:00:00Z,SA-02,Makkah Region,pwat,kg m-2,191,191,14.77722,21.047791,34.505295,38.050801
handoff/mazu_like/mazu_like_20180623_00_lead024.nc,2018-06-23T00:00:00Z,24,2018-06-23T00:00:00Z,2018-06-24T00:00:00Z,SA-02,Makkah Region,ivt,kg m-1 s-1,191,191,60.886418,79.545793,99.931371,161.47053
handoff/mazu_like/mazu_like_20180623_00_lead024.nc,2018-06-23T00:00:00Z,24,2018-06-23T00:00:00Z,2018-06-24T00:00:00Z,SA-02,Makkah Region,wind850_speed,m s-1,191,191,1.8336098,6.2270577,8.7370262,9.077302
handoff/mazu_like/mazu_like_20180623_00_lead024.nc,2018-06-23T00:00:00Z,24,2018-06-23T00:00:00Z,2018-06-24T00:00:00Z,SA-02,Makkah Region,wind_shear_850_200,m s-1,191,191,7.1131015,11.299924,17.542637,20.76825
handoff/mazu_like/mazu_like_20180623_00_lead024.nc,2018-06-23T00:00:00Z,24,2018-06-23T00:00:00Z,2018-06-24T00:00:00Z,SA-02,Makkah Region,omega500,Pa s-1,191,191,-0.37790725,-0.023798517,0.060719609,0.084711581
handoff/mazu_like/mazu_like_20180623_00_lead024.nc,2018-06-23T00:00:00Z,24,2018-06-23T00:00:00Z,2018-06-24T00:00:00Z,SA-02,Makkah Region,geopotential_height500,gpm,191,191,5882.3022,5892.2925,5897.6113,5900.2812
handoff/mazu_like/mazu_like_20180623_00_lead024.nc,2018-06-23T00:00:00Z,24,2018-06-23T00:00:00Z,2018-06-24T00:00:00Z,SA-03,Al Madinah Region,daily_precip_total,mm,207,207,0.0040681371,0.24813651,0.39950016,0.52306545
handoff/mazu_like/mazu_like_20180623_00_lead024.nc,2018-06-23T00:00:00Z,24,2018-06-23T00:00:00Z,2018-06-24T00:00:00Z,SA-03,Al Madinah Region,t2m_c,degC,207,207,28.942749,34.52456,38.061826,40.044098
handoff/mazu_like/mazu_like_20180623_00_lead024.nc,2018-06-23T00:00:00Z,24,2018-06-23T00:00:00Z,2018-06-24T00:00:00Z,SA-03,Al Madinah Region,tmax_c,degC,207,207,33.636658,39.746001,43.710217,47.004944
handoff/mazu_like/mazu_like_20180623_00_lead024.nc,2018-06-23T00:00:00Z,24,2018-06-23T00:00:00Z,2018-06-24T00:00:00Z,SA-03,Al Madinah Region,tmin_c,degC,207,207,24.555969,29.519988,33.073547,34.037567
handoff/mazu_like/mazu_like_20180623_00_lead024.nc,2018-06-23T00:00:00Z,24,2018-06-23T00:00:00Z,2018-06-24T00:00:00Z,SA-03,Al Madinah Region,wind10_speed,m s-1,207,207,1.5817982,3.5838733,4.6899912,5.4715219
handoff/mazu_like/mazu_like_20180623_00_lead024.nc,2018-06-23T00:00:00Z,24,2018-06-23T00:00:00Z,2018-06-24T00:00:00Z,SA-03,Al Madinah Region,pwat,kg m-2,207,207,15.917208,19.239365,25.276012,26.57731
handoff/mazu_like/mazu_like_20180623_00_lead024.nc,2018-06-23T00:00:00Z,24,2018-06-23T00:00:00Z,2018-06-24T00:00:00Z,SA-03,Al Madinah Region,ivt,kg m-1 s-1,207,207,24.542532,58.765558,80.036026,83.80483
handoff/mazu_like/mazu_like_20180623_00_lead024.nc,2018-06-23T00:00:00Z,24,2018-06-23T00:00:00Z,2018-06-24T00:00:00Z,SA-03,Al Madinah Region,wind850_speed,m s-1,207,207,3.2696495,6.5596126,8.079798,8.3678169
handoff/mazu_like/mazu_like_20180623_00_lead024.nc,2018-06-23T00:00:00Z,24,2018-06-23T00:00:00Z,2018-06-24T00:00:00Z,SA-03,Al Madinah Region,wind_shear_850_200,m s-1,207,207,6.6344476,10.331728,13.35264,14.235148
handoff/mazu_like/mazu_like_20180623_00_lead024.nc,2018-06-23T00:00:00Z,24,2018-06-23T00:00:00Z,2018-06-24T00:00:00Z,SA-03,Al Madinah Region,omega500,Pa s-1,207,207,-0.05183538,0.004137482,0.051233165,0.089764155
handoff/mazu_like/mazu_like_20180623_00_lead024.nc,2018-06-23T00:00:00Z,24,2018-06-23T00:00:00Z,2018-06-24T00:00:00Z,SA-03,Al Madinah Region,geopotential_height500,gpm,207,207,5895.4683,5901.8806,5905.6473,5906.3398
handoff/mazu_like/mazu_like_20180623_00_lead024.nc,2018-06-23T00:00:00Z,24,2018-06-23T00:00:00Z,2018-06-24T00:00:00Z,SA-04,Eastern Region,daily_precip_total,mm,798,798,0,0.20102285,0.28866844,0.34837472
handoff/mazu_like/mazu_like_20180623_00_lead024.nc,2018-06-23T00:00:00Z,24,2018-06-23T00:00:00Z,2018-06-24T00:00:00Z,SA-04,Eastern Region,t2m_c,degC,798,798,32.772247,35.38029,36.818111,37.113831
handoff/mazu_like/mazu_like_20180623_00_lead024.nc,2018-06-23T00:00:00Z,24,2018-06-23T00:00:00Z,2018-06-24T00:00:00Z,SA-04,Eastern Region,tmax_c,degC,798,798,34.448944,41.820014,44.067235,44.439514
handoff/mazu_like/mazu_like_20180623_00_lead024.nc,2018-06-23T00:00:00Z,24,2018-06-23T00:00:00Z,2018-06-24T00:00:00Z,SA-04,Eastern Region,tmin_c,degC,798,798,25.617737,28.713106,30.630116,31.916321
handoff/mazu_like/mazu_like_20180623_00_lead024.nc,2018-06-23T00:00:00Z,24,2018-06-23T00:00:00Z,2018-06-24T00:00:00Z,SA-04,Eastern Region,wind10_speed,m s-1,798,798,2.1785789,4.6596247,6.4147183,7.5279493
handoff/mazu_like/mazu_like_20180623_00_lead024.nc,2018-06-23T00:00:00Z,24,2018-06-23T00:00:00Z,2018-06-24T00:00:00Z,SA-04,Eastern Region,pwat,kg m-2,798,798,13.071025,19.450741,25.526964,31.524623
handoff/mazu_like/mazu_like_20180623_00_lead024.nc,2018-06-23T00:00:00Z,24,2018-06-23T00:00:00Z,2018-06-24T00:00:00Z,SA-04,Eastern Region,ivt,kg m-1 s-1,798,798,32.724466,101.10583,147.32361,159.76518
handoff/mazu_like/mazu_like_20180623_00_lead024.nc,2018-06-23T00:00:00Z,24,2018-06-23T00:00:00Z,2018-06-24T00:00:00Z,SA-04,Eastern Region,wind850_speed,m s-1,798,798,3.5311794,8.4898501,13.382887,14.561823
handoff/mazu_like/mazu_like_20180623_00_lead024.nc,2018-06-23T00:00:00Z,24,2018-06-23T00:00:00Z,2018-06-24T00:00:00Z,SA-04,Eastern Region,wind_shear_850_200,m s-1,798,798,12.34884,15.793806,18.597181,20.124067
handoff/mazu_like/mazu_like_20180623_00_lead024.nc,2018-06-23T00:00:00Z,24,2018-06-23T00:00:00Z,2018-06-24T00:00:00Z,SA-04,Eastern Region,omega500,Pa s-1,798,798,-0.046290174,0.041649506,0.14046287,0.20852457
handoff/mazu_like/mazu_like_20180623_00_lead024.nc,2018-06-23T00:00:00Z,24,2018-06-23T00:00:00Z,2018-06-24T00:00:00Z,SA-04,Eastern Region,geopotential_height500,gpm,798,798,5870.9004,5884.8331,5902.4454,5904.0132
handoff/mazu_like/mazu_like_20180623_00_lead024.nc,2018-06-23T00:00:00Z,24,2018-06-23T00:00:00Z,2018-06-24T00:00:00Z,SA-05,Al-Qassim Region,daily_precip_total,mm,96,96,0.14190096,0.20602989,0.26641775,0.28243074
handoff/mazu_like/mazu_like_20180623_00_lead024.nc,2018-06-23T00:00:00Z,24,2018-06-23T00:00:00Z,2018-06-24T00:00:00Z,SA-05,Al-Qassim Region,t2m_c,degC,96,96,32.654694,33.59265,34.569214,34.88092
handoff/mazu_like/mazu_like_20180623_00_lead024.nc,2018-06-23T00:00:00Z,24,2018-06-23T00:00:00Z,2018-06-24T00:00:00Z,SA-05,Al-Qassim Region,tmax_c,degC,96,96,38.288239,39.488207,40.22702,40.435364
handoff/mazu_like/mazu_like_20180623_00_lead024.nc,2018-06-23T00:00:00Z,24,2018-06-23T00:00:00Z,2018-06-24T00:00:00Z,SA-05,Al-Qassim Region,tmin_c,degC,96,96,25.908722,27.397809,28.496094,28.633484
handoff/mazu_like/mazu_like_20180623_00_lead024.nc,2018-06-23T00:00:00Z,24,2018-06-23T00:00:00Z,2018-06-24T00:00:00Z,SA-05,Al-Qassim Region,wind10_speed,m s-1,96,96,3.4195435,4.1747764,4.9980595,5.1712971
handoff/mazu_like/mazu_like_20180623_00_lead024.nc,2018-06-23T00:00:00Z,24,2018-06-23T00:00:00Z,2018-06-24T00:00:00Z,SA-05,Al-Qassim Region,pwat,kg m-2,96,96,14.9777,17.438432,18.814479,19.172286
handoff/mazu_like/mazu_like_20180623_00_lead024.nc,2018-06-23T00:00:00Z,24,2018-06-23T00:00:00Z,2018-06-24T00:00:00Z,SA-05,Al-Qassim Region,ivt,kg m-1 s-1,96,96,79.82412,109.65609,131.98814,136.14653
handoff/mazu_like/mazu_like_20180623_00_lead024.nc,2018-06-23T00:00:00Z,24,2018-06-23T00:00:00Z,2018-06-24T00:00:00Z,SA-05,Al-Qassim Region,wind850_speed,m s-1,96,96,7.2038164,7.9268173,8.7114131,8.8143139
handoff/mazu_like/mazu_like_20180623_00_lead024.nc,2018-06-23T00:00:00Z,24,2018-06-23T00:00:00Z,2018-06-24T00:00:00Z,SA-05,Al-Qassim Region,wind_shear_850_200,m s-1,96,96,10.917096,12.364293,14.22538,14.700341
handoff/mazu_like/mazu_like_20180623_00_lead024.nc,2018-06-23T00:00:00Z,24,2018-06-23T00:00:00Z,2018-06-24T00:00:00Z,SA-05,Al-Qassim Region,omega500,Pa s-1,96,96,-0.021504827,0.00026691433,0.014850094,0.01808688
handoff/mazu_like/mazu_like_20180623_00_lead024.nc,2018-06-23T00:00:00Z,24,2018-06-23T00:00:00Z,2018-06-24T00:00:00Z,SA-05,Al-Qassim Region,geopotential_height500,gpm,96,96,5896.8291,5900.621,5903.4268,5904.3242
handoff/mazu_like/mazu_like_20180623_00_lead024.nc,2018-06-23T00:00:00Z,24,2018-06-23T00:00:00Z,2018-06-24T00:00:00Z,SA-06,Hail Region,daily_precip_total,mm,163,163,0.083786711,0.21393982,0.30566519,0.32146353
handoff/mazu_like/mazu_like_20180623_00_lead024.nc,2018-06-23T00:00:00Z,24,2018-06-23T00:00:00Z,2018-06-24T00:00:00Z,SA-06,Hail Region,t2m_c,degC,163,163,29.348389,31.579106,33.439713,34.294403
handoff/mazu_like/mazu_like_20180623_00_lead024.nc,2018-06-23T00:00:00Z,24,2018-06-23T00:00:00Z,2018-06-24T00:00:00Z,SA-06,Hail Region,tmax_c,degC,163,163,34.93338,37.220391,38.917978,39.777496
handoff/mazu_like/mazu_like_20180623_00_lead024.nc,2018-06-23T00:00:00Z,24,2018-06-23T00:00:00Z,2018-06-24T00:00:00Z,SA-06,Hail Region,tmin_c,degC,163,163,23.959106,26.251597,28.003876,28.31662
handoff/mazu_like/mazu_like_20180623_00_lead024.nc,2018-06-23T00:00:00Z,24,2018-06-23T00:00:00Z,2018-06-24T00:00:00Z,SA-06,Hail Region,wind10_speed,m s-1,163,163,3.6491845,4.4151823,5.1981599,5.3507962
handoff/mazu_like/mazu_like_20180623_00_lead024.nc,2018-06-23T00:00:00Z,24,2018-06-23T00:00:00Z,2018-06-24T00:00:00Z,SA-06,Hail Region,pwat,kg m-2,163,163,15.711431,20.698283,24.67975,26.050474
handoff/mazu_like/mazu_like_20180623_00_lead024.nc,2018-06-23T00:00:00Z,24,2018-06-23T00:00:00Z,2018-06-24T00:00:00Z,SA-06,Hail Region,ivt,kg m-1 s-1,163,163,66.502972,121.11741,158.96389,162.42822
handoff/mazu_like/mazu_like_20180623_00_lead024.nc,2018-06-23T00:00:00Z,24,2018-06-23T00:00:00Z,2018-06-24T00:00:00Z,SA-06,Hail Region,wind850_speed,m s-1,163,163,5.6445041,7.6641858,8.7776645,8.9039097
handoff/mazu_like/mazu_like_20180623_00_lead024.nc,2018-06-23T00:00:00Z,24,2018-06-23T00:00:00Z,2018-06-24T00:00:00Z,SA-06,Hail Region,wind_shear_850_200,m s-1,163,163,11.796309,14.318267,15.581269,16.117653
handoff/mazu_like/mazu_like_20180623_00_lead024.nc,2018-06-23T00:00:00Z,24,2018-06-23T00:00:00Z,2018-06-24T00:00:00Z,SA-06,Hail Region,omega500,Pa s-1,163,163,-0.026280491,0.012207084,0.034741273,0.099289104
handoff/mazu_like/mazu_like_20180623_00_lead024.nc,2018-06-23T00:00:00Z,24,2018-06-23T00:00:00Z,2018-06-24T00:00:00Z,SA-06,Hail Region,geopotential_height500,gpm,163,163,5901.6816,5904.5032,5905.3997,5905.8569
handoff/mazu_like/mazu_like_20180623_00_lead024.nc,2018-06-23T00:00:00Z,24,2018-06-23T00:00:00Z,2018-06-24T00:00:00Z,SA-07,Tabuk Region,daily_precip_total,mm,205,205,0,0.24226367,0.37015885,0.5836156
handoff/mazu_like/mazu_like_20180623_00_lead024.nc,2018-06-23T00:00:00Z,24,2018-06-23T00:00:00Z,2018-06-24T00:00:00Z,SA-07,Tabuk Region,t2m_c,degC,205,205,26.612091,31.300864,36.24928,37.685394
handoff/mazu_like/mazu_like_20180623_00_lead024.nc,2018-06-23T00:00:00Z,24,2018-06-23T00:00:00Z,2018-06-24T00:00:00Z,SA-07,Tabuk Region,tmax_c,degC,205,205,32.348785,36.611276,41.585321,43.596497
handoff/mazu_like/mazu_like_20180623_00_lead024.nc,2018-06-23T00:00:00Z,24,2018-06-23T00:00:00Z,2018-06-24T00:00:00Z,SA-07,Tabuk Region,tmin_c,degC,205,205,20.894623,26.352754,31.388544,32.422119
handoff/mazu_like/mazu_like_20180623_00_lead024.nc,2018-06-23T00:00:00Z,24,2018-06-23T00:00:00Z,2018-06-24T00:00:00Z,SA-07,Tabuk Region,wind10_speed,m s-1,205,205,2.2506742,3.6883533,5.1485628,7.2643657
handoff/mazu_like/mazu_like_20180623_00_lead024.nc,2018-06-23T00:00:00Z,24,2018-06-23T00:00:00Z,2018-06-24T00:00:00Z,SA-07,Tabuk Region,pwat,kg m-2,205,205,20.819291,25.652342,28.3416,28.562634
handoff/mazu_like/mazu_like_20180623_00_lead024.nc,2018-06-23T00:00:00Z,24,2018-06-23T00:00:00Z,2018-06-24T00:00:00Z,SA-07,Tabuk Region,ivt,kg m-1 s-1,205,205,31.251411,61.430161,109.68683,131.26751
handoff/mazu_like/mazu_like_20180623_00_lead024.nc,2018-06-23T00:00:00Z,24,2018-06-23T00:00:00Z,2018-06-24T00:00:00Z,SA-07,Tabuk Region,wind850_speed,m s-1,205,205,2.0342052,5.2666608,6.6800701,7.2818108
handoff/mazu_like/mazu_like_20180623_00_lead024.nc,2018-06-23T00:00:00Z,24,2018-06-23T00:00:00Z,2018-06-24T00:00:00Z,SA-07,Tabuk Region,wind_shear_850_200,m s-1,205,205,8.5921707,12.969331,15.608371,18.829582
handoff/mazu_like/mazu_like_20180623_00_lead024.nc,2018-06-23T00:00:00Z,24,2018-06-23T00:00:00Z,2018-06-24T00:00:00Z,SA-07,Tabuk Region,omega500,Pa s-1,205,205,-0.053675648,0.029977785,0.11259874,0.14727806
handoff/mazu_like/mazu_like_20180623_00_lead024.nc,2018-06-23T00:00:00Z,24,2018-06-23T00:00:00Z,2018-06-24T00:00:00Z,SA-07,Tabuk Region,geopotential_height500,gpm,205,205,5896.5972,5904.1192,5906.7725,5907.9048
handoff/mazu_like/mazu_like_20180623_00_lead024.nc,2018-06-23T00:00:00Z,24,2018-06-23T00:00:00Z,2018-06-24T00:00:00Z,SA-08,Northern Borders Region,daily_precip_total,mm,169,169,0.17617793,0.2734932,0.32330206,0.37227005
handoff/mazu_like/mazu_like_20180623_00_lead024.nc,2018-06-23T00:00:00Z,24,2018-06-23T00:00:00Z,2018-06-24T00:00:00Z,SA-08,Northern Borders Region,t2m_c,degC,169,169,27.89682,31.196032,32.873535,33.389008
handoff/mazu_like/mazu_like_20180623_00_lead024.nc,2018-06-23T00:00:00Z,24,2018-06-23T00:00:00Z,2018-06-24T00:00:00Z,SA-08,Northern Borders Region,tmax_c,degC,169,169,34.500977,37.565942,39.179028,39.748535
handoff/mazu_like/mazu_like_20180623_00_lead024.nc,2018-06-23T00:00:00Z,24,2018-06-23T00:00:00Z,2018-06-24T00:00:00Z,SA-08,Northern Borders Region,tmin_c,degC,169,169,21.049469,24.849698,26.824933,27.293671
handoff/mazu_like/mazu_like_20180623_00_lead024.nc,2018-06-23T00:00:00Z,24,2018-06-23T00:00:00Z,2018-06-24T00:00:00Z,SA-08,Northern Borders Region,wind10_speed,m s-1,169,169,4.342773,5.1689731,6.3515671,6.6695571
handoff/mazu_like/mazu_like_20180623_00_lead024.nc,2018-06-23T00:00:00Z,24,2018-06-23T00:00:00Z,2018-06-24T00:00:00Z,SA-08,Northern Borders Region,pwat,kg m-2,169,169,13.046481,15.907026,19.518534,21.733648
handoff/mazu_like/mazu_like_20180623_00_lead024.nc,2018-06-23T00:00:00Z,24,2018-06-23T00:00:00Z,2018-06-24T00:00:00Z,SA-08,Northern Borders Region,ivt,kg m-1 s-1,169,169,105.9723,134.09668,176.56119,202.85563
handoff/mazu_like/mazu_like_20180623_00_lead024.nc,2018-06-23T00:00:00Z,24,2018-06-23T00:00:00Z,2018-06-24T00:00:00Z,SA-08,Northern Borders Region,wind850_speed,m s-1,169,169,7.828186,9.208789,11.052214,13.340792
handoff/mazu_like/mazu_like_20180623_00_lead024.nc,2018-06-23T00:00:00Z,24,2018-06-23T00:00:00Z,2018-06-24T00:00:00Z,SA-08,Northern Borders Region,wind_shear_850_200,m s-1,169,169,12.184485,14.090321,16.01109,16.301968
handoff/mazu_like/mazu_like_20180623_00_lead024.nc,2018-06-23T00:00:00Z,24,2018-06-23T00:00:00Z,2018-06-24T00:00:00Z,SA-08,Northern Borders Region,omega500,Pa s-1,169,169,-0.00032385904,0.051883183,0.15681185,0.21538185
handoff/mazu_like/mazu_like_20180623_00_lead024.nc,2018-06-23T00:00:00Z,24,2018-06-23T00:00:00Z,2018-06-24T00:00:00Z,SA-08,Northern Borders Region,geopotential_height500,gpm,169,169,5882.5254,5899.4158,5905.0642,5905.6763
handoff/mazu_like/mazu_like_20180623_00_lead024.nc,2018-06-23T00:00:00Z,24,2018-06-23T00:00:00Z,2018-06-24T00:00:00Z,SA-09,Jazan Region,daily_precip_total,mm,22,22,0.20221914,0.95910378,1.9572227,6.4327383
handoff/mazu_like/mazu_like_20180623_00_lead024.nc,2018-06-23T00:00:00Z,24,2018-06-23T00:00:00Z,2018-06-24T00:00:00Z,SA-09,Jazan Region,t2m_c,degC,22,22,28.544952,34.478475,36.988423,37.088043
handoff/mazu_like/mazu_like_20180623_00_lead024.nc,2018-06-23T00:00:00Z,24,2018-06-23T00:00:00Z,2018-06-24T00:00:00Z,SA-09,Jazan Region,tmax_c,degC,22,22,33.134094,37.512136,39.788814,40.354462
handoff/mazu_like/mazu_like_20180623_00_lead024.nc,2018-06-23T00:00:00Z,24,2018-06-23T00:00:00Z,2018-06-24T00:00:00Z,SA-09,Jazan Region,tmin_c,degC,22,22,22.710297,30.992917,33.746999,34.109985
handoff/mazu_like/mazu_like_20180623_00_lead024.nc,2018-06-23T00:00:00Z,24,2018-06-23T00:00:00Z,2018-06-24T00:00:00Z,SA-09,Jazan Region,wind10_speed,m s-1,22,22,1.4232397,2.9811353,4.216426,4.5094261
handoff/mazu_like/mazu_like_20180623_00_lead024.nc,2018-06-23T00:00:00Z,24,2018-06-23T00:00:00Z,2018-06-24T00:00:00Z,SA-09,Jazan Region,pwat,kg m-2,22,22,27.812069,38.233099,42.413238,44.249056
handoff/mazu_like/mazu_like_20180623_00_lead024.nc,2018-06-23T00:00:00Z,24,2018-06-23T00:00:00Z,2018-06-24T00:00:00Z,SA-09,Jazan Region,ivt,kg m-1 s-1,22,22,80.759749,117.53956,157.70202,167.31052
handoff/mazu_like/mazu_like_20180623_00_lead024.nc,2018-06-23T00:00:00Z,24,2018-06-23T00:00:00Z,2018-06-24T00:00:00Z,SA-09,Jazan Region,wind850_speed,m s-1,22,22,1.5544033,3.3412718,4.5267055,5.2207313
handoff/mazu_like/mazu_like_20180623_00_lead024.nc,2018-06-23T00:00:00Z,24,2018-06-23T00:00:00Z,2018-06-24T00:00:00Z,SA-09,Jazan Region,wind_shear_850_200,m s-1,22,22,19.833584,21.862237,23.074691,23.740349
handoff/mazu_like/mazu_like_20180623_00_lead024.nc,2018-06-23T00:00:00Z,24,2018-06-23T00:00:00Z,2018-06-24T00:00:00Z,SA-09,Jazan Region,omega500,Pa s-1,22,22,-0.34201562,-0.16453557,-0.06824107,-0.037277024
handoff/mazu_like/mazu_like_20180623_00_lead024.nc,2018-06-23T00:00:00Z,24,2018-06-23T00:00:00Z,2018-06-24T00:00:00Z,SA-09,Jazan Region,geopotential_height500,gpm,22,22,5873.6567,5878.4685,5882.0006,5883.001
handoff/mazu_like/mazu_like_20180623_00_lead024.nc,2018-06-23T00:00:00Z,24,2018-06-23T00:00:00Z,2018-06-24T00:00:00Z,SA-10,Najran Region,daily_precip_total,mm,123,123,0.16313556,0.22396473,0.25710579,0.27007708
handoff/mazu_like/mazu_like_20180623_00_lead024.nc,2018-06-23T00:00:00Z,24,2018-06-23T00:00:00Z,2018-06-24T00:00:00Z,SA-10,Najran Region,t2m_c,degC,123,123,26.492035,32.610963,34.49368,34.715881
handoff/mazu_like/mazu_like_20180623_00_lead024.nc,2018-06-23T00:00:00Z,24,2018-06-23T00:00:00Z,2018-06-24T00:00:00Z,SA-10,Najran Region,tmax_c,degC,123,123,31.200531,38.640414,40.836469,41.044861
handoff/mazu_like/mazu_like_20180623_00_lead024.nc,2018-06-23T00:00:00Z,24,2018-06-23T00:00:00Z,2018-06-24T00:00:00Z,SA-10,Najran Region,tmin_c,degC,123,123,21.579681,26.572131,28.063614,28.225311
handoff/mazu_like/mazu_like_20180623_00_lead024.nc,2018-06-23T00:00:00Z,24,2018-06-23T00:00:00Z,2018-06-24T00:00:00Z,SA-10,Najran Region,wind10_speed,m s-1,123,123,2.3396037,3.6129029,4.2332189,4.5178461
handoff/mazu_like/mazu_like_20180623_00_lead024.nc,2018-06-23T00:00:00Z,24,2018-06-23T00:00:00Z,2018-06-24T00:00:00Z,SA-10,Najran Region,pwat,kg m-2,123,123,16.597197,18.692493,20.326637,21.65461
handoff/mazu_like/mazu_like_20180623_00_lead024.nc,2018-06-23T00:00:00Z,24,2018-06-23T00:00:00Z,2018-06-24T00:00:00Z,SA-10,Najran Region,ivt,kg m-1 s-1,123,123,69.183148,106.36408,133.23963,154.79276
handoff/mazu_like/mazu_like_20180623_00_lead024.nc,2018-06-23T00:00:00Z,24,2018-06-23T00:00:00Z,2018-06-24T00:00:00Z,SA-10,Najran Region,wind850_speed,m s-1,123,123,3.2383785,6.9422894,8.8915773,9.9889374
handoff/mazu_like/mazu_like_20180623_00_lead024.nc,2018-06-23T00:00:00Z,24,2018-06-23T00:00:00Z,2018-06-24T00:00:00Z,SA-10,Najran Region,wind_shear_850_200,m s-1,123,123,13.751949,16.642923,18.447839,19.18067
handoff/mazu_like/mazu_like_20180623_00_lead024.nc,2018-06-23T00:00:00Z,24,2018-06-23T00:00:00Z,2018-06-24T00:00:00Z,SA-10,Najran Region,omega500,Pa s-1,123,123,-0.051063165,0.021087263,0.055097691,0.061447129
handoff/mazu_like/mazu_like_20180623_00_lead024.nc,2018-06-23T00:00:00Z,24,2018-06-23T00:00:00Z,2018-06-24T00:00:00Z,SA-10,Najran Region,geopotential_height500,gpm,123,123,5870.4438,5874.7511,5877.2083,5878.2661
handoff/mazu_like/mazu_like_20180623_00_lead024.nc,2018-06-23T00:00:00Z,24,2018-06-23T00:00:00Z,2018-06-24T00:00:00Z,SA-11,Al Bahah Region,daily_precip_total,mm,12,12,0.21281832,0.56591173,1.0420569,1.2166084
handoff/mazu_like/mazu_like_20180623_00_lead024.nc,2018-06-23T00:00:00Z,24,2018-06-23T00:00:00Z,2018-06-24T00:00:00Z,SA-11,Al Bahah Region,t2m_c,degC,12,12,29.82843,31.959538,35.277705,35.329285
handoff/mazu_like/mazu_like_20180623_00_lead024.nc,2018-06-23T00:00:00Z,24,2018-06-23T00:00:00Z,2018-06-24T00:00:00Z,SA-11,Al Bahah Region,tmax_c,degC,12,12,34.684723,36.251896,38.830499,38.87085
handoff/mazu_like/mazu_like_20180623_00_lead024.nc,2018-06-23T00:00:00Z,24,2018-06-23T00:00:00Z,2018-06-24T00:00:00Z,SA-11,Al Bahah Region,tmin_c,degC,12,12,25.471527,27.740218,31.429237,31.431
handoff/mazu_like/mazu_like_20180623_00_lead024.nc,2018-06-23T00:00:00Z,24,2018-06-23T00:00:00Z,2018-06-24T00:00:00Z,SA-11,Al Bahah Region,wind10_speed,m s-1,12,12,1.6590183,2.8717815,4.0625558,4.1116085
handoff/mazu_like/mazu_like_20180623_00_lead024.nc,2018-06-23T00:00:00Z,24,2018-06-23T00:00:00Z,2018-06-24T00:00:00Z,SA-11,Al Bahah Region,pwat,kg m-2,12,12,16.754384,25.794904,34.820871,35.023001
handoff/mazu_like/mazu_like_20180623_00_lead024.nc,2018-06-23T00:00:00Z,24,2018-06-23T00:00:00Z,2018-06-24T00:00:00Z,SA-11,Al Bahah Region,ivt,kg m-1 s-1,12,12,89.24288,96.273813,103.89007,104.40615
handoff/mazu_like/mazu_like_20180623_00_lead024.nc,2018-06-23T00:00:00Z,24,2018-06-23T00:00:00Z,2018-06-24T00:00:00Z,SA-11,Al Bahah Region,wind850_speed,m s-1,12,12,2.147764,3.4821012,4.451942,4.5180078
handoff/mazu_like/mazu_like_20180623_00_lead024.nc,2018-06-23T00:00:00Z,24,2018-06-23T00:00:00Z,2018-06-24T00:00:00Z,SA-11,Al Bahah Region,wind_shear_850_200,m s-1,12,12,11.580206,14.435957,17.399939,17.487614
handoff/mazu_like/mazu_like_20180623_00_lead024.nc,2018-06-23T00:00:00Z,24,2018-06-23T00:00:00Z,2018-06-24T00:00:00Z,SA-11,Al Bahah Region,omega500,Pa s-1,12,12,-0.16820717,-0.061449259,0.035024481,0.035866421
handoff/mazu_like/mazu_like_20180623_00_lead024.nc,2018-06-23T00:00:00Z,24,2018-06-23T00:00:00Z,2018-06-24T00:00:00Z,SA-11,Al Bahah Region,geopotential_height500,gpm,12,12,5886.1636,5888.9608,5891.2572,5891.5137
handoff/mazu_like/mazu_like_20180623_00_lead024.nc,2018-06-23T00:00:00Z,24,2018-06-23T00:00:00Z,2018-06-24T00:00:00Z,SA-12,Al Jawf Region,daily_precip_total,mm,122,122,0.17646793,0.28562027,0.34694689,0.36423722
handoff/mazu_like/mazu_like_20180623_00_lead024.nc,2018-06-23T00:00:00Z,24,2018-06-23T00:00:00Z,2018-06-24T00:00:00Z,SA-12,Al Jawf Region,t2m_c,degC,122,122,27.871735,30.968735,32.328026,32.522766
handoff/mazu_like/mazu_like_20180623_00_lead024.nc,2018-06-23T00:00:00Z,24,2018-06-23T00:00:00Z,2018-06-24T00:00:00Z,SA-12,Al Jawf Region,tmax_c,degC,122,122,34.628754,37.056629,38.717126,38.907074
handoff/mazu_like/mazu_like_20180623_00_lead024.nc,2018-06-23T00:00:00Z,24,2018-06-23T00:00:00Z,2018-06-24T00:00:00Z,SA-12,Al Jawf Region,tmin_c,degC,122,122,21.257385,25.239619,26.956487,27.31485
handoff/mazu_like/mazu_like_20180623_00_lead024.nc,2018-06-23T00:00:00Z,24,2018-06-23T00:00:00Z,2018-06-24T00:00:00Z,SA-12,Al Jawf Region,wind10_speed,m s-1,122,122,3.1469474,5.0163686,6.1054456,6.5320811
handoff/mazu_like/mazu_like_20180623_00_lead024.nc,2018-06-23T00:00:00Z,24,2018-06-23T00:00:00Z,2018-06-24T00:00:00Z,SA-12,Al Jawf Region,pwat,kg m-2,122,122,15.404016,22.794409,27.626424,28.030047
handoff/mazu_like/mazu_like_20180623_00_lead024.nc,2018-06-23T00:00:00Z,24,2018-06-23T00:00:00Z,2018-06-24T00:00:00Z,SA-12,Al Jawf Region,ivt,kg m-1 s-1,122,122,108.08907,172.60302,205.72475,215.22792
handoff/mazu_like/mazu_like_20180623_00_lead024.nc,2018-06-23T00:00:00Z,24,2018-06-23T00:00:00Z,2018-06-24T00:00:00Z,SA-12,Al Jawf Region,wind850_speed,m s-1,122,122,5.4492636,8.4791886,10.140745,11.132097
handoff/mazu_like/mazu_like_20180623_00_lead024.nc,2018-06-23T00:00:00Z,24,2018-06-23T00:00:00Z,2018-06-24T00:00:00Z,SA-12,Al Jawf Region,wind_shear_850_200,m s-1,122,122,13.997815,15.294533,16.13831,16.964046
handoff/mazu_like/mazu_like_20180623_00_lead024.nc,2018-06-23T00:00:00Z,24,2018-06-23T00:00:00Z,2018-06-24T00:00:00Z,SA-12,Al Jawf Region,omega500,Pa s-1,122,122,-0.013418469,0.056853922,0.12744069,0.16677852
handoff/mazu_like/mazu_like_20180623_00_lead024.nc,2018-06-23T00:00:00Z,24,2018-06-23T00:00:00Z,2018-06-24T00:00:00Z,SA-12,Al Jawf Region,geopotential_height500,gpm,122,122,5883.1519,5900.0677,5904.7182,5905.2388
handoff/mazu_like/mazu_like_20180623_00_lead024.nc,2018-06-23T00:00:00Z,24,2018-06-23T00:00:00Z,2018-06-24T00:00:00Z,SA-14,Asir Region,daily_precip_total,mm,104,104,0.078450873,0.43541452,1.1495162,3.5116429
handoff/mazu_like/mazu_like_20180623_00_lead024.nc,2018-06-23T00:00:00Z,24,2018-06-23T00:00:00Z,2018-06-24T00:00:00Z,SA-14,Asir Region,t2m_c,degC,104,104,25.185394,30.578424,34.344852,35.547943
handoff/mazu_like/mazu_like_20180623_00_lead024.nc,2018-06-23T00:00:00Z,24,2018-06-23T00:00:00Z,2018-06-24T00:00:00Z,SA-14,Asir Region,tmax_c,degC,104,104,30.077362,35.974429,39.646159,40.403137
handoff/mazu_like/mazu_like_20180623_00_lead024.nc,2018-06-23T00:00:00Z,24,2018-06-23T00:00:00Z,2018-06-24T00:00:00Z,SA-14,Asir Region,tmin_c,degC,104,104,19.59848,24.812291,28.177751,31.657257
handoff/mazu_like/mazu_like_20180623_00_lead024.nc,2018-06-23T00:00:00Z,24,2018-06-23T00:00:00Z,2018-06-24T00:00:00Z,SA-14,Asir Region,wind10_speed,m s-1,104,104,1.1800411,3.0777407,3.8955741,4.0929742
handoff/mazu_like/mazu_like_20180623_00_lead024.nc,2018-06-23T00:00:00Z,24,2018-06-23T00:00:00Z,2018-06-24T00:00:00Z,SA-14,Asir Region,pwat,kg m-2,104,104,14.980398,19.0369,36.672809,41.064163
handoff/mazu_like/mazu_like_20180623_00_lead024.nc,2018-06-23T00:00:00Z,24,2018-06-23T00:00:00Z,2018-06-24T00:00:00Z,SA-14,Asir Region,ivt,kg m-1 s-1,104,104,63.865699,81.413104,117.3175,138.80835
handoff/mazu_like/mazu_like_20180623_00_lead024.nc,2018-06-23T00:00:00Z,24,2018-06-23T00:00:00Z,2018-06-24T00:00:00Z,SA-14,Asir Region,wind850_speed,m s-1,104,104,1.3256044,4.3342837,6.7791042,7.0501661
handoff/mazu_like/mazu_like_20180623_00_lead024.nc,2018-06-23T00:00:00Z,24,2018-06-23T00:00:00Z,2018-06-24T00:00:00Z,SA-14,Asir Region,wind_shear_850_200,m s-1,104,104,9.6399412,14.742088,19.676019,21.136677
handoff/mazu_like/mazu_like_20180623_00_lead024.nc,2018-06-23T00:00:00Z,24,2018-06-23T00:00:00Z,2018-06-24T00:00:00Z,SA-14,Asir Region,omega500,Pa s-1,104,104,-0.36947793,-0.064159873,0.021926428,0.039303351
handoff/mazu_like/mazu_like_20180623_00_lead024.nc,2018-06-23T00:00:00Z,24,2018-06-23T00:00:00Z,2018-06-24T00:00:00Z,SA-14,Asir Region,geopotential_height500,gpm,104,104,5877.2944,5881.9587,5886.094,5888.2056
handoff/mazu_like/mazu_like_20180623_00_lead048.nc,2018-06-23T00:00:00Z,48,2018-06-24T00:00:00Z,2018-06-25T00:00:00Z,SA-01,Riyadh Region,daily_precip_total,mm,531,531,0.042506471,0.26568416,0.36551322,0.41800162
handoff/mazu_like/mazu_like_20180623_00_lead048.nc,2018-06-23T00:00:00Z,48,2018-06-24T00:00:00Z,2018-06-25T00:00:00Z,SA-01,Riyadh Region,t2m_c,degC,531,531,32.765747,34.132909,35.274612,35.777191
handoff/mazu_like/mazu_like_20180623_00_lead048.nc,2018-06-23T00:00:00Z,48,2018-06-24T00:00:00Z,2018-06-25T00:00:00Z,SA-01,Riyadh Region,tmax_c,degC,531,531,37.982269,40.180964,41.811523,42.196869
handoff/mazu_like/mazu_like_20180623_00_lead048.nc,2018-06-23T00:00:00Z,48,2018-06-24T00:00:00Z,2018-06-25T00:00:00Z,SA-01,Riyadh Region,tmin_c,degC,531,531,25.884094,27.893648,29.678528,30.497925
handoff/mazu_like/mazu_like_20180623_00_lead048.nc,2018-06-23T00:00:00Z,48,2018-06-24T00:00:00Z,2018-06-25T00:00:00Z,SA-01,Riyadh Region,wind10_speed,m s-1,531,531,1.8642684,3.1880617,4.1395414,4.7406292
handoff/mazu_like/mazu_like_20180623_00_lead048.nc,2018-06-23T00:00:00Z,48,2018-06-24T00:00:00Z,2018-06-25T00:00:00Z,SA-01,Riyadh Region,pwat,kg m-2,531,531,10.807643,17.082772,19.322595,19.788661
handoff/mazu_like/mazu_like_20180623_00_lead048.nc,2018-06-23T00:00:00Z,48,2018-06-24T00:00:00Z,2018-06-25T00:00:00Z,SA-01,Riyadh Region,ivt,kg m-1 s-1,531,531,39.28169,71.211526,95.797496,103.64879
handoff/mazu_like/mazu_like_20180623_00_lead048.nc,2018-06-23T00:00:00Z,48,2018-06-24T00:00:00Z,2018-06-25T00:00:00Z,SA-01,Riyadh Region,wind850_speed,m s-1,531,531,3.9818707,5.8537848,8.1813722,9.6191273
handoff/mazu_like/mazu_like_20180623_00_lead048.nc,2018-06-23T00:00:00Z,48,2018-06-24T00:00:00Z,2018-06-25T00:00:00Z,SA-01,Riyadh Region,wind_shear_850_200,m s-1,531,531,5.7247796,11.049222,16.863137,18.655457
handoff/mazu_like/mazu_like_20180623_00_lead048.nc,2018-06-23T00:00:00Z,48,2018-06-24T00:00:00Z,2018-06-25T00:00:00Z,SA-01,Riyadh Region,omega500,Pa s-1,531,531,-0.046124324,0.0083576074,0.069774918,0.093142055
handoff/mazu_like/mazu_like_20180623_00_lead048.nc,2018-06-23T00:00:00Z,48,2018-06-24T00:00:00Z,2018-06-25T00:00:00Z,SA-01,Riyadh Region,geopotential_height500,gpm,531,531,5879.6323,5888.3028,5900.6135,5906.3701
handoff/mazu_like/mazu_like_20180623_00_lead048.nc,2018-06-23T00:00:00Z,48,2018-06-24T00:00:00Z,2018-06-25T00:00:00Z,SA-02,Makkah Region,daily_precip_total,mm,191,191,0.091898322,0.48991643,0.89033931,1.4575911
handoff/mazu_like/mazu_like_20180623_00_lead048.nc,2018-06-23T00:00:00Z,48,2018-06-24T00:00:00Z,2018-06-25T00:00:00Z,SA-02,Makkah Region,t2m_c,degC,191,191,28.944427,33.552535,35.306686,36.560516
handoff/mazu_like/mazu_like_20180623_00_lead048.nc,2018-06-23T00:00:00Z,48,2018-06-24T00:00:00Z,2018-06-25T00:00:00Z,SA-02,Makkah Region,tmax_c,degC,191,191,32.946808,38.768806,40.597534,42.492523
handoff/mazu_like/mazu_like_20180623_00_lead048.nc,2018-06-23T00:00:00Z,48,2018-06-24T00:00:00Z,2018-06-25T00:00:00Z,SA-02,Makkah Region,tmin_c,degC,191,191,24.312347,28.401067,31.038162,31.888824
handoff/mazu_like/mazu_like_20180623_00_lead048.nc,2018-06-23T00:00:00Z,48,2018-06-24T00:00:00Z,2018-06-25T00:00:00Z,SA-02,Makkah Region,wind10_speed,m s-1,191,191,1.1516192,2.8889403,3.9545822,6.0156708
handoff/mazu_like/mazu_like_20180623_00_lead048.nc,2018-06-23T00:00:00Z,48,2018-06-24T00:00:00Z,2018-06-25T00:00:00Z,SA-02,Makkah Region,pwat,kg m-2,191,191,15.716133,23.332084,35.738659,38.369566
handoff/mazu_like/mazu_like_20180623_00_lead048.nc,2018-06-23T00:00:00Z,48,2018-06-24T00:00:00Z,2018-06-25T00:00:00Z,SA-02,Makkah Region,ivt,kg m-1 s-1,191,191,32.734412,65.024629,83.491467,167.25014
handoff/mazu_like/mazu_like_20180623_00_lead048.nc,2018-06-23T00:00:00Z,48,2018-06-24T00:00:00Z,2018-06-25T00:00:00Z,SA-02,Makkah Region,wind850_speed,m s-1,191,191,1.4274017,5.0357076,6.583457,6.8414264
handoff/mazu_like/mazu_like_20180623_00_lead048.nc,2018-06-23T00:00:00Z,48,2018-06-24T00:00:00Z,2018-06-25T00:00:00Z,SA-02,Makkah Region,wind_shear_850_200,m s-1,191,191,5.683341,14.9994,23.435488,26.239288
handoff/mazu_like/mazu_like_20180623_00_lead048.nc,2018-06-23T00:00:00Z,48,2018-06-24T00:00:00Z,2018-06-25T00:00:00Z,SA-02,Makkah Region,omega500,Pa s-1,191,191,-0.32592386,-0.032466287,0.026566303,0.061524495
handoff/mazu_like/mazu_like_20180623_00_lead048.nc,2018-06-23T00:00:00Z,48,2018-06-24T00:00:00Z,2018-06-25T00:00:00Z,SA-02,Makkah Region,geopotential_height500,gpm,191,191,5878.5664,5888.2171,5892.6416,5895.0776
handoff/mazu_like/mazu_like_20180623_00_lead048.nc,2018-06-23T00:00:00Z,48,2018-06-24T00:00:00Z,2018-06-25T00:00:00Z,SA-03,Al Madinah Region,daily_precip_total,mm,207,207,0.053627644,0.43142729,0.60922763,0.71579361
handoff/mazu_like/mazu_like_20180623_00_lead048.nc,2018-06-23T00:00:00Z,48,2018-06-24T00:00:00Z,2018-06-25T00:00:00Z,SA-03,Al Madinah Region,t2m_c,degC,207,207,29.610992,34.768855,36.997021,37.83255
handoff/mazu_like/mazu_like_20180623_00_lead048.nc,2018-06-23T00:00:00Z,48,2018-06-24T00:00:00Z,2018-06-25T00:00:00Z,SA-03,Al Madinah Region,tmax_c,degC,207,207,34.650543,40.426394,43.328873,44.586487
handoff/mazu_like/mazu_like_20180623_00_lead048.nc,2018-06-23T00:00:00Z,48,2018-06-24T00:00:00Z,2018-06-25T00:00:00Z,SA-03,Al Madinah Region,tmin_c,degC,207,207,25.049591,29.53715,31.375226,32.068848
handoff/mazu_like/mazu_like_20180623_00_lead048.nc,2018-06-23T00:00:00Z,48,2018-06-24T00:00:00Z,2018-06-25T00:00:00Z,SA-03,Al Madinah Region,wind10_speed,m s-1,207,207,1.5949659,3.0873498,3.8068483,6.2198796
handoff/mazu_like/mazu_like_20180623_00_lead048.nc,2018-06-23T00:00:00Z,48,2018-06-24T00:00:00Z,2018-06-25T00:00:00Z,SA-03,Al Madinah Region,pwat,kg m-2,207,207,17.679425,20.547235,23.104488,23.743758
handoff/mazu_like/mazu_like_20180623_00_lead048.nc,2018-06-23T00:00:00Z,48,2018-06-24T00:00:00Z,2018-06-25T00:00:00Z,SA-03,Al Madinah Region,ivt,kg m-1 s-1,207,207,31.420032,52.297119,74.223834,84.827801
handoff/mazu_like/mazu_like_20180623_00_lead048.nc,2018-06-23T00:00:00Z,48,2018-06-24T00:00:00Z,2018-06-25T00:00:00Z,SA-03,Al Madinah Region,wind850_speed,m s-1,207,207,3.0991318,5.6799906,7.1562054,8.1611776
handoff/mazu_like/mazu_like_20180623_00_lead048.nc,2018-06-23T00:00:00Z,48,2018-06-24T00:00:00Z,2018-06-25T00:00:00Z,SA-03,Al Madinah Region,wind_shear_850_200,m s-1,207,207,3.2345295,8.3614038,12.015729,13.561218
handoff/mazu_like/mazu_like_20180623_00_lead048.nc,2018-06-23T00:00:00Z,48,2018-06-24T00:00:00Z,2018-06-25T00:00:00Z,SA-03,Al Madinah Region,omega500,Pa s-1,207,207,-0.10175573,0.018480914,0.090627848,0.11561958
handoff/mazu_like/mazu_like_20180623_00_lead048.nc,2018-06-23T00:00:00Z,48,2018-06-24T00:00:00Z,2018-06-25T00:00:00Z,SA-03,Al Madinah Region,geopotential_height500,gpm,207,207,5891.5723,5897.1373,5900.6156,5901.3667
handoff/mazu_like/mazu_like_20180623_00_lead048.nc,2018-06-23T00:00:00Z,48,2018-06-24T00:00:00Z,2018-06-25T00:00:00Z,SA-04,Eastern Region,daily_precip_total,mm,798,798,0.089702554,0.2896861,0.38748296,0.45122015
handoff/mazu_like/mazu_like_20180623_00_lead048.nc,2018-06-23T00:00:00Z,48,2018-06-24T00:00:00Z,2018-06-25T00:00:00Z,SA-04,Eastern Region,t2m_c,degC,798,798,32.598022,35.290349,36.759886,37.155243
handoff/mazu_like/mazu_like_20180623_00_lead048.nc,2018-06-23T00:00:00Z,48,2018-06-24T00:00:00Z,2018-06-25T00:00:00Z,SA-04,Eastern Region,tmax_c,degC,798,798,34.139038,42.092798,44.300099,45.055542
handoff/mazu_like/mazu_like_20180623_00_lead048.nc,2018-06-23T00:00:00Z,48,2018-06-24T00:00:00Z,2018-06-25T00:00:00Z,SA-04,Eastern Region,tmin_c,degC,798,798,26.258423,28.612039,30.601546,32.596375
handoff/mazu_like/mazu_like_20180623_00_lead048.nc,2018-06-23T00:00:00Z,48,2018-06-24T00:00:00Z,2018-06-25T00:00:00Z,SA-04,Eastern Region,wind10_speed,m s-1,798,798,1.8356423,4.0404754,5.4413337,6.3792362
handoff/mazu_like/mazu_like_20180623_00_lead048.nc,2018-06-23T00:00:00Z,48,2018-06-24T00:00:00Z,2018-06-25T00:00:00Z,SA-04,Eastern Region,pwat,kg m-2,798,798,10.671105,17.856177,23.588181,25.582296
handoff/mazu_like/mazu_like_20180623_00_lead048.nc,2018-06-23T00:00:00Z,48,2018-06-24T00:00:00Z,2018-06-25T00:00:00Z,SA-04,Eastern Region,ivt,kg m-1 s-1,798,798,34.470733,77.85601,124.35019,146.35492
handoff/mazu_like/mazu_like_20180623_00_lead048.nc,2018-06-23T00:00:00Z,48,2018-06-24T00:00:00Z,2018-06-25T00:00:00Z,SA-04,Eastern Region,wind850_speed,m s-1,798,798,4.0441766,7.1316436,10.161144,11.76778
handoff/mazu_like/mazu_like_20180623_00_lead048.nc,2018-06-23T00:00:00Z,48,2018-06-24T00:00:00Z,2018-06-25T00:00:00Z,SA-04,Eastern Region,wind_shear_850_200,m s-1,798,798,7.1083183,14.663457,20.125484,21.192564
handoff/mazu_like/mazu_like_20180623_00_lead048.nc,2018-06-23T00:00:00Z,48,2018-06-24T00:00:00Z,2018-06-25T00:00:00Z,SA-04,Eastern Region,omega500,Pa s-1,798,798,-0.035606652,0.048128722,0.13606864,0.1530847
handoff/mazu_like/mazu_like_20180623_00_lead048.nc,2018-06-23T00:00:00Z,48,2018-06-24T00:00:00Z,2018-06-25T00:00:00Z,SA-04,Eastern Region,geopotential_height500,gpm,798,798,5876.7607,5891.7829,5910.1162,5914.2891
handoff/mazu_like/mazu_like_20180623_00_lead048.nc,2018-06-23T00:00:00Z,48,2018-06-24T00:00:00Z,2018-06-25T00:00:00Z,SA-05,Al-Qassim Region,daily_precip_total,mm,96,96,0.26343632,0.32138745,0.37035967,0.38273871
handoff/mazu_like/mazu_like_20180623_00_lead048.nc,2018-06-23T00:00:00Z,48,2018-06-24T00:00:00Z,2018-06-25T00:00:00Z,SA-05,Al-Qassim Region,t2m_c,degC,96,96,33.339386,34.100432,35.142136,35.30896
handoff/mazu_like/mazu_like_20180623_00_lead048.nc,2018-06-23T00:00:00Z,48,2018-06-24T00:00:00Z,2018-06-25T00:00:00Z,SA-05,Al-Qassim Region,tmax_c,degC,96,96,38.990723,40.15703,40.751694,40.961884
handoff/mazu_like/mazu_like_20180623_00_lead048.nc,2018-06-23T00:00:00Z,48,2018-06-24T00:00:00Z,2018-06-25T00:00:00Z,SA-05,Al-Qassim Region,tmin_c,degC,96,96,26.890656,27.821464,29.498451,29.648407
handoff/mazu_like/mazu_like_20180623_00_lead048.nc,2018-06-23T00:00:00Z,48,2018-06-24T00:00:00Z,2018-06-25T00:00:00Z,SA-05,Al-Qassim Region,wind10_speed,m s-1,96,96,2.7236164,3.3579389,3.9575843,4.1637917
handoff/mazu_like/mazu_like_20180623_00_lead048.nc,2018-06-23T00:00:00Z,48,2018-06-24T00:00:00Z,2018-06-25T00:00:00Z,SA-05,Al-Qassim Region,pwat,kg m-2,96,96,14.579689,17.963105,20.1637,20.610859
handoff/mazu_like/mazu_like_20180623_00_lead048.nc,2018-06-23T00:00:00Z,48,2018-06-24T00:00:00Z,2018-06-25T00:00:00Z,SA-05,Al-Qassim Region,ivt,kg m-1 s-1,96,96,60.651851,91.774577,105.25309,106.07673
handoff/mazu_like/mazu_like_20180623_00_lead048.nc,2018-06-23T00:00:00Z,48,2018-06-24T00:00:00Z,2018-06-25T00:00:00Z,SA-05,Al-Qassim Region,wind850_speed,m s-1,96,96,5.4813876,6.4537303,7.2319162,7.3756418
handoff/mazu_like/mazu_like_20180623_00_lead048.nc,2018-06-23T00:00:00Z,48,2018-06-24T00:00:00Z,2018-06-25T00:00:00Z,SA-05,Al-Qassim Region,wind_shear_850_200,m s-1,96,96,5.753685,6.5707921,7.4758809,7.6835661
handoff/mazu_like/mazu_like_20180623_00_lead048.nc,2018-06-23T00:00:00Z,48,2018-06-24T00:00:00Z,2018-06-25T00:00:00Z,SA-05,Al-Qassim Region,omega500,Pa s-1,96,96,-0.062601268,-0.032030712,-0.013659344,0.0019151252
handoff/mazu_like/mazu_like_20180623_00_lead048.nc,2018-06-23T00:00:00Z,48,2018-06-24T00:00:00Z,2018-06-25T00:00:00Z,SA-05,Al-Qassim Region,geopotential_height500,gpm,96,96,5895.8555,5901.0262,5906.62,5908.1846
handoff/mazu_like/mazu_like_20180623_00_lead048.nc,2018-06-23T00:00:00Z,48,2018-06-24T00:00:00Z,2018-06-25T00:00:00Z,SA-06,Hail Region,daily_precip_total,mm,163,163,0.20851195,0.34248522,0.40938595,0.42222825
handoff/mazu_like/mazu_like_20180623_00_lead048.nc,2018-06-23T00:00:00Z,48,2018-06-24T00:00:00Z,2018-06-25T00:00:00Z,SA-06,Hail Region,t2m_c,degC,163,163,29.905609,32.602363,34.46731,34.910583
handoff/mazu_like/mazu_like_20180623_00_lead048.nc,2018-06-23T00:00:00Z,48,2018-06-24T00:00:00Z,2018-06-25T00:00:00Z,SA-06,Hail Region,tmax_c,degC,163,163,35.809875,38.51111,39.850876,40.342712
handoff/mazu_like/mazu_like_20180623_00_lead048.nc,2018-06-23T00:00:00Z,48,2018-06-24T00:00:00Z,2018-06-25T00:00:00Z,SA-06,Hail Region,tmin_c,degC,163,163,24.219147,26.866738,29.326749,29.511108
handoff/mazu_like/mazu_like_20180623_00_lead048.nc,2018-06-23T00:00:00Z,48,2018-06-24T00:00:00Z,2018-06-25T00:00:00Z,SA-06,Hail Region,wind10_speed,m s-1,163,163,2.5145338,3.2010483,3.7727911,4.180419
handoff/mazu_like/mazu_like_20180623_00_lead048.nc,2018-06-23T00:00:00Z,48,2018-06-24T00:00:00Z,2018-06-25T00:00:00Z,SA-06,Hail Region,pwat,kg m-2,163,163,16.357509,20.188449,22.307013,22.764848
handoff/mazu_like/mazu_like_20180623_00_lead048.nc,2018-06-23T00:00:00Z,48,2018-06-24T00:00:00Z,2018-06-25T00:00:00Z,SA-06,Hail Region,ivt,kg m-1 s-1,163,163,35.05143,71.293065,97.113908,104.185
handoff/mazu_like/mazu_like_20180623_00_lead048.nc,2018-06-23T00:00:00Z,48,2018-06-24T00:00:00Z,2018-06-25T00:00:00Z,SA-06,Hail Region,wind850_speed,m s-1,163,163,3.9740083,5.8106128,6.8722328,7.2392678
handoff/mazu_like/mazu_like_20180623_00_lead048.nc,2018-06-23T00:00:00Z,48,2018-06-24T00:00:00Z,2018-06-25T00:00:00Z,SA-06,Hail Region,wind_shear_850_200,m s-1,163,163,3.6862819,7.373806,8.7252799,9.7870693
handoff/mazu_like/mazu_like_20180623_00_lead048.nc,2018-06-23T00:00:00Z,48,2018-06-24T00:00:00Z,2018-06-25T00:00:00Z,SA-06,Hail Region,omega500,Pa s-1,163,163,-0.038431436,0.012184107,0.056746934,0.095885307
handoff/mazu_like/mazu_like_20180623_00_lead048.nc,2018-06-23T00:00:00Z,48,2018-06-24T00:00:00Z,2018-06-25T00:00:00Z,SA-06,Hail Region,geopotential_height500,gpm,163,163,5899.3853,5904.4306,5908.6896,5909.5889
handoff/mazu_like/mazu_like_20180623_00_lead048.nc,2018-06-23T00:00:00Z,48,2018-06-24T00:00:00Z,2018-06-25T00:00:00Z,SA-07,Tabuk Region,daily_precip_total,mm,205,205,0,0.35684305,0.49542348,0.56963807
handoff/mazu_like/mazu_like_20180623_00_lead048.nc,2018-06-23T00:00:00Z,48,2018-06-24T00:00:00Z,2018-06-25T00:00:00Z,SA-07,Tabuk Region,t2m_c,degC,205,205,26.194244,31.13139,35.060577,35.81424
handoff/mazu_like/mazu_like_20180623_00_lead048.nc,2018-06-23T00:00:00Z,48,2018-06-24T00:00:00Z,2018-06-25T00:00:00Z,SA-07,Tabuk Region,tmax_c,degC,205,205,30.556641,36.643861,40.766174,42.580902
handoff/mazu_like/mazu_like_20180623_00_lead048.nc,2018-06-23T00:00:00Z,48,2018-06-24T00:00:00Z,2018-06-25T00:00:00Z,SA-07,Tabuk Region,tmin_c,degC,205,205,20.792725,26.279212,29.474347,29.948975
handoff/mazu_like/mazu_like_20180623_00_lead048.nc,2018-06-23T00:00:00Z,48,2018-06-24T00:00:00Z,2018-06-25T00:00:00Z,SA-07,Tabuk Region,wind10_speed,m s-1,205,205,1.9878776,3.4214937,5.2216754,9.9752312
handoff/mazu_like/mazu_like_20180623_00_lead048.nc,2018-06-23T00:00:00Z,48,2018-06-24T00:00:00Z,2018-06-25T00:00:00Z,SA-07,Tabuk Region,pwat,kg m-2,205,205,19.585887,23.084713,25.033779,26.905765
handoff/mazu_like/mazu_like_20180623_00_lead048.nc,2018-06-23T00:00:00Z,48,2018-06-24T00:00:00Z,2018-06-25T00:00:00Z,SA-07,Tabuk Region,ivt,kg m-1 s-1,205,205,32.317669,54.630238,70.461342,81.119654
handoff/mazu_like/mazu_like_20180623_00_lead048.nc,2018-06-23T00:00:00Z,48,2018-06-24T00:00:00Z,2018-06-25T00:00:00Z,SA-07,Tabuk Region,wind850_speed,m s-1,205,205,1.5547513,5.1704906,6.857586,7.2078104
handoff/mazu_like/mazu_like_20180623_00_lead048.nc,2018-06-23T00:00:00Z,48,2018-06-24T00:00:00Z,2018-06-25T00:00:00Z,SA-07,Tabuk Region,wind_shear_850_200,m s-1,205,205,7.2016897,12.006649,17.081426,20.618645
handoff/mazu_like/mazu_like_20180623_00_lead048.nc,2018-06-23T00:00:00Z,48,2018-06-24T00:00:00Z,2018-06-25T00:00:00Z,SA-07,Tabuk Region,omega500,Pa s-1,205,205,-0.03346359,0.049360558,0.098590335,0.14645478
handoff/mazu_like/mazu_like_20180623_00_lead048.nc,2018-06-23T00:00:00Z,48,2018-06-24T00:00:00Z,2018-06-25T00:00:00Z,SA-07,Tabuk Region,geopotential_height500,gpm,205,205,5881.1079,5895.5621,5901.9467,5903.0806
handoff/mazu_like/mazu_like_20180623_00_lead048.nc,2018-06-23T00:00:00Z,48,2018-06-24T00:00:00Z,2018-06-25T00:00:00Z,SA-08,Northern Borders Region,daily_precip_total,mm,169,169,0.30099013,0.37527705,0.43045381,0.44886032
handoff/mazu_like/mazu_like_20180623_00_lead048.nc,2018-06-23T00:00:00Z,48,2018-06-24T00:00:00Z,2018-06-25T00:00:00Z,SA-08,Northern Borders Region,t2m_c,degC,169,169,28.080292,31.959973,33.845917,33.908722
handoff/mazu_like/mazu_like_20180623_00_lead048.nc,2018-06-23T00:00:00Z,48,2018-06-24T00:00:00Z,2018-06-25T00:00:00Z,SA-08,Northern Borders Region,tmax_c,degC,169,169,34.737396,38.488399,40.324872,40.49292
handoff/mazu_like/mazu_like_20180623_00_lead048.nc,2018-06-23T00:00:00Z,48,2018-06-24T00:00:00Z,2018-06-25T00:00:00Z,SA-08,Northern Borders Region,tmin_c,degC,169,169,22.515686,25.968625,27.901276,28.591309
handoff/mazu_like/mazu_like_20180623_00_lead048.nc,2018-06-23T00:00:00Z,48,2018-06-24T00:00:00Z,2018-06-25T00:00:00Z,SA-08,Northern Borders Region,wind10_speed,m s-1,169,169,2.7915349,3.5863654,4.6190177,5.4563308
handoff/mazu_like/mazu_like_20180623_00_lead048.nc,2018-06-23T00:00:00Z,48,2018-06-24T00:00:00Z,2018-06-25T00:00:00Z,SA-08,Northern Borders Region,pwat,kg m-2,169,169,12.961297,18.41438,21.991202,23.018463
handoff/mazu_like/mazu_like_20180623_00_lead048.nc,2018-06-23T00:00:00Z,48,2018-06-24T00:00:00Z,2018-06-25T00:00:00Z,SA-08,Northern Borders Region,ivt,kg m-1 s-1,169,169,90.501356,117.89194,157.27966,168.97366
handoff/mazu_like/mazu_like_20180623_00_lead048.nc,2018-06-23T00:00:00Z,48,2018-06-24T00:00:00Z,2018-06-25T00:00:00Z,SA-08,Northern Borders Region,wind850_speed,m s-1,169,169,3.5733225,5.6319983,9.492206,11.790337
handoff/mazu_like/mazu_like_20180623_00_lead048.nc,2018-06-23T00:00:00Z,48,2018-06-24T00:00:00Z,2018-06-25T00:00:00Z,SA-08,Northern Borders Region,wind_shear_850_200,m s-1,169,169,7.2384286,9.6094806,14.017457,15.042702
handoff/mazu_like/mazu_like_20180623_00_lead048.nc,2018-06-23T00:00:00Z,48,2018-06-24T00:00:00Z,2018-06-25T00:00:00Z,SA-08,Northern Borders Region,omega500,Pa s-1,169,169,-0.036265485,0.013548282,0.075118332,0.11114187
handoff/mazu_like/mazu_like_20180623_00_lead048.nc,2018-06-23T00:00:00Z,48,2018-06-24T00:00:00Z,2018-06-25T00:00:00Z,SA-08,Northern Borders Region,geopotential_height500,gpm,169,169,5878.9492,5904.1367,5912.9172,5913.6943
handoff/mazu_like/mazu_like_20180623_00_lead048.nc,2018-06-23T00:00:00Z,48,2018-06-24T00:00:00Z,2018-06-25T00:00:00Z,SA-09,Jazan Region,daily_precip_total,mm,22,22,0.31029165,0.73586969,1.1679826,2.3320301
handoff/mazu_like/mazu_like_20180623_00_lead048.nc,2018-06-23T00:00:00Z,48,2018-06-24T00:00:00Z,2018-06-25T00:00:00Z,SA-09,Jazan Region,t2m_c,degC,22,22,28.025208,34.848024,37.546347,37.582336
handoff/mazu_like/mazu_like_20180623_00_lead048.nc,2018-06-23T00:00:00Z,48,2018-06-24T00:00:00Z,2018-06-25T00:00:00Z,SA-09,Jazan Region,tmax_c,degC,22,22,32.901886,38.634981,42.042848,42.076324
handoff/mazu_like/mazu_like_20180623_00_lead048.nc,2018-06-23T00:00:00Z,48,2018-06-24T00:00:00Z,2018-06-25T00:00:00Z,SA-09,Jazan Region,tmin_c,degC,22,22,22.812195,30.849568,33.167381,33.478088
handoff/mazu_like/mazu_like_20180623_00_lead048.nc,2018-06-23T00:00:00Z,48,2018-06-24T00:00:00Z,2018-06-25T00:00:00Z,SA-09,Jazan Region,wind10_speed,m s-1,22,22,1.670346,3.2550088,5.2626642,5.8193021
handoff/mazu_like/mazu_like_20180623_00_lead048.nc,2018-06-23T00:00:00Z,48,2018-06-24T00:00:00Z,2018-06-25T00:00:00Z,SA-09,Jazan Region,pwat,kg m-2,22,22,27.380721,34.990145,39.169631,40.145282
handoff/mazu_like/mazu_like_20180623_00_lead048.nc,2018-06-23T00:00:00Z,48,2018-06-24T00:00:00Z,2018-06-25T00:00:00Z,SA-09,Jazan Region,ivt,kg m-1 s-1,22,22,59.773929,104.99018,150.36268,160.35785
handoff/mazu_like/mazu_like_20180623_00_lead048.nc,2018-06-23T00:00:00Z,48,2018-06-24T00:00:00Z,2018-06-25T00:00:00Z,SA-09,Jazan Region,wind850_speed,m s-1,22,22,1.801965,2.9511438,4.5344296,4.7161903
handoff/mazu_like/mazu_like_20180623_00_lead048.nc,2018-06-23T00:00:00Z,48,2018-06-24T00:00:00Z,2018-06-25T00:00:00Z,SA-09,Jazan Region,wind_shear_850_200,m s-1,22,22,24.392754,25.674628,26.45224,27.062874
handoff/mazu_like/mazu_like_20180623_00_lead048.nc,2018-06-23T00:00:00Z,48,2018-06-24T00:00:00Z,2018-06-25T00:00:00Z,SA-09,Jazan Region,omega500,Pa s-1,22,22,-0.14414051,-0.045638028,0.0040829289,0.0087607428
handoff/mazu_like/mazu_like_20180623_00_lead048.nc,2018-06-23T00:00:00Z,48,2018-06-24T00:00:00Z,2018-06-25T00:00:00Z,SA-09,Jazan Region,geopotential_height500,gpm,22,22,5874.5581,5877.726,5879.9732,5880.1064
handoff/mazu_like/mazu_like_20180623_00_lead048.nc,2018-06-23T00:00:00Z,48,2018-06-24T00:00:00Z,2018-06-25T00:00:00Z,SA-10,Najran Region,daily_precip_total,mm,123,123,0.20204516,0.31712913,0.3947954,0.42035055
handoff/mazu_like/mazu_like_20180623_00_lead048.nc,2018-06-23T00:00:00Z,48,2018-06-24T00:00:00Z,2018-06-25T00:00:00Z,SA-10,Najran Region,t2m_c,degC,123,123,26.548065,32.918459,34.868591,35.257507
handoff/mazu_like/mazu_like_20180623_00_lead048.nc,2018-06-23T00:00:00Z,48,2018-06-24T00:00:00Z,2018-06-25T00:00:00Z,SA-10,Najran Region,tmax_c,degC,123,123,31.282074,38.997885,41.162994,41.591858
handoff/mazu_like/mazu_like_20180623_00_lead048.nc,2018-06-23T00:00:00Z,48,2018-06-24T00:00:00Z,2018-06-25T00:00:00Z,SA-10,Najran Region,tmin_c,degC,123,123,22.456146,26.979444,28.532922,29.138153
handoff/mazu_like/mazu_like_20180623_00_lead048.nc,2018-06-23T00:00:00Z,48,2018-06-24T00:00:00Z,2018-06-25T00:00:00Z,SA-10,Najran Region,wind10_speed,m s-1,123,123,2.3511543,3.2418924,3.846606,3.9059026
handoff/mazu_like/mazu_like_20180623_00_lead048.nc,2018-06-23T00:00:00Z,48,2018-06-24T00:00:00Z,2018-06-25T00:00:00Z,SA-10,Najran Region,pwat,kg m-2,123,123,18.281224,20.177309,22.142941,23.699393
handoff/mazu_like/mazu_like_20180623_00_lead048.nc,2018-06-23T00:00:00Z,48,2018-06-24T00:00:00Z,2018-06-25T00:00:00Z,SA-10,Najran Region,ivt,kg m-1 s-1,123,123,70.593243,102.38108,134.66105,151.26322
handoff/mazu_like/mazu_like_20180623_00_lead048.nc,2018-06-23T00:00:00Z,48,2018-06-24T00:00:00Z,2018-06-25T00:00:00Z,SA-10,Najran Region,wind850_speed,m s-1,123,123,2.8741539,6.3596689,7.8030827,8.4858837
handoff/mazu_like/mazu_like_20180623_00_lead048.nc,2018-06-23T00:00:00Z,48,2018-06-24T00:00:00Z,2018-06-25T00:00:00Z,SA-10,Najran Region,wind_shear_850_200,m s-1,123,123,16.85,19.191281,21.660122,23.064642
handoff/mazu_like/mazu_like_20180623_00_lead048.nc,2018-06-23T00:00:00Z,48,2018-06-24T00:00:00Z,2018-06-25T00:00:00Z,SA-10,Najran Region,omega500,Pa s-1,123,123,-0.020551162,0.010937004,0.030322627,0.038614795
handoff/mazu_like/mazu_like_20180623_00_lead048.nc,2018-06-23T00:00:00Z,48,2018-06-24T00:00:00Z,2018-06-25T00:00:00Z,SA-10,Najran Region,geopotential_height500,gpm,123,123,5875.8813,5880.2596,5882.7156,5883.4956
handoff/mazu_like/mazu_like_20180623_00_lead048.nc,2018-06-23T00:00:00Z,48,2018-06-24T00:00:00Z,2018-06-25T00:00:00Z,SA-11,Al Bahah Region,daily_precip_total,mm,12,12,0.3948313,0.89861506,2.00506,2.1260211
handoff/mazu_like/mazu_like_20180623_00_lead048.nc,2018-06-23T00:00:00Z,48,2018-06-24T00:00:00Z,2018-06-25T00:00:00Z,SA-11,Al Bahah Region,t2m_c,degC,12,12,29.178741,31.678827,34.911775,35.036804
handoff/mazu_like/mazu_like_20180623_00_lead048.nc,2018-06-23T00:00:00Z,48,2018-06-24T00:00:00Z,2018-06-25T00:00:00Z,SA-11,Al Bahah Region,tmax_c,degC,12,12,33.308868,36.081083,39.234294,39.429382
handoff/mazu_like/mazu_like_20180623_00_lead048.nc,2018-06-23T00:00:00Z,48,2018-06-24T00:00:00Z,2018-06-25T00:00:00Z,SA-11,Al Bahah Region,tmin_c,degC,12,12,24.992523,27.431867,31.220633,31.561462
handoff/mazu_like/mazu_like_20180623_00_lead048.nc,2018-06-23T00:00:00Z,48,2018-06-24T00:00:00Z,2018-06-25T00:00:00Z,SA-11,Al Bahah Region,wind10_speed,m s-1,12,12,1.2039479,2.2517221,3.1050052,3.1684456
handoff/mazu_like/mazu_like_20180623_00_lead048.nc,2018-06-23T00:00:00Z,48,2018-06-24T00:00:00Z,2018-06-25T00:00:00Z,SA-11,Al Bahah Region,pwat,kg m-2,12,12,17.186455,28.493985,36.882381,37.125315
handoff/mazu_like/mazu_like_20180623_00_lead048.nc,2018-06-23T00:00:00Z,48,2018-06-24T00:00:00Z,2018-06-25T00:00:00Z,SA-11,Al Bahah Region,ivt,kg m-1 s-1,12,12,68.220434,78.040297,86.376082,86.739023
handoff/mazu_like/mazu_like_20180623_00_lead048.nc,2018-06-23T00:00:00Z,48,2018-06-24T00:00:00Z,2018-06-25T00:00:00Z,SA-11,Al Bahah Region,wind850_speed,m s-1,12,12,1.4153597,2.7421002,3.6229857,3.74628
handoff/mazu_like/mazu_like_20180623_00_lead048.nc,2018-06-23T00:00:00Z,48,2018-06-24T00:00:00Z,2018-06-25T00:00:00Z,SA-11,Al Bahah Region,wind_shear_850_200,m s-1,12,12,16.452578,20.272451,23.662562,23.754314
handoff/mazu_like/mazu_like_20180623_00_lead048.nc,2018-06-23T00:00:00Z,48,2018-06-24T00:00:00Z,2018-06-25T00:00:00Z,SA-11,Al Bahah Region,omega500,Pa s-1,12,12,-0.27385074,-0.12854503,-0.035762914,-0.033348635
handoff/mazu_like/mazu_like_20180623_00_lead048.nc,2018-06-23T00:00:00Z,48,2018-06-24T00:00:00Z,2018-06-25T00:00:00Z,SA-11,Al Bahah Region,geopotential_height500,gpm,12,12,5881.8843,5885.1352,5888.4679,5889.1514
handoff/mazu_like/mazu_like_20180623_00_lead048.nc,2018-06-23T00:00:00Z,48,2018-06-24T00:00:00Z,2018-06-25T00:00:00Z,SA-12,Al Jawf Region,daily_precip_total,mm,122,122,0.27309296,0.37405948,0.42242832,0.44069341
handoff/mazu_like/mazu_like_20180623_00_lead048.nc,2018-06-23T00:00:00Z,48,2018-06-24T00:00:00Z,2018-06-25T00:00:00Z,SA-12,Al Jawf Region,t2m_c,degC,122,122,27.861542,30.937959,32.595087,32.924591
handoff/mazu_like/mazu_like_20180623_00_lead048.nc,2018-06-23T00:00:00Z,48,2018-06-24T00:00:00Z,2018-06-25T00:00:00Z,SA-12,Al Jawf Region,tmax_c,degC,122,122,34.649139,37.268011,39.041228,39.355499
handoff/mazu_like/mazu_like_20180623_00_lead048.nc,2018-06-23T00:00:00Z,48,2018-06-24T00:00:00Z,2018-06-25T00:00:00Z,SA-12,Al Jawf Region,tmin_c,degC,122,122,22.256134,25.620611,26.562708,26.605896
handoff/mazu_like/mazu_like_20180623_00_lead048.nc,2018-06-23T00:00:00Z,48,2018-06-24T00:00:00Z,2018-06-25T00:00:00Z,SA-12,Al Jawf Region,wind10_speed,m s-1,122,122,2.9408674,3.8420269,4.6910241,5.1477714
handoff/mazu_like/mazu_like_20180623_00_lead048.nc,2018-06-23T00:00:00Z,48,2018-06-24T00:00:00Z,2018-06-25T00:00:00Z,SA-12,Al Jawf Region,pwat,kg m-2,122,122,19.135006,21.347889,23.624338,24.457908
handoff/mazu_like/mazu_like_20180623_00_lead048.nc,2018-06-23T00:00:00Z,48,2018-06-24T00:00:00Z,2018-06-25T00:00:00Z,SA-12,Al Jawf Region,ivt,kg m-1 s-1,122,122,49.766756,107.96439,164.29445,185.91595
handoff/mazu_like/mazu_like_20180623_00_lead048.nc,2018-06-23T00:00:00Z,48,2018-06-24T00:00:00Z,2018-06-25T00:00:00Z,SA-12,Al Jawf Region,wind850_speed,m s-1,122,122,3.2870035,4.138436,4.6825332,5.6493344
handoff/mazu_like/mazu_like_20180623_00_lead048.nc,2018-06-23T00:00:00Z,48,2018-06-24T00:00:00Z,2018-06-25T00:00:00Z,SA-12,Al Jawf Region,wind_shear_850_200,m s-1,122,122,7.9115882,11.220017,15.445523,15.992205
handoff/mazu_like/mazu_like_20180623_00_lead048.nc,2018-06-23T00:00:00Z,48,2018-06-24T00:00:00Z,2018-06-25T00:00:00Z,SA-12,Al Jawf Region,omega500,Pa s-1,122,122,-0.047158923,0.020817594,0.058410908,0.082676172
handoff/mazu_like/mazu_like_20180623_00_lead048.nc,2018-06-23T00:00:00Z,48,2018-06-24T00:00:00Z,2018-06-25T00:00:00Z,SA-12,Al Jawf Region,geopotential_height500,gpm,122,122,5878.4131,5899.6113,5907.9187,5908.5898
handoff/mazu_like/mazu_like_20180623_00_lead048.nc,2018-06-23T00:00:00Z,48,2018-06-24T00:00:00Z,2018-06-25T00:00:00Z,SA-14,Asir Region,daily_precip_total,mm,104,104,0.15863346,0.4688812,1.0968586,1.9591463
handoff/mazu_like/mazu_like_20180623_00_lead048.nc,2018-06-23T00:00:00Z,48,2018-06-24T00:00:00Z,2018-06-25T00:00:00Z,SA-14,Asir Region,t2m_c,degC,104,104,24.803223,30.535807,34.042621,34.81665
handoff/mazu_like/mazu_like_20180623_00_lead048.nc,2018-06-23T00:00:00Z,48,2018-06-24T00:00:00Z,2018-06-25T00:00:00Z,SA-14,Asir Region,tmax_c,degC,104,104,29.791992,35.988265,39.833394,40.754639
handoff/mazu_like/mazu_like_20180623_00_lead048.nc,2018-06-23T00:00:00Z,48,2018-06-24T00:00:00Z,2018-06-25T00:00:00Z,SA-14,Asir Region,tmin_c,degC,104,104,19.985779,24.90743,28.132069,31.351501
handoff/mazu_like/mazu_like_20180623_00_lead048.nc,2018-06-23T00:00:00Z,48,2018-06-24T00:00:00Z,2018-06-25T00:00:00Z,SA-14,Asir Region,wind10_speed,m s-1,104,104,0.94691461,2.9291408,3.7833443,3.9469707
handoff/mazu_like/mazu_like_20180623_00_lead048.nc,2018-06-23T00:00:00Z,48,2018-06-24T00:00:00Z,2018-06-25T00:00:00Z,SA-14,Asir Region,pwat,kg m-2,104,104,14.811683,19.488212,36.316408,37.656411
handoff/mazu_like/mazu_like_20180623_00_lead048.nc,2018-06-23T00:00:00Z,48,2018-06-24T00:00:00Z,2018-06-25T00:00:00Z,SA-14,Asir Region,ivt,kg m-1 s-1,104,104,54.413591,71.256381,102.62999,130.1685
handoff/mazu_like/mazu_like_20180623_00_lead048.nc,2018-06-23T00:00:00Z,48,2018-06-24T00:00:00Z,2018-06-25T00:00:00Z,SA-14,Asir Region,wind850_speed,m s-1,104,104,0.9272449,4.1336076,5.5254791,5.8417444
handoff/mazu_like/mazu_like_20180623_00_lead048.nc,2018-06-23T00:00:00Z,48,2018-06-24T00:00:00Z,2018-06-25T00:00:00Z,SA-14,Asir Region,wind_shear_850_200,m s-1,104,104,13.82556,18.746502,24.86445,25.88776
handoff/mazu_like/mazu_like_20180623_00_lead048.nc,2018-06-23T00:00:00Z,48,2018-06-24T00:00:00Z,2018-06-25T00:00:00Z,SA-14,Asir Region,omega500,Pa s-1,104,104,-0.21364817,-0.022173166,0.035302069,0.050522111
handoff/mazu_like/mazu_like_20180623_00_lead048.nc,2018-06-23T00:00:00Z,48,2018-06-24T00:00:00Z,2018-06-25T00:00:00Z,SA-14,Asir Region,geopotential_height500,gpm,104,104,5876.9248,5880.7656,5883.2848,5885.626
handoff/mazu_like/mazu_like_20180623_00_lead072.nc,2018-06-23T00:00:00Z,72,2018-06-25T00:00:00Z,2018-06-26T00:00:00Z,SA-01,Riyadh Region,daily_precip_total,mm,531,531,0.079958849,0.32655531,0.41065757,0.51482964
handoff/mazu_like/mazu_like_20180623_00_lead072.nc,2018-06-23T00:00:00Z,72,2018-06-25T00:00:00Z,2018-06-26T00:00:00Z,SA-01,Riyadh Region,t2m_c,degC,531,531,33.569916,34.831714,35.948364,36.332733
handoff/mazu_like/mazu_like_20180623_00_lead072.nc,2018-06-23T00:00:00Z,72,2018-06-25T00:00:00Z,2018-06-26T00:00:00Z,SA-01,Riyadh Region,tmax_c,degC,531,531,38.573425,41.030644,42.820618,43.37381
handoff/mazu_like/mazu_like_20180623_00_lead072.nc,2018-06-23T00:00:00Z,72,2018-06-25T00:00:00Z,2018-06-26T00:00:00Z,SA-01,Riyadh Region,tmin_c,degC,531,531,26.780609,28.56905,29.584427,30.268463
handoff/mazu_like/mazu_like_20180623_00_lead072.nc,2018-06-23T00:00:00Z,72,2018-06-25T00:00:00Z,2018-06-26T00:00:00Z,SA-01,Riyadh Region,wind10_speed,m s-1,531,531,0.91759807,2.9643367,4.1801608,4.6205401
handoff/mazu_like/mazu_like_20180623_00_lead072.nc,2018-06-23T00:00:00Z,72,2018-06-25T00:00:00Z,2018-06-26T00:00:00Z,SA-01,Riyadh Region,pwat,kg m-2,531,531,12.932816,17.159264,19.912866,20.863018
handoff/mazu_like/mazu_like_20180623_00_lead072.nc,2018-06-23T00:00:00Z,72,2018-06-25T00:00:00Z,2018-06-26T00:00:00Z,SA-01,Riyadh Region,ivt,kg m-1 s-1,531,531,28.167046,70.233092,120.08643,133.70966
handoff/mazu_like/mazu_like_20180623_00_lead072.nc,2018-06-23T00:00:00Z,72,2018-06-25T00:00:00Z,2018-06-26T00:00:00Z,SA-01,Riyadh Region,wind850_speed,m s-1,531,531,2.0373287,5.2798824,8.2266316,9.2885456
handoff/mazu_like/mazu_like_20180623_00_lead072.nc,2018-06-23T00:00:00Z,72,2018-06-25T00:00:00Z,2018-06-26T00:00:00Z,SA-01,Riyadh Region,wind_shear_850_200,m s-1,531,531,3.4001637,10.077271,15.941112,16.538519
handoff/mazu_like/mazu_like_20180623_00_lead072.nc,2018-06-23T00:00:00Z,72,2018-06-25T00:00:00Z,2018-06-26T00:00:00Z,SA-01,Riyadh Region,omega500,Pa s-1,531,531,-0.04676595,0.015964883,0.069881473,0.10162597
handoff/mazu_like/mazu_like_20180623_00_lead072.nc,2018-06-23T00:00:00Z,72,2018-06-25T00:00:00Z,2018-06-26T00:00:00Z,SA-01,Riyadh Region,geopotential_height500,gpm,531,531,5885.6865,5892.6567,5905.1794,5910.0601
handoff/mazu_like/mazu_like_20180623_00_lead072.nc,2018-06-23T00:00:00Z,72,2018-06-25T00:00:00Z,2018-06-26T00:00:00Z,SA-02,Makkah Region,daily_precip_total,mm,191,191,0.023344398,0.47683838,0.77447337,1.3246014
handoff/mazu_like/mazu_like_20180623_00_lead072.nc,2018-06-23T00:00:00Z,72,2018-06-25T00:00:00Z,2018-06-26T00:00:00Z,SA-02,Makkah Region,t2m_c,degC,191,191,28.806824,33.610631,35.065399,35.638214
handoff/mazu_like/mazu_like_20180623_00_lead072.nc,2018-06-23T00:00:00Z,72,2018-06-25T00:00:00Z,2018-06-26T00:00:00Z,SA-02,Makkah Region,tmax_c,degC,191,191,33.170593,38.958532,40.895966,41.289948
handoff/mazu_like/mazu_like_20180623_00_lead072.nc,2018-06-23T00:00:00Z,72,2018-06-25T00:00:00Z,2018-06-26T00:00:00Z,SA-02,Makkah Region,tmin_c,degC,191,191,24.516174,28.815221,31.117325,32.030365
handoff/mazu_like/mazu_like_20180623_00_lead072.nc,2018-06-23T00:00:00Z,72,2018-06-25T00:00:00Z,2018-06-26T00:00:00Z,SA-02,Makkah Region,wind10_speed,m s-1,191,191,0.82598704,2.5579258,3.9802122,5.7860994
handoff/mazu_like/mazu_like_20180623_00_lead072.nc,2018-06-23T00:00:00Z,72,2018-06-25T00:00:00Z,2018-06-26T00:00:00Z,SA-02,Makkah Region,pwat,kg m-2,191,191,17.488233,25.113633,37.40255,40.188384
handoff/mazu_like/mazu_like_20180623_00_lead072.nc,2018-06-23T00:00:00Z,72,2018-06-25T00:00:00Z,2018-06-26T00:00:00Z,SA-02,Makkah Region,ivt,kg m-1 s-1,191,191,29.770259,61.686364,82.491642,97.639591
handoff/mazu_like/mazu_like_20180623_00_lead072.nc,2018-06-23T00:00:00Z,72,2018-06-25T00:00:00Z,2018-06-26T00:00:00Z,SA-02,Makkah Region,wind850_speed,m s-1,191,191,1.3781533,4.7075578,7.0314415,7.4547224
handoff/mazu_like/mazu_like_20180623_00_lead072.nc,2018-06-23T00:00:00Z,72,2018-06-25T00:00:00Z,2018-06-26T00:00:00Z,SA-02,Makkah Region,wind_shear_850_200,m s-1,191,191,6.4929533,15.873427,23.365372,25.978889
handoff/mazu_like/mazu_like_20180623_00_lead072.nc,2018-06-23T00:00:00Z,72,2018-06-25T00:00:00Z,2018-06-26T00:00:00Z,SA-02,Makkah Region,omega500,Pa s-1,191,191,-0.30928725,-0.011590737,0.062249323,0.10301492
handoff/mazu_like/mazu_like_20180623_00_lead072.nc,2018-06-23T00:00:00Z,72,2018-06-25T00:00:00Z,2018-06-26T00:00:00Z,SA-02,Makkah Region,geopotential_height500,gpm,191,191,5884.48,5891.2265,5894.2983,5896.2397
handoff/mazu_like/mazu_like_20180623_00_lead072.nc,2018-06-23T00:00:00Z,72,2018-06-25T00:00:00Z,2018-06-26T00:00:00Z,SA-03,Al Madinah Region,daily_precip_total,mm,207,207,0,0.41988124,0.59804559,0.69990206
handoff/mazu_like/mazu_like_20180623_00_lead072.nc,2018-06-23T00:00:00Z,72,2018-06-25T00:00:00Z,2018-06-26T00:00:00Z,SA-03,Al Madinah Region,t2m_c,degC,207,207,29.525482,34.691541,36.487109,36.945892
handoff/mazu_like/mazu_like_20180623_00_lead072.nc,2018-06-23T00:00:00Z,72,2018-06-25T00:00:00Z,2018-06-26T00:00:00Z,SA-03,Al Madinah Region,tmax_c,degC,207,207,33.516052,40.446936,42.828177,43.891113
handoff/mazu_like/mazu_like_20180623_00_lead072.nc,2018-06-23T00:00:00Z,72,2018-06-25T00:00:00Z,2018-06-26T00:00:00Z,SA-03,Al Madinah Region,tmin_c,degC,207,207,23.693329,29.292595,31.150153,31.598969
handoff/mazu_like/mazu_like_20180623_00_lead072.nc,2018-06-23T00:00:00Z,72,2018-06-25T00:00:00Z,2018-06-26T00:00:00Z,SA-03,Al Madinah Region,wind10_speed,m s-1,207,207,1.7373776,2.9922147,4.198595,6.6369629
handoff/mazu_like/mazu_like_20180623_00_lead072.nc,2018-06-23T00:00:00Z,72,2018-06-25T00:00:00Z,2018-06-26T00:00:00Z,SA-03,Al Madinah Region,pwat,kg m-2,207,207,18.138135,22.247555,26.359869,27.746918
handoff/mazu_like/mazu_like_20180623_00_lead072.nc,2018-06-23T00:00:00Z,72,2018-06-25T00:00:00Z,2018-06-26T00:00:00Z,SA-03,Al Madinah Region,ivt,kg m-1 s-1,207,207,21.538972,52.964669,83.846293,99.148948
handoff/mazu_like/mazu_like_20180623_00_lead072.nc,2018-06-23T00:00:00Z,72,2018-06-25T00:00:00Z,2018-06-26T00:00:00Z,SA-03,Al Madinah Region,wind850_speed,m s-1,207,207,3.2920251,5.5513194,7.4098403,8.3101158
handoff/mazu_like/mazu_like_20180623_00_lead072.nc,2018-06-23T00:00:00Z,72,2018-06-25T00:00:00Z,2018-06-26T00:00:00Z,SA-03,Al Madinah Region,wind_shear_850_200,m s-1,207,207,3.6779797,9.8588788,14.734653,16.565609
handoff/mazu_like/mazu_like_20180623_00_lead072.nc,2018-06-23T00:00:00Z,72,2018-06-25T00:00:00Z,2018-06-26T00:00:00Z,SA-03,Al Madinah Region,omega500,Pa s-1,207,207,-0.19863452,0.014720634,0.076453925,0.13200161
handoff/mazu_like/mazu_like_20180623_00_lead072.nc,2018-06-23T00:00:00Z,72,2018-06-25T00:00:00Z,2018-06-26T00:00:00Z,SA-03,Al Madinah Region,geopotential_height500,gpm,207,207,5893.374,5897.1529,5900.2955,5902.5244
handoff/mazu_like/mazu_like_20180623_00_lead072.nc,2018-06-23T00:00:00Z,72,2018-06-25T00:00:00Z,2018-06-26T00:00:00Z,SA-04,Eastern Region,daily_precip_total,mm,798,798,0.084946707,0.31667858,0.39601736,0.51110339
handoff/mazu_like/mazu_like_20180623_00_lead072.nc,2018-06-23T00:00:00Z,72,2018-06-25T00:00:00Z,2018-06-26T00:00:00Z,SA-04,Eastern Region,t2m_c,degC,798,798,33.194183,36.196178,37.417923,38.439362
handoff/mazu_like/mazu_like_20180623_00_lead072.nc,2018-06-23T00:00:00Z,72,2018-06-25T00:00:00Z,2018-06-26T00:00:00Z,SA-04,Eastern Region,tmax_c,degC,798,798,35.056274,43.279109,45.505571,46.244781
handoff/mazu_like/mazu_like_20180623_00_lead072.nc,2018-06-23T00:00:00Z,72,2018-06-25T00:00:00Z,2018-06-26T00:00:00Z,SA-04,Eastern Region,tmin_c,degC,798,798,27.690063,29.522997,31.679626,33.533966
handoff/mazu_like/mazu_like_20180623_00_lead072.nc,2018-06-23T00:00:00Z,72,2018-06-25T00:00:00Z,2018-06-26T00:00:00Z,SA-04,Eastern Region,wind10_speed,m s-1,798,798,1.657288,3.5873385,5.6291445,6.6332903
handoff/mazu_like/mazu_like_20180623_00_lead072.nc,2018-06-23T00:00:00Z,72,2018-06-25T00:00:00Z,2018-06-26T00:00:00Z,SA-04,Eastern Region,pwat,kg m-2,798,798,12.853885,17.044342,20.807369,24.751605
handoff/mazu_like/mazu_like_20180623_00_lead072.nc,2018-06-23T00:00:00Z,72,2018-06-25T00:00:00Z,2018-06-26T00:00:00Z,SA-04,Eastern Region,ivt,kg m-1 s-1,798,798,22.338391,70.218484,131.52915,151.61621
handoff/mazu_like/mazu_like_20180623_00_lead072.nc,2018-06-23T00:00:00Z,72,2018-06-25T00:00:00Z,2018-06-26T00:00:00Z,SA-04,Eastern Region,wind850_speed,m s-1,798,798,3.2892854,6.5995713,9.9391242,12.258587
handoff/mazu_like/mazu_like_20180623_00_lead072.nc,2018-06-23T00:00:00Z,72,2018-06-25T00:00:00Z,2018-06-26T00:00:00Z,SA-04,Eastern Region,wind_shear_850_200,m s-1,798,798,7.6649122,13.422743,18.242448,19.678871
handoff/mazu_like/mazu_like_20180623_00_lead072.nc,2018-06-23T00:00:00Z,72,2018-06-25T00:00:00Z,2018-06-26T00:00:00Z,SA-04,Eastern Region,omega500,Pa s-1,798,798,-0.011948914,0.067710929,0.13622856,0.14526634
handoff/mazu_like/mazu_like_20180623_00_lead072.nc,2018-06-23T00:00:00Z,72,2018-06-25T00:00:00Z,2018-06-26T00:00:00Z,SA-04,Eastern Region,geopotential_height500,gpm,798,798,5881.8813,5896.6477,5915.4345,5919.3921
handoff/mazu_like/mazu_like_20180623_00_lead072.nc,2018-06-23T00:00:00Z,72,2018-06-25T00:00:00Z,2018-06-26T00:00:00Z,SA-05,Al-Qassim Region,daily_precip_total,mm,96,96,0.30669668,0.37005846,0.41764276,0.43535763
handoff/mazu_like/mazu_like_20180623_00_lead072.nc,2018-06-23T00:00:00Z,72,2018-06-25T00:00:00Z,2018-06-26T00:00:00Z,SA-05,Al-Qassim Region,t2m_c,degC,96,96,34.381805,35.087826,35.705193,35.920441
handoff/mazu_like/mazu_like_20180623_00_lead072.nc,2018-06-23T00:00:00Z,72,2018-06-25T00:00:00Z,2018-06-26T00:00:00Z,SA-05,Al-Qassim Region,tmax_c,degC,96,96,40.091431,41.192504,41.649857,41.739899
handoff/mazu_like/mazu_like_20180623_00_lead072.nc,2018-06-23T00:00:00Z,72,2018-06-25T00:00:00Z,2018-06-26T00:00:00Z,SA-05,Al-Qassim Region,tmin_c,degC,96,96,27.917053,28.818949,30.003456,30.121429
handoff/mazu_like/mazu_like_20180623_00_lead072.nc,2018-06-23T00:00:00Z,72,2018-06-25T00:00:00Z,2018-06-26T00:00:00Z,SA-05,Al-Qassim Region,wind10_speed,m s-1,96,96,2.0382552,2.8701786,3.6448016,3.9450362
handoff/mazu_like/mazu_like_20180623_00_lead072.nc,2018-06-23T00:00:00Z,72,2018-06-25T00:00:00Z,2018-06-26T00:00:00Z,SA-05,Al-Qassim Region,pwat,kg m-2,96,96,17.651314,18.758254,19.796912,19.983526
handoff/mazu_like/mazu_like_20180623_00_lead072.nc,2018-06-23T00:00:00Z,72,2018-06-25T00:00:00Z,2018-06-26T00:00:00Z,SA-05,Al-Qassim Region,ivt,kg m-1 s-1,96,96,42.427822,87.127271,117.46896,124.90171
handoff/mazu_like/mazu_like_20180623_00_lead072.nc,2018-06-23T00:00:00Z,72,2018-06-25T00:00:00Z,2018-06-26T00:00:00Z,SA-05,Al-Qassim Region,wind850_speed,m s-1,96,96,4.9414616,6.1738322,7.5709902,8.4119177
handoff/mazu_like/mazu_like_20180623_00_lead072.nc,2018-06-23T00:00:00Z,72,2018-06-25T00:00:00Z,2018-06-26T00:00:00Z,SA-05,Al-Qassim Region,wind_shear_850_200,m s-1,96,96,3.129637,4.9960292,8.1850758,8.9709616
handoff/mazu_like/mazu_like_20180623_00_lead072.nc,2018-06-23T00:00:00Z,72,2018-06-25T00:00:00Z,2018-06-26T00:00:00Z,SA-05,Al-Qassim Region,omega500,Pa s-1,96,96,-0.03370437,-0.0068764259,0.011299099,0.026779357
handoff/mazu_like/mazu_like_20180623_00_lead072.nc,2018-06-23T00:00:00Z,72,2018-06-25T00:00:00Z,2018-06-26T00:00:00Z,SA-05,Al-Qassim Region,geopotential_height500,gpm,96,96,5897.1479,5902.5893,5909.172,5910.3184
handoff/mazu_like/mazu_like_20180623_00_lead072.nc,2018-06-23T00:00:00Z,72,2018-06-25T00:00:00Z,2018-06-26T00:00:00Z,SA-06,Hail Region,daily_precip_total,mm,163,163,0.23681512,0.38070969,0.46765541,0.5266614
handoff/mazu_like/mazu_like_20180623_00_lead072.nc,2018-06-23T00:00:00Z,72,2018-06-25T00:00:00Z,2018-06-26T00:00:00Z,SA-06,Hail Region,t2m_c,degC,163,163,32.504456,34.194323,35.220267,35.562866
handoff/mazu_like/mazu_like_20180623_00_lead072.nc,2018-06-23T00:00:00Z,72,2018-06-25T00:00:00Z,2018-06-26T00:00:00Z,SA-06,Hail Region,tmax_c,degC,163,163,38.191071,40.323299,41.341449,41.404968
handoff/mazu_like/mazu_like_20180623_00_lead072.nc,2018-06-23T00:00:00Z,72,2018-06-25T00:00:00Z,2018-06-26T00:00:00Z,SA-06,Hail Region,tmin_c,degC,163,163,26.501617,28.168991,29.671954,29.898376
handoff/mazu_like/mazu_like_20180623_00_lead072.nc,2018-06-23T00:00:00Z,72,2018-06-25T00:00:00Z,2018-06-26T00:00:00Z,SA-06,Hail Region,wind10_speed,m s-1,163,163,2.0705349,2.9632927,3.5580271,4.1190424
handoff/mazu_like/mazu_like_20180623_00_lead072.nc,2018-06-23T00:00:00Z,72,2018-06-25T00:00:00Z,2018-06-26T00:00:00Z,SA-06,Hail Region,pwat,kg m-2,163,163,17.818451,20.244774,21.431674,22.288356
handoff/mazu_like/mazu_like_20180623_00_lead072.nc,2018-06-23T00:00:00Z,72,2018-06-25T00:00:00Z,2018-06-26T00:00:00Z,SA-06,Hail Region,ivt,kg m-1 s-1,163,163,35.255949,65.453767,103.06057,109.73551
handoff/mazu_like/mazu_like_20180623_00_lead072.nc,2018-06-23T00:00:00Z,72,2018-06-25T00:00:00Z,2018-06-26T00:00:00Z,SA-06,Hail Region,wind850_speed,m s-1,163,163,3.6402373,5.8849478,7.4478604,7.6144676
handoff/mazu_like/mazu_like_20180623_00_lead072.nc,2018-06-23T00:00:00Z,72,2018-06-25T00:00:00Z,2018-06-26T00:00:00Z,SA-06,Hail Region,wind_shear_850_200,m s-1,163,163,2.7297196,4.3550438,6.6907218,7.5450172
handoff/mazu_like/mazu_like_20180623_00_lead072.nc,2018-06-23T00:00:00Z,72,2018-06-25T00:00:00Z,2018-06-26T00:00:00Z,SA-06,Hail Region,omega500,Pa s-1,163,163,-0.29084671,0.015614733,0.061800467,0.083148345
handoff/mazu_like/mazu_like_20180623_00_lead072.nc,2018-06-23T00:00:00Z,72,2018-06-25T00:00:00Z,2018-06-26T00:00:00Z,SA-06,Hail Region,geopotential_height500,gpm,163,163,5899.8701,5904.5662,5909.2343,5911.3018
handoff/mazu_like/mazu_like_20180623_00_lead072.nc,2018-06-23T00:00:00Z,72,2018-06-25T00:00:00Z,2018-06-26T00:00:00Z,SA-07,Tabuk Region,daily_precip_total,mm,205,205,0,0.34292809,0.50369406,0.5767138
handoff/mazu_like/mazu_like_20180623_00_lead072.nc,2018-06-23T00:00:00Z,72,2018-06-25T00:00:00Z,2018-06-26T00:00:00Z,SA-07,Tabuk Region,t2m_c,degC,205,205,26.568573,31.787692,33.674359,34.07782
handoff/mazu_like/mazu_like_20180623_00_lead072.nc,2018-06-23T00:00:00Z,72,2018-06-25T00:00:00Z,2018-06-26T00:00:00Z,SA-07,Tabuk Region,tmax_c,degC,205,205,29.48938,37.960905,40.683856,41.135803
handoff/mazu_like/mazu_like_20180623_00_lead072.nc,2018-06-23T00:00:00Z,72,2018-06-25T00:00:00Z,2018-06-26T00:00:00Z,SA-07,Tabuk Region,tmin_c,degC,205,205,21.207794,26.673448,28.864795,29.843689
handoff/mazu_like/mazu_like_20180623_00_lead072.nc,2018-06-23T00:00:00Z,72,2018-06-25T00:00:00Z,2018-06-26T00:00:00Z,SA-07,Tabuk Region,wind10_speed,m s-1,205,205,1.9559931,3.5013753,5.0816533,7.9506063
handoff/mazu_like/mazu_like_20180623_00_lead072.nc,2018-06-23T00:00:00Z,72,2018-06-25T00:00:00Z,2018-06-26T00:00:00Z,SA-07,Tabuk Region,pwat,kg m-2,205,205,18.907827,21.771892,24.641454,26.716832
handoff/mazu_like/mazu_like_20180623_00_lead072.nc,2018-06-23T00:00:00Z,72,2018-06-25T00:00:00Z,2018-06-26T00:00:00Z,SA-07,Tabuk Region,ivt,kg m-1 s-1,205,205,35.871676,72.220372,100.01286,108.26006
handoff/mazu_like/mazu_like_20180623_00_lead072.nc,2018-06-23T00:00:00Z,72,2018-06-25T00:00:00Z,2018-06-26T00:00:00Z,SA-07,Tabuk Region,wind850_speed,m s-1,205,205,1.9356791,5.6333422,8.5605484,9.485363
handoff/mazu_like/mazu_like_20180623_00_lead072.nc,2018-06-23T00:00:00Z,72,2018-06-25T00:00:00Z,2018-06-26T00:00:00Z,SA-07,Tabuk Region,wind_shear_850_200,m s-1,205,205,2.5600994,8.813304,13.988272,17.084982
handoff/mazu_like/mazu_like_20180623_00_lead072.nc,2018-06-23T00:00:00Z,72,2018-06-25T00:00:00Z,2018-06-26T00:00:00Z,SA-07,Tabuk Region,omega500,Pa s-1,205,205,-0.020454364,0.055357676,0.10480296,0.12258412
handoff/mazu_like/mazu_like_20180623_00_lead072.nc,2018-06-23T00:00:00Z,72,2018-06-25T00:00:00Z,2018-06-26T00:00:00Z,SA-07,Tabuk Region,geopotential_height500,gpm,205,205,5885.8813,5895.2361,5901.3601,5902.4214
handoff/mazu_like/mazu_like_20180623_00_lead072.nc,2018-06-23T00:00:00Z,72,2018-06-25T00:00:00Z,2018-06-26T00:00:00Z,SA-08,Northern Borders Region,daily_precip_total,mm,169,169,0.31319872,0.38725566,0.47611006,0.49139845
handoff/mazu_like/mazu_like_20180623_00_lead072.nc,2018-06-23T00:00:00Z,72,2018-06-25T00:00:00Z,2018-06-26T00:00:00Z,SA-08,Northern Borders Region,t2m_c,degC,169,169,30.658722,33.953599,35.423688,35.592224
handoff/mazu_like/mazu_like_20180623_00_lead072.nc,2018-06-23T00:00:00Z,72,2018-06-25T00:00:00Z,2018-06-26T00:00:00Z,SA-08,Northern Borders Region,tmax_c,degC,169,169,37.191559,40.472675,41.857263,42.049316
handoff/mazu_like/mazu_like_20180623_00_lead072.nc,2018-06-23T00:00:00Z,72,2018-06-25T00:00:00Z,2018-06-26T00:00:00Z,SA-08,Northern Borders Region,tmin_c,degC,169,169,25.320343,27.906902,29.112549,29.732056
handoff/mazu_like/mazu_like_20180623_00_lead072.nc,2018-06-23T00:00:00Z,72,2018-06-25T00:00:00Z,2018-06-26T00:00:00Z,SA-08,Northern Borders Region,wind10_speed,m s-1,169,169,1.5291965,3.0943109,4.6342564,5.7518382
handoff/mazu_like/mazu_like_20180623_00_lead072.nc,2018-06-23T00:00:00Z,72,2018-06-25T00:00:00Z,2018-06-26T00:00:00Z,SA-08,Northern Borders Region,pwat,kg m-2,169,169,16.162417,19.871548,23.016868,23.122664
handoff/mazu_like/mazu_like_20180623_00_lead072.nc,2018-06-23T00:00:00Z,72,2018-06-25T00:00:00Z,2018-06-26T00:00:00Z,SA-08,Northern Borders Region,ivt,kg m-1 s-1,169,169,43.895852,93.287016,142.5864,155.63475
handoff/mazu_like/mazu_like_20180623_00_lead072.nc,2018-06-23T00:00:00Z,72,2018-06-25T00:00:00Z,2018-06-26T00:00:00Z,SA-08,Northern Borders Region,wind850_speed,m s-1,169,169,1.5756801,5.1693168,10.548137,12.433027
handoff/mazu_like/mazu_like_20180623_00_lead072.nc,2018-06-23T00:00:00Z,72,2018-06-25T00:00:00Z,2018-06-26T00:00:00Z,SA-08,Northern Borders Region,wind_shear_850_200,m s-1,169,169,3.2008421,6.9525741,10.986813,11.877514
handoff/mazu_like/mazu_like_20180623_00_lead072.nc,2018-06-23T00:00:00Z,72,2018-06-25T00:00:00Z,2018-06-26T00:00:00Z,SA-08,Northern Borders Region,omega500,Pa s-1,169,169,-0.0057534259,0.031809306,0.090257074,0.14297219
handoff/mazu_like/mazu_like_20180623_00_lead072.nc,2018-06-23T00:00:00Z,72,2018-06-25T00:00:00Z,2018-06-26T00:00:00Z,SA-08,Northern Borders Region,geopotential_height500,gpm,169,169,5885.5981,5906.6776,5914.9966,5916.7056
handoff/mazu_like/mazu_like_20180623_00_lead072.nc,2018-06-23T00:00:00Z,72,2018-06-25T00:00:00Z,2018-06-26T00:00:00Z,SA-09,Jazan Region,daily_precip_total,mm,22,22,0.22831833,0.64481688,0.96377951,2.9700108
handoff/mazu_like/mazu_like_20180623_00_lead072.nc,2018-06-23T00:00:00Z,72,2018-06-25T00:00:00Z,2018-06-26T00:00:00Z,SA-09,Jazan Region,t2m_c,degC,22,22,27.095184,33.792802,35.817357,35.951691
handoff/mazu_like/mazu_like_20180623_00_lead072.nc,2018-06-23T00:00:00Z,72,2018-06-25T00:00:00Z,2018-06-26T00:00:00Z,SA-09,Jazan Region,tmax_c,degC,22,22,31.790985,37.568739,40.302007,40.639832
handoff/mazu_like/mazu_like_20180623_00_lead072.nc,2018-06-23T00:00:00Z,72,2018-06-25T00:00:00Z,2018-06-26T00:00:00Z,SA-09,Jazan Region,tmin_c,degC,22,22,21.905121,30.045381,31.864688,32.397797
handoff/mazu_like/mazu_like_20180623_00_lead072.nc,2018-06-23T00:00:00Z,72,2018-06-25T00:00:00Z,2018-06-26T00:00:00Z,SA-09,Jazan Region,wind10_speed,m s-1,22,22,1.4733596,2.4096836,3.3666454,3.7186337
handoff/mazu_like/mazu_like_20180623_00_lead072.nc,2018-06-23T00:00:00Z,72,2018-06-25T00:00:00Z,2018-06-26T00:00:00Z,SA-09,Jazan Region,pwat,kg m-2,22,22,34.853505,41.195617,44.78459,47.002515
handoff/mazu_like/mazu_like_20180623_00_lead072.nc,2018-06-23T00:00:00Z,72,2018-06-25T00:00:00Z,2018-06-26T00:00:00Z,SA-09,Jazan Region,ivt,kg m-1 s-1,22,22,70.653512,87.4285,102.54768,107.16615
handoff/mazu_like/mazu_like_20180623_00_lead072.nc,2018-06-23T00:00:00Z,72,2018-06-25T00:00:00Z,2018-06-26T00:00:00Z,SA-09,Jazan Region,wind850_speed,m s-1,22,22,1.135263,1.9412643,2.9357098,3.331646
handoff/mazu_like/mazu_like_20180623_00_lead072.nc,2018-06-23T00:00:00Z,72,2018-06-25T00:00:00Z,2018-06-26T00:00:00Z,SA-09,Jazan Region,wind_shear_850_200,m s-1,22,22,25.163233,26.159436,27.730903,27.900673
handoff/mazu_like/mazu_like_20180623_00_lead072.nc,2018-06-23T00:00:00Z,72,2018-06-25T00:00:00Z,2018-06-26T00:00:00Z,SA-09,Jazan Region,omega500,Pa s-1,22,22,-0.14663576,-0.03231872,0.018838228,0.020379644
handoff/mazu_like/mazu_like_20180623_00_lead072.nc,2018-06-23T00:00:00Z,72,2018-06-25T00:00:00Z,2018-06-26T00:00:00Z,SA-09,Jazan Region,geopotential_height500,gpm,22,22,5879.2549,5883.1638,5885.5903,5885.8281
handoff/mazu_like/mazu_like_20180623_00_lead072.nc,2018-06-23T00:00:00Z,72,2018-06-25T00:00:00Z,2018-06-26T00:00:00Z,SA-10,Najran Region,daily_precip_total,mm,123,123,0.30765995,0.40028317,0.50197583,0.53550607
handoff/mazu_like/mazu_like_20180623_00_lead072.nc,2018-06-23T00:00:00Z,72,2018-06-25T00:00:00Z,2018-06-26T00:00:00Z,SA-10,Najran Region,t2m_c,degC,123,123,26.94043,33.502483,35.698337,36.118988
handoff/mazu_like/mazu_like_20180623_00_lead072.nc,2018-06-23T00:00:00Z,72,2018-06-25T00:00:00Z,2018-06-26T00:00:00Z,SA-10,Najran Region,tmax_c,degC,123,123,31.873169,39.689034,41.968738,42.371246
handoff/mazu_like/mazu_like_20180623_00_lead072.nc,2018-06-23T00:00:00Z,72,2018-06-25T00:00:00Z,2018-06-26T00:00:00Z,SA-10,Najran Region,tmin_c,degC,123,123,22.625275,27.907073,30.57153,30.911072
handoff/mazu_like/mazu_like_20180623_00_lead072.nc,2018-06-23T00:00:00Z,72,2018-06-25T00:00:00Z,2018-06-26T00:00:00Z,SA-10,Najran Region,wind10_speed,m s-1,123,123,2.0583043,2.5448208,2.9910662,3.3213718
handoff/mazu_like/mazu_like_20180623_00_lead072.nc,2018-06-23T00:00:00Z,72,2018-06-25T00:00:00Z,2018-06-26T00:00:00Z,SA-10,Najran Region,pwat,kg m-2,123,123,19.938497,21.432675,23.062134,25.375102
handoff/mazu_like/mazu_like_20180623_00_lead072.nc,2018-06-23T00:00:00Z,72,2018-06-25T00:00:00Z,2018-06-26T00:00:00Z,SA-10,Najran Region,ivt,kg m-1 s-1,123,123,57.984388,95.405217,125.1747,137.93778
handoff/mazu_like/mazu_like_20180623_00_lead072.nc,2018-06-23T00:00:00Z,72,2018-06-25T00:00:00Z,2018-06-26T00:00:00Z,SA-10,Najran Region,wind850_speed,m s-1,123,123,2.732511,5.2148126,6.5034048,7.0697975
handoff/mazu_like/mazu_like_20180623_00_lead072.nc,2018-06-23T00:00:00Z,72,2018-06-25T00:00:00Z,2018-06-26T00:00:00Z,SA-10,Najran Region,wind_shear_850_200,m s-1,123,123,16.101021,18.085643,21.58169,22.741621
handoff/mazu_like/mazu_like_20180623_00_lead072.nc,2018-06-23T00:00:00Z,72,2018-06-25T00:00:00Z,2018-06-26T00:00:00Z,SA-10,Najran Region,omega500,Pa s-1,123,123,-0.05943257,0.013768343,0.03162906,0.041171715
handoff/mazu_like/mazu_like_20180623_00_lead072.nc,2018-06-23T00:00:00Z,72,2018-06-25T00:00:00Z,2018-06-26T00:00:00Z,SA-10,Najran Region,geopotential_height500,gpm,123,123,5881.103,5886.0201,5888.0803,5888.3828
handoff/mazu_like/mazu_like_20180623_00_lead072.nc,2018-06-23T00:00:00Z,72,2018-06-25T00:00:00Z,2018-06-26T00:00:00Z,SA-11,Al Bahah Region,daily_precip_total,mm,12,12,0.48026273,0.86229396,1.8175634,1.9033079
handoff/mazu_like/mazu_like_20180623_00_lead072.nc,2018-06-23T00:00:00Z,72,2018-06-25T00:00:00Z,2018-06-26T00:00:00Z,SA-11,Al Bahah Region,t2m_c,degC,12,12,29.000366,31.681757,34.956865,35.174377
handoff/mazu_like/mazu_like_20180623_00_lead072.nc,2018-06-23T00:00:00Z,72,2018-06-25T00:00:00Z,2018-06-26T00:00:00Z,SA-11,Al Bahah Region,tmax_c,degC,12,12,33.06427,35.96796,39.033508,39.082855
handoff/mazu_like/mazu_like_20180623_00_lead072.nc,2018-06-23T00:00:00Z,72,2018-06-25T00:00:00Z,2018-06-26T00:00:00Z,SA-11,Al Bahah Region,tmin_c,degC,12,12,24.921173,27.463337,31.330699,31.581848
handoff/mazu_like/mazu_like_20180623_00_lead072.nc,2018-06-23T00:00:00Z,72,2018-06-25T00:00:00Z,2018-06-26T00:00:00Z,SA-11,Al Bahah Region,wind10_speed,m s-1,12,12,0.72013408,1.6598914,2.4776719,2.5653057
handoff/mazu_like/mazu_like_20180623_00_lead072.nc,2018-06-23T00:00:00Z,72,2018-06-25T00:00:00Z,2018-06-26T00:00:00Z,SA-11,Al Bahah Region,pwat,kg m-2,12,12,20.581662,31.932339,38.694028,39.14847
handoff/mazu_like/mazu_like_20180623_00_lead072.nc,2018-06-23T00:00:00Z,72,2018-06-25T00:00:00Z,2018-06-26T00:00:00Z,SA-11,Al Bahah Region,ivt,kg m-1 s-1,12,12,51.941564,64.129539,71.645422,73.193113
handoff/mazu_like/mazu_like_20180623_00_lead072.nc,2018-06-23T00:00:00Z,72,2018-06-25T00:00:00Z,2018-06-26T00:00:00Z,SA-11,Al Bahah Region,wind850_speed,m s-1,12,12,0.92832255,2.2086821,3.1532861,3.2372975
handoff/mazu_like/mazu_like_20180623_00_lead072.nc,2018-06-23T00:00:00Z,72,2018-06-25T00:00:00Z,2018-06-26T00:00:00Z,SA-11,Al Bahah Region,wind_shear_850_200,m s-1,12,12,17.748983,20.755147,23.354335,23.627274
handoff/mazu_like/mazu_like_20180623_00_lead072.nc,2018-06-23T00:00:00Z,72,2018-06-25T00:00:00Z,2018-06-26T00:00:00Z,SA-11,Al Bahah Region,omega500,Pa s-1,12,12,-0.25336477,-0.10954102,-0.011609435,-0.011086937
handoff/mazu_like/mazu_like_20180623_00_lead072.nc,2018-06-23T00:00:00Z,72,2018-06-25T00:00:00Z,2018-06-26T00:00:00Z,SA-11,Al Bahah Region,geopotential_height500,gpm,12,12,5887.3018,5889.9399,5893.0253,5893.7168
handoff/mazu_like/mazu_like_20180623_00_lead072.nc,2018-06-23T00:00:00Z,72,2018-06-25T00:00:00Z,2018-06-26T00:00:00Z,SA-12,Al Jawf Region,daily_precip_total,mm,122,122,0.25082165,0.39844518,0.48337,0.5226087
handoff/mazu_like/mazu_like_20180623_00_lead072.nc,2018-06-23T00:00:00Z,72,2018-06-25T00:00:00Z,2018-06-26T00:00:00Z,SA-12,Al Jawf Region,t2m_c,degC,122,122,30.028351,33.317494,34.386067,34.646973
handoff/mazu_like/mazu_like_20180623_00_lead072.nc,2018-06-23T00:00:00Z,72,2018-06-25T00:00:00Z,2018-06-26T00:00:00Z,SA-12,Al Jawf Region,tmax_c,degC,122,122,36.673248,39.826359,40.709523,41.067688
handoff/mazu_like/mazu_like_20180623_00_lead072.nc,2018-06-23T00:00:00Z,72,2018-06-25T00:00:00Z,2018-06-26T00:00:00Z,SA-12,Al Jawf Region,tmin_c,degC,122,122,24.626801,27.995657,28.796255,28.90802
handoff/mazu_like/mazu_like_20180623_00_lead072.nc,2018-06-23T00:00:00Z,72,2018-06-25T00:00:00Z,2018-06-26T00:00:00Z,SA-12,Al Jawf Region,wind10_speed,m s-1,122,122,1.6175227,2.8644375,4.3793873,4.5496163
handoff/mazu_like/mazu_like_20180623_00_lead072.nc,2018-06-23T00:00:00Z,72,2018-06-25T00:00:00Z,2018-06-26T00:00:00Z,SA-12,Al Jawf Region,pwat,kg m-2,122,122,20.158393,21.949238,23.785853,24.442613
handoff/mazu_like/mazu_like_20180623_00_lead072.nc,2018-06-23T00:00:00Z,72,2018-06-25T00:00:00Z,2018-06-26T00:00:00Z,SA-12,Al Jawf Region,ivt,kg m-1 s-1,122,122,39.708334,61.737241,89.788187,121.84038
handoff/mazu_like/mazu_like_20180623_00_lead072.nc,2018-06-23T00:00:00Z,72,2018-06-25T00:00:00Z,2018-06-26T00:00:00Z,SA-12,Al Jawf Region,wind850_speed,m s-1,122,122,1.7253537,3.9330137,6.7759125,7.2834682
handoff/mazu_like/mazu_like_20180623_00_lead072.nc,2018-06-23T00:00:00Z,72,2018-06-25T00:00:00Z,2018-06-26T00:00:00Z,SA-12,Al Jawf Region,wind_shear_850_200,m s-1,122,122,3.0482314,5.7596063,11.167002,13.138876
handoff/mazu_like/mazu_like_20180623_00_lead072.nc,2018-06-23T00:00:00Z,72,2018-06-25T00:00:00Z,2018-06-26T00:00:00Z,SA-12,Al Jawf Region,omega500,Pa s-1,122,122,-0.031404126,0.050088981,0.069203851,0.080442093
handoff/mazu_like/mazu_like_20180623_00_lead072.nc,2018-06-23T00:00:00Z,72,2018-06-25T00:00:00Z,2018-06-26T00:00:00Z,SA-12,Al Jawf Region,geopotential_height500,gpm,122,122,5886.2783,5900.8031,5907.8591,5909.3232
handoff/mazu_like/mazu_like_20180623_00_lead072.nc,2018-06-23T00:00:00Z,72,2018-06-25T00:00:00Z,2018-06-26T00:00:00Z,SA-14,Asir Region,daily_precip_total,mm,104,104,0.20871495,0.49307589,1.0105406,1.434334
handoff/mazu_like/mazu_like_20180623_00_lead072.nc,2018-06-23T00:00:00Z,72,2018-06-25T00:00:00Z,2018-06-26T00:00:00Z,SA-14,Asir Region,t2m_c,degC,104,104,24.896606,30.997084,34.492575,35.048523
handoff/mazu_like/mazu_like_20180623_00_lead072.nc,2018-06-23T00:00:00Z,72,2018-06-25T00:00:00Z,2018-06-26T00:00:00Z,SA-14,Asir Region,tmax_c,degC,104,104,29.686646,36.512763,40.511667,41.203094
handoff/mazu_like/mazu_like_20180623_00_lead072.nc,2018-06-23T00:00:00Z,72,2018-06-25T00:00:00Z,2018-06-26T00:00:00Z,SA-14,Asir Region,tmin_c,degC,104,104,19.748047,25.381693,28.934485,31.484528
handoff/mazu_like/mazu_like_20180623_00_lead072.nc,2018-06-23T00:00:00Z,72,2018-06-25T00:00:00Z,2018-06-26T00:00:00Z,SA-14,Asir Region,wind10_speed,m s-1,104,104,0.72021317,2.6118406,3.7894713,3.9975891
handoff/mazu_like/mazu_like_20180623_00_lead072.nc,2018-06-23T00:00:00Z,72,2018-06-25T00:00:00Z,2018-06-26T00:00:00Z,SA-14,Asir Region,pwat,kg m-2,104,104,17.666876,23.198131,39.312435,40.024835
handoff/mazu_like/mazu_like_20180623_00_lead072.nc,2018-06-23T00:00:00Z,72,2018-06-25T00:00:00Z,2018-06-26T00:00:00Z,SA-14,Asir Region,ivt,kg m-1 s-1,104,104,28.916495,59.857233,80.596419,92.493286
handoff/mazu_like/mazu_like_20180623_00_lead072.nc,2018-06-23T00:00:00Z,72,2018-06-25T00:00:00Z,2018-06-26T00:00:00Z,SA-14,Asir Region,wind850_speed,m s-1,104,104,0.76074719,3.3669113,5.2846087,5.5656557
handoff/mazu_like/mazu_like_20180623_00_lead072.nc,2018-06-23T00:00:00Z,72,2018-06-25T00:00:00Z,2018-06-26T00:00:00Z,SA-14,Asir Region,wind_shear_850_200,m s-1,104,104,15.331009,19.269012,25.017918,25.633827
handoff/mazu_like/mazu_like_20180623_00_lead072.nc,2018-06-23T00:00:00Z,72,2018-06-25T00:00:00Z,2018-06-26T00:00:00Z,SA-14,Asir Region,omega500,Pa s-1,104,104,-0.24864569,-0.016849925,0.07596503,0.092379168
handoff/mazu_like/mazu_like_20180623_00_lead072.nc,2018-06-23T00:00:00Z,72,2018-06-25T00:00:00Z,2018-06-26T00:00:00Z,SA-14,Asir Region,geopotential_height500,gpm,104,104,5881.1465,5887.026,5889.0118,5890.6528
handoff/mazu_like/mazu_like_20180709_00_lead024.nc,2018-07-09T00:00:00Z,24,2018-07-09T00:00:00Z,2018-07-10T00:00:00Z,SA-01,Riyadh Region,daily_precip_total,mm,531,531,0.28129524,0.46255958,0.56437019,0.63044465
handoff/mazu_like/mazu_like_20180709_00_lead024.nc,2018-07-09T00:00:00Z,24,2018-07-09T00:00:00Z,2018-07-10T00:00:00Z,SA-01,Riyadh Region,t2m_c,degC,531,531,35.420807,37.924353,39.386948,40.249512
handoff/mazu_like/mazu_like_20180709_00_lead024.nc,2018-07-09T00:00:00Z,24,2018-07-09T00:00:00Z,2018-07-10T00:00:00Z,SA-01,Riyadh Region,tmax_c,degC,531,531,40.149719,43.995175,46.102951,46.904633
handoff/mazu_like/mazu_like_20180709_00_lead024.nc,2018-07-09T00:00:00Z,24,2018-07-09T00:00:00Z,2018-07-10T00:00:00Z,SA-01,Riyadh Region,tmin_c,degC,531,531,30.08194,31.730561,33.125793,34.054016
handoff/mazu_like/mazu_like_20180709_00_lead024.nc,2018-07-09T00:00:00Z,24,2018-07-09T00:00:00Z,2018-07-10T00:00:00Z,SA-01,Riyadh Region,wind10_speed,m s-1,531,531,1.5347204,3.2834222,4.7927392,5.5397453
handoff/mazu_like/mazu_like_20180709_00_lead024.nc,2018-07-09T00:00:00Z,24,2018-07-09T00:00:00Z,2018-07-10T00:00:00Z,SA-01,Riyadh Region,pwat,kg m-2,531,531,17.680165,22.903877,30.811806,31.917324
handoff/mazu_like/mazu_like_20180709_00_lead024.nc,2018-07-09T00:00:00Z,24,2018-07-09T00:00:00Z,2018-07-10T00:00:00Z,SA-01,Riyadh Region,ivt,kg m-1 s-1,531,531,74.779424,131.66912,184.89266,197.6166
handoff/mazu_like/mazu_like_20180709_00_lead024.nc,2018-07-09T00:00:00Z,24,2018-07-09T00:00:00Z,2018-07-10T00:00:00Z,SA-01,Riyadh Region,wind850_speed,m s-1,531,531,2.472512,7.0403968,9.8520808,12.00661
handoff/mazu_like/mazu_like_20180709_00_lead024.nc,2018-07-09T00:00:00Z,24,2018-07-09T00:00:00Z,2018-07-10T00:00:00Z,SA-01,Riyadh Region,wind_shear_850_200,m s-1,531,531,3.1183512,10.277093,14.835047,17.446323
handoff/mazu_like/mazu_like_20180709_00_lead024.nc,2018-07-09T00:00:00Z,24,2018-07-09T00:00:00Z,2018-07-10T00:00:00Z,SA-01,Riyadh Region,omega500,Pa s-1,531,531,-0.11870276,-0.014954769,0.042349953,0.093655199
handoff/mazu_like/mazu_like_20180709_00_lead024.nc,2018-07-09T00:00:00Z,24,2018-07-09T00:00:00Z,2018-07-10T00:00:00Z,SA-01,Riyadh Region,geopotential_height500,gpm,531,531,5889.7095,5904.9104,5916.0376,5919.125
handoff/mazu_like/mazu_like_20180709_00_lead024.nc,2018-07-09T00:00:00Z,24,2018-07-09T00:00:00Z,2018-07-10T00:00:00Z,SA-02,Makkah Region,daily_precip_total,mm,191,191,0,0.37756928,0.61384264,0.94560707
handoff/mazu_like/mazu_like_20180709_00_lead024.nc,2018-07-09T00:00:00Z,24,2018-07-09T00:00:00Z,2018-07-10T00:00:00Z,SA-02,Makkah Region,t2m_c,degC,191,191,30.199768,35.178779,37.262451,37.952209
handoff/mazu_like/mazu_like_20180709_00_lead024.nc,2018-07-09T00:00:00Z,24,2018-07-09T00:00:00Z,2018-07-10T00:00:00Z,SA-02,Makkah Region,tmax_c,degC,191,191,33.951111,40.443093,42.68512,42.991577
handoff/mazu_like/mazu_like_20180709_00_lead024.nc,2018-07-09T00:00:00Z,24,2018-07-09T00:00:00Z,2018-07-10T00:00:00Z,SA-02,Makkah Region,tmin_c,degC,191,191,26.734619,30.844464,33.201172,34.487061
handoff/mazu_like/mazu_like_20180709_00_lead024.nc,2018-07-09T00:00:00Z,24,2018-07-09T00:00:00Z,2018-07-10T00:00:00Z,SA-02,Makkah Region,wind10_speed,m s-1,191,191,0.9418245,3.1495266,5.5065548,8.1059189
handoff/mazu_like/mazu_like_20180709_00_lead024.nc,2018-07-09T00:00:00Z,24,2018-07-09T00:00:00Z,2018-07-10T00:00:00Z,SA-02,Makkah Region,pwat,kg m-2,191,191,23.65193,29.418471,40.843585,43.288868
handoff/mazu_like/mazu_like_20180709_00_lead024.nc,2018-07-09T00:00:00Z,24,2018-07-09T00:00:00Z,2018-07-10T00:00:00Z,SA-02,Makkah Region,ivt,kg m-1 s-1,191,191,77.071685,114.9024,171.46264,210.54445
handoff/mazu_like/mazu_like_20180709_00_lead024.nc,2018-07-09T00:00:00Z,24,2018-07-09T00:00:00Z,2018-07-10T00:00:00Z,SA-02,Makkah Region,wind850_speed,m s-1,191,191,1.1648743,5.7755771,12.237337,14.184265
handoff/mazu_like/mazu_like_20180709_00_lead024.nc,2018-07-09T00:00:00Z,24,2018-07-09T00:00:00Z,2018-07-10T00:00:00Z,SA-02,Makkah Region,wind_shear_850_200,m s-1,191,191,7.2817969,19.557003,28.331262,30.136414
handoff/mazu_like/mazu_like_20180709_00_lead024.nc,2018-07-09T00:00:00Z,24,2018-07-09T00:00:00Z,2018-07-10T00:00:00Z,SA-02,Makkah Region,omega500,Pa s-1,191,191,-0.35706949,-0.048523274,0.048717782,0.12434515
handoff/mazu_like/mazu_like_20180709_00_lead024.nc,2018-07-09T00:00:00Z,24,2018-07-09T00:00:00Z,2018-07-10T00:00:00Z,SA-02,Makkah Region,geopotential_height500,gpm,191,191,5898.8428,5912.7506,5917.9412,5919.3286
handoff/mazu_like/mazu_like_20180709_00_lead024.nc,2018-07-09T00:00:00Z,24,2018-07-09T00:00:00Z,2018-07-10T00:00:00Z,SA-03,Al Madinah Region,daily_precip_total,mm,207,207,0,0.27723982,0.44451098,0.50311381
handoff/mazu_like/mazu_like_20180709_00_lead024.nc,2018-07-09T00:00:00Z,24,2018-07-09T00:00:00Z,2018-07-10T00:00:00Z,SA-03,Al Madinah Region,t2m_c,degC,207,207,29.946014,36.181984,38.839716,39.243683
handoff/mazu_like/mazu_like_20180709_00_lead024.nc,2018-07-09T00:00:00Z,24,2018-07-09T00:00:00Z,2018-07-10T00:00:00Z,SA-03,Al Madinah Region,tmax_c,degC,207,207,35.976746,42.002556,44.19234,44.740051
handoff/mazu_like/mazu_like_20180709_00_lead024.nc,2018-07-09T00:00:00Z,24,2018-07-09T00:00:00Z,2018-07-10T00:00:00Z,SA-03,Al Madinah Region,tmin_c,degC,207,207,24.59903,31.451008,33.996735,34.463196
handoff/mazu_like/mazu_like_20180709_00_lead024.nc,2018-07-09T00:00:00Z,24,2018-07-09T00:00:00Z,2018-07-10T00:00:00Z,SA-03,Al Madinah Region,wind10_speed,m s-1,207,207,2.068294,3.416979,5.0497289,7.5216231
handoff/mazu_like/mazu_like_20180709_00_lead024.nc,2018-07-09T00:00:00Z,24,2018-07-09T00:00:00Z,2018-07-10T00:00:00Z,SA-03,Al Madinah Region,pwat,kg m-2,207,207,20.573377,24.907192,27.357851,28.508063
handoff/mazu_like/mazu_like_20180709_00_lead024.nc,2018-07-09T00:00:00Z,24,2018-07-09T00:00:00Z,2018-07-10T00:00:00Z,SA-03,Al Madinah Region,ivt,kg m-1 s-1,207,207,22.176866,64.828212,117.02601,133.755
handoff/mazu_like/mazu_like_20180709_00_lead024.nc,2018-07-09T00:00:00Z,24,2018-07-09T00:00:00Z,2018-07-10T00:00:00Z,SA-03,Al Madinah Region,wind850_speed,m s-1,207,207,3.3093729,6.1963597,8.5431364,9.5289869
handoff/mazu_like/mazu_like_20180709_00_lead024.nc,2018-07-09T00:00:00Z,24,2018-07-09T00:00:00Z,2018-07-10T00:00:00Z,SA-03,Al Madinah Region,wind_shear_850_200,m s-1,207,207,3.9758205,13.430011,19.484842,20.956982
handoff/mazu_like/mazu_like_20180709_00_lead024.nc,2018-07-09T00:00:00Z,24,2018-07-09T00:00:00Z,2018-07-10T00:00:00Z,SA-03,Al Madinah Region,omega500,Pa s-1,207,207,-0.27696916,-0.046543309,0.082391744,0.18822896
handoff/mazu_like/mazu_like_20180709_00_lead024.nc,2018-07-09T00:00:00Z,24,2018-07-09T00:00:00Z,2018-07-10T00:00:00Z,SA-03,Al Madinah Region,geopotential_height500,gpm,207,207,5909.2119,5919.0031,5921.587,5922.3848
handoff/mazu_like/mazu_like_20180709_00_lead024.nc,2018-07-09T00:00:00Z,24,2018-07-09T00:00:00Z,2018-07-10T00:00:00Z,SA-04,Eastern Region,daily_precip_total,mm,798,798,0,0.37583495,0.52304499,0.5732004
handoff/mazu_like/mazu_like_20180709_00_lead024.nc,2018-07-09T00:00:00Z,24,2018-07-09T00:00:00Z,2018-07-10T00:00:00Z,SA-04,Eastern Region,t2m_c,degC,798,798,35.981537,39.189224,40.364766,41.728516
handoff/mazu_like/mazu_like_20180709_00_lead024.nc,2018-07-09T00:00:00Z,24,2018-07-09T00:00:00Z,2018-07-10T00:00:00Z,SA-04,Eastern Region,tmax_c,degC,798,798,38.118225,45.974701,47.452081,48.143402
handoff/mazu_like/mazu_like_20180709_00_lead024.nc,2018-07-09T00:00:00Z,24,2018-07-09T00:00:00Z,2018-07-10T00:00:00Z,SA-04,Eastern Region,tmin_c,degC,798,798,30.111206,32.613517,35.350041,36.001465
handoff/mazu_like/mazu_like_20180709_00_lead024.nc,2018-07-09T00:00:00Z,24,2018-07-09T00:00:00Z,2018-07-10T00:00:00Z,SA-04,Eastern Region,wind10_speed,m s-1,798,798,1.9000541,5.0821569,7.9687439,9.378211
handoff/mazu_like/mazu_like_20180709_00_lead024.nc,2018-07-09T00:00:00Z,24,2018-07-09T00:00:00Z,2018-07-10T00:00:00Z,SA-04,Eastern Region,pwat,kg m-2,798,798,14.991596,23.681737,31.339131,35.161723
handoff/mazu_like/mazu_like_20180709_00_lead024.nc,2018-07-09T00:00:00Z,24,2018-07-09T00:00:00Z,2018-07-10T00:00:00Z,SA-04,Eastern Region,ivt,kg m-1 s-1,798,798,63.455929,190.29767,233.24761,252.51198
handoff/mazu_like/mazu_like_20180709_00_lead024.nc,2018-07-09T00:00:00Z,24,2018-07-09T00:00:00Z,2018-07-10T00:00:00Z,SA-04,Eastern Region,wind850_speed,m s-1,798,798,3.1546547,10.901953,17.388399,18.694996
handoff/mazu_like/mazu_like_20180709_00_lead024.nc,2018-07-09T00:00:00Z,24,2018-07-09T00:00:00Z,2018-07-10T00:00:00Z,SA-04,Eastern Region,wind_shear_850_200,m s-1,798,798,5.9687696,18.196101,22.470877,22.91441
handoff/mazu_like/mazu_like_20180709_00_lead024.nc,2018-07-09T00:00:00Z,24,2018-07-09T00:00:00Z,2018-07-10T00:00:00Z,SA-04,Eastern Region,omega500,Pa s-1,798,798,-0.074706949,-0.0045625407,0.046403611,0.083701603
handoff/mazu_like/mazu_like_20180709_00_lead024.nc,2018-07-09T00:00:00Z,24,2018-07-09T00:00:00Z,2018-07-10T00:00:00Z,SA-04,Eastern Region,geopotential_height500,gpm,798,798,5867.1426,5889.6742,5909.0516,5912.1807
handoff/mazu_like/mazu_like_20180709_00_lead024.nc,2018-07-09T00:00:00Z,24,2018-07-09T00:00:00Z,2018-07-10T00:00:00Z,SA-05,Al-Qassim Region,daily_precip_total,mm,96,96,0.32424292,0.43870292,0.52336538,0.58369803
handoff/mazu_like/mazu_like_20180709_00_lead024.nc,2018-07-09T00:00:00Z,24,2018-07-09T00:00:00Z,2018-07-10T00:00:00Z,SA-05,Al-Qassim Region,t2m_c,degC,96,96,37.190765,37.879429,38.419403,38.475616
handoff/mazu_like/mazu_like_20180709_00_lead024.nc,2018-07-09T00:00:00Z,24,2018-07-09T00:00:00Z,2018-07-10T00:00:00Z,SA-05,Al-Qassim Region,tmax_c,degC,96,96,42.860107,44.258443,45.036659,45.182281
handoff/mazu_like/mazu_like_20180709_00_lead024.nc,2018-07-09T00:00:00Z,24,2018-07-09T00:00:00Z,2018-07-10T00:00:00Z,SA-05,Al-Qassim Region,tmin_c,degC,96,96,30.291626,31.388632,32.650993,32.830383
handoff/mazu_like/mazu_like_20180709_00_lead024.nc,2018-07-09T00:00:00Z,24,2018-07-09T00:00:00Z,2018-07-10T00:00:00Z,SA-05,Al-Qassim Region,wind10_speed,m s-1,96,96,1.8512174,2.8058402,3.7394764,4.0289536
handoff/mazu_like/mazu_like_20180709_00_lead024.nc,2018-07-09T00:00:00Z,24,2018-07-09T00:00:00Z,2018-07-10T00:00:00Z,SA-05,Al-Qassim Region,pwat,kg m-2,96,96,18.78606,21.159527,23.473305,23.717275
handoff/mazu_like/mazu_like_20180709_00_lead024.nc,2018-07-09T00:00:00Z,24,2018-07-09T00:00:00Z,2018-07-10T00:00:00Z,SA-05,Al-Qassim Region,ivt,kg m-1 s-1,96,96,34.067012,64.18804,93.354688,116.35286
handoff/mazu_like/mazu_like_20180709_00_lead024.nc,2018-07-09T00:00:00Z,24,2018-07-09T00:00:00Z,2018-07-10T00:00:00Z,SA-05,Al-Qassim Region,wind850_speed,m s-1,96,96,3.3850784,5.321758,6.556221,7.3228397
handoff/mazu_like/mazu_like_20180709_00_lead024.nc,2018-07-09T00:00:00Z,24,2018-07-09T00:00:00Z,2018-07-10T00:00:00Z,SA-05,Al-Qassim Region,wind_shear_850_200,m s-1,96,96,2.3580966,3.5976803,4.5078721,5.0212631
handoff/mazu_like/mazu_like_20180709_00_lead024.nc,2018-07-09T00:00:00Z,24,2018-07-09T00:00:00Z,2018-07-10T00:00:00Z,SA-05,Al-Qassim Region,omega500,Pa s-1,96,96,-0.05254031,0.037398188,0.090372568,0.10313873
handoff/mazu_like/mazu_like_20180709_00_lead024.nc,2018-07-09T00:00:00Z,24,2018-07-09T00:00:00Z,2018-07-10T00:00:00Z,SA-05,Al-Qassim Region,geopotential_height500,gpm,96,96,5911.7715,5915.939,5919.9194,5920.4839
handoff/mazu_like/mazu_like_20180709_00_lead024.nc,2018-07-09T00:00:00Z,24,2018-07-09T00:00:00Z,2018-07-10T00:00:00Z,SA-06,Hail Region,daily_precip_total,mm,163,163,0.055218037,0.36521678,0.46466828,0.51363623
handoff/mazu_like/mazu_like_20180709_00_lead024.nc,2018-07-09T00:00:00Z,24,2018-07-09T00:00:00Z,2018-07-10T00:00:00Z,SA-06,Hail Region,t2m_c,degC,163,163,33.035095,36.338446,37.822784,38.132141
handoff/mazu_like/mazu_like_20180709_00_lead024.nc,2018-07-09T00:00:00Z,24,2018-07-09T00:00:00Z,2018-07-10T00:00:00Z,SA-06,Hail Region,tmax_c,degC,163,163,39.53772,42.683622,44.374731,44.736115
handoff/mazu_like/mazu_like_20180709_00_lead024.nc,2018-07-09T00:00:00Z,24,2018-07-09T00:00:00Z,2018-07-10T00:00:00Z,SA-06,Hail Region,tmin_c,degC,163,163,27.158112,30.290971,32.962613,33.518799
handoff/mazu_like/mazu_like_20180709_00_lead024.nc,2018-07-09T00:00:00Z,24,2018-07-09T00:00:00Z,2018-07-10T00:00:00Z,SA-06,Hail Region,wind10_speed,m s-1,163,163,1.524959,2.5442158,3.3721663,4.9746609
handoff/mazu_like/mazu_like_20180709_00_lead024.nc,2018-07-09T00:00:00Z,24,2018-07-09T00:00:00Z,2018-07-10T00:00:00Z,SA-06,Hail Region,pwat,kg m-2,163,163,19.543528,23.122261,25.00258,25.270075
handoff/mazu_like/mazu_like_20180709_00_lead024.nc,2018-07-09T00:00:00Z,24,2018-07-09T00:00:00Z,2018-07-10T00:00:00Z,SA-06,Hail Region,ivt,kg m-1 s-1,163,163,31.609692,52.787335,81.781868,99.251599
handoff/mazu_like/mazu_like_20180709_00_lead024.nc,2018-07-09T00:00:00Z,24,2018-07-09T00:00:00Z,2018-07-10T00:00:00Z,SA-06,Hail Region,wind850_speed,m s-1,163,163,3.2318063,4.5055752,5.3748954,6.4603767
handoff/mazu_like/mazu_like_20180709_00_lead024.nc,2018-07-09T00:00:00Z,24,2018-07-09T00:00:00Z,2018-07-10T00:00:00Z,SA-06,Hail Region,wind_shear_850_200,m s-1,163,163,2.8126411,4.8333266,9.6144464,12.712281
handoff/mazu_like/mazu_like_20180709_00_lead024.nc,2018-07-09T00:00:00Z,24,2018-07-09T00:00:00Z,2018-07-10T00:00:00Z,SA-06,Hail Region,omega500,Pa s-1,163,163,-0.44644582,0.013258009,0.1165538,0.12841462
handoff/mazu_like/mazu_like_20180709_00_lead024.nc,2018-07-09T00:00:00Z,24,2018-07-09T00:00:00Z,2018-07-10T00:00:00Z,SA-06,Hail Region,geopotential_height500,gpm,163,163,5914.6147,5919.1537,5921.9315,5922.3979
handoff/mazu_like/mazu_like_20180709_00_lead024.nc,2018-07-09T00:00:00Z,24,2018-07-09T00:00:00Z,2018-07-10T00:00:00Z,SA-07,Tabuk Region,daily_precip_total,mm,205,205,0.035183284,0.28260366,0.39139913,0.42553687
handoff/mazu_like/mazu_like_20180709_00_lead024.nc,2018-07-09T00:00:00Z,24,2018-07-09T00:00:00Z,2018-07-10T00:00:00Z,SA-07,Tabuk Region,t2m_c,degC,205,205,28.383026,32.566884,34.601617,35.487701
handoff/mazu_like/mazu_like_20180709_00_lead024.nc,2018-07-09T00:00:00Z,24,2018-07-09T00:00:00Z,2018-07-10T00:00:00Z,SA-07,Tabuk Region,tmax_c,degC,205,205,31.360565,38.490295,41.103021,41.479187
handoff/mazu_like/mazu_like_20180709_00_lead024.nc,2018-07-09T00:00:00Z,24,2018-07-09T00:00:00Z,2018-07-10T00:00:00Z,SA-07,Tabuk Region,tmin_c,degC,205,205,23.124146,27.571455,30.970941,32.209229
handoff/mazu_like/mazu_like_20180709_00_lead024.nc,2018-07-09T00:00:00Z,24,2018-07-09T00:00:00Z,2018-07-10T00:00:00Z,SA-07,Tabuk Region,wind10_speed,m s-1,205,205,1.8083729,3.026774,4.3111961,6.9679055
handoff/mazu_like/mazu_like_20180709_00_lead024.nc,2018-07-09T00:00:00Z,24,2018-07-09T00:00:00Z,2018-07-10T00:00:00Z,SA-07,Tabuk Region,pwat,kg m-2,205,205,15.763419,21.374341,24.91128,26.885062
handoff/mazu_like/mazu_like_20180709_00_lead024.nc,2018-07-09T00:00:00Z,24,2018-07-09T00:00:00Z,2018-07-10T00:00:00Z,SA-07,Tabuk Region,ivt,kg m-1 s-1,205,205,21.141563,70.625977,112.28224,124.60096
handoff/mazu_like/mazu_like_20180709_00_lead024.nc,2018-07-09T00:00:00Z,24,2018-07-09T00:00:00Z,2018-07-10T00:00:00Z,SA-07,Tabuk Region,wind850_speed,m s-1,205,205,2.7164857,4.4028114,6.6219225,8.3810644
handoff/mazu_like/mazu_like_20180709_00_lead024.nc,2018-07-09T00:00:00Z,24,2018-07-09T00:00:00Z,2018-07-10T00:00:00Z,SA-07,Tabuk Region,wind_shear_850_200,m s-1,205,205,4.0769587,10.63485,16.471242,19.632135
handoff/mazu_like/mazu_like_20180709_00_lead024.nc,2018-07-09T00:00:00Z,24,2018-07-09T00:00:00Z,2018-07-10T00:00:00Z,SA-07,Tabuk Region,omega500,Pa s-1,205,205,-0.22990613,0.088424151,0.18245552,0.22095072
handoff/mazu_like/mazu_like_20180709_00_lead024.nc,2018-07-09T00:00:00Z,24,2018-07-09T00:00:00Z,2018-07-10T00:00:00Z,SA-07,Tabuk Region,geopotential_height500,gpm,205,205,5898.4575,5909.1454,5917.8684,5919.9966
handoff/mazu_like/mazu_like_20180709_00_lead024.nc,2018-07-09T00:00:00Z,24,2018-07-09T00:00:00Z,2018-07-10T00:00:00Z,SA-08,Northern Borders Region,daily_precip_total,mm,169,169,0.26667967,0.33831852,0.38655697,0.41286424
handoff/mazu_like/mazu_like_20180709_00_lead024.nc,2018-07-09T00:00:00Z,24,2018-07-09T00:00:00Z,2018-07-10T00:00:00Z,SA-08,Northern Borders Region,t2m_c,degC,169,169,32.249695,36.196938,38.198871,38.37146
handoff/mazu_like/mazu_like_20180709_00_lead024.nc,2018-07-09T00:00:00Z,24,2018-07-09T00:00:00Z,2018-07-10T00:00:00Z,SA-08,Northern Borders Region,tmax_c,degC,169,169,39.161957,43.356613,45.399902,45.59729
handoff/mazu_like/mazu_like_20180709_00_lead024.nc,2018-07-09T00:00:00Z,24,2018-07-09T00:00:00Z,2018-07-10T00:00:00Z,SA-08,Northern Borders Region,tmin_c,degC,169,169,25.464478,29.116055,30.868396,31.797821
handoff/mazu_like/mazu_like_20180709_00_lead024.nc,2018-07-09T00:00:00Z,24,2018-07-09T00:00:00Z,2018-07-10T00:00:00Z,SA-08,Northern Borders Region,wind10_speed,m s-1,169,169,2.2043681,3.1210586,4.1207886,5.356555
handoff/mazu_like/mazu_like_20180709_00_lead024.nc,2018-07-09T00:00:00Z,24,2018-07-09T00:00:00Z,2018-07-10T00:00:00Z,SA-08,Northern Borders Region,pwat,kg m-2,169,169,17.575987,18.833888,19.581178,19.813212
handoff/mazu_like/mazu_like_20180709_00_lead024.nc,2018-07-09T00:00:00Z,24,2018-07-09T00:00:00Z,2018-07-10T00:00:00Z,SA-08,Northern Borders Region,ivt,kg m-1 s-1,169,169,40.762443,95.235029,170.05773,219.39737
handoff/mazu_like/mazu_like_20180709_00_lead024.nc,2018-07-09T00:00:00Z,24,2018-07-09T00:00:00Z,2018-07-10T00:00:00Z,SA-08,Northern Borders Region,wind850_speed,m s-1,169,169,2.4918773,4.8665298,8.3165565,11.87788
handoff/mazu_like/mazu_like_20180709_00_lead024.nc,2018-07-09T00:00:00Z,24,2018-07-09T00:00:00Z,2018-07-10T00:00:00Z,SA-08,Northern Borders Region,wind_shear_850_200,m s-1,169,169,2.6291542,6.7981993,12.19988,13.386894
handoff/mazu_like/mazu_like_20180709_00_lead024.nc,2018-07-09T00:00:00Z,24,2018-07-09T00:00:00Z,2018-07-10T00:00:00Z,SA-08,Northern Borders Region,omega500,Pa s-1,169,169,-0.030195504,0.033995419,0.13830497,0.15565765
handoff/mazu_like/mazu_like_20180709_00_lead024.nc,2018-07-09T00:00:00Z,24,2018-07-09T00:00:00Z,2018-07-10T00:00:00Z,SA-08,Northern Borders Region,geopotential_height500,gpm,169,169,5906.2227,5914.4924,5917.4895,5918.0464
handoff/mazu_like/mazu_like_20180709_00_lead024.nc,2018-07-09T00:00:00Z,24,2018-07-09T00:00:00Z,2018-07-10T00:00:00Z,SA-09,Jazan Region,daily_precip_total,mm,22,22,0.22851682,0.74888226,1.3653054,3.485466
handoff/mazu_like/mazu_like_20180709_00_lead024.nc,2018-07-09T00:00:00Z,24,2018-07-09T00:00:00Z,2018-07-10T00:00:00Z,SA-09,Jazan Region,t2m_c,degC,22,22,27.434052,33.501347,35.73636,35.878235
handoff/mazu_like/mazu_like_20180709_00_lead024.nc,2018-07-09T00:00:00Z,24,2018-07-09T00:00:00Z,2018-07-10T00:00:00Z,SA-09,Jazan Region,tmax_c,degC,22,22,31.943817,36.95734,39.529076,39.774719
handoff/mazu_like/mazu_like_20180709_00_lead024.nc,2018-07-09T00:00:00Z,24,2018-07-09T00:00:00Z,2018-07-10T00:00:00Z,SA-09,Jazan Region,tmin_c,degC,22,22,23.362518,30.587335,32.409549,32.805481
handoff/mazu_like/mazu_like_20180709_00_lead024.nc,2018-07-09T00:00:00Z,24,2018-07-09T00:00:00Z,2018-07-10T00:00:00Z,SA-09,Jazan Region,wind10_speed,m s-1,22,22,1.1799594,2.3645405,3.405936,3.9671116
handoff/mazu_like/mazu_like_20180709_00_lead024.nc,2018-07-09T00:00:00Z,24,2018-07-09T00:00:00Z,2018-07-10T00:00:00Z,SA-09,Jazan Region,pwat,kg m-2,22,22,42.405419,45.431568,48.878777,51.126579
handoff/mazu_like/mazu_like_20180709_00_lead024.nc,2018-07-09T00:00:00Z,24,2018-07-09T00:00:00Z,2018-07-10T00:00:00Z,SA-09,Jazan Region,ivt,kg m-1 s-1,22,22,161.00156,184.0056,211.02293,215.21296
handoff/mazu_like/mazu_like_20180709_00_lead024.nc,2018-07-09T00:00:00Z,24,2018-07-09T00:00:00Z,2018-07-10T00:00:00Z,SA-09,Jazan Region,wind850_speed,m s-1,22,22,1.2122726,3.665973,6.7492427,7.2595167
handoff/mazu_like/mazu_like_20180709_00_lead024.nc,2018-07-09T00:00:00Z,24,2018-07-09T00:00:00Z,2018-07-10T00:00:00Z,SA-09,Jazan Region,wind_shear_850_200,m s-1,22,22,25.072025,27.516099,29.375784,31.221212
handoff/mazu_like/mazu_like_20180709_00_lead024.nc,2018-07-09T00:00:00Z,24,2018-07-09T00:00:00Z,2018-07-10T00:00:00Z,SA-09,Jazan Region,omega500,Pa s-1,22,22,-0.18950781,-0.058443598,0.01448684,0.048793659
handoff/mazu_like/mazu_like_20180709_00_lead024.nc,2018-07-09T00:00:00Z,24,2018-07-09T00:00:00Z,2018-07-10T00:00:00Z,SA-09,Jazan Region,geopotential_height500,gpm,22,22,5887.3496,5892.9361,5897.3859,5898.2812
handoff/mazu_like/mazu_like_20180709_00_lead024.nc,2018-07-09T00:00:00Z,24,2018-07-09T00:00:00Z,2018-07-10T00:00:00Z,SA-10,Najran Region,daily_precip_total,mm,123,123,0.43290266,0.50220549,0.54489547,0.71523815
handoff/mazu_like/mazu_like_20180709_00_lead024.nc,2018-07-09T00:00:00Z,24,2018-07-09T00:00:00Z,2018-07-10T00:00:00Z,SA-10,Najran Region,t2m_c,degC,123,123,27.618561,35.539115,37.65191,38.097443
handoff/mazu_like/mazu_like_20180709_00_lead024.nc,2018-07-09T00:00:00Z,24,2018-07-09T00:00:00Z,2018-07-10T00:00:00Z,SA-10,Najran Region,tmax_c,degC,123,123,31.378937,41.106334,43.744031,44.151245
handoff/mazu_like/mazu_like_20180709_00_lead024.nc,2018-07-09T00:00:00Z,24,2018-07-09T00:00:00Z,2018-07-10T00:00:00Z,SA-10,Najran Region,tmin_c,degC,123,123,23.883362,29.981739,31.624817,32.125183
handoff/mazu_like/mazu_like_20180709_00_lead024.nc,2018-07-09T00:00:00Z,24,2018-07-09T00:00:00Z,2018-07-10T00:00:00Z,SA-10,Najran Region,wind10_speed,m s-1,123,123,3.0085759,3.4406035,3.8598983,4.387404
handoff/mazu_like/mazu_like_20180709_00_lead024.nc,2018-07-09T00:00:00Z,24,2018-07-09T00:00:00Z,2018-07-10T00:00:00Z,SA-10,Najran Region,pwat,kg m-2,123,123,27.344289,28.814748,31.324062,31.879507
handoff/mazu_like/mazu_like_20180709_00_lead024.nc,2018-07-09T00:00:00Z,24,2018-07-09T00:00:00Z,2018-07-10T00:00:00Z,SA-10,Najran Region,ivt,kg m-1 s-1,123,123,176.87891,199.18607,207.97817,228.63982
handoff/mazu_like/mazu_like_20180709_00_lead024.nc,2018-07-09T00:00:00Z,24,2018-07-09T00:00:00Z,2018-07-10T00:00:00Z,SA-10,Najran Region,wind850_speed,m s-1,123,123,3.3469083,6.5889833,7.6711443,7.9054189
handoff/mazu_like/mazu_like_20180709_00_lead024.nc,2018-07-09T00:00:00Z,24,2018-07-09T00:00:00Z,2018-07-10T00:00:00Z,SA-10,Najran Region,wind_shear_850_200,m s-1,123,123,14.713873,17.945225,22.578303,23.511469
handoff/mazu_like/mazu_like_20180709_00_lead024.nc,2018-07-09T00:00:00Z,24,2018-07-09T00:00:00Z,2018-07-10T00:00:00Z,SA-10,Najran Region,omega500,Pa s-1,123,123,-0.083212554,-0.049701814,-0.027766383,-0.019420408
handoff/mazu_like/mazu_like_20180709_00_lead024.nc,2018-07-09T00:00:00Z,24,2018-07-09T00:00:00Z,2018-07-10T00:00:00Z,SA-10,Najran Region,geopotential_height500,gpm,123,123,5879.957,5890.1125,5895.1703,5896.4072
handoff/mazu_like/mazu_like_20180709_00_lead024.nc,2018-07-09T00:00:00Z,24,2018-07-09T00:00:00Z,2018-07-10T00:00:00Z,SA-11,Al Bahah Region,daily_precip_total,mm,12,12,0.34520927,0.59511346,0.95692838,1.016133
handoff/mazu_like/mazu_like_20180709_00_lead024.nc,2018-07-09T00:00:00Z,24,2018-07-09T00:00:00Z,2018-07-10T00:00:00Z,SA-11,Al Bahah Region,t2m_c,degC,12,12,30.290009,32.712681,35.563495,35.992981
handoff/mazu_like/mazu_like_20180709_00_lead024.nc,2018-07-09T00:00:00Z,24,2018-07-09T00:00:00Z,2018-07-10T00:00:00Z,SA-11,Al Bahah Region,tmax_c,degC,12,12,34.004852,36.683642,39.431984,40.02121
handoff/mazu_like/mazu_like_20180709_00_lead024.nc,2018-07-09T00:00:00Z,24,2018-07-09T00:00:00Z,2018-07-10T00:00:00Z,SA-11,Al Bahah Region,tmin_c,degC,12,12,27.502625,29.786518,32.905276,33.427246
handoff/mazu_like/mazu_like_20180709_00_lead024.nc,2018-07-09T00:00:00Z,24,2018-07-09T00:00:00Z,2018-07-10T00:00:00Z,SA-11,Al Bahah Region,wind10_speed,m s-1,12,12,0.90759921,2.2030356,3.4179459,3.5371521
handoff/mazu_like/mazu_like_20180709_00_lead024.nc,2018-07-09T00:00:00Z,24,2018-07-09T00:00:00Z,2018-07-10T00:00:00Z,SA-11,Al Bahah Region,pwat,kg m-2,12,12,30.371576,36.262472,41.068821,41.178022
handoff/mazu_like/mazu_like_20180709_00_lead024.nc,2018-07-09T00:00:00Z,24,2018-07-09T00:00:00Z,2018-07-10T00:00:00Z,SA-11,Al Bahah Region,ivt,kg m-1 s-1,12,12,118.90293,133.83582,144.61991,145.9179
handoff/mazu_like/mazu_like_20180709_00_lead024.nc,2018-07-09T00:00:00Z,24,2018-07-09T00:00:00Z,2018-07-10T00:00:00Z,SA-11,Al Bahah Region,wind850_speed,m s-1,12,12,1.0308509,2.6023291,3.8442767,4.1536674
handoff/mazu_like/mazu_like_20180709_00_lead024.nc,2018-07-09T00:00:00Z,24,2018-07-09T00:00:00Z,2018-07-10T00:00:00Z,SA-11,Al Bahah Region,wind_shear_850_200,m s-1,12,12,18.972507,21.359986,23.713464,23.795771
handoff/mazu_like/mazu_like_20180709_00_lead024.nc,2018-07-09T00:00:00Z,24,2018-07-09T00:00:00Z,2018-07-10T00:00:00Z,SA-11,Al Bahah Region,omega500,Pa s-1,12,12,-0.32035619,-0.17701385,-0.081267271,-0.069867961
handoff/mazu_like/mazu_like_20180709_00_lead024.nc,2018-07-09T00:00:00Z,24,2018-07-09T00:00:00Z,2018-07-10T00:00:00Z,SA-11,Al Bahah Region,geopotential_height500,gpm,12,12,5903.9292,5906.686,5908.673,5908.8589
handoff/mazu_like/mazu_like_20180709_00_lead024.nc,2018-07-09T00:00:00Z,24,2018-07-09T00:00:00Z,2018-07-10T00:00:00Z,SA-12,Al Jawf Region,daily_precip_total,mm,122,122,0.21482925,0.31971029,0.39368127,0.42304292
handoff/mazu_like/mazu_like_20180709_00_lead024.nc,2018-07-09T00:00:00Z,24,2018-07-09T00:00:00Z,2018-07-10T00:00:00Z,SA-12,Al Jawf Region,t2m_c,degC,122,122,32.094025,35.034848,36.524393,36.835815
handoff/mazu_like/mazu_like_20180709_00_lead024.nc,2018-07-09T00:00:00Z,24,2018-07-09T00:00:00Z,2018-07-10T00:00:00Z,SA-12,Al Jawf Region,tmax_c,degC,122,122,39.166992,42.190691,43.909711,44.286987
handoff/mazu_like/mazu_like_20180709_00_lead024.nc,2018-07-09T00:00:00Z,24,2018-07-09T00:00:00Z,2018-07-10T00:00:00Z,SA-12,Al Jawf Region,tmin_c,degC,122,122,25.551025,28.767814,29.93443,30.299744
handoff/mazu_like/mazu_like_20180709_00_lead024.nc,2018-07-09T00:00:00Z,24,2018-07-09T00:00:00Z,2018-07-10T00:00:00Z,SA-12,Al Jawf Region,wind10_speed,m s-1,122,122,1.8453511,3.1622481,4.5178085,4.6564898
handoff/mazu_like/mazu_like_20180709_00_lead024.nc,2018-07-09T00:00:00Z,24,2018-07-09T00:00:00Z,2018-07-10T00:00:00Z,SA-12,Al Jawf Region,pwat,kg m-2,122,122,17.782233,19.380762,21.179884,21.674174
handoff/mazu_like/mazu_like_20180709_00_lead024.nc,2018-07-09T00:00:00Z,24,2018-07-09T00:00:00Z,2018-07-10T00:00:00Z,SA-12,Al Jawf Region,ivt,kg m-1 s-1,122,122,42.023512,65.150345,81.140216,88.27412
handoff/mazu_like/mazu_like_20180709_00_lead024.nc,2018-07-09T00:00:00Z,24,2018-07-09T00:00:00Z,2018-07-10T00:00:00Z,SA-12,Al Jawf Region,wind850_speed,m s-1,122,122,2.3771081,4.0608409,5.2289521,5.725564
handoff/mazu_like/mazu_like_20180709_00_lead024.nc,2018-07-09T00:00:00Z,24,2018-07-09T00:00:00Z,2018-07-10T00:00:00Z,SA-12,Al Jawf Region,wind_shear_850_200,m s-1,122,122,3.2494638,7.9322256,13.525988,14.375224
handoff/mazu_like/mazu_like_20180709_00_lead024.nc,2018-07-09T00:00:00Z,24,2018-07-09T00:00:00Z,2018-07-10T00:00:00Z,SA-12,Al Jawf Region,omega500,Pa s-1,122,122,-0.0043004565,0.089495988,0.14907056,0.15914111
handoff/mazu_like/mazu_like_20180709_00_lead024.nc,2018-07-09T00:00:00Z,24,2018-07-09T00:00:00Z,2018-07-10T00:00:00Z,SA-12,Al Jawf Region,geopotential_height500,gpm,122,122,5904.9004,5912.3911,5916.5641,5917.1494
handoff/mazu_like/mazu_like_20180709_00_lead024.nc,2018-07-09T00:00:00Z,24,2018-07-09T00:00:00Z,2018-07-10T00:00:00Z,SA-14,Asir Region,daily_precip_total,mm,104,104,0.41144329,0.63988323,1.2081652,2.4368582
handoff/mazu_like/mazu_like_20180709_00_lead024.nc,2018-07-09T00:00:00Z,24,2018-07-09T00:00:00Z,2018-07-10T00:00:00Z,SA-14,Asir Region,t2m_c,degC,104,104,25.6409,31.999556,36.30208,37.217773
handoff/mazu_like/mazu_like_20180709_00_lead024.nc,2018-07-09T00:00:00Z,24,2018-07-09T00:00:00Z,2018-07-10T00:00:00Z,SA-14,Asir Region,tmax_c,degC,104,104,29.275635,36.336468,41.399379,42.427612
handoff/mazu_like/mazu_like_20180709_00_lead024.nc,2018-07-09T00:00:00Z,24,2018-07-09T00:00:00Z,2018-07-10T00:00:00Z,SA-14,Asir Region,tmin_c,degC,104,104,21.481964,28.115522,31.719621,32.137299
handoff/mazu_like/mazu_like_20180709_00_lead024.nc,2018-07-09T00:00:00Z,24,2018-07-09T00:00:00Z,2018-07-10T00:00:00Z,SA-14,Asir Region,wind10_speed,m s-1,104,104,0.95036536,2.9167684,3.6437579,3.8919806
handoff/mazu_like/mazu_like_20180709_00_lead024.nc,2018-07-09T00:00:00Z,24,2018-07-09T00:00:00Z,2018-07-10T00:00:00Z,SA-14,Asir Region,pwat,kg m-2,104,104,31.096723,33.771704,44.026663,46.324874
handoff/mazu_like/mazu_like_20180709_00_lead024.nc,2018-07-09T00:00:00Z,24,2018-07-09T00:00:00Z,2018-07-10T00:00:00Z,SA-14,Asir Region,ivt,kg m-1 s-1,104,104,132.29146,167.1282,210.5319,219.92395
handoff/mazu_like/mazu_like_20180709_00_lead024.nc,2018-07-09T00:00:00Z,24,2018-07-09T00:00:00Z,2018-07-10T00:00:00Z,SA-14,Asir Region,wind850_speed,m s-1,104,104,0.944242,3.3043512,4.5453017,4.9587498
handoff/mazu_like/mazu_like_20180709_00_lead024.nc,2018-07-09T00:00:00Z,24,2018-07-09T00:00:00Z,2018-07-10T00:00:00Z,SA-14,Asir Region,wind_shear_850_200,m s-1,104,104,16.15365,20.677199,25.3101,26.774223
handoff/mazu_like/mazu_like_20180709_00_lead024.nc,2018-07-09T00:00:00Z,24,2018-07-09T00:00:00Z,2018-07-10T00:00:00Z,SA-14,Asir Region,omega500,Pa s-1,104,104,-0.25160679,-0.073376117,-0.012350893,0.0088021606
handoff/mazu_like/mazu_like_20180709_00_lead024.nc,2018-07-09T00:00:00Z,24,2018-07-09T00:00:00Z,2018-07-10T00:00:00Z,SA-14,Asir Region,geopotential_height500,gpm,104,104,5892.0474,5900.0834,5906.0618,5908.0991
handoff/mazu_like/mazu_like_20180709_00_lead048.nc,2018-07-09T00:00:00Z,48,2018-07-10T00:00:00Z,2018-07-11T00:00:00Z,SA-01,Riyadh Region,daily_precip_total,mm,531,531,0.29115495,0.5153206,0.64091879,0.70798832
handoff/mazu_like/mazu_like_20180709_00_lead048.nc,2018-07-09T00:00:00Z,48,2018-07-10T00:00:00Z,2018-07-11T00:00:00Z,SA-01,Riyadh Region,t2m_c,degC,531,531,36.424683,38.180323,39.597427,40.076263
handoff/mazu_like/mazu_like_20180709_00_lead048.nc,2018-07-09T00:00:00Z,48,2018-07-10T00:00:00Z,2018-07-11T00:00:00Z,SA-01,Riyadh Region,tmax_c,degC,531,531,41.556152,44.058946,45.827789,46.542572
handoff/mazu_like/mazu_like_20180709_00_lead048.nc,2018-07-09T00:00:00Z,48,2018-07-10T00:00:00Z,2018-07-11T00:00:00Z,SA-01,Riyadh Region,tmin_c,degC,531,531,30.395294,32.398662,34.213333,34.848969
handoff/mazu_like/mazu_like_20180709_00_lead048.nc,2018-07-09T00:00:00Z,48,2018-07-10T00:00:00Z,2018-07-11T00:00:00Z,SA-01,Riyadh Region,wind10_speed,m s-1,531,531,1.2501392,4.4972982,7.0556169,7.7769976
handoff/mazu_like/mazu_like_20180709_00_lead048.nc,2018-07-09T00:00:00Z,48,2018-07-10T00:00:00Z,2018-07-11T00:00:00Z,SA-01,Riyadh Region,pwat,kg m-2,531,531,16.832863,20.508782,23.958786,25.098921
handoff/mazu_like/mazu_like_20180709_00_lead048.nc,2018-07-09T00:00:00Z,48,2018-07-10T00:00:00Z,2018-07-11T00:00:00Z,SA-01,Riyadh Region,ivt,kg m-1 s-1,531,531,43.702034,163.77041,195.70773,201.02488
handoff/mazu_like/mazu_like_20180709_00_lead048.nc,2018-07-09T00:00:00Z,48,2018-07-10T00:00:00Z,2018-07-11T00:00:00Z,SA-01,Riyadh Region,wind850_speed,m s-1,531,531,3.2225876,10.357682,15.174493,16.455303
handoff/mazu_like/mazu_like_20180709_00_lead048.nc,2018-07-09T00:00:00Z,48,2018-07-10T00:00:00Z,2018-07-11T00:00:00Z,SA-01,Riyadh Region,wind_shear_850_200,m s-1,531,531,8.793541,18.207723,25.168487,26.184612
handoff/mazu_like/mazu_like_20180709_00_lead048.nc,2018-07-09T00:00:00Z,48,2018-07-10T00:00:00Z,2018-07-11T00:00:00Z,SA-01,Riyadh Region,omega500,Pa s-1,531,531,-0.20939767,-0.024934966,0.044907942,0.08820264
handoff/mazu_like/mazu_like_20180709_00_lead048.nc,2018-07-09T00:00:00Z,48,2018-07-10T00:00:00Z,2018-07-11T00:00:00Z,SA-01,Riyadh Region,geopotential_height500,gpm,531,531,5881.8784,5897.6597,5912.7683,5915.5889
handoff/mazu_like/mazu_like_20180709_00_lead048.nc,2018-07-09T00:00:00Z,48,2018-07-10T00:00:00Z,2018-07-11T00:00:00Z,SA-02,Makkah Region,daily_precip_total,mm,191,191,0.046982307,0.53910064,0.85285348,1.4008934
handoff/mazu_like/mazu_like_20180709_00_lead048.nc,2018-07-09T00:00:00Z,48,2018-07-10T00:00:00Z,2018-07-11T00:00:00Z,SA-02,Makkah Region,t2m_c,degC,191,191,29.106201,35.113281,37.61824,38.314148
handoff/mazu_like/mazu_like_20180709_00_lead048.nc,2018-07-09T00:00:00Z,48,2018-07-10T00:00:00Z,2018-07-11T00:00:00Z,SA-02,Makkah Region,tmax_c,degC,191,191,31.928009,40.176389,43.305817,43.616852
handoff/mazu_like/mazu_like_20180709_00_lead048.nc,2018-07-09T00:00:00Z,48,2018-07-10T00:00:00Z,2018-07-11T00:00:00Z,SA-02,Makkah Region,tmin_c,degC,191,191,25.695068,30.848756,32.891342,33.615845
handoff/mazu_like/mazu_like_20180709_00_lead048.nc,2018-07-09T00:00:00Z,48,2018-07-10T00:00:00Z,2018-07-11T00:00:00Z,SA-02,Makkah Region,wind10_speed,m s-1,191,191,1.2202317,3.0533136,4.9944167,7.3639956
handoff/mazu_like/mazu_like_20180709_00_lead048.nc,2018-07-09T00:00:00Z,48,2018-07-10T00:00:00Z,2018-07-11T00:00:00Z,SA-02,Makkah Region,pwat,kg m-2,191,191,23.097665,30.326795,42.347618,44.6808
handoff/mazu_like/mazu_like_20180709_00_lead048.nc,2018-07-09T00:00:00Z,48,2018-07-10T00:00:00Z,2018-07-11T00:00:00Z,SA-02,Makkah Region,ivt,kg m-1 s-1,191,191,51.105343,97.474136,173.68875,224.52541
handoff/mazu_like/mazu_like_20180709_00_lead048.nc,2018-07-09T00:00:00Z,48,2018-07-10T00:00:00Z,2018-07-11T00:00:00Z,SA-02,Makkah Region,wind850_speed,m s-1,191,191,1.4270148,5.8067352,9.4887409,11.175303
handoff/mazu_like/mazu_like_20180709_00_lead048.nc,2018-07-09T00:00:00Z,48,2018-07-10T00:00:00Z,2018-07-11T00:00:00Z,SA-02,Makkah Region,wind_shear_850_200,m s-1,191,191,11.503685,20.824507,24.813901,25.810568
handoff/mazu_like/mazu_like_20180709_00_lead048.nc,2018-07-09T00:00:00Z,48,2018-07-10T00:00:00Z,2018-07-11T00:00:00Z,SA-02,Makkah Region,omega500,Pa s-1,191,191,-0.48182404,-0.099874249,0.052543297,0.10242728
handoff/mazu_like/mazu_like_20180709_00_lead048.nc,2018-07-09T00:00:00Z,48,2018-07-10T00:00:00Z,2018-07-11T00:00:00Z,SA-02,Makkah Region,geopotential_height500,gpm,191,191,5899.4277,5911.1106,5916.0483,5918.022
handoff/mazu_like/mazu_like_20180709_00_lead048.nc,2018-07-09T00:00:00Z,48,2018-07-10T00:00:00Z,2018-07-11T00:00:00Z,SA-03,Al Madinah Region,daily_precip_total,mm,207,207,0,0.42200914,0.60773576,0.68299103
handoff/mazu_like/mazu_like_20180709_00_lead048.nc,2018-07-09T00:00:00Z,48,2018-07-10T00:00:00Z,2018-07-11T00:00:00Z,SA-03,Al Madinah Region,t2m_c,degC,207,207,30.297577,36.416318,39.066422,39.549438
handoff/mazu_like/mazu_like_20180709_00_lead048.nc,2018-07-09T00:00:00Z,48,2018-07-10T00:00:00Z,2018-07-11T00:00:00Z,SA-03,Al Madinah Region,tmax_c,degC,207,207,35.18045,42.253535,44.612158,45.064209
handoff/mazu_like/mazu_like_20180709_00_lead048.nc,2018-07-09T00:00:00Z,48,2018-07-10T00:00:00Z,2018-07-11T00:00:00Z,SA-03,Al Madinah Region,tmin_c,degC,207,207,24.688324,31.478078,34.422635,35.115479
handoff/mazu_like/mazu_like_20180709_00_lead048.nc,2018-07-09T00:00:00Z,48,2018-07-10T00:00:00Z,2018-07-11T00:00:00Z,SA-03,Al Madinah Region,wind10_speed,m s-1,207,207,1.3925096,3.4461914,5.0656024,8.2693415
handoff/mazu_like/mazu_like_20180709_00_lead048.nc,2018-07-09T00:00:00Z,48,2018-07-10T00:00:00Z,2018-07-11T00:00:00Z,SA-03,Al Madinah Region,pwat,kg m-2,207,207,20.463088,25.293602,29.486794,31.829416
handoff/mazu_like/mazu_like_20180709_00_lead048.nc,2018-07-09T00:00:00Z,48,2018-07-10T00:00:00Z,2018-07-11T00:00:00Z,SA-03,Al Madinah Region,ivt,kg m-1 s-1,207,207,26.266476,68.115731,103.49324,116.03484
handoff/mazu_like/mazu_like_20180709_00_lead048.nc,2018-07-09T00:00:00Z,48,2018-07-10T00:00:00Z,2018-07-11T00:00:00Z,SA-03,Al Madinah Region,wind850_speed,m s-1,207,207,3.0655468,6.583428,9.2302944,10.371721
handoff/mazu_like/mazu_like_20180709_00_lead048.nc,2018-07-09T00:00:00Z,48,2018-07-10T00:00:00Z,2018-07-11T00:00:00Z,SA-03,Al Madinah Region,wind_shear_850_200,m s-1,207,207,7.1267023,15.519005,20.389531,22.087824
handoff/mazu_like/mazu_like_20180709_00_lead048.nc,2018-07-09T00:00:00Z,48,2018-07-10T00:00:00Z,2018-07-11T00:00:00Z,SA-03,Al Madinah Region,omega500,Pa s-1,207,207,-0.40792876,-0.06950903,0.092724696,0.13548514
handoff/mazu_like/mazu_like_20180709_00_lead048.nc,2018-07-09T00:00:00Z,48,2018-07-10T00:00:00Z,2018-07-11T00:00:00Z,SA-03,Al Madinah Region,geopotential_height500,gpm,207,207,5906.6968,5916.0523,5918.3202,5918.7627
handoff/mazu_like/mazu_like_20180709_00_lead048.nc,2018-07-09T00:00:00Z,48,2018-07-10T00:00:00Z,2018-07-11T00:00:00Z,SA-04,Eastern Region,daily_precip_total,mm,798,798,0.10788047,0.42547435,0.55444722,0.70564473
handoff/mazu_like/mazu_like_20180709_00_lead048.nc,2018-07-09T00:00:00Z,48,2018-07-10T00:00:00Z,2018-07-11T00:00:00Z,SA-04,Eastern Region,t2m_c,degC,798,798,35.11145,38.415442,39.712186,41.370819
handoff/mazu_like/mazu_like_20180709_00_lead048.nc,2018-07-09T00:00:00Z,48,2018-07-10T00:00:00Z,2018-07-11T00:00:00Z,SA-04,Eastern Region,tmax_c,degC,798,798,36.995361,45.269685,46.501558,47.531647
handoff/mazu_like/mazu_like_20180709_00_lead048.nc,2018-07-09T00:00:00Z,48,2018-07-10T00:00:00Z,2018-07-11T00:00:00Z,SA-04,Eastern Region,tmin_c,degC,798,798,29.298309,31.748669,34.540291,36.078949
handoff/mazu_like/mazu_like_20180709_00_lead048.nc,2018-07-09T00:00:00Z,48,2018-07-10T00:00:00Z,2018-07-11T00:00:00Z,SA-04,Eastern Region,wind10_speed,m s-1,798,798,0.63155824,4.9620263,7.9289121,8.7330847
handoff/mazu_like/mazu_like_20180709_00_lead048.nc,2018-07-09T00:00:00Z,48,2018-07-10T00:00:00Z,2018-07-11T00:00:00Z,SA-04,Eastern Region,pwat,kg m-2,798,798,16.058907,21.764732,31.526064,34.28893
handoff/mazu_like/mazu_like_20180709_00_lead048.nc,2018-07-09T00:00:00Z,48,2018-07-10T00:00:00Z,2018-07-11T00:00:00Z,SA-04,Eastern Region,ivt,kg m-1 s-1,798,798,51.542665,135.50443,176.32064,190.6916
handoff/mazu_like/mazu_like_20180709_00_lead048.nc,2018-07-09T00:00:00Z,48,2018-07-10T00:00:00Z,2018-07-11T00:00:00Z,SA-04,Eastern Region,wind850_speed,m s-1,798,798,1.7611914,9.7756383,16.43989,17.204376
handoff/mazu_like/mazu_like_20180709_00_lead048.nc,2018-07-09T00:00:00Z,48,2018-07-10T00:00:00Z,2018-07-11T00:00:00Z,SA-04,Eastern Region,wind_shear_850_200,m s-1,798,798,14.020237,24.363549,28.126987,30.238459
handoff/mazu_like/mazu_like_20180709_00_lead048.nc,2018-07-09T00:00:00Z,48,2018-07-10T00:00:00Z,2018-07-11T00:00:00Z,SA-04,Eastern Region,omega500,Pa s-1,798,798,-0.054104775,0.0038122868,0.036739297,0.062498257
handoff/mazu_like/mazu_like_20180709_00_lead048.nc,2018-07-09T00:00:00Z,48,2018-07-10T00:00:00Z,2018-07-11T00:00:00Z,SA-04,Eastern Region,geopotential_height500,gpm,798,798,5867.1592,5882.0185,5904.9511,5909.7852
handoff/mazu_like/mazu_like_20180709_00_lead048.nc,2018-07-09T00:00:00Z,48,2018-07-10T00:00:00Z,2018-07-11T00:00:00Z,SA-05,Al-Qassim Region,daily_precip_total,mm,96,96,0.42945167,0.54469757,0.63917346,0.70897424
handoff/mazu_like/mazu_like_20180709_00_lead048.nc,2018-07-09T00:00:00Z,48,2018-07-10T00:00:00Z,2018-07-11T00:00:00Z,SA-05,Al-Qassim Region,t2m_c,degC,96,96,37.292694,37.992047,38.854935,39.028351
handoff/mazu_like/mazu_like_20180709_00_lead048.nc,2018-07-09T00:00:00Z,48,2018-07-10T00:00:00Z,2018-07-11T00:00:00Z,SA-05,Al-Qassim Region,tmax_c,degC,96,96,42.951721,44.155677,44.656372,44.732605
handoff/mazu_like/mazu_like_20180709_00_lead048.nc,2018-07-09T00:00:00Z,48,2018-07-10T00:00:00Z,2018-07-11T00:00:00Z,SA-05,Al-Qassim Region,tmin_c,degC,96,96,30.423096,31.909436,33.610489,33.676056
handoff/mazu_like/mazu_like_20180709_00_lead048.nc,2018-07-09T00:00:00Z,48,2018-07-10T00:00:00Z,2018-07-11T00:00:00Z,SA-05,Al-Qassim Region,wind10_speed,m s-1,96,96,2.0560217,3.277459,4.4270372,4.8770905
handoff/mazu_like/mazu_like_20180709_00_lead048.nc,2018-07-09T00:00:00Z,48,2018-07-10T00:00:00Z,2018-07-11T00:00:00Z,SA-05,Al-Qassim Region,pwat,kg m-2,96,96,18.066865,22.008817,24.05814,24.390242
handoff/mazu_like/mazu_like_20180709_00_lead048.nc,2018-07-09T00:00:00Z,48,2018-07-10T00:00:00Z,2018-07-11T00:00:00Z,SA-05,Al-Qassim Region,ivt,kg m-1 s-1,96,96,40.19272,102.13849,161.95786,173.1179
handoff/mazu_like/mazu_like_20180709_00_lead048.nc,2018-07-09T00:00:00Z,48,2018-07-10T00:00:00Z,2018-07-11T00:00:00Z,SA-05,Al-Qassim Region,wind850_speed,m s-1,96,96,5.080081,7.160555,8.8991497,10.266522
handoff/mazu_like/mazu_like_20180709_00_lead048.nc,2018-07-09T00:00:00Z,48,2018-07-10T00:00:00Z,2018-07-11T00:00:00Z,SA-05,Al-Qassim Region,wind_shear_850_200,m s-1,96,96,6.540596,9.0918749,12.812543,15.293579
handoff/mazu_like/mazu_like_20180709_00_lead048.nc,2018-07-09T00:00:00Z,48,2018-07-10T00:00:00Z,2018-07-11T00:00:00Z,SA-05,Al-Qassim Region,omega500,Pa s-1,96,96,-0.072565883,0.0014678329,0.081075871,0.10145169
handoff/mazu_like/mazu_like_20180709_00_lead048.nc,2018-07-09T00:00:00Z,48,2018-07-10T00:00:00Z,2018-07-11T00:00:00Z,SA-05,Al-Qassim Region,geopotential_height500,gpm,96,96,5903.4834,5909.5943,5914.9604,5915.5664
handoff/mazu_like/mazu_like_20180709_00_lead048.nc,2018-07-09T00:00:00Z,48,2018-07-10T00:00:00Z,2018-07-11T00:00:00Z,SA-06,Hail Region,daily_precip_total,mm,163,163,0.19963366,0.48092769,0.54456081,0.66060388
handoff/mazu_like/mazu_like_20180709_00_lead048.nc,2018-07-09T00:00:00Z,48,2018-07-10T00:00:00Z,2018-07-11T00:00:00Z,SA-06,Hail Region,t2m_c,degC,163,163,33.425934,36.376239,38.268857,38.784393
handoff/mazu_like/mazu_like_20180709_00_lead048.nc,2018-07-09T00:00:00Z,48,2018-07-10T00:00:00Z,2018-07-11T00:00:00Z,SA-06,Hail Region,tmax_c,degC,163,163,39.517334,42.697967,44.090701,44.277679
handoff/mazu_like/mazu_like_20180709_00_lead048.nc,2018-07-09T00:00:00Z,48,2018-07-10T00:00:00Z,2018-07-11T00:00:00Z,SA-06,Hail Region,tmin_c,degC,163,163,27.337708,30.127938,33.328717,33.690369
handoff/mazu_like/mazu_like_20180709_00_lead048.nc,2018-07-09T00:00:00Z,48,2018-07-10T00:00:00Z,2018-07-11T00:00:00Z,SA-06,Hail Region,wind10_speed,m s-1,163,163,0.97222406,2.7066884,3.7722768,4.6976123
handoff/mazu_like/mazu_like_20180709_00_lead048.nc,2018-07-09T00:00:00Z,48,2018-07-10T00:00:00Z,2018-07-11T00:00:00Z,SA-06,Hail Region,pwat,kg m-2,163,163,18.258931,22.944212,24.634763,25.855685
handoff/mazu_like/mazu_like_20180709_00_lead048.nc,2018-07-09T00:00:00Z,48,2018-07-10T00:00:00Z,2018-07-11T00:00:00Z,SA-06,Hail Region,ivt,kg m-1 s-1,163,163,25.725326,56.587626,114.36048,146.99359
handoff/mazu_like/mazu_like_20180709_00_lead048.nc,2018-07-09T00:00:00Z,48,2018-07-10T00:00:00Z,2018-07-11T00:00:00Z,SA-06,Hail Region,wind850_speed,m s-1,163,163,3.7444777,5.4944466,6.8183675,8.1204786
handoff/mazu_like/mazu_like_20180709_00_lead048.nc,2018-07-09T00:00:00Z,48,2018-07-10T00:00:00Z,2018-07-11T00:00:00Z,SA-06,Hail Region,wind_shear_850_200,m s-1,163,163,6.2225842,7.811845,10.300059,14.247744
handoff/mazu_like/mazu_like_20180709_00_lead048.nc,2018-07-09T00:00:00Z,48,2018-07-10T00:00:00Z,2018-07-11T00:00:00Z,SA-06,Hail Region,omega500,Pa s-1,163,163,-0.48187876,0.0016313524,0.11163566,0.12203218
handoff/mazu_like/mazu_like_20180709_00_lead048.nc,2018-07-09T00:00:00Z,48,2018-07-10T00:00:00Z,2018-07-11T00:00:00Z,SA-06,Hail Region,geopotential_height500,gpm,163,163,5907.3081,5913.4427,5917.4274,5918.5
handoff/mazu_like/mazu_like_20180709_00_lead048.nc,2018-07-09T00:00:00Z,48,2018-07-10T00:00:00Z,2018-07-11T00:00:00Z,SA-07,Tabuk Region,daily_precip_total,mm,205,205,0,0.37650523,0.51369423,0.55237907
handoff/mazu_like/mazu_like_20180709_00_lead048.nc,2018-07-09T00:00:00Z,48,2018-07-10T00:00:00Z,2018-07-11T00:00:00Z,SA-07,Tabuk Region,t2m_c,degC,205,205,27.495575,32.579487,34.437219,35.412445
handoff/mazu_like/mazu_like_20180709_00_lead048.nc,2018-07-09T00:00:00Z,48,2018-07-10T00:00:00Z,2018-07-11T00:00:00Z,SA-07,Tabuk Region,tmax_c,degC,205,205,30.777161,38.5296,40.959528,41.470734
handoff/mazu_like/mazu_like_20180709_00_lead048.nc,2018-07-09T00:00:00Z,48,2018-07-10T00:00:00Z,2018-07-11T00:00:00Z,SA-07,Tabuk Region,tmin_c,degC,205,205,21.829041,27.212409,30.175751,31.246124
handoff/mazu_like/mazu_like_20180709_00_lead048.nc,2018-07-09T00:00:00Z,48,2018-07-10T00:00:00Z,2018-07-11T00:00:00Z,SA-07,Tabuk Region,wind10_speed,m s-1,205,205,1.8579767,3.2776532,5.0946113,7.4689326
handoff/mazu_like/mazu_like_20180709_00_lead048.nc,2018-07-09T00:00:00Z,48,2018-07-10T00:00:00Z,2018-07-11T00:00:00Z,SA-07,Tabuk Region,pwat,kg m-2,205,205,15.642163,21.277708,24.888111,26.989172
handoff/mazu_like/mazu_like_20180709_00_lead048.nc,2018-07-09T00:00:00Z,48,2018-07-10T00:00:00Z,2018-07-11T00:00:00Z,SA-07,Tabuk Region,ivt,kg m-1 s-1,205,205,21.779801,58.124987,107.00792,121.81596
handoff/mazu_like/mazu_like_20180709_00_lead048.nc,2018-07-09T00:00:00Z,48,2018-07-10T00:00:00Z,2018-07-11T00:00:00Z,SA-07,Tabuk Region,wind850_speed,m s-1,205,205,2.3694811,4.9242151,7.6931061,10.149097
handoff/mazu_like/mazu_like_20180709_00_lead048.nc,2018-07-09T00:00:00Z,48,2018-07-10T00:00:00Z,2018-07-11T00:00:00Z,SA-07,Tabuk Region,wind_shear_850_200,m s-1,205,205,5.6217861,10.057344,18.223154,20.696569
handoff/mazu_like/mazu_like_20180709_00_lead048.nc,2018-07-09T00:00:00Z,48,2018-07-10T00:00:00Z,2018-07-11T00:00:00Z,SA-07,Tabuk Region,omega500,Pa s-1,205,205,-0.22223318,0.075861533,0.15575236,0.18698685
handoff/mazu_like/mazu_like_20180709_00_lead048.nc,2018-07-09T00:00:00Z,48,2018-07-10T00:00:00Z,2018-07-11T00:00:00Z,SA-07,Tabuk Region,geopotential_height500,gpm,205,205,5901.1758,5907.1175,5913.814,5918.0815
handoff/mazu_like/mazu_like_20180709_00_lead048.nc,2018-07-09T00:00:00Z,48,2018-07-10T00:00:00Z,2018-07-11T00:00:00Z,SA-08,Northern Borders Region,daily_precip_total,mm,169,169,0.33186966,0.43177303,0.50950675,0.54374456
handoff/mazu_like/mazu_like_20180709_00_lead048.nc,2018-07-09T00:00:00Z,48,2018-07-10T00:00:00Z,2018-07-11T00:00:00Z,SA-08,Northern Borders Region,t2m_c,degC,169,169,31.954132,35.725418,37.550995,37.812561
handoff/mazu_like/mazu_like_20180709_00_lead048.nc,2018-07-09T00:00:00Z,48,2018-07-10T00:00:00Z,2018-07-11T00:00:00Z,SA-08,Northern Borders Region,tmax_c,degC,169,169,39.447327,42.642801,44.415155,44.700439
handoff/mazu_like/mazu_like_20180709_00_lead048.nc,2018-07-09T00:00:00Z,48,2018-07-10T00:00:00Z,2018-07-11T00:00:00Z,SA-08,Northern Borders Region,tmin_c,degC,169,169,24.90155,28.930649,31.101648,31.47168
handoff/mazu_like/mazu_like_20180709_00_lead048.nc,2018-07-09T00:00:00Z,48,2018-07-10T00:00:00Z,2018-07-11T00:00:00Z,SA-08,Northern Borders Region,wind10_speed,m s-1,169,169,2.1795931,3.6413786,5.5982218,7.4031625
handoff/mazu_like/mazu_like_20180709_00_lead048.nc,2018-07-09T00:00:00Z,48,2018-07-10T00:00:00Z,2018-07-11T00:00:00Z,SA-08,Northern Borders Region,pwat,kg m-2,169,169,15.754244,18.169699,19.772859,20.573122
handoff/mazu_like/mazu_like_20180709_00_lead048.nc,2018-07-09T00:00:00Z,48,2018-07-10T00:00:00Z,2018-07-11T00:00:00Z,SA-08,Northern Borders Region,ivt,kg m-1 s-1,169,169,23.86068,102.24715,172.85027,178.62147
handoff/mazu_like/mazu_like_20180709_00_lead048.nc,2018-07-09T00:00:00Z,48,2018-07-10T00:00:00Z,2018-07-11T00:00:00Z,SA-08,Northern Borders Region,wind850_speed,m s-1,169,169,2.7030962,6.6415068,12.818909,16.556335
handoff/mazu_like/mazu_like_20180709_00_lead048.nc,2018-07-09T00:00:00Z,48,2018-07-10T00:00:00Z,2018-07-11T00:00:00Z,SA-08,Northern Borders Region,wind_shear_850_200,m s-1,169,169,4.6960239,9.0011237,17.694506,22.552172
handoff/mazu_like/mazu_like_20180709_00_lead048.nc,2018-07-09T00:00:00Z,48,2018-07-10T00:00:00Z,2018-07-11T00:00:00Z,SA-08,Northern Borders Region,omega500,Pa s-1,169,169,-0.05826287,0.017432341,0.086121407,0.11422402
handoff/mazu_like/mazu_like_20180709_00_lead048.nc,2018-07-09T00:00:00Z,48,2018-07-10T00:00:00Z,2018-07-11T00:00:00Z,SA-08,Northern Borders Region,geopotential_height500,gpm,169,169,5903.2988,5909.0237,5912.1425,5912.8789
handoff/mazu_like/mazu_like_20180709_00_lead048.nc,2018-07-09T00:00:00Z,48,2018-07-10T00:00:00Z,2018-07-11T00:00:00Z,SA-09,Jazan Region,daily_precip_total,mm,22,22,0.44424129,0.91129525,2.3399772,2.5649178
handoff/mazu_like/mazu_like_20180709_00_lead048.nc,2018-07-09T00:00:00Z,48,2018-07-10T00:00:00Z,2018-07-11T00:00:00Z,SA-09,Jazan Region,t2m_c,degC,22,22,26.671936,33.493004,35.593219,35.828033
handoff/mazu_like/mazu_like_20180709_00_lead048.nc,2018-07-09T00:00:00Z,48,2018-07-10T00:00:00Z,2018-07-11T00:00:00Z,SA-09,Jazan Region,tmax_c,degC,22,22,29.82019,36.463956,39.255385,39.448578
handoff/mazu_like/mazu_like_20180709_00_lead048.nc,2018-07-09T00:00:00Z,48,2018-07-10T00:00:00Z,2018-07-11T00:00:00Z,SA-09,Jazan Region,tmin_c,degC,22,22,22.828766,30.824093,32.872754,33.264099
handoff/mazu_like/mazu_like_20180709_00_lead048.nc,2018-07-09T00:00:00Z,48,2018-07-10T00:00:00Z,2018-07-11T00:00:00Z,SA-09,Jazan Region,wind10_speed,m s-1,22,22,1.4754572,2.6667579,4.1527732,4.8305225
handoff/mazu_like/mazu_like_20180709_00_lead048.nc,2018-07-09T00:00:00Z,48,2018-07-10T00:00:00Z,2018-07-11T00:00:00Z,SA-09,Jazan Region,pwat,kg m-2,22,22,43.487588,47.233471,49.582472,51.530001
handoff/mazu_like/mazu_like_20180709_00_lead048.nc,2018-07-09T00:00:00Z,48,2018-07-10T00:00:00Z,2018-07-11T00:00:00Z,SA-09,Jazan Region,ivt,kg m-1 s-1,22,22,103.13895,151.54217,219.57358,230.26132
handoff/mazu_like/mazu_like_20180709_00_lead048.nc,2018-07-09T00:00:00Z,48,2018-07-10T00:00:00Z,2018-07-11T00:00:00Z,SA-09,Jazan Region,wind850_speed,m s-1,22,22,1.5956496,3.3646941,6.5758798,7.3680239
handoff/mazu_like/mazu_like_20180709_00_lead048.nc,2018-07-09T00:00:00Z,48,2018-07-10T00:00:00Z,2018-07-11T00:00:00Z,SA-09,Jazan Region,wind_shear_850_200,m s-1,22,22,23.965122,24.470596,25.265181,25.307724
handoff/mazu_like/mazu_like_20180709_00_lead048.nc,2018-07-09T00:00:00Z,48,2018-07-10T00:00:00Z,2018-07-11T00:00:00Z,SA-09,Jazan Region,omega500,Pa s-1,22,22,-0.32630107,-0.12984136,-0.055209302,-0.051439788
handoff/mazu_like/mazu_like_20180709_00_lead048.nc,2018-07-09T00:00:00Z,48,2018-07-10T00:00:00Z,2018-07-11T00:00:00Z,SA-09,Jazan Region,geopotential_height500,gpm,22,22,5889.7969,5894.913,5898.5519,5899.1396
handoff/mazu_like/mazu_like_20180709_00_lead048.nc,2018-07-09T00:00:00Z,48,2018-07-10T00:00:00Z,2018-07-11T00:00:00Z,SA-10,Najran Region,daily_precip_total,mm,123,123,0.45276701,0.63454236,0.71619067,0.76935047
handoff/mazu_like/mazu_like_20180709_00_lead048.nc,2018-07-09T00:00:00Z,48,2018-07-10T00:00:00Z,2018-07-11T00:00:00Z,SA-10,Najran Region,t2m_c,degC,123,123,27.980042,35.493683,37.586118,38.01593
handoff/mazu_like/mazu_like_20180709_00_lead048.nc,2018-07-09T00:00:00Z,48,2018-07-10T00:00:00Z,2018-07-11T00:00:00Z,SA-10,Najran Region,tmax_c,degC,123,123,33.131897,41.843293,44.233655,44.599701
handoff/mazu_like/mazu_like_20180709_00_lead048.nc,2018-07-09T00:00:00Z,48,2018-07-10T00:00:00Z,2018-07-11T00:00:00Z,SA-10,Najran Region,tmin_c,degC,123,123,21.437347,29.014682,30.849637,31.546326
handoff/mazu_like/mazu_like_20180709_00_lead048.nc,2018-07-09T00:00:00Z,48,2018-07-10T00:00:00Z,2018-07-11T00:00:00Z,SA-10,Najran Region,wind10_speed,m s-1,123,123,2.5610545,3.2800607,3.6362827,3.8663869
handoff/mazu_like/mazu_like_20180709_00_lead048.nc,2018-07-09T00:00:00Z,48,2018-07-10T00:00:00Z,2018-07-11T00:00:00Z,SA-10,Najran Region,pwat,kg m-2,123,123,20.81295,24.624448,27.582369,32.474989
handoff/mazu_like/mazu_like_20180709_00_lead048.nc,2018-07-09T00:00:00Z,48,2018-07-10T00:00:00Z,2018-07-11T00:00:00Z,SA-10,Najran Region,ivt,kg m-1 s-1,123,123,128.72004,162.47871,182.7763,185.02704
handoff/mazu_like/mazu_like_20180709_00_lead048.nc,2018-07-09T00:00:00Z,48,2018-07-10T00:00:00Z,2018-07-11T00:00:00Z,SA-10,Najran Region,wind850_speed,m s-1,123,123,2.8157866,5.5865944,7.8735132,8.6500463
handoff/mazu_like/mazu_like_20180709_00_lead048.nc,2018-07-09T00:00:00Z,48,2018-07-10T00:00:00Z,2018-07-11T00:00:00Z,SA-10,Najran Region,wind_shear_850_200,m s-1,123,123,18.144583,20.18454,21.997225,22.821606
handoff/mazu_like/mazu_like_20180709_00_lead048.nc,2018-07-09T00:00:00Z,48,2018-07-10T00:00:00Z,2018-07-11T00:00:00Z,SA-10,Najran Region,omega500,Pa s-1,123,123,-0.29705596,-0.0019964829,0.047568734,0.07922323
handoff/mazu_like/mazu_like_20180709_00_lead048.nc,2018-07-09T00:00:00Z,48,2018-07-10T00:00:00Z,2018-07-11T00:00:00Z,SA-10,Najran Region,geopotential_height500,gpm,123,123,5881.1685,5889.9298,5897.3808,5898.9189
handoff/mazu_like/mazu_like_20180709_00_lead048.nc,2018-07-09T00:00:00Z,48,2018-07-10T00:00:00Z,2018-07-11T00:00:00Z,SA-11,Al Bahah Region,daily_precip_total,mm,12,12,0.56557363,1.0365168,1.8003158,1.804909
handoff/mazu_like/mazu_like_20180709_00_lead048.nc,2018-07-09T00:00:00Z,48,2018-07-10T00:00:00Z,2018-07-11T00:00:00Z,SA-11,Al Bahah Region,t2m_c,degC,12,12,29.095032,32.057894,34.853922,35.157288
handoff/mazu_like/mazu_like_20180709_00_lead048.nc,2018-07-09T00:00:00Z,48,2018-07-10T00:00:00Z,2018-07-11T00:00:00Z,SA-11,Al Bahah Region,tmax_c,degC,12,12,31.518097,35.612238,38.420471,38.533264
handoff/mazu_like/mazu_like_20180709_00_lead048.nc,2018-07-09T00:00:00Z,48,2018-07-10T00:00:00Z,2018-07-11T00:00:00Z,SA-11,Al Bahah Region,tmin_c,degC,12,12,26.085999,28.553508,31.790836,32.183899
handoff/mazu_like/mazu_like_20180709_00_lead048.nc,2018-07-09T00:00:00Z,48,2018-07-10T00:00:00Z,2018-07-11T00:00:00Z,SA-11,Al Bahah Region,wind10_speed,m s-1,12,12,1.2136257,2.0727117,3.1257378,3.2583013
handoff/mazu_like/mazu_like_20180709_00_lead048.nc,2018-07-09T00:00:00Z,48,2018-07-10T00:00:00Z,2018-07-11T00:00:00Z,SA-11,Al Bahah Region,pwat,kg m-2,12,12,32.653537,39.931306,44.083387,44.336849
handoff/mazu_like/mazu_like_20180709_00_lead048.nc,2018-07-09T00:00:00Z,48,2018-07-10T00:00:00Z,2018-07-11T00:00:00Z,SA-11,Al Bahah Region,ivt,kg m-1 s-1,12,12,70.17055,95.317153,133.33609,134.18065
handoff/mazu_like/mazu_like_20180709_00_lead048.nc,2018-07-09T00:00:00Z,48,2018-07-10T00:00:00Z,2018-07-11T00:00:00Z,SA-11,Al Bahah Region,wind850_speed,m s-1,12,12,1.0118716,2.8421763,4.9406902,5.2074127
handoff/mazu_like/mazu_like_20180709_00_lead048.nc,2018-07-09T00:00:00Z,48,2018-07-10T00:00:00Z,2018-07-11T00:00:00Z,SA-11,Al Bahah Region,wind_shear_850_200,m s-1,12,12,20.579643,21.945554,23.670002,23.821983
handoff/mazu_like/mazu_like_20180709_00_lead048.nc,2018-07-09T00:00:00Z,48,2018-07-10T00:00:00Z,2018-07-11T00:00:00Z,SA-11,Al Bahah Region,omega500,Pa s-1,12,12,-0.46685597,-0.23243292,-0.077136533,-0.067045182
handoff/mazu_like/mazu_like_20180709_00_lead048.nc,2018-07-09T00:00:00Z,48,2018-07-10T00:00:00Z,2018-07-11T00:00:00Z,SA-11,Al Bahah Region,geopotential_height500,gpm,12,12,5903.5566,5905.7283,5907.8938,5908.0205
handoff/mazu_like/mazu_like_20180709_00_lead048.nc,2018-07-09T00:00:00Z,48,2018-07-10T00:00:00Z,2018-07-11T00:00:00Z,SA-12,Al Jawf Region,daily_precip_total,mm,122,122,0.22074509,0.40901036,0.51008886,0.53602338
handoff/mazu_like/mazu_like_20180709_00_lead048.nc,2018-07-09T00:00:00Z,48,2018-07-10T00:00:00Z,2018-07-11T00:00:00Z,SA-12,Al Jawf Region,t2m_c,degC,122,122,31.472321,34.882239,35.970299,36.275269
handoff/mazu_like/mazu_like_20180709_00_lead048.nc,2018-07-09T00:00:00Z,48,2018-07-10T00:00:00Z,2018-07-11T00:00:00Z,SA-12,Al Jawf Region,tmax_c,degC,122,122,39.415771,41.907997,42.828711,42.962067
handoff/mazu_like/mazu_like_20180709_00_lead048.nc,2018-07-09T00:00:00Z,48,2018-07-10T00:00:00Z,2018-07-11T00:00:00Z,SA-12,Al Jawf Region,tmin_c,degC,122,122,24.368805,28.422226,29.76194,30.221313
handoff/mazu_like/mazu_like_20180709_00_lead048.nc,2018-07-09T00:00:00Z,48,2018-07-10T00:00:00Z,2018-07-11T00:00:00Z,SA-12,Al Jawf Region,wind10_speed,m s-1,122,122,0.93754548,3.1992273,5.4895399,5.8805027
handoff/mazu_like/mazu_like_20180709_00_lead048.nc,2018-07-09T00:00:00Z,48,2018-07-10T00:00:00Z,2018-07-11T00:00:00Z,SA-12,Al Jawf Region,pwat,kg m-2,122,122,18.328362,19.882503,21.275341,21.648022
handoff/mazu_like/mazu_like_20180709_00_lead048.nc,2018-07-09T00:00:00Z,48,2018-07-10T00:00:00Z,2018-07-11T00:00:00Z,SA-12,Al Jawf Region,ivt,kg m-1 s-1,122,122,25.02993,49.61543,75.493068,99.926291
handoff/mazu_like/mazu_like_20180709_00_lead048.nc,2018-07-09T00:00:00Z,48,2018-07-10T00:00:00Z,2018-07-11T00:00:00Z,SA-12,Al Jawf Region,wind850_speed,m s-1,122,122,2.384022,4.2612806,6.0561297,6.8172894
handoff/mazu_like/mazu_like_20180709_00_lead048.nc,2018-07-09T00:00:00Z,48,2018-07-10T00:00:00Z,2018-07-11T00:00:00Z,SA-12,Al Jawf Region,wind_shear_850_200,m s-1,122,122,5.3935761,6.6306303,7.957761,8.3602743
handoff/mazu_like/mazu_like_20180709_00_lead048.nc,2018-07-09T00:00:00Z,48,2018-07-10T00:00:00Z,2018-07-11T00:00:00Z,SA-12,Al Jawf Region,omega500,Pa s-1,122,122,-0.0020316765,0.06948123,0.11765796,0.12744555
handoff/mazu_like/mazu_like_20180709_00_lead048.nc,2018-07-09T00:00:00Z,48,2018-07-10T00:00:00Z,2018-07-11T00:00:00Z,SA-12,Al Jawf Region,geopotential_height500,gpm,122,122,5903.3179,5907.6344,5910.914,5912.022
handoff/mazu_like/mazu_like_20180709_00_lead048.nc,2018-07-09T00:00:00Z,48,2018-07-10T00:00:00Z,2018-07-11T00:00:00Z,SA-14,Asir Region,daily_precip_total,mm,104,104,0.51131624,0.82077424,1.9610928,3.1411891
handoff/mazu_like/mazu_like_20180709_00_lead048.nc,2018-07-09T00:00:00Z,48,2018-07-10T00:00:00Z,2018-07-11T00:00:00Z,SA-14,Asir Region,t2m_c,degC,104,104,25.558258,32.434387,37.115276,37.859833
handoff/mazu_like/mazu_like_20180709_00_lead048.nc,2018-07-09T00:00:00Z,48,2018-07-10T00:00:00Z,2018-07-11T00:00:00Z,SA-14,Asir Region,tmax_c,degC,104,104,28.93338,37.182146,42.661574,43.52832
handoff/mazu_like/mazu_like_20180709_00_lead048.nc,2018-07-09T00:00:00Z,48,2018-07-10T00:00:00Z,2018-07-11T00:00:00Z,SA-14,Asir Region,tmin_c,degC,104,104,20.004181,27.633869,32.589229,33.092133
handoff/mazu_like/mazu_like_20180709_00_lead048.nc,2018-07-09T00:00:00Z,48,2018-07-10T00:00:00Z,2018-07-11T00:00:00Z,SA-14,Asir Region,wind10_speed,m s-1,104,104,0.69622052,2.4524866,3.2651317,3.6039448
handoff/mazu_like/mazu_like_20180709_00_lead048.nc,2018-07-09T00:00:00Z,48,2018-07-10T00:00:00Z,2018-07-11T00:00:00Z,SA-14,Asir Region,pwat,kg m-2,104,104,24.366879,31.85224,44.792779,46.705282
handoff/mazu_like/mazu_like_20180709_00_lead048.nc,2018-07-09T00:00:00Z,48,2018-07-10T00:00:00Z,2018-07-11T00:00:00Z,SA-14,Asir Region,ivt,kg m-1 s-1,104,104,69.994626,117.65512,146.99336,180.75476
handoff/mazu_like/mazu_like_20180709_00_lead048.nc,2018-07-09T00:00:00Z,48,2018-07-10T00:00:00Z,2018-07-11T00:00:00Z,SA-14,Asir Region,wind850_speed,m s-1,104,104,0.73718917,3.4259315,5.7687616,6.1235876
handoff/mazu_like/mazu_like_20180709_00_lead048.nc,2018-07-09T00:00:00Z,48,2018-07-10T00:00:00Z,2018-07-11T00:00:00Z,SA-14,Asir Region,wind_shear_850_200,m s-1,104,104,17.110579,21.36542,24.233153,24.773113
handoff/mazu_like/mazu_like_20180709_00_lead048.nc,2018-07-09T00:00:00Z,48,2018-07-10T00:00:00Z,2018-07-11T00:00:00Z,SA-14,Asir Region,omega500,Pa s-1,104,104,-0.47575465,-0.14143098,0.021593648,0.045581207
handoff/mazu_like/mazu_like_20180709_00_lead048.nc,2018-07-09T00:00:00Z,48,2018-07-10T00:00:00Z,2018-07-11T00:00:00Z,SA-14,Asir Region,geopotential_height500,gpm,104,104,5895.1279,5901.4469,5905.703,5907.7427
handoff/mazu_like/mazu_like_20180709_00_lead072.nc,2018-07-09T00:00:00Z,72,2018-07-11T00:00:00Z,2018-07-12T00:00:00Z,SA-01,Riyadh Region,daily_precip_total,mm,531,531,0.24058044,0.40369253,0.53548709,0.64018828
handoff/mazu_like/mazu_like_20180709_00_lead072.nc,2018-07-09T00:00:00Z,72,2018-07-11T00:00:00Z,2018-07-12T00:00:00Z,SA-01,Riyadh Region,t2m_c,degC,531,531,35.863678,37.724223,39.003235,39.451477
handoff/mazu_like/mazu_like_20180709_00_lead072.nc,2018-07-09T00:00:00Z,72,2018-07-11T00:00:00Z,2018-07-12T00:00:00Z,SA-01,Riyadh Region,tmax_c,degC,531,531,41.455902,43.907307,45.698242,46.257202
handoff/mazu_like/mazu_like_20180709_00_lead072.nc,2018-07-09T00:00:00Z,72,2018-07-11T00:00:00Z,2018-07-12T00:00:00Z,SA-01,Riyadh Region,tmin_c,degC,531,531,29.674011,31.858443,33.41951,34.406647
handoff/mazu_like/mazu_like_20180709_00_lead072.nc,2018-07-09T00:00:00Z,72,2018-07-11T00:00:00Z,2018-07-12T00:00:00Z,SA-01,Riyadh Region,wind10_speed,m s-1,531,531,3.0853839,5.239542,6.5364788,7.4078555
handoff/mazu_like/mazu_like_20180709_00_lead072.nc,2018-07-09T00:00:00Z,72,2018-07-11T00:00:00Z,2018-07-12T00:00:00Z,SA-01,Riyadh Region,pwat,kg m-2,531,531,17.267715,19.736587,23.022366,24.917537
handoff/mazu_like/mazu_like_20180709_00_lead072.nc,2018-07-09T00:00:00Z,72,2018-07-11T00:00:00Z,2018-07-12T00:00:00Z,SA-01,Riyadh Region,ivt,kg m-1 s-1,531,531,83.457751,154.17338,187.0099,193.73098
handoff/mazu_like/mazu_like_20180709_00_lead072.nc,2018-07-09T00:00:00Z,72,2018-07-11T00:00:00Z,2018-07-12T00:00:00Z,SA-01,Riyadh Region,wind850_speed,m s-1,531,531,5.8037376,10.592821,14.024493,14.433857
handoff/mazu_like/mazu_like_20180709_00_lead072.nc,2018-07-09T00:00:00Z,72,2018-07-11T00:00:00Z,2018-07-12T00:00:00Z,SA-01,Riyadh Region,wind_shear_850_200,m s-1,531,531,14.726294,23.047945,27.460101,29.549065
handoff/mazu_like/mazu_like_20180709_00_lead072.nc,2018-07-09T00:00:00Z,72,2018-07-11T00:00:00Z,2018-07-12T00:00:00Z,SA-01,Riyadh Region,omega500,Pa s-1,531,531,-0.15706006,-0.010332472,0.035674922,0.055343419
handoff/mazu_like/mazu_like_20180709_00_lead072.nc,2018-07-09T00:00:00Z,72,2018-07-11T00:00:00Z,2018-07-12T00:00:00Z,SA-01,Riyadh Region,geopotential_height500,gpm,531,531,5876.543,5891.521,5903.8079,5907.4399
handoff/mazu_like/mazu_like_20180709_00_lead072.nc,2018-07-09T00:00:00Z,72,2018-07-11T00:00:00Z,2018-07-12T00:00:00Z,SA-02,Makkah Region,daily_precip_total,mm,191,191,0.067513674,0.39792732,0.62099099,0.85724676
handoff/mazu_like/mazu_like_20180709_00_lead072.nc,2018-07-09T00:00:00Z,72,2018-07-11T00:00:00Z,2018-07-12T00:00:00Z,SA-02,Makkah Region,t2m_c,degC,191,191,28.101074,34.484122,37.480469,37.702423
handoff/mazu_like/mazu_like_20180709_00_lead072.nc,2018-07-09T00:00:00Z,72,2018-07-11T00:00:00Z,2018-07-12T00:00:00Z,SA-02,Makkah Region,tmax_c,degC,191,191,30.806946,39.674693,43.102127,43.617889
handoff/mazu_like/mazu_like_20180709_00_lead072.nc,2018-07-09T00:00:00Z,72,2018-07-11T00:00:00Z,2018-07-12T00:00:00Z,SA-02,Makkah Region,tmin_c,degC,191,191,25.181183,30.147255,32.302734,32.648529
handoff/mazu_like/mazu_like_20180709_00_lead072.nc,2018-07-09T00:00:00Z,72,2018-07-11T00:00:00Z,2018-07-12T00:00:00Z,SA-02,Makkah Region,wind10_speed,m s-1,191,191,1.519464,3.9784683,5.7864993,7.0776329
handoff/mazu_like/mazu_like_20180709_00_lead072.nc,2018-07-09T00:00:00Z,72,2018-07-11T00:00:00Z,2018-07-12T00:00:00Z,SA-02,Makkah Region,pwat,kg m-2,191,191,22.972598,30.855369,42.091198,46.526197
handoff/mazu_like/mazu_like_20180709_00_lead072.nc,2018-07-09T00:00:00Z,72,2018-07-11T00:00:00Z,2018-07-12T00:00:00Z,SA-02,Makkah Region,ivt,kg m-1 s-1,191,191,57.647444,127.27448,203.66249,303.85694
handoff/mazu_like/mazu_like_20180709_00_lead072.nc,2018-07-09T00:00:00Z,72,2018-07-11T00:00:00Z,2018-07-12T00:00:00Z,SA-02,Makkah Region,wind850_speed,m s-1,191,191,1.8492208,7.7802398,12.428086,14.348782
handoff/mazu_like/mazu_like_20180709_00_lead072.nc,2018-07-09T00:00:00Z,72,2018-07-11T00:00:00Z,2018-07-12T00:00:00Z,SA-02,Makkah Region,wind_shear_850_200,m s-1,191,191,17.835392,28.9099,34.24762,35.825737
handoff/mazu_like/mazu_like_20180709_00_lead072.nc,2018-07-09T00:00:00Z,72,2018-07-11T00:00:00Z,2018-07-12T00:00:00Z,SA-02,Makkah Region,omega500,Pa s-1,191,191,-0.35019249,-0.080051463,0.018536156,0.046793818
handoff/mazu_like/mazu_like_20180709_00_lead072.nc,2018-07-09T00:00:00Z,72,2018-07-11T00:00:00Z,2018-07-12T00:00:00Z,SA-02,Makkah Region,geopotential_height500,gpm,191,191,5895.9512,5905.0703,5909.3699,5910.9595
handoff/mazu_like/mazu_like_20180709_00_lead072.nc,2018-07-09T00:00:00Z,72,2018-07-11T00:00:00Z,2018-07-12T00:00:00Z,SA-03,Al Madinah Region,daily_precip_total,mm,207,207,0.020593084,0.39300507,0.56820093,0.66965157
handoff/mazu_like/mazu_like_20180709_00_lead072.nc,2018-07-09T00:00:00Z,72,2018-07-11T00:00:00Z,2018-07-12T00:00:00Z,SA-03,Al Madinah Region,t2m_c,degC,207,207,29.711578,35.446097,38.403842,38.94754
handoff/mazu_like/mazu_like_20180709_00_lead072.nc,2018-07-09T00:00:00Z,72,2018-07-11T00:00:00Z,2018-07-12T00:00:00Z,SA-03,Al Madinah Region,tmax_c,degC,207,207,33.621155,41.420008,44.091449,44.495453
handoff/mazu_like/mazu_like_20180709_00_lead072.nc,2018-07-09T00:00:00Z,72,2018-07-11T00:00:00Z,2018-07-12T00:00:00Z,SA-03,Al Madinah Region,tmin_c,degC,207,207,24.191406,30.259556,33.161191,33.640808
handoff/mazu_like/mazu_like_20180709_00_lead072.nc,2018-07-09T00:00:00Z,72,2018-07-11T00:00:00Z,2018-07-12T00:00:00Z,SA-03,Al Madinah Region,wind10_speed,m s-1,207,207,1.7681535,3.3651128,4.7485884,7.5175838
handoff/mazu_like/mazu_like_20180709_00_lead072.nc,2018-07-09T00:00:00Z,72,2018-07-11T00:00:00Z,2018-07-12T00:00:00Z,SA-03,Al Madinah Region,pwat,kg m-2,207,207,23.647296,27.126874,31.66801,33.934813
handoff/mazu_like/mazu_like_20180709_00_lead072.nc,2018-07-09T00:00:00Z,72,2018-07-11T00:00:00Z,2018-07-12T00:00:00Z,SA-03,Al Madinah Region,ivt,kg m-1 s-1,207,207,23.422521,64.102811,108.82345,114.07681
handoff/mazu_like/mazu_like_20180709_00_lead072.nc,2018-07-09T00:00:00Z,72,2018-07-11T00:00:00Z,2018-07-12T00:00:00Z,SA-03,Al Madinah Region,wind850_speed,m s-1,207,207,2.7460299,6.0793094,7.8194891,8.5642443
handoff/mazu_like/mazu_like_20180709_00_lead072.nc,2018-07-09T00:00:00Z,72,2018-07-11T00:00:00Z,2018-07-12T00:00:00Z,SA-03,Al Madinah Region,wind_shear_850_200,m s-1,207,207,11.897005,20.361943,27.620296,29.929688
handoff/mazu_like/mazu_like_20180709_00_lead072.nc,2018-07-09T00:00:00Z,72,2018-07-11T00:00:00Z,2018-07-12T00:00:00Z,SA-03,Al Madinah Region,omega500,Pa s-1,207,207,-0.28915429,-0.05489575,0.081149869,0.11134338
handoff/mazu_like/mazu_like_20180709_00_lead072.nc,2018-07-09T00:00:00Z,72,2018-07-11T00:00:00Z,2018-07-12T00:00:00Z,SA-03,Al Madinah Region,geopotential_height500,gpm,207,207,5900.9351,5908.6232,5911.346,5912.1904
handoff/mazu_like/mazu_like_20180709_00_lead072.nc,2018-07-09T00:00:00Z,72,2018-07-11T00:00:00Z,2018-07-12T00:00:00Z,SA-04,Eastern Region,daily_precip_total,mm,798,798,0.062003884,0.43902705,0.54766337,0.61399484
handoff/mazu_like/mazu_like_20180709_00_lead072.nc,2018-07-09T00:00:00Z,72,2018-07-11T00:00:00Z,2018-07-12T00:00:00Z,SA-04,Eastern Region,t2m_c,degC,798,798,34.09314,38.536903,39.918871,41.191925
handoff/mazu_like/mazu_like_20180709_00_lead072.nc,2018-07-09T00:00:00Z,72,2018-07-11T00:00:00Z,2018-07-12T00:00:00Z,SA-04,Eastern Region,tmax_c,degC,798,798,36.254395,45.210724,46.41606,47.837372
handoff/mazu_like/mazu_like_20180709_00_lead072.nc,2018-07-09T00:00:00Z,72,2018-07-11T00:00:00Z,2018-07-12T00:00:00Z,SA-04,Eastern Region,tmin_c,degC,798,798,29.295837,32.592187,34.727698,36.351501
handoff/mazu_like/mazu_like_20180709_00_lead072.nc,2018-07-09T00:00:00Z,72,2018-07-11T00:00:00Z,2018-07-12T00:00:00Z,SA-04,Eastern Region,wind10_speed,m s-1,798,798,0.90788692,3.686651,7.1607524,7.9169607
handoff/mazu_like/mazu_like_20180709_00_lead072.nc,2018-07-09T00:00:00Z,72,2018-07-11T00:00:00Z,2018-07-12T00:00:00Z,SA-04,Eastern Region,pwat,kg m-2,798,798,17.529552,25.117069,33.662607,36.621873
handoff/mazu_like/mazu_like_20180709_00_lead072.nc,2018-07-09T00:00:00Z,72,2018-07-11T00:00:00Z,2018-07-12T00:00:00Z,SA-04,Eastern Region,ivt,kg m-1 s-1,798,798,29.851794,95.135207,147.5487,151.50887
handoff/mazu_like/mazu_like_20180709_00_lead072.nc,2018-07-09T00:00:00Z,72,2018-07-11T00:00:00Z,2018-07-12T00:00:00Z,SA-04,Eastern Region,wind850_speed,m s-1,798,798,0.84733391,5.1479478,12.159943,14.933863
handoff/mazu_like/mazu_like_20180709_00_lead072.nc,2018-07-09T00:00:00Z,72,2018-07-11T00:00:00Z,2018-07-12T00:00:00Z,SA-04,Eastern Region,wind_shear_850_200,m s-1,798,798,9.2376728,21.842363,28.989254,31.362123
handoff/mazu_like/mazu_like_20180709_00_lead072.nc,2018-07-09T00:00:00Z,72,2018-07-11T00:00:00Z,2018-07-12T00:00:00Z,SA-04,Eastern Region,omega500,Pa s-1,798,798,-0.076624967,-0.010087326,0.014476961,0.044255644
handoff/mazu_like/mazu_like_20180709_00_lead072.nc,2018-07-09T00:00:00Z,72,2018-07-11T00:00:00Z,2018-07-12T00:00:00Z,SA-04,Eastern Region,geopotential_height500,gpm,798,798,5866.5254,5878.4468,5901.2264,5905.0444
handoff/mazu_like/mazu_like_20180709_00_lead072.nc,2018-07-09T00:00:00Z,72,2018-07-11T00:00:00Z,2018-07-12T00:00:00Z,SA-05,Al-Qassim Region,daily_precip_total,mm,96,96,0.28439805,0.41277086,0.52066846,0.54866707
handoff/mazu_like/mazu_like_20180709_00_lead072.nc,2018-07-09T00:00:00Z,72,2018-07-11T00:00:00Z,2018-07-12T00:00:00Z,SA-05,Al-Qassim Region,t2m_c,degC,96,96,36.357727,37.35622,37.989471,38.158417
handoff/mazu_like/mazu_like_20180709_00_lead072.nc,2018-07-09T00:00:00Z,72,2018-07-11T00:00:00Z,2018-07-12T00:00:00Z,SA-05,Al-Qassim Region,tmax_c,degC,96,96,42.05484,43.778,44.645699,44.802399
handoff/mazu_like/mazu_like_20180709_00_lead072.nc,2018-07-09T00:00:00Z,72,2018-07-11T00:00:00Z,2018-07-12T00:00:00Z,SA-05,Al-Qassim Region,tmin_c,degC,96,96,29.89035,31.024828,32.262306,32.557556
handoff/mazu_like/mazu_like_20180709_00_lead072.nc,2018-07-09T00:00:00Z,72,2018-07-11T00:00:00Z,2018-07-12T00:00:00Z,SA-05,Al-Qassim Region,wind10_speed,m s-1,96,96,2.1903307,4.3493368,5.5120323,5.9496961
handoff/mazu_like/mazu_like_20180709_00_lead072.nc,2018-07-09T00:00:00Z,72,2018-07-11T00:00:00Z,2018-07-12T00:00:00Z,SA-05,Al-Qassim Region,pwat,kg m-2,96,96,18.344838,21.020201,23.87149,24.163123
handoff/mazu_like/mazu_like_20180709_00_lead072.nc,2018-07-09T00:00:00Z,72,2018-07-11T00:00:00Z,2018-07-12T00:00:00Z,SA-05,Al-Qassim Region,ivt,kg m-1 s-1,96,96,51.727623,136.26228,169.73757,172.19361
handoff/mazu_like/mazu_like_20180709_00_lead072.nc,2018-07-09T00:00:00Z,72,2018-07-11T00:00:00Z,2018-07-12T00:00:00Z,SA-05,Al-Qassim Region,wind850_speed,m s-1,96,96,5.7383432,10.265994,13.032307,13.667915
handoff/mazu_like/mazu_like_20180709_00_lead072.nc,2018-07-09T00:00:00Z,72,2018-07-11T00:00:00Z,2018-07-12T00:00:00Z,SA-05,Al-Qassim Region,wind_shear_850_200,m s-1,96,96,11.774769,16.437226,20.240679,20.840481
handoff/mazu_like/mazu_like_20180709_00_lead072.nc,2018-07-09T00:00:00Z,72,2018-07-11T00:00:00Z,2018-07-12T00:00:00Z,SA-05,Al-Qassim Region,omega500,Pa s-1,96,96,-0.033107799,0.026153042,0.060955475,0.08353053
handoff/mazu_like/mazu_like_20180709_00_lead072.nc,2018-07-09T00:00:00Z,72,2018-07-11T00:00:00Z,2018-07-12T00:00:00Z,SA-05,Al-Qassim Region,geopotential_height500,gpm,96,96,5898.9131,5902.6312,5907.226,5907.9634
handoff/mazu_like/mazu_like_20180709_00_lead072.nc,2018-07-09T00:00:00Z,72,2018-07-11T00:00:00Z,2018-07-12T00:00:00Z,SA-06,Hail Region,daily_precip_total,mm,163,163,0.16719088,0.42322515,0.53688009,0.57296836
handoff/mazu_like/mazu_like_20180709_00_lead072.nc,2018-07-09T00:00:00Z,72,2018-07-11T00:00:00Z,2018-07-12T00:00:00Z,SA-06,Hail Region,t2m_c,degC,163,163,33.008057,35.982534,37.580026,38.030182
handoff/mazu_like/mazu_like_20180709_00_lead072.nc,2018-07-09T00:00:00Z,72,2018-07-11T00:00:00Z,2018-07-12T00:00:00Z,SA-06,Hail Region,tmax_c,degC,163,163,39.007721,42.171037,43.690457,44.051392
handoff/mazu_like/mazu_like_20180709_00_lead072.nc,2018-07-09T00:00:00Z,72,2018-07-11T00:00:00Z,2018-07-12T00:00:00Z,SA-06,Hail Region,tmin_c,degC,163,163,27.112152,29.850996,32.740891,32.947998
handoff/mazu_like/mazu_like_20180709_00_lead072.nc,2018-07-09T00:00:00Z,72,2018-07-11T00:00:00Z,2018-07-12T00:00:00Z,SA-06,Hail Region,wind10_speed,m s-1,163,163,1.173969,2.546192,4.3726585,5.1992245
handoff/mazu_like/mazu_like_20180709_00_lead072.nc,2018-07-09T00:00:00Z,72,2018-07-11T00:00:00Z,2018-07-12T00:00:00Z,SA-06,Hail Region,pwat,kg m-2,163,163,18.301558,22.971574,25.842748,27.807677
handoff/mazu_like/mazu_like_20180709_00_lead072.nc,2018-07-09T00:00:00Z,72,2018-07-11T00:00:00Z,2018-07-12T00:00:00Z,SA-06,Hail Region,ivt,kg m-1 s-1,163,163,19.181067,61.237856,139.68648,150.60334
handoff/mazu_like/mazu_like_20180709_00_lead072.nc,2018-07-09T00:00:00Z,72,2018-07-11T00:00:00Z,2018-07-12T00:00:00Z,SA-06,Hail Region,wind850_speed,m s-1,163,163,3.049597,5.6979187,9.6241389,11.364225
handoff/mazu_like/mazu_like_20180709_00_lead072.nc,2018-07-09T00:00:00Z,72,2018-07-11T00:00:00Z,2018-07-12T00:00:00Z,SA-06,Hail Region,wind_shear_850_200,m s-1,163,163,5.4615145,11.361817,16.730176,18.8738
handoff/mazu_like/mazu_like_20180709_00_lead072.nc,2018-07-09T00:00:00Z,72,2018-07-11T00:00:00Z,2018-07-12T00:00:00Z,SA-06,Hail Region,omega500,Pa s-1,163,163,-0.461667,-0.010844376,0.077226841,0.096034229
handoff/mazu_like/mazu_like_20180709_00_lead072.nc,2018-07-09T00:00:00Z,72,2018-07-11T00:00:00Z,2018-07-12T00:00:00Z,SA-06,Hail Region,geopotential_height500,gpm,163,163,5901.4707,5906.7304,5910.8619,5911.8477
handoff/mazu_like/mazu_like_20180709_00_lead072.nc,2018-07-09T00:00:00Z,72,2018-07-11T00:00:00Z,2018-07-12T00:00:00Z,SA-07,Tabuk Region,daily_precip_total,mm,205,205,0,0.34321949,0.50841347,0.55704784
handoff/mazu_like/mazu_like_20180709_00_lead072.nc,2018-07-09T00:00:00Z,72,2018-07-11T00:00:00Z,2018-07-12T00:00:00Z,SA-07,Tabuk Region,t2m_c,degC,205,205,26.26239,31.821148,33.612018,34.356995
handoff/mazu_like/mazu_like_20180709_00_lead072.nc,2018-07-09T00:00:00Z,72,2018-07-11T00:00:00Z,2018-07-12T00:00:00Z,SA-07,Tabuk Region,tmax_c,degC,205,205,30.076843,37.768168,40.530121,41.287292
handoff/mazu_like/mazu_like_20180709_00_lead072.nc,2018-07-09T00:00:00Z,72,2018-07-11T00:00:00Z,2018-07-12T00:00:00Z,SA-07,Tabuk Region,tmin_c,degC,205,205,20.952576,26.811505,29.049713,30.140717
handoff/mazu_like/mazu_like_20180709_00_lead072.nc,2018-07-09T00:00:00Z,72,2018-07-11T00:00:00Z,2018-07-12T00:00:00Z,SA-07,Tabuk Region,wind10_speed,m s-1,205,205,1.6406215,3.2194745,5.1224147,8.2954121
handoff/mazu_like/mazu_like_20180709_00_lead072.nc,2018-07-09T00:00:00Z,72,2018-07-11T00:00:00Z,2018-07-12T00:00:00Z,SA-07,Tabuk Region,pwat,kg m-2,205,205,17.172168,23.660589,26.456653,28.179296
handoff/mazu_like/mazu_like_20180709_00_lead072.nc,2018-07-09T00:00:00Z,72,2018-07-11T00:00:00Z,2018-07-12T00:00:00Z,SA-07,Tabuk Region,ivt,kg m-1 s-1,205,205,24.442177,60.299716,108.14776,117.5209
handoff/mazu_like/mazu_like_20180709_00_lead072.nc,2018-07-09T00:00:00Z,72,2018-07-11T00:00:00Z,2018-07-12T00:00:00Z,SA-07,Tabuk Region,wind850_speed,m s-1,205,205,1.184932,4.5690286,6.7694294,8.5170355
handoff/mazu_like/mazu_like_20180709_00_lead072.nc,2018-07-09T00:00:00Z,72,2018-07-11T00:00:00Z,2018-07-12T00:00:00Z,SA-07,Tabuk Region,wind_shear_850_200,m s-1,205,205,7.9787455,12.211495,20.784149,24.752945
handoff/mazu_like/mazu_like_20180709_00_lead072.nc,2018-07-09T00:00:00Z,72,2018-07-11T00:00:00Z,2018-07-12T00:00:00Z,SA-07,Tabuk Region,omega500,Pa s-1,205,205,-0.19550258,0.068341386,0.14204295,0.1629799
handoff/mazu_like/mazu_like_20180709_00_lead072.nc,2018-07-09T00:00:00Z,72,2018-07-11T00:00:00Z,2018-07-12T00:00:00Z,SA-07,Tabuk Region,geopotential_height500,gpm,205,205,5894.9531,5901.3736,5907.4939,5910.2754
handoff/mazu_like/mazu_like_20180709_00_lead072.nc,2018-07-09T00:00:00Z,72,2018-07-11T00:00:00Z,2018-07-12T00:00:00Z,SA-08,Northern Borders Region,daily_precip_total,mm,169,169,0.21784511,0.36359941,0.47203631,0.49855664
handoff/mazu_like/mazu_like_20180709_00_lead072.nc,2018-07-09T00:00:00Z,72,2018-07-11T00:00:00Z,2018-07-12T00:00:00Z,SA-08,Northern Borders Region,t2m_c,degC,169,169,30.423492,35.384433,38.017468,38.346497
handoff/mazu_like/mazu_like_20180709_00_lead072.nc,2018-07-09T00:00:00Z,72,2018-07-11T00:00:00Z,2018-07-12T00:00:00Z,SA-08,Northern Borders Region,tmax_c,degC,169,169,38.413696,42.559258,44.808765,45.148865
handoff/mazu_like/mazu_like_20180709_00_lead072.nc,2018-07-09T00:00:00Z,72,2018-07-11T00:00:00Z,2018-07-12T00:00:00Z,SA-08,Northern Borders Region,tmin_c,degC,169,169,23.37088,28.579564,31.653564,32.613159
handoff/mazu_like/mazu_like_20180709_00_lead072.nc,2018-07-09T00:00:00Z,72,2018-07-11T00:00:00Z,2018-07-12T00:00:00Z,SA-08,Northern Borders Region,wind10_speed,m s-1,169,169,1.8836695,4.0088156,6.4943819,7.5153418
handoff/mazu_like/mazu_like_20180709_00_lead072.nc,2018-07-09T00:00:00Z,72,2018-07-11T00:00:00Z,2018-07-12T00:00:00Z,SA-08,Northern Borders Region,pwat,kg m-2,169,169,16.246077,17.880402,19.167209,20.339795
handoff/mazu_like/mazu_like_20180709_00_lead072.nc,2018-07-09T00:00:00Z,72,2018-07-11T00:00:00Z,2018-07-12T00:00:00Z,SA-08,Northern Borders Region,ivt,kg m-1 s-1,169,169,37.798992,87.053956,126.76329,141.58903
handoff/mazu_like/mazu_like_20180709_00_lead072.nc,2018-07-09T00:00:00Z,72,2018-07-11T00:00:00Z,2018-07-12T00:00:00Z,SA-08,Northern Borders Region,wind850_speed,m s-1,169,169,1.1397687,6.890075,14.376991,15.007242
handoff/mazu_like/mazu_like_20180709_00_lead072.nc,2018-07-09T00:00:00Z,72,2018-07-11T00:00:00Z,2018-07-12T00:00:00Z,SA-08,Northern Borders Region,wind_shear_850_200,m s-1,169,169,4.599299,11.850829,20.159355,21.027836
handoff/mazu_like/mazu_like_20180709_00_lead072.nc,2018-07-09T00:00:00Z,72,2018-07-11T00:00:00Z,2018-07-12T00:00:00Z,SA-08,Northern Borders Region,omega500,Pa s-1,169,169,-0.030277561,0.030313254,0.083671755,0.099321462
handoff/mazu_like/mazu_like_20180709_00_lead072.nc,2018-07-09T00:00:00Z,72,2018-07-11T00:00:00Z,2018-07-12T00:00:00Z,SA-08,Northern Borders Region,geopotential_height500,gpm,169,169,5899.7832,5902.2003,5904.5715,5905.6455
handoff/mazu_like/mazu_like_20180709_00_lead072.nc,2018-07-09T00:00:00Z,72,2018-07-11T00:00:00Z,2018-07-12T00:00:00Z,SA-09,Jazan Region,daily_precip_total,mm,22,22,0.41248721,0.7843179,1.3121152,1.6657126
handoff/mazu_like/mazu_like_20180709_00_lead072.nc,2018-07-09T00:00:00Z,72,2018-07-11T00:00:00Z,2018-07-12T00:00:00Z,SA-09,Jazan Region,t2m_c,degC,22,22,25.312317,33.487905,35.97281,36.028595
handoff/mazu_like/mazu_like_20180709_00_lead072.nc,2018-07-09T00:00:00Z,72,2018-07-11T00:00:00Z,2018-07-12T00:00:00Z,SA-09,Jazan Region,tmax_c,degC,22,22,27.435364,36.053615,39.013724,39.27533
handoff/mazu_like/mazu_like_20180709_00_lead072.nc,2018-07-09T00:00:00Z,72,2018-07-11T00:00:00Z,2018-07-12T00:00:00Z,SA-09,Jazan Region,tmin_c,degC,22,22,22.403259,31.020006,33.342493,33.549469
handoff/mazu_like/mazu_like_20180709_00_lead072.nc,2018-07-09T00:00:00Z,72,2018-07-11T00:00:00Z,2018-07-12T00:00:00Z,SA-09,Jazan Region,wind10_speed,m s-1,22,22,1.8388646,3.252239,4.644362,5.1239181
handoff/mazu_like/mazu_like_20180709_00_lead072.nc,2018-07-09T00:00:00Z,72,2018-07-11T00:00:00Z,2018-07-12T00:00:00Z,SA-09,Jazan Region,pwat,kg m-2,22,22,41.011758,47.638623,50.492425,52.648292
handoff/mazu_like/mazu_like_20180709_00_lead072.nc,2018-07-09T00:00:00Z,72,2018-07-11T00:00:00Z,2018-07-12T00:00:00Z,SA-09,Jazan Region,ivt,kg m-1 s-1,22,22,127.61636,212.78765,305.71605,319.36586
handoff/mazu_like/mazu_like_20180709_00_lead072.nc,2018-07-09T00:00:00Z,72,2018-07-11T00:00:00Z,2018-07-12T00:00:00Z,SA-09,Jazan Region,wind850_speed,m s-1,22,22,1.9973552,5.3902272,10.602165,12.096766
handoff/mazu_like/mazu_like_20180709_00_lead072.nc,2018-07-09T00:00:00Z,72,2018-07-11T00:00:00Z,2018-07-12T00:00:00Z,SA-09,Jazan Region,wind_shear_850_200,m s-1,22,22,28.587242,30.993118,34.349709,35.368488
handoff/mazu_like/mazu_like_20180709_00_lead072.nc,2018-07-09T00:00:00Z,72,2018-07-11T00:00:00Z,2018-07-12T00:00:00Z,SA-09,Jazan Region,omega500,Pa s-1,22,22,-0.22708651,-0.086738912,-0.039458321,-0.018074332
handoff/mazu_like/mazu_like_20180709_00_lead072.nc,2018-07-09T00:00:00Z,72,2018-07-11T00:00:00Z,2018-07-12T00:00:00Z,SA-09,Jazan Region,geopotential_height500,gpm,22,22,5885.5474,5890.9557,5895.084,5895.7861
handoff/mazu_like/mazu_like_20180709_00_lead072.nc,2018-07-09T00:00:00Z,72,2018-07-11T00:00:00Z,2018-07-12T00:00:00Z,SA-10,Najran Region,daily_precip_total,mm,123,123,0.18153822,0.53420923,0.61103552,0.65810984
handoff/mazu_like/mazu_like_20180709_00_lead072.nc,2018-07-09T00:00:00Z,72,2018-07-11T00:00:00Z,2018-07-12T00:00:00Z,SA-10,Najran Region,t2m_c,degC,123,123,26.405762,35.494121,37.377945,37.628662
handoff/mazu_like/mazu_like_20180709_00_lead072.nc,2018-07-09T00:00:00Z,72,2018-07-11T00:00:00Z,2018-07-12T00:00:00Z,SA-10,Najran Region,tmax_c,degC,123,123,32.586975,41.882238,43.986545,44.436646
handoff/mazu_like/mazu_like_20180709_00_lead072.nc,2018-07-09T00:00:00Z,72,2018-07-11T00:00:00Z,2018-07-12T00:00:00Z,SA-10,Najran Region,tmin_c,degC,123,123,20.438599,29.032194,30.536295,30.690247
handoff/mazu_like/mazu_like_20180709_00_lead072.nc,2018-07-09T00:00:00Z,72,2018-07-11T00:00:00Z,2018-07-12T00:00:00Z,SA-10,Najran Region,wind10_speed,m s-1,123,123,3.4753976,4.520451,5.4883149,5.591238
handoff/mazu_like/mazu_like_20180709_00_lead072.nc,2018-07-09T00:00:00Z,72,2018-07-11T00:00:00Z,2018-07-12T00:00:00Z,SA-10,Najran Region,pwat,kg m-2,123,123,18.341536,21.99238,29.931181,39.732013
handoff/mazu_like/mazu_like_20180709_00_lead072.nc,2018-07-09T00:00:00Z,72,2018-07-11T00:00:00Z,2018-07-12T00:00:00Z,SA-10,Najran Region,ivt,kg m-1 s-1,123,123,103.9437,158.09473,196.36867,200.48129
handoff/mazu_like/mazu_like_20180709_00_lead072.nc,2018-07-09T00:00:00Z,72,2018-07-11T00:00:00Z,2018-07-12T00:00:00Z,SA-10,Najran Region,wind850_speed,m s-1,123,123,3.2400038,7.3671157,9.1572932,9.486454
handoff/mazu_like/mazu_like_20180709_00_lead072.nc,2018-07-09T00:00:00Z,72,2018-07-11T00:00:00Z,2018-07-12T00:00:00Z,SA-10,Najran Region,wind_shear_850_200,m s-1,123,123,27.748625,29.897612,32.023126,32.92046
handoff/mazu_like/mazu_like_20180709_00_lead072.nc,2018-07-09T00:00:00Z,72,2018-07-11T00:00:00Z,2018-07-12T00:00:00Z,SA-10,Najran Region,omega500,Pa s-1,123,123,-0.29917693,-0.037933968,0.024855275,0.094716094
handoff/mazu_like/mazu_like_20180709_00_lead072.nc,2018-07-09T00:00:00Z,72,2018-07-11T00:00:00Z,2018-07-12T00:00:00Z,SA-10,Najran Region,geopotential_height500,gpm,123,123,5874.938,5883.6995,5892.1349,5893.9189
handoff/mazu_like/mazu_like_20180709_00_lead072.nc,2018-07-09T00:00:00Z,72,2018-07-11T00:00:00Z,2018-07-12T00:00:00Z,SA-11,Al Bahah Region,daily_precip_total,mm,12,12,0.38348812,0.65568039,1.0984066,1.1392057
handoff/mazu_like/mazu_like_20180709_00_lead072.nc,2018-07-09T00:00:00Z,72,2018-07-11T00:00:00Z,2018-07-12T00:00:00Z,SA-11,Al Bahah Region,t2m_c,degC,12,12,28.071442,31.446188,34.437468,34.571259
handoff/mazu_like/mazu_like_20180709_00_lead072.nc,2018-07-09T00:00:00Z,72,2018-07-11T00:00:00Z,2018-07-12T00:00:00Z,SA-11,Al Bahah Region,tmax_c,degC,12,12,30.649292,35.304094,38.447469,38.655548
handoff/mazu_like/mazu_like_20180709_00_lead072.nc,2018-07-09T00:00:00Z,72,2018-07-11T00:00:00Z,2018-07-12T00:00:00Z,SA-11,Al Bahah Region,tmin_c,degC,12,12,25.207001,27.985901,31.616551,31.7966
handoff/mazu_like/mazu_like_20180709_00_lead072.nc,2018-07-09T00:00:00Z,72,2018-07-11T00:00:00Z,2018-07-12T00:00:00Z,SA-11,Al Bahah Region,wind10_speed,m s-1,12,12,1.5438479,2.4685783,3.641982,3.9590175
handoff/mazu_like/mazu_like_20180709_00_lead072.nc,2018-07-09T00:00:00Z,72,2018-07-11T00:00:00Z,2018-07-12T00:00:00Z,SA-11,Al Bahah Region,pwat,kg m-2,12,12,32.386246,41.070876,46.1258,46.415012
handoff/mazu_like/mazu_like_20180709_00_lead072.nc,2018-07-09T00:00:00Z,72,2018-07-11T00:00:00Z,2018-07-12T00:00:00Z,SA-11,Al Bahah Region,ivt,kg m-1 s-1,12,12,80.335225,114.39831,170.0032,171.08681
handoff/mazu_like/mazu_like_20180709_00_lead072.nc,2018-07-09T00:00:00Z,72,2018-07-11T00:00:00Z,2018-07-12T00:00:00Z,SA-11,Al Bahah Region,wind850_speed,m s-1,12,12,1.323637,3.926111,7.5109112,8.083046
handoff/mazu_like/mazu_like_20180709_00_lead072.nc,2018-07-09T00:00:00Z,72,2018-07-11T00:00:00Z,2018-07-12T00:00:00Z,SA-11,Al Bahah Region,wind_shear_850_200,m s-1,12,12,26.15884,28.501368,31.674022,31.973312
handoff/mazu_like/mazu_like_20180709_00_lead072.nc,2018-07-09T00:00:00Z,72,2018-07-11T00:00:00Z,2018-07-12T00:00:00Z,SA-11,Al Bahah Region,omega500,Pa s-1,12,12,-0.4682284,-0.18828189,-0.039770105,-0.028430847
handoff/mazu_like/mazu_like_20180709_00_lead072.nc,2018-07-09T00:00:00Z,72,2018-07-11T00:00:00Z,2018-07-12T00:00:00Z,SA-11,Al Bahah Region,geopotential_height500,gpm,12,12,5899.0923,5901.2367,5903.6945,5904.0718
handoff/mazu_like/mazu_like_20180709_00_lead072.nc,2018-07-09T00:00:00Z,72,2018-07-11T00:00:00Z,2018-07-12T00:00:00Z,SA-12,Al Jawf Region,daily_precip_total,mm,122,122,0.17452045,0.37824048,0.47881691,0.49353984
handoff/mazu_like/mazu_like_20180709_00_lead072.nc,2018-07-09T00:00:00Z,72,2018-07-11T00:00:00Z,2018-07-12T00:00:00Z,SA-12,Al Jawf Region,t2m_c,degC,122,122,29.637848,34.080345,35.632501,36.123474
handoff/mazu_like/mazu_like_20180709_00_lead072.nc,2018-07-09T00:00:00Z,72,2018-07-11T00:00:00Z,2018-07-12T00:00:00Z,SA-12,Al Jawf Region,tmax_c,degC,122,122,37.923615,41.328921,42.482819,42.798981
handoff/mazu_like/mazu_like_20180709_00_lead072.nc,2018-07-09T00:00:00Z,72,2018-07-11T00:00:00Z,2018-07-12T00:00:00Z,SA-12,Al Jawf Region,tmin_c,degC,122,122,22.962372,27.773638,29.721997,30.883911
handoff/mazu_like/mazu_like_20180709_00_lead072.nc,2018-07-09T00:00:00Z,72,2018-07-11T00:00:00Z,2018-07-12T00:00:00Z,SA-12,Al Jawf Region,wind10_speed,m s-1,122,122,1.5841898,3.548148,5.9970732,6.4949107
handoff/mazu_like/mazu_like_20180709_00_lead072.nc,2018-07-09T00:00:00Z,72,2018-07-11T00:00:00Z,2018-07-12T00:00:00Z,SA-12,Al Jawf Region,pwat,kg m-2,122,122,17.373557,20.441051,23.010788,23.561239
handoff/mazu_like/mazu_like_20180709_00_lead072.nc,2018-07-09T00:00:00Z,72,2018-07-11T00:00:00Z,2018-07-12T00:00:00Z,SA-12,Al Jawf Region,ivt,kg m-1 s-1,122,122,26.766888,54.382813,89.363259,118.48854
handoff/mazu_like/mazu_like_20180709_00_lead072.nc,2018-07-09T00:00:00Z,72,2018-07-11T00:00:00Z,2018-07-12T00:00:00Z,SA-12,Al Jawf Region,wind850_speed,m s-1,122,122,1.8485607,4.0746438,5.9165409,6.7164397
handoff/mazu_like/mazu_like_20180709_00_lead072.nc,2018-07-09T00:00:00Z,72,2018-07-11T00:00:00Z,2018-07-12T00:00:00Z,SA-12,Al Jawf Region,wind_shear_850_200,m s-1,122,122,3.3146408,7.1748584,10.332442,10.938208
handoff/mazu_like/mazu_like_20180709_00_lead072.nc,2018-07-09T00:00:00Z,72,2018-07-11T00:00:00Z,2018-07-12T00:00:00Z,SA-12,Al Jawf Region,omega500,Pa s-1,122,122,-0.023635879,0.026916535,0.05514828,0.08503601
handoff/mazu_like/mazu_like_20180709_00_lead072.nc,2018-07-09T00:00:00Z,72,2018-07-11T00:00:00Z,2018-07-12T00:00:00Z,SA-12,Al Jawf Region,geopotential_height500,gpm,122,122,5899.0869,5901.5679,5903.4472,5905.4565
handoff/mazu_like/mazu_like_20180709_00_lead072.nc,2018-07-09T00:00:00Z,72,2018-07-11T00:00:00Z,2018-07-12T00:00:00Z,SA-14,Asir Region,daily_precip_total,mm,104,104,0.19574781,0.61982785,1.5028008,2.8382065
handoff/mazu_like/mazu_like_20180709_00_lead072.nc,2018-07-09T00:00:00Z,72,2018-07-11T00:00:00Z,2018-07-12T00:00:00Z,SA-14,Asir Region,t2m_c,degC,104,104,23.812012,32.253147,37.358678,38.012726
handoff/mazu_like/mazu_like_20180709_00_lead072.nc,2018-07-09T00:00:00Z,72,2018-07-11T00:00:00Z,2018-07-12T00:00:00Z,SA-14,Asir Region,tmax_c,degC,104,104,26.982422,37.142529,42.864952,43.915619
handoff/mazu_like/mazu_like_20180709_00_lead072.nc,2018-07-09T00:00:00Z,72,2018-07-11T00:00:00Z,2018-07-12T00:00:00Z,SA-14,Asir Region,tmin_c,degC,104,104,19.183746,27.574981,32.287988,32.682526
handoff/mazu_like/mazu_like_20180709_00_lead072.nc,2018-07-09T00:00:00Z,72,2018-07-11T00:00:00Z,2018-07-12T00:00:00Z,SA-14,Asir Region,wind10_speed,m s-1,104,104,1.4412243,3.944395,5.3458463,5.5873823
handoff/mazu_like/mazu_like_20180709_00_lead072.nc,2018-07-09T00:00:00Z,72,2018-07-11T00:00:00Z,2018-07-12T00:00:00Z,SA-14,Asir Region,pwat,kg m-2,104,104,21.999574,33.03396,46.47806,49.332429
handoff/mazu_like/mazu_like_20180709_00_lead072.nc,2018-07-09T00:00:00Z,72,2018-07-11T00:00:00Z,2018-07-12T00:00:00Z,SA-14,Asir Region,ivt,kg m-1 s-1,104,104,87.151031,172.67958,207.12675,254.26546
handoff/mazu_like/mazu_like_20180709_00_lead072.nc,2018-07-09T00:00:00Z,72,2018-07-11T00:00:00Z,2018-07-12T00:00:00Z,SA-14,Asir Region,wind850_speed,m s-1,104,104,1.7462035,5.7510269,8.9311633,9.3214245
handoff/mazu_like/mazu_like_20180709_00_lead072.nc,2018-07-09T00:00:00Z,72,2018-07-11T00:00:00Z,2018-07-12T00:00:00Z,SA-14,Asir Region,wind_shear_850_200,m s-1,104,104,27.025555,29.511246,31.614112,32.560528
handoff/mazu_like/mazu_like_20180709_00_lead072.nc,2018-07-09T00:00:00Z,72,2018-07-11T00:00:00Z,2018-07-12T00:00:00Z,SA-14,Asir Region,omega500,Pa s-1,104,104,-0.3732993,-0.070319761,0.070320134,0.11476881
handoff/mazu_like/mazu_like_20180709_00_lead072.nc,2018-07-09T00:00:00Z,72,2018-07-11T00:00:00Z,2018-07-12T00:00:00Z,SA-14,Asir Region,geopotential_height500,gpm,104,104,5888.5513,5895.9003,5900.1686,5902.8359
handoff/mazu_like/mazu_like_20180719_00_lead024.nc,2018-07-19T00:00:00Z,24,2018-07-19T00:00:00Z,2018-07-20T00:00:00Z,SA-01,Riyadh Region,daily_precip_total,mm,531,531,0.14050822,0.30206195,0.3889437,0.43383434
handoff/mazu_like/mazu_like_20180719_00_lead024.nc,2018-07-19T00:00:00Z,24,2018-07-19T00:00:00Z,2018-07-20T00:00:00Z,SA-01,Riyadh Region,t2m_c,degC,531,531,33.216705,35.741284,37.66629,38.268158
handoff/mazu_like/mazu_like_20180719_00_lead024.nc,2018-07-19T00:00:00Z,24,2018-07-19T00:00:00Z,2018-07-20T00:00:00Z,SA-01,Riyadh Region,tmax_c,degC,531,531,38.643616,41.329655,43.516632,44.068542
handoff/mazu_like/mazu_like_20180719_00_lead024.nc,2018-07-19T00:00:00Z,24,2018-07-19T00:00:00Z,2018-07-20T00:00:00Z,SA-01,Riyadh Region,tmin_c,degC,531,531,27.257599,30.316098,32.022461,32.684875
handoff/mazu_like/mazu_like_20180719_00_lead024.nc,2018-07-19T00:00:00Z,24,2018-07-19T00:00:00Z,2018-07-20T00:00:00Z,SA-01,Riyadh Region,wind10_speed,m s-1,531,531,1.0052118,3.989263,6.6895981,7.5622835
handoff/mazu_like/mazu_like_20180719_00_lead024.nc,2018-07-19T00:00:00Z,24,2018-07-19T00:00:00Z,2018-07-20T00:00:00Z,SA-01,Riyadh Region,pwat,kg m-2,531,531,18.013482,20.759796,22.602644,23.810357
handoff/mazu_like/mazu_like_20180719_00_lead024.nc,2018-07-19T00:00:00Z,24,2018-07-19T00:00:00Z,2018-07-20T00:00:00Z,SA-01,Riyadh Region,ivt,kg m-1 s-1,531,531,24.278395,103.60626,171.86159,203.16552
handoff/mazu_like/mazu_like_20180719_00_lead024.nc,2018-07-19T00:00:00Z,24,2018-07-19T00:00:00Z,2018-07-20T00:00:00Z,SA-01,Riyadh Region,wind850_speed,m s-1,531,531,1.5010197,7.0658918,12.74324,14.247587
handoff/mazu_like/mazu_like_20180719_00_lead024.nc,2018-07-19T00:00:00Z,24,2018-07-19T00:00:00Z,2018-07-20T00:00:00Z,SA-01,Riyadh Region,wind_shear_850_200,m s-1,531,531,12.217041,19.434624,32.137556,33.958706
handoff/mazu_like/mazu_like_20180719_00_lead024.nc,2018-07-19T00:00:00Z,24,2018-07-19T00:00:00Z,2018-07-20T00:00:00Z,SA-01,Riyadh Region,omega500,Pa s-1,531,531,-0.060603045,0.007343428,0.047005493,0.064451866
handoff/mazu_like/mazu_like_20180719_00_lead024.nc,2018-07-19T00:00:00Z,24,2018-07-19T00:00:00Z,2018-07-20T00:00:00Z,SA-01,Riyadh Region,geopotential_height500,gpm,531,531,5863.7949,5871.0872,5878.7622,5881.2832
handoff/mazu_like/mazu_like_20180719_00_lead024.nc,2018-07-19T00:00:00Z,24,2018-07-19T00:00:00Z,2018-07-20T00:00:00Z,SA-02,Makkah Region,daily_precip_total,mm,191,191,0,0.25265496,0.40993907,0.53811514
handoff/mazu_like/mazu_like_20180719_00_lead024.nc,2018-07-19T00:00:00Z,24,2018-07-19T00:00:00Z,2018-07-20T00:00:00Z,SA-02,Makkah Region,t2m_c,degC,191,191,25.594025,32.893906,35.725845,36.593842
handoff/mazu_like/mazu_like_20180719_00_lead024.nc,2018-07-19T00:00:00Z,24,2018-07-19T00:00:00Z,2018-07-20T00:00:00Z,SA-02,Makkah Region,tmax_c,degC,191,191,29.614624,37.637115,40.972504,42.387756
handoff/mazu_like/mazu_like_20180719_00_lead024.nc,2018-07-19T00:00:00Z,24,2018-07-19T00:00:00Z,2018-07-20T00:00:00Z,SA-02,Makkah Region,tmin_c,degC,191,191,22.134003,28.75218,31.879913,32.594269
handoff/mazu_like/mazu_like_20180719_00_lead024.nc,2018-07-19T00:00:00Z,24,2018-07-19T00:00:00Z,2018-07-20T00:00:00Z,SA-02,Makkah Region,wind10_speed,m s-1,191,191,1.5295708,4.7472717,7.2857296,7.5663218
handoff/mazu_like/mazu_like_20180719_00_lead024.nc,2018-07-19T00:00:00Z,24,2018-07-19T00:00:00Z,2018-07-20T00:00:00Z,SA-02,Makkah Region,pwat,kg m-2,191,191,21.29578,28.495361,41.080933,42.432716
handoff/mazu_like/mazu_like_20180719_00_lead024.nc,2018-07-19T00:00:00Z,24,2018-07-19T00:00:00Z,2018-07-20T00:00:00Z,SA-02,Makkah Region,ivt,kg m-1 s-1,191,191,68.76533,133.61343,174.81048,309.27514
handoff/mazu_like/mazu_like_20180719_00_lead024.nc,2018-07-19T00:00:00Z,24,2018-07-19T00:00:00Z,2018-07-20T00:00:00Z,SA-02,Makkah Region,wind850_speed,m s-1,191,191,2.0344281,8.4838126,12.786959,13.228846
handoff/mazu_like/mazu_like_20180719_00_lead024.nc,2018-07-19T00:00:00Z,24,2018-07-19T00:00:00Z,2018-07-20T00:00:00Z,SA-02,Makkah Region,wind_shear_850_200,m s-1,191,191,20.183819,26.35335,30.456452,31.267876
handoff/mazu_like/mazu_like_20180719_00_lead024.nc,2018-07-19T00:00:00Z,24,2018-07-19T00:00:00Z,2018-07-20T00:00:00Z,SA-02,Makkah Region,omega500,Pa s-1,191,191,-0.11487375,-0.0059141154,0.054732224,0.083614305
handoff/mazu_like/mazu_like_20180719_00_lead024.nc,2018-07-19T00:00:00Z,24,2018-07-19T00:00:00Z,2018-07-20T00:00:00Z,SA-02,Makkah Region,geopotential_height500,gpm,191,191,5874.0718,5878.6626,5883.8501,5885.6543
handoff/mazu_like/mazu_like_20180719_00_lead024.nc,2018-07-19T00:00:00Z,24,2018-07-19T00:00:00Z,2018-07-20T00:00:00Z,SA-03,Al Madinah Region,daily_precip_total,mm,207,207,0,0.21086569,0.34206949,0.39810741
handoff/mazu_like/mazu_like_20180719_00_lead024.nc,2018-07-19T00:00:00Z,24,2018-07-19T00:00:00Z,2018-07-20T00:00:00Z,SA-03,Al Madinah Region,t2m_c,degC,207,207,28.432739,33.237487,35.249603,35.945648
handoff/mazu_like/mazu_like_20180719_00_lead024.nc,2018-07-19T00:00:00Z,24,2018-07-19T00:00:00Z,2018-07-20T00:00:00Z,SA-03,Al Madinah Region,tmax_c,degC,207,207,32.415131,38.411002,40.246152,41.332825
handoff/mazu_like/mazu_like_20180719_00_lead024.nc,2018-07-19T00:00:00Z,24,2018-07-19T00:00:00Z,2018-07-20T00:00:00Z,SA-03,Al Madinah Region,tmin_c,degC,207,207,24.189087,28.671465,30.864484,31.950562
handoff/mazu_like/mazu_like_20180719_00_lead024.nc,2018-07-19T00:00:00Z,24,2018-07-19T00:00:00Z,2018-07-20T00:00:00Z,SA-03,Al Madinah Region,wind10_speed,m s-1,207,207,1.6383477,3.8582722,5.8860766,6.29006
handoff/mazu_like/mazu_like_20180719_00_lead024.nc,2018-07-19T00:00:00Z,24,2018-07-19T00:00:00Z,2018-07-20T00:00:00Z,SA-03,Al Madinah Region,pwat,kg m-2,207,207,18.173135,22.220269,23.880658,25.073538
handoff/mazu_like/mazu_like_20180719_00_lead024.nc,2018-07-19T00:00:00Z,24,2018-07-19T00:00:00Z,2018-07-20T00:00:00Z,SA-03,Al Madinah Region,ivt,kg m-1 s-1,207,207,40.512995,80.456807,120.46825,131.71205
handoff/mazu_like/mazu_like_20180719_00_lead024.nc,2018-07-19T00:00:00Z,24,2018-07-19T00:00:00Z,2018-07-20T00:00:00Z,SA-03,Al Madinah Region,wind850_speed,m s-1,207,207,3.6723342,7.1817313,10.093635,11.408266
handoff/mazu_like/mazu_like_20180719_00_lead024.nc,2018-07-19T00:00:00Z,24,2018-07-19T00:00:00Z,2018-07-20T00:00:00Z,SA-03,Al Madinah Region,wind_shear_850_200,m s-1,207,207,6.4577651,17.416533,24.416476,26.66861
handoff/mazu_like/mazu_like_20180719_00_lead024.nc,2018-07-19T00:00:00Z,24,2018-07-19T00:00:00Z,2018-07-20T00:00:00Z,SA-03,Al Madinah Region,omega500,Pa s-1,207,207,-0.064447939,0.024525819,0.10629625,0.15540488
handoff/mazu_like/mazu_like_20180719_00_lead024.nc,2018-07-19T00:00:00Z,24,2018-07-19T00:00:00Z,2018-07-20T00:00:00Z,SA-03,Al Madinah Region,geopotential_height500,gpm,207,207,5874.0376,5881.3309,5891.8724,5893.8027
handoff/mazu_like/mazu_like_20180719_00_lead024.nc,2018-07-19T00:00:00Z,24,2018-07-19T00:00:00Z,2018-07-20T00:00:00Z,SA-04,Eastern Region,daily_precip_total,mm,798,798,0,0.3464761,0.49737289,0.57092768
handoff/mazu_like/mazu_like_20180719_00_lead024.nc,2018-07-19T00:00:00Z,24,2018-07-19T00:00:00Z,2018-07-20T00:00:00Z,SA-04,Eastern Region,t2m_c,degC,798,798,34.704865,37.856317,38.65717,39.27066
handoff/mazu_like/mazu_like_20180719_00_lead024.nc,2018-07-19T00:00:00Z,24,2018-07-19T00:00:00Z,2018-07-20T00:00:00Z,SA-04,Eastern Region,tmax_c,degC,798,798,37.0159,44.08451,45.306812,46.342468
handoff/mazu_like/mazu_like_20180719_00_lead024.nc,2018-07-19T00:00:00Z,24,2018-07-19T00:00:00Z,2018-07-20T00:00:00Z,SA-04,Eastern Region,tmin_c,degC,798,798,28.742767,31.521089,32.993159,34.986359
handoff/mazu_like/mazu_like_20180719_00_lead024.nc,2018-07-19T00:00:00Z,24,2018-07-19T00:00:00Z,2018-07-20T00:00:00Z,SA-04,Eastern Region,wind10_speed,m s-1,798,798,0.8223896,3.1399365,5.3931588,5.6796227
handoff/mazu_like/mazu_like_20180719_00_lead024.nc,2018-07-19T00:00:00Z,24,2018-07-19T00:00:00Z,2018-07-20T00:00:00Z,SA-04,Eastern Region,pwat,kg m-2,798,798,19.712785,23.742943,29.711848,32.663953
handoff/mazu_like/mazu_like_20180719_00_lead024.nc,2018-07-19T00:00:00Z,24,2018-07-19T00:00:00Z,2018-07-20T00:00:00Z,SA-04,Eastern Region,ivt,kg m-1 s-1,798,798,34.751513,106.41046,185.92137,204.23103
handoff/mazu_like/mazu_like_20180719_00_lead024.nc,2018-07-19T00:00:00Z,24,2018-07-19T00:00:00Z,2018-07-20T00:00:00Z,SA-04,Eastern Region,wind850_speed,m s-1,798,798,1.9058635,5.7749888,9.5501762,10.690265
handoff/mazu_like/mazu_like_20180719_00_lead024.nc,2018-07-19T00:00:00Z,24,2018-07-19T00:00:00Z,2018-07-20T00:00:00Z,SA-04,Eastern Region,wind_shear_850_200,m s-1,798,798,9.0859861,19.367392,25.35916,27.534142
handoff/mazu_like/mazu_like_20180719_00_lead024.nc,2018-07-19T00:00:00Z,24,2018-07-19T00:00:00Z,2018-07-20T00:00:00Z,SA-04,Eastern Region,omega500,Pa s-1,798,798,-0.036874849,0.006483977,0.029866213,0.051431946
handoff/mazu_like/mazu_like_20180719_00_lead024.nc,2018-07-19T00:00:00Z,24,2018-07-19T00:00:00Z,2018-07-20T00:00:00Z,SA-04,Eastern Region,geopotential_height500,gpm,798,798,5863.3921,5871.3625,5877.5316,5883.2471
handoff/mazu_like/mazu_like_20180719_00_lead024.nc,2018-07-19T00:00:00Z,24,2018-07-19T00:00:00Z,2018-07-20T00:00:00Z,SA-05,Al-Qassim Region,daily_precip_total,mm,96,96,0.22098078,0.27743311,0.34176213,0.35489869
handoff/mazu_like/mazu_like_20180719_00_lead024.nc,2018-07-19T00:00:00Z,24,2018-07-19T00:00:00Z,2018-07-20T00:00:00Z,SA-05,Al-Qassim Region,t2m_c,degC,96,96,34.123199,35.079514,35.558983,35.845642
handoff/mazu_like/mazu_like_20180719_00_lead024.nc,2018-07-19T00:00:00Z,24,2018-07-19T00:00:00Z,2018-07-20T00:00:00Z,SA-05,Al-Qassim Region,tmax_c,degC,96,96,39.229218,40.837918,41.531349,41.689972
handoff/mazu_like/mazu_like_20180719_00_lead024.nc,2018-07-19T00:00:00Z,24,2018-07-19T00:00:00Z,2018-07-20T00:00:00Z,SA-05,Al-Qassim Region,tmin_c,degC,96,96,27.722015,28.994125,30.173409,31.279816
handoff/mazu_like/mazu_like_20180719_00_lead024.nc,2018-07-19T00:00:00Z,24,2018-07-19T00:00:00Z,2018-07-20T00:00:00Z,SA-05,Al-Qassim Region,wind10_speed,m s-1,96,96,2.6974664,4.1794524,5.1162348,5.2322211
handoff/mazu_like/mazu_like_20180719_00_lead024.nc,2018-07-19T00:00:00Z,24,2018-07-19T00:00:00Z,2018-07-20T00:00:00Z,SA-05,Al-Qassim Region,pwat,kg m-2,96,96,16.300298,18.530474,20.88012,21.587133
handoff/mazu_like/mazu_like_20180719_00_lead024.nc,2018-07-19T00:00:00Z,24,2018-07-19T00:00:00Z,2018-07-20T00:00:00Z,SA-05,Al-Qassim Region,ivt,kg m-1 s-1,96,96,74.95429,120.05428,150.95479,161.19291
handoff/mazu_like/mazu_like_20180719_00_lead024.nc,2018-07-19T00:00:00Z,24,2018-07-19T00:00:00Z,2018-07-20T00:00:00Z,SA-05,Al-Qassim Region,wind850_speed,m s-1,96,96,4.4154034,7.7805203,9.4098935,9.7488003
handoff/mazu_like/mazu_like_20180719_00_lead024.nc,2018-07-19T00:00:00Z,24,2018-07-19T00:00:00Z,2018-07-20T00:00:00Z,SA-05,Al-Qassim Region,wind_shear_850_200,m s-1,96,96,11.651046,13.61507,14.924876,15.24676
handoff/mazu_like/mazu_like_20180719_00_lead024.nc,2018-07-19T00:00:00Z,24,2018-07-19T00:00:00Z,2018-07-20T00:00:00Z,SA-05,Al-Qassim Region,omega500,Pa s-1,96,96,-0.082793802,-0.051373674,-0.017794825,-0.0025336705
handoff/mazu_like/mazu_like_20180719_00_lead024.nc,2018-07-19T00:00:00Z,24,2018-07-19T00:00:00Z,2018-07-20T00:00:00Z,SA-05,Al-Qassim Region,geopotential_height500,gpm,96,96,5864.4922,5872.7139,5878.2639,5878.855
handoff/mazu_like/mazu_like_20180719_00_lead024.nc,2018-07-19T00:00:00Z,24,2018-07-19T00:00:00Z,2018-07-20T00:00:00Z,SA-06,Hail Region,daily_precip_total,mm,163,163,0.12980752,0.24169841,0.31008638,0.34452066
handoff/mazu_like/mazu_like_20180719_00_lead024.nc,2018-07-19T00:00:00Z,24,2018-07-19T00:00:00Z,2018-07-20T00:00:00Z,SA-06,Hail Region,t2m_c,degC,163,163,30.181549,32.784013,34.711276,35.051483
handoff/mazu_like/mazu_like_20180719_00_lead024.nc,2018-07-19T00:00:00Z,24,2018-07-19T00:00:00Z,2018-07-20T00:00:00Z,SA-06,Hail Region,tmax_c,degC,163,163,35.810883,38.844779,40.535184,40.784363
handoff/mazu_like/mazu_like_20180719_00_lead024.nc,2018-07-19T00:00:00Z,24,2018-07-19T00:00:00Z,2018-07-20T00:00:00Z,SA-06,Hail Region,tmin_c,degC,163,163,24.155426,26.880869,29.118408,30.08905
handoff/mazu_like/mazu_like_20180719_00_lead024.nc,2018-07-19T00:00:00Z,24,2018-07-19T00:00:00Z,2018-07-20T00:00:00Z,SA-06,Hail Region,wind10_speed,m s-1,163,163,2.276777,4.3145728,5.1352483,5.6383214
handoff/mazu_like/mazu_like_20180719_00_lead024.nc,2018-07-19T00:00:00Z,24,2018-07-19T00:00:00Z,2018-07-20T00:00:00Z,SA-06,Hail Region,pwat,kg m-2,163,163,16.282865,19.43794,22.969137,23.685461
handoff/mazu_like/mazu_like_20180719_00_lead024.nc,2018-07-19T00:00:00Z,24,2018-07-19T00:00:00Z,2018-07-20T00:00:00Z,SA-06,Hail Region,ivt,kg m-1 s-1,163,163,84.597417,117.20073,135.87231,141.90327
handoff/mazu_like/mazu_like_20180719_00_lead024.nc,2018-07-19T00:00:00Z,24,2018-07-19T00:00:00Z,2018-07-20T00:00:00Z,SA-06,Hail Region,wind850_speed,m s-1,163,163,3.9118419,7.31557,9.1688101,9.5541258
handoff/mazu_like/mazu_like_20180719_00_lead024.nc,2018-07-19T00:00:00Z,24,2018-07-19T00:00:00Z,2018-07-20T00:00:00Z,SA-06,Hail Region,wind_shear_850_200,m s-1,163,163,7.283977,12.133284,14.892384,17.399233
handoff/mazu_like/mazu_like_20180719_00_lead024.nc,2018-07-19T00:00:00Z,24,2018-07-19T00:00:00Z,2018-07-20T00:00:00Z,SA-06,Hail Region,omega500,Pa s-1,163,163,-0.085902706,-0.026951055,0.024418966,0.094008565
handoff/mazu_like/mazu_like_20180719_00_lead024.nc,2018-07-19T00:00:00Z,24,2018-07-19T00:00:00Z,2018-07-20T00:00:00Z,SA-06,Hail Region,geopotential_height500,gpm,163,163,5871.1099,5881.8428,5888.562,5890.6143
handoff/mazu_like/mazu_like_20180719_00_lead024.nc,2018-07-19T00:00:00Z,24,2018-07-19T00:00:00Z,2018-07-20T00:00:00Z,SA-07,Tabuk Region,daily_precip_total,mm,205,205,0,0.22573062,0.37026825,0.40692312
handoff/mazu_like/mazu_like_20180719_00_lead024.nc,2018-07-19T00:00:00Z,24,2018-07-19T00:00:00Z,2018-07-20T00:00:00Z,SA-07,Tabuk Region,t2m_c,degC,205,205,28.357239,31.537389,33.375702,34.501312
handoff/mazu_like/mazu_like_20180719_00_lead024.nc,2018-07-19T00:00:00Z,24,2018-07-19T00:00:00Z,2018-07-20T00:00:00Z,SA-07,Tabuk Region,tmax_c,degC,205,205,32.245392,36.987469,38.8505,39.422821
handoff/mazu_like/mazu_like_20180719_00_lead024.nc,2018-07-19T00:00:00Z,24,2018-07-19T00:00:00Z,2018-07-20T00:00:00Z,SA-07,Tabuk Region,tmin_c,degC,205,205,22.607819,26.986229,30.013147,31.543182
handoff/mazu_like/mazu_like_20180719_00_lead024.nc,2018-07-19T00:00:00Z,24,2018-07-19T00:00:00Z,2018-07-20T00:00:00Z,SA-07,Tabuk Region,wind10_speed,m s-1,205,205,1.5412431,2.8966525,3.6760003,3.8050435
handoff/mazu_like/mazu_like_20180719_00_lead024.nc,2018-07-19T00:00:00Z,24,2018-07-19T00:00:00Z,2018-07-20T00:00:00Z,SA-07,Tabuk Region,pwat,kg m-2,205,205,17.700273,22.206669,24.388167,25.16623
handoff/mazu_like/mazu_like_20180719_00_lead024.nc,2018-07-19T00:00:00Z,24,2018-07-19T00:00:00Z,2018-07-20T00:00:00Z,SA-07,Tabuk Region,ivt,kg m-1 s-1,205,205,43.678204,77.157293,97.911388,104.04407
handoff/mazu_like/mazu_like_20180719_00_lead024.nc,2018-07-19T00:00:00Z,24,2018-07-19T00:00:00Z,2018-07-20T00:00:00Z,SA-07,Tabuk Region,wind850_speed,m s-1,205,205,2.062897,4.9100293,6.4301547,6.7721558
handoff/mazu_like/mazu_like_20180719_00_lead024.nc,2018-07-19T00:00:00Z,24,2018-07-19T00:00:00Z,2018-07-20T00:00:00Z,SA-07,Tabuk Region,wind_shear_850_200,m s-1,205,205,3.029942,7.9686599,14.231014,16.611982
handoff/mazu_like/mazu_like_20180719_00_lead024.nc,2018-07-19T00:00:00Z,24,2018-07-19T00:00:00Z,2018-07-20T00:00:00Z,SA-07,Tabuk Region,omega500,Pa s-1,205,205,-0.040137962,0.030873646,0.082516551,0.18099687
handoff/mazu_like/mazu_like_20180719_00_lead024.nc,2018-07-19T00:00:00Z,24,2018-07-19T00:00:00Z,2018-07-20T00:00:00Z,SA-07,Tabuk Region,geopotential_height500,gpm,205,205,5882.9365,5893.3482,5897.3848,5899.1782
handoff/mazu_like/mazu_like_20180719_00_lead024.nc,2018-07-19T00:00:00Z,24,2018-07-19T00:00:00Z,2018-07-20T00:00:00Z,SA-08,Northern Borders Region,daily_precip_total,mm,169,169,0.23037648,0.32152003,0.37866059,0.40995356
handoff/mazu_like/mazu_like_20180719_00_lead024.nc,2018-07-19T00:00:00Z,24,2018-07-19T00:00:00Z,2018-07-20T00:00:00Z,SA-08,Northern Borders Region,t2m_c,degC,169,169,30.353638,33.544355,35.624182,36.131317
handoff/mazu_like/mazu_like_20180719_00_lead024.nc,2018-07-19T00:00:00Z,24,2018-07-19T00:00:00Z,2018-07-20T00:00:00Z,SA-08,Northern Borders Region,tmax_c,degC,169,169,36.942444,40.080528,41.797388,42.25647
handoff/mazu_like/mazu_like_20180719_00_lead024.nc,2018-07-19T00:00:00Z,24,2018-07-19T00:00:00Z,2018-07-20T00:00:00Z,SA-08,Northern Borders Region,tmin_c,degC,169,169,24.053528,27.208465,28.753345,30.230377
handoff/mazu_like/mazu_like_20180719_00_lead024.nc,2018-07-19T00:00:00Z,24,2018-07-19T00:00:00Z,2018-07-20T00:00:00Z,SA-08,Northern Borders Region,wind10_speed,m s-1,169,169,3.3614707,4.316347,5.2255495,5.5026541
handoff/mazu_like/mazu_like_20180719_00_lead024.nc,2018-07-19T00:00:00Z,24,2018-07-19T00:00:00Z,2018-07-20T00:00:00Z,SA-08,Northern Borders Region,pwat,kg m-2,169,169,15.048158,18.522451,22.613732,23.139807
handoff/mazu_like/mazu_like_20180719_00_lead024.nc,2018-07-19T00:00:00Z,24,2018-07-19T00:00:00Z,2018-07-20T00:00:00Z,SA-08,Northern Borders Region,ivt,kg m-1 s-1,169,169,77.674064,117.37524,171.56802,177.2961
handoff/mazu_like/mazu_like_20180719_00_lead024.nc,2018-07-19T00:00:00Z,24,2018-07-19T00:00:00Z,2018-07-20T00:00:00Z,SA-08,Northern Borders Region,wind850_speed,m s-1,169,169,4.26932,6.8450793,8.6410088,9.0557108
handoff/mazu_like/mazu_like_20180719_00_lead024.nc,2018-07-19T00:00:00Z,24,2018-07-19T00:00:00Z,2018-07-20T00:00:00Z,SA-08,Northern Borders Region,wind_shear_850_200,m s-1,169,169,8.0206833,10.376364,11.787738,12.413602
handoff/mazu_like/mazu_like_20180719_00_lead024.nc,2018-07-19T00:00:00Z,24,2018-07-19T00:00:00Z,2018-07-20T00:00:00Z,SA-08,Northern Borders Region,omega500,Pa s-1,169,169,-0.034009635,0.022424833,0.051933625,0.058666728
handoff/mazu_like/mazu_like_20180719_00_lead024.nc,2018-07-19T00:00:00Z,24,2018-07-19T00:00:00Z,2018-07-20T00:00:00Z,SA-08,Northern Borders Region,geopotential_height500,gpm,169,169,5863.3242,5879.9101,5887.6317,5888.0781
handoff/mazu_like/mazu_like_20180719_00_lead024.nc,2018-07-19T00:00:00Z,24,2018-07-19T00:00:00Z,2018-07-20T00:00:00Z,SA-09,Jazan Region,daily_precip_total,mm,22,22,0.087236792,0.26338517,0.37146883,0.37711206
handoff/mazu_like/mazu_like_20180719_00_lead024.nc,2018-07-19T00:00:00Z,24,2018-07-19T00:00:00Z,2018-07-20T00:00:00Z,SA-09,Jazan Region,t2m_c,degC,22,22,25.906952,34.116428,36.650378,36.696991
handoff/mazu_like/mazu_like_20180719_00_lead024.nc,2018-07-19T00:00:00Z,24,2018-07-19T00:00:00Z,2018-07-20T00:00:00Z,SA-09,Jazan Region,tmax_c,degC,22,22,29.063812,37.783787,40.734599,41.043701
handoff/mazu_like/mazu_like_20180719_00_lead024.nc,2018-07-19T00:00:00Z,24,2018-07-19T00:00:00Z,2018-07-20T00:00:00Z,SA-09,Jazan Region,tmin_c,degC,22,22,22.959045,31.127839,33.357368,33.615967
handoff/mazu_like/mazu_like_20180719_00_lead024.nc,2018-07-19T00:00:00Z,24,2018-07-19T00:00:00Z,2018-07-20T00:00:00Z,SA-09,Jazan Region,wind10_speed,m s-1,22,22,1.933512,3.6157707,5.8324589,6.1918602
handoff/mazu_like/mazu_like_20180719_00_lead024.nc,2018-07-19T00:00:00Z,24,2018-07-19T00:00:00Z,2018-07-20T00:00:00Z,SA-09,Jazan Region,pwat,kg m-2,22,22,38.166919,40.830354,43.425179,43.911357
handoff/mazu_like/mazu_like_20180719_00_lead024.nc,2018-07-19T00:00:00Z,24,2018-07-19T00:00:00Z,2018-07-20T00:00:00Z,SA-09,Jazan Region,ivt,kg m-1 s-1,22,22,59.853335,185.33277,304.25816,321.12869
handoff/mazu_like/mazu_like_20180719_00_lead024.nc,2018-07-19T00:00:00Z,24,2018-07-19T00:00:00Z,2018-07-20T00:00:00Z,SA-09,Jazan Region,wind850_speed,m s-1,22,22,2.0257478,8.073283,12.548128,12.566092
handoff/mazu_like/mazu_like_20180719_00_lead024.nc,2018-07-19T00:00:00Z,24,2018-07-19T00:00:00Z,2018-07-20T00:00:00Z,SA-09,Jazan Region,wind_shear_850_200,m s-1,22,22,23.951492,28.845289,32.066704,32.142834
handoff/mazu_like/mazu_like_20180719_00_lead024.nc,2018-07-19T00:00:00Z,24,2018-07-19T00:00:00Z,2018-07-20T00:00:00Z,SA-09,Jazan Region,omega500,Pa s-1,22,22,-0.031947412,0.0054279162,0.032256678,0.039015099
handoff/mazu_like/mazu_like_20180719_00_lead024.nc,2018-07-19T00:00:00Z,24,2018-07-19T00:00:00Z,2018-07-20T00:00:00Z,SA-09,Jazan Region,geopotential_height500,gpm,22,22,5884.6538,5885.7939,5886.751,5886.9204
handoff/mazu_like/mazu_like_20180719_00_lead024.nc,2018-07-19T00:00:00Z,24,2018-07-19T00:00:00Z,2018-07-20T00:00:00Z,SA-10,Najran Region,daily_precip_total,mm,123,123,0.20242135,0.30329904,0.38705295,0.4978644
handoff/mazu_like/mazu_like_20180719_00_lead024.nc,2018-07-19T00:00:00Z,24,2018-07-19T00:00:00Z,2018-07-20T00:00:00Z,SA-10,Najran Region,t2m_c,degC,123,123,24.638519,34.056076,36.343713,36.895111
handoff/mazu_like/mazu_like_20180719_00_lead024.nc,2018-07-19T00:00:00Z,24,2018-07-19T00:00:00Z,2018-07-20T00:00:00Z,SA-10,Najran Region,tmax_c,degC,123,123,28.796692,39.892464,42.588336,43.040649
handoff/mazu_like/mazu_like_20180719_00_lead024.nc,2018-07-19T00:00:00Z,24,2018-07-19T00:00:00Z,2018-07-20T00:00:00Z,SA-10,Najran Region,tmin_c,degC,123,123,19.807709,28.547418,30.504477,30.851501
handoff/mazu_like/mazu_like_20180719_00_lead024.nc,2018-07-19T00:00:00Z,24,2018-07-19T00:00:00Z,2018-07-20T00:00:00Z,SA-10,Najran Region,wind10_speed,m s-1,123,123,3.0835695,5.1030811,6.4574173,6.8469214
handoff/mazu_like/mazu_like_20180719_00_lead024.nc,2018-07-19T00:00:00Z,24,2018-07-19T00:00:00Z,2018-07-20T00:00:00Z,SA-10,Najran Region,pwat,kg m-2,123,123,21.598076,25.70731,33.095076,38.164818
handoff/mazu_like/mazu_like_20180719_00_lead024.nc,2018-07-19T00:00:00Z,24,2018-07-19T00:00:00Z,2018-07-20T00:00:00Z,SA-10,Najran Region,ivt,kg m-1 s-1,123,123,38.603194,127.08424,162.41162,175.14789
handoff/mazu_like/mazu_like_20180719_00_lead024.nc,2018-07-19T00:00:00Z,24,2018-07-19T00:00:00Z,2018-07-20T00:00:00Z,SA-10,Najran Region,wind850_speed,m s-1,123,123,3.073154,8.3753531,11.842954,12.251692
handoff/mazu_like/mazu_like_20180719_00_lead024.nc,2018-07-19T00:00:00Z,24,2018-07-19T00:00:00Z,2018-07-20T00:00:00Z,SA-10,Najran Region,wind_shear_850_200,m s-1,123,123,21.198502,27.455226,31.404684,32.172752
handoff/mazu_like/mazu_like_20180719_00_lead024.nc,2018-07-19T00:00:00Z,24,2018-07-19T00:00:00Z,2018-07-20T00:00:00Z,SA-10,Najran Region,omega500,Pa s-1,123,123,-0.061712079,0.028873437,0.076615492,0.10462116
handoff/mazu_like/mazu_like_20180719_00_lead024.nc,2018-07-19T00:00:00Z,24,2018-07-19T00:00:00Z,2018-07-20T00:00:00Z,SA-10,Najran Region,geopotential_height500,gpm,123,123,5879.0708,5882.5274,5885.0253,5885.6992
handoff/mazu_like/mazu_like_20180719_00_lead024.nc,2018-07-19T00:00:00Z,24,2018-07-19T00:00:00Z,2018-07-20T00:00:00Z,SA-11,Al Bahah Region,daily_precip_total,mm,12,12,0.1945336,0.29394756,0.43397061,0.46915522
handoff/mazu_like/mazu_like_20180719_00_lead024.nc,2018-07-19T00:00:00Z,24,2018-07-19T00:00:00Z,2018-07-20T00:00:00Z,SA-11,Al Bahah Region,t2m_c,degC,12,12,26.348175,29.966876,34.776225,34.937744
handoff/mazu_like/mazu_like_20180719_00_lead024.nc,2018-07-19T00:00:00Z,24,2018-07-19T00:00:00Z,2018-07-20T00:00:00Z,SA-11,Al Bahah Region,tmax_c,degC,12,12,29.902496,33.775854,38.214093,38.451294
handoff/mazu_like/mazu_like_20180719_00_lead024.nc,2018-07-19T00:00:00Z,24,2018-07-19T00:00:00Z,2018-07-20T00:00:00Z,SA-11,Al Bahah Region,tmin_c,degC,12,12,23.328918,26.787281,31.990971,32.004852
handoff/mazu_like/mazu_like_20180719_00_lead024.nc,2018-07-19T00:00:00Z,24,2018-07-19T00:00:00Z,2018-07-20T00:00:00Z,SA-11,Al Bahah Region,wind10_speed,m s-1,12,12,2.0842264,3.0350624,4.4832528,4.8124442
handoff/mazu_like/mazu_like_20180719_00_lead024.nc,2018-07-19T00:00:00Z,24,2018-07-19T00:00:00Z,2018-07-20T00:00:00Z,SA-11,Al Bahah Region,pwat,kg m-2,12,12,32.50038,37.978977,40.387745,40.672538
handoff/mazu_like/mazu_like_20180719_00_lead024.nc,2018-07-19T00:00:00Z,24,2018-07-19T00:00:00Z,2018-07-20T00:00:00Z,SA-11,Al Bahah Region,ivt,kg m-1 s-1,12,12,90.045334,122.87545,180.89872,185.04178
handoff/mazu_like/mazu_like_20180719_00_lead024.nc,2018-07-19T00:00:00Z,24,2018-07-19T00:00:00Z,2018-07-20T00:00:00Z,SA-11,Al Bahah Region,wind850_speed,m s-1,12,12,3.1941018,5.3413156,8.0239523,8.3445778
handoff/mazu_like/mazu_like_20180719_00_lead024.nc,2018-07-19T00:00:00Z,24,2018-07-19T00:00:00Z,2018-07-20T00:00:00Z,SA-11,Al Bahah Region,wind_shear_850_200,m s-1,12,12,23.841276,26.031554,28.570947,28.918997
handoff/mazu_like/mazu_like_20180719_00_lead024.nc,2018-07-19T00:00:00Z,24,2018-07-19T00:00:00Z,2018-07-20T00:00:00Z,SA-11,Al Bahah Region,omega500,Pa s-1,12,12,-0.086051263,-0.024107898,0.017470689,0.030993106
handoff/mazu_like/mazu_like_20180719_00_lead024.nc,2018-07-19T00:00:00Z,24,2018-07-19T00:00:00Z,2018-07-20T00:00:00Z,SA-11,Al Bahah Region,geopotential_height500,gpm,12,12,5881.1885,5882.9318,5883.9441,5884.1992
handoff/mazu_like/mazu_like_20180719_00_lead024.nc,2018-07-19T00:00:00Z,24,2018-07-19T00:00:00Z,2018-07-20T00:00:00Z,SA-12,Al Jawf Region,daily_precip_total,mm,122,122,0.16472249,0.27439149,0.34372248,0.36934027
handoff/mazu_like/mazu_like_20180719_00_lead024.nc,2018-07-19T00:00:00Z,24,2018-07-19T00:00:00Z,2018-07-20T00:00:00Z,SA-12,Al Jawf Region,t2m_c,degC,122,122,30.353394,32.183417,33.882245,34.287933
handoff/mazu_like/mazu_like_20180719_00_lead024.nc,2018-07-19T00:00:00Z,24,2018-07-19T00:00:00Z,2018-07-20T00:00:00Z,SA-12,Al Jawf Region,tmax_c,degC,122,122,37.645325,39.059411,40.432181,40.822113
handoff/mazu_like/mazu_like_20180719_00_lead024.nc,2018-07-19T00:00:00Z,24,2018-07-19T00:00:00Z,2018-07-20T00:00:00Z,SA-12,Al Jawf Region,tmin_c,degC,122,122,24.228241,26.647578,27.999734,28.386993
handoff/mazu_like/mazu_like_20180719_00_lead024.nc,2018-07-19T00:00:00Z,24,2018-07-19T00:00:00Z,2018-07-20T00:00:00Z,SA-12,Al Jawf Region,wind10_speed,m s-1,122,122,2.7396407,4.4115546,5.1487207,5.2851162
handoff/mazu_like/mazu_like_20180719_00_lead024.nc,2018-07-19T00:00:00Z,24,2018-07-19T00:00:00Z,2018-07-20T00:00:00Z,SA-12,Al Jawf Region,pwat,kg m-2,122,122,14.01879,16.805746,19.779333,20.576805
handoff/mazu_like/mazu_like_20180719_00_lead024.nc,2018-07-19T00:00:00Z,24,2018-07-19T00:00:00Z,2018-07-20T00:00:00Z,SA-12,Al Jawf Region,ivt,kg m-1 s-1,122,122,79.818297,105.93111,134.83886,152.93543
handoff/mazu_like/mazu_like_20180719_00_lead024.nc,2018-07-19T00:00:00Z,24,2018-07-19T00:00:00Z,2018-07-20T00:00:00Z,SA-12,Al Jawf Region,wind850_speed,m s-1,122,122,4.514184,7.0916849,8.7276973,9.4524689
handoff/mazu_like/mazu_like_20180719_00_lead024.nc,2018-07-19T00:00:00Z,24,2018-07-19T00:00:00Z,2018-07-20T00:00:00Z,SA-12,Al Jawf Region,wind_shear_850_200,m s-1,122,122,7.3956933,10.023403,11.471593,11.831915
handoff/mazu_like/mazu_like_20180719_00_lead024.nc,2018-07-19T00:00:00Z,24,2018-07-19T00:00:00Z,2018-07-20T00:00:00Z,SA-12,Al Jawf Region,omega500,Pa s-1,122,122,-0.04806488,0.024032133,0.043470181,0.046897389
handoff/mazu_like/mazu_like_20180719_00_lead024.nc,2018-07-19T00:00:00Z,24,2018-07-19T00:00:00Z,2018-07-20T00:00:00Z,SA-12,Al Jawf Region,geopotential_height500,gpm,122,122,5883.9346,5889.6471,5892.4107,5893.1851
handoff/mazu_like/mazu_like_20180719_00_lead024.nc,2018-07-19T00:00:00Z,24,2018-07-19T00:00:00Z,2018-07-20T00:00:00Z,SA-14,Asir Region,daily_precip_total,mm,104,104,0.044086117,0.22317601,0.3853826,0.53962308
handoff/mazu_like/mazu_like_20180719_00_lead024.nc,2018-07-19T00:00:00Z,24,2018-07-19T00:00:00Z,2018-07-20T00:00:00Z,SA-14,Asir Region,t2m_c,degC,104,104,22.948853,30.000901,34.63215,35.331604
handoff/mazu_like/mazu_like_20180719_00_lead024.nc,2018-07-19T00:00:00Z,24,2018-07-19T00:00:00Z,2018-07-20T00:00:00Z,SA-14,Asir Region,tmax_c,degC,104,104,26.367096,34.815269,39.836008,41.043976
handoff/mazu_like/mazu_like_20180719_00_lead024.nc,2018-07-19T00:00:00Z,24,2018-07-19T00:00:00Z,2018-07-20T00:00:00Z,SA-14,Asir Region,tmin_c,degC,104,104,18.864563,25.674422,30.90831,32.097229
handoff/mazu_like/mazu_like_20180719_00_lead024.nc,2018-07-19T00:00:00Z,24,2018-07-19T00:00:00Z,2018-07-20T00:00:00Z,SA-14,Asir Region,wind10_speed,m s-1,104,104,1.920046,4.5517837,6.320391,6.8033075
handoff/mazu_like/mazu_like_20180719_00_lead024.nc,2018-07-19T00:00:00Z,24,2018-07-19T00:00:00Z,2018-07-20T00:00:00Z,SA-14,Asir Region,pwat,kg m-2,104,104,21.47629,31.098943,39.234891,41.036143
handoff/mazu_like/mazu_like_20180719_00_lead024.nc,2018-07-19T00:00:00Z,24,2018-07-19T00:00:00Z,2018-07-20T00:00:00Z,SA-14,Asir Region,ivt,kg m-1 s-1,104,104,62.7625,128.72007,181.1208,246.21909
handoff/mazu_like/mazu_like_20180719_00_lead024.nc,2018-07-19T00:00:00Z,24,2018-07-19T00:00:00Z,2018-07-20T00:00:00Z,SA-14,Asir Region,wind850_speed,m s-1,104,104,2.0456035,6.8915624,12.230455,13.512934
handoff/mazu_like/mazu_like_20180719_00_lead024.nc,2018-07-19T00:00:00Z,24,2018-07-19T00:00:00Z,2018-07-20T00:00:00Z,SA-14,Asir Region,wind_shear_850_200,m s-1,104,104,23.567276,27.839947,31.89122,32.770317
handoff/mazu_like/mazu_like_20180719_00_lead024.nc,2018-07-19T00:00:00Z,24,2018-07-19T00:00:00Z,2018-07-20T00:00:00Z,SA-14,Asir Region,omega500,Pa s-1,104,104,-0.087593898,0.018057301,0.069321889,0.085931361
handoff/mazu_like/mazu_like_20180719_00_lead024.nc,2018-07-19T00:00:00Z,24,2018-07-19T00:00:00Z,2018-07-20T00:00:00Z,SA-14,Asir Region,geopotential_height500,gpm,104,104,5878.2231,5882.5331,5885.3691,5885.874
handoff/mazu_like/mazu_like_20180719_00_lead048.nc,2018-07-19T00:00:00Z,48,2018-07-20T00:00:00Z,2018-07-21T00:00:00Z,SA-01,Riyadh Region,daily_precip_total,mm,531,531,0.26563942,0.42783959,0.54642341,0.62206763
handoff/mazu_like/mazu_like_20180719_00_lead048.nc,2018-07-19T00:00:00Z,48,2018-07-20T00:00:00Z,2018-07-21T00:00:00Z,SA-01,Riyadh Region,t2m_c,degC,531,531,33.274872,35.752812,37.714828,38.245819
handoff/mazu_like/mazu_like_20180719_00_lead048.nc,2018-07-19T00:00:00Z,48,2018-07-20T00:00:00Z,2018-07-21T00:00:00Z,SA-01,Riyadh Region,tmax_c,degC,531,531,39.006195,41.578517,44.260834,44.781342
handoff/mazu_like/mazu_like_20180719_00_lead048.nc,2018-07-19T00:00:00Z,48,2018-07-20T00:00:00Z,2018-07-21T00:00:00Z,SA-01,Riyadh Region,tmin_c,degC,531,531,27.301819,30.024909,31.662201,32.754974
handoff/mazu_like/mazu_like_20180719_00_lead048.nc,2018-07-19T00:00:00Z,48,2018-07-20T00:00:00Z,2018-07-21T00:00:00Z,SA-01,Riyadh Region,wind10_speed,m s-1,531,531,3.2645853,4.723058,5.9898794,6.9106193
handoff/mazu_like/mazu_like_20180719_00_lead048.nc,2018-07-19T00:00:00Z,48,2018-07-20T00:00:00Z,2018-07-21T00:00:00Z,SA-01,Riyadh Region,pwat,kg m-2,531,531,16.364106,20.822491,24.099626,29.072019
handoff/mazu_like/mazu_like_20180719_00_lead048.nc,2018-07-19T00:00:00Z,48,2018-07-20T00:00:00Z,2018-07-21T00:00:00Z,SA-01,Riyadh Region,ivt,kg m-1 s-1,531,531,88.573718,132.09593,172.2102,232.53185
handoff/mazu_like/mazu_like_20180719_00_lead048.nc,2018-07-19T00:00:00Z,48,2018-07-20T00:00:00Z,2018-07-21T00:00:00Z,SA-01,Riyadh Region,wind850_speed,m s-1,531,531,4.7651691,8.6953872,11.28167,13.13686
handoff/mazu_like/mazu_like_20180719_00_lead048.nc,2018-07-19T00:00:00Z,48,2018-07-20T00:00:00Z,2018-07-21T00:00:00Z,SA-01,Riyadh Region,wind_shear_850_200,m s-1,531,531,11.813266,17.85059,25.300323,28.263718
handoff/mazu_like/mazu_like_20180719_00_lead048.nc,2018-07-19T00:00:00Z,48,2018-07-20T00:00:00Z,2018-07-21T00:00:00Z,SA-01,Riyadh Region,omega500,Pa s-1,531,531,-0.036247715,0.0084401828,0.039908584,0.051038135
handoff/mazu_like/mazu_like_20180719_00_lead048.nc,2018-07-19T00:00:00Z,48,2018-07-20T00:00:00Z,2018-07-21T00:00:00Z,SA-01,Riyadh Region,geopotential_height500,gpm,531,531,5865.6885,5872.6027,5879.1787,5882.1445
handoff/mazu_like/mazu_like_20180719_00_lead048.nc,2018-07-19T00:00:00Z,48,2018-07-20T00:00:00Z,2018-07-21T00:00:00Z,SA-02,Makkah Region,daily_precip_total,mm,191,191,0,0.37109543,0.54780093,0.78808761
handoff/mazu_like/mazu_like_20180719_00_lead048.nc,2018-07-19T00:00:00Z,48,2018-07-20T00:00:00Z,2018-07-21T00:00:00Z,SA-02,Makkah Region,t2m_c,degC,191,191,26.180084,33.209935,35.570633,36.358551
handoff/mazu_like/mazu_like_20180719_00_lead048.nc,2018-07-19T00:00:00Z,48,2018-07-20T00:00:00Z,2018-07-21T00:00:00Z,SA-02,Makkah Region,tmax_c,degC,191,191,29.92038,38.109883,41.133057,41.98172
handoff/mazu_like/mazu_like_20180719_00_lead048.nc,2018-07-19T00:00:00Z,48,2018-07-20T00:00:00Z,2018-07-21T00:00:00Z,SA-02,Makkah Region,tmin_c,degC,191,191,23.051239,29.144854,31.866821,32.410797
handoff/mazu_like/mazu_like_20180719_00_lead048.nc,2018-07-19T00:00:00Z,48,2018-07-20T00:00:00Z,2018-07-21T00:00:00Z,SA-02,Makkah Region,wind10_speed,m s-1,191,191,1.6860996,4.5927193,6.7837303,7.1802735
handoff/mazu_like/mazu_like_20180719_00_lead048.nc,2018-07-19T00:00:00Z,48,2018-07-20T00:00:00Z,2018-07-21T00:00:00Z,SA-02,Makkah Region,pwat,kg m-2,191,191,21.887319,30.954323,44.485567,46.797783
handoff/mazu_like/mazu_like_20180719_00_lead048.nc,2018-07-19T00:00:00Z,48,2018-07-20T00:00:00Z,2018-07-21T00:00:00Z,SA-02,Makkah Region,ivt,kg m-1 s-1,191,191,76.538759,146.15832,199.43648,287.52919
handoff/mazu_like/mazu_like_20180719_00_lead048.nc,2018-07-19T00:00:00Z,48,2018-07-20T00:00:00Z,2018-07-21T00:00:00Z,SA-02,Makkah Region,wind850_speed,m s-1,191,191,2.6137877,8.6173975,12.208116,13.166487
handoff/mazu_like/mazu_like_20180719_00_lead048.nc,2018-07-19T00:00:00Z,48,2018-07-20T00:00:00Z,2018-07-21T00:00:00Z,SA-02,Makkah Region,wind_shear_850_200,m s-1,191,191,18.584572,23.543455,27.083702,27.59479
handoff/mazu_like/mazu_like_20180719_00_lead048.nc,2018-07-19T00:00:00Z,48,2018-07-20T00:00:00Z,2018-07-21T00:00:00Z,SA-02,Makkah Region,omega500,Pa s-1,191,191,-0.16267633,-0.0084442427,0.037989462,0.05482275
handoff/mazu_like/mazu_like_20180719_00_lead048.nc,2018-07-19T00:00:00Z,48,2018-07-20T00:00:00Z,2018-07-21T00:00:00Z,SA-02,Makkah Region,geopotential_height500,gpm,191,191,5876.7334,5883.2627,5888.2395,5889.0742
handoff/mazu_like/mazu_like_20180719_00_lead048.nc,2018-07-19T00:00:00Z,48,2018-07-20T00:00:00Z,2018-07-21T00:00:00Z,SA-03,Al Madinah Region,daily_precip_total,mm,207,207,0,0.27554563,0.44519033,0.49682036
handoff/mazu_like/mazu_like_20180719_00_lead048.nc,2018-07-19T00:00:00Z,48,2018-07-20T00:00:00Z,2018-07-21T00:00:00Z,SA-03,Al Madinah Region,t2m_c,degC,207,207,28.09137,33.336092,35.362231,36.067963
handoff/mazu_like/mazu_like_20180719_00_lead048.nc,2018-07-19T00:00:00Z,48,2018-07-20T00:00:00Z,2018-07-21T00:00:00Z,SA-03,Al Madinah Region,tmax_c,degC,207,207,32.792236,38.643442,40.573404,41.660706
handoff/mazu_like/mazu_like_20180719_00_lead048.nc,2018-07-19T00:00:00Z,48,2018-07-20T00:00:00Z,2018-07-21T00:00:00Z,SA-03,Al Madinah Region,tmin_c,degC,207,207,22.741882,28.525671,30.829956,31.746735
handoff/mazu_like/mazu_like_20180719_00_lead048.nc,2018-07-19T00:00:00Z,48,2018-07-20T00:00:00Z,2018-07-21T00:00:00Z,SA-03,Al Madinah Region,wind10_speed,m s-1,207,207,1.6932343,4.0299864,5.9370125,6.2748442
handoff/mazu_like/mazu_like_20180719_00_lead048.nc,2018-07-19T00:00:00Z,48,2018-07-20T00:00:00Z,2018-07-21T00:00:00Z,SA-03,Al Madinah Region,pwat,kg m-2,207,207,17.587755,20.904072,23.857695,26.333247
handoff/mazu_like/mazu_like_20180719_00_lead048.nc,2018-07-19T00:00:00Z,48,2018-07-20T00:00:00Z,2018-07-21T00:00:00Z,SA-03,Al Madinah Region,ivt,kg m-1 s-1,207,207,52.330109,88.448775,120.64684,138.92028
handoff/mazu_like/mazu_like_20180719_00_lead048.nc,2018-07-19T00:00:00Z,48,2018-07-20T00:00:00Z,2018-07-21T00:00:00Z,SA-03,Al Madinah Region,wind850_speed,m s-1,207,207,4.2817149,7.947215,10.671344,11.3378
handoff/mazu_like/mazu_like_20180719_00_lead048.nc,2018-07-19T00:00:00Z,48,2018-07-20T00:00:00Z,2018-07-21T00:00:00Z,SA-03,Al Madinah Region,wind_shear_850_200,m s-1,207,207,9.1190443,17.24702,22.158562,24.201954
handoff/mazu_like/mazu_like_20180719_00_lead048.nc,2018-07-19T00:00:00Z,48,2018-07-20T00:00:00Z,2018-07-21T00:00:00Z,SA-03,Al Madinah Region,omega500,Pa s-1,207,207,-0.053958543,0.011629479,0.063469691,0.089958481
handoff/mazu_like/mazu_like_20180719_00_lead048.nc,2018-07-19T00:00:00Z,48,2018-07-20T00:00:00Z,2018-07-21T00:00:00Z,SA-03,Al Madinah Region,geopotential_height500,gpm,207,207,5878.0869,5885.456,5893.2153,5894.5229
handoff/mazu_like/mazu_like_20180719_00_lead048.nc,2018-07-19T00:00:00Z,48,2018-07-20T00:00:00Z,2018-07-21T00:00:00Z,SA-04,Eastern Region,daily_precip_total,mm,798,798,0.060898352,0.48894275,0.66066114,0.72104889
handoff/mazu_like/mazu_like_20180719_00_lead048.nc,2018-07-19T00:00:00Z,48,2018-07-20T00:00:00Z,2018-07-21T00:00:00Z,SA-04,Eastern Region,t2m_c,degC,798,798,35.112518,38.102591,39.060466,40.61084
handoff/mazu_like/mazu_like_20180719_00_lead048.nc,2018-07-19T00:00:00Z,48,2018-07-20T00:00:00Z,2018-07-21T00:00:00Z,SA-04,Eastern Region,tmax_c,degC,798,798,36.699951,44.532442,45.943123,46.409851
handoff/mazu_like/mazu_like_20180719_00_lead048.nc,2018-07-19T00:00:00Z,48,2018-07-20T00:00:00Z,2018-07-21T00:00:00Z,SA-04,Eastern Region,tmin_c,degC,798,798,29.10968,31.939663,34.713919,35.662628
handoff/mazu_like/mazu_like_20180719_00_lead048.nc,2018-07-19T00:00:00Z,48,2018-07-20T00:00:00Z,2018-07-21T00:00:00Z,SA-04,Eastern Region,wind10_speed,m s-1,798,798,2.5995867,4.4562555,6.8704099,8.011692
handoff/mazu_like/mazu_like_20180719_00_lead048.nc,2018-07-19T00:00:00Z,48,2018-07-20T00:00:00Z,2018-07-21T00:00:00Z,SA-04,Eastern Region,pwat,kg m-2,798,798,19.467799,24.792072,30.270921,34.151591
handoff/mazu_like/mazu_like_20180719_00_lead048.nc,2018-07-19T00:00:00Z,48,2018-07-20T00:00:00Z,2018-07-21T00:00:00Z,SA-04,Eastern Region,ivt,kg m-1 s-1,798,798,72.626736,137.70662,185.52859,196.45965
handoff/mazu_like/mazu_like_20180719_00_lead048.nc,2018-07-19T00:00:00Z,48,2018-07-20T00:00:00Z,2018-07-21T00:00:00Z,SA-04,Eastern Region,wind850_speed,m s-1,798,798,3.3725867,8.05372,12.814718,14.797453
handoff/mazu_like/mazu_like_20180719_00_lead048.nc,2018-07-19T00:00:00Z,48,2018-07-20T00:00:00Z,2018-07-21T00:00:00Z,SA-04,Eastern Region,wind_shear_850_200,m s-1,798,798,12.729361,20.303291,24.68346,25.517525
handoff/mazu_like/mazu_like_20180719_00_lead048.nc,2018-07-19T00:00:00Z,48,2018-07-20T00:00:00Z,2018-07-21T00:00:00Z,SA-04,Eastern Region,omega500,Pa s-1,798,798,-0.050267607,0.0037678773,0.030249491,0.054856479
handoff/mazu_like/mazu_like_20180719_00_lead048.nc,2018-07-19T00:00:00Z,48,2018-07-20T00:00:00Z,2018-07-21T00:00:00Z,SA-04,Eastern Region,geopotential_height500,gpm,798,798,5866.5459,5872.2391,5882.5065,5885.873
handoff/mazu_like/mazu_like_20180719_00_lead048.nc,2018-07-19T00:00:00Z,48,2018-07-20T00:00:00Z,2018-07-21T00:00:00Z,SA-05,Al-Qassim Region,daily_precip_total,mm,96,96,0.27868903,0.37835334,0.47011223,0.47942096
handoff/mazu_like/mazu_like_20180719_00_lead048.nc,2018-07-19T00:00:00Z,48,2018-07-20T00:00:00Z,2018-07-21T00:00:00Z,SA-05,Al-Qassim Region,t2m_c,degC,96,96,34.167877,35.151731,35.802383,36.09024
handoff/mazu_like/mazu_like_20180719_00_lead048.nc,2018-07-19T00:00:00Z,48,2018-07-20T00:00:00Z,2018-07-21T00:00:00Z,SA-05,Al-Qassim Region,tmax_c,degC,96,96,39.422821,41.210048,41.931664,42.110779
handoff/mazu_like/mazu_like_20180719_00_lead048.nc,2018-07-19T00:00:00Z,48,2018-07-20T00:00:00Z,2018-07-21T00:00:00Z,SA-05,Al-Qassim Region,tmin_c,degC,96,96,27.237579,28.828077,30.512634,31.279816
handoff/mazu_like/mazu_like_20180719_00_lead048.nc,2018-07-19T00:00:00Z,48,2018-07-20T00:00:00Z,2018-07-21T00:00:00Z,SA-05,Al-Qassim Region,wind10_speed,m s-1,96,96,3.0333416,4.292697,4.979444,5.1267052
handoff/mazu_like/mazu_like_20180719_00_lead048.nc,2018-07-19T00:00:00Z,48,2018-07-20T00:00:00Z,2018-07-21T00:00:00Z,SA-05,Al-Qassim Region,pwat,kg m-2,96,96,15.878584,17.62013,20.077265,21.274664
handoff/mazu_like/mazu_like_20180719_00_lead048.nc,2018-07-19T00:00:00Z,48,2018-07-20T00:00:00Z,2018-07-21T00:00:00Z,SA-05,Al-Qassim Region,ivt,kg m-1 s-1,96,96,86.514046,112.71677,135.99124,143.77115
handoff/mazu_like/mazu_like_20180719_00_lead048.nc,2018-07-19T00:00:00Z,48,2018-07-20T00:00:00Z,2018-07-21T00:00:00Z,SA-05,Al-Qassim Region,wind850_speed,m s-1,96,96,4.7866106,8.0861704,9.5537999,9.7069826
handoff/mazu_like/mazu_like_20180719_00_lead048.nc,2018-07-19T00:00:00Z,48,2018-07-20T00:00:00Z,2018-07-21T00:00:00Z,SA-05,Al-Qassim Region,wind_shear_850_200,m s-1,96,96,10.347487,12.100148,13.602107,14.038034
handoff/mazu_like/mazu_like_20180719_00_lead048.nc,2018-07-19T00:00:00Z,48,2018-07-20T00:00:00Z,2018-07-21T00:00:00Z,SA-05,Al-Qassim Region,omega500,Pa s-1,96,96,-0.036156118,-0.0079831141,0.017778541,0.025373295
handoff/mazu_like/mazu_like_20180719_00_lead048.nc,2018-07-19T00:00:00Z,48,2018-07-20T00:00:00Z,2018-07-21T00:00:00Z,SA-05,Al-Qassim Region,geopotential_height500,gpm,96,96,5871.73,5875.7065,5879.3605,5880.6875
handoff/mazu_like/mazu_like_20180719_00_lead048.nc,2018-07-19T00:00:00Z,48,2018-07-20T00:00:00Z,2018-07-21T00:00:00Z,SA-06,Hail Region,daily_precip_total,mm,163,163,0.2226464,0.34934608,0.42480107,0.53824574
handoff/mazu_like/mazu_like_20180719_00_lead048.nc,2018-07-19T00:00:00Z,48,2018-07-20T00:00:00Z,2018-07-21T00:00:00Z,SA-06,Hail Region,t2m_c,degC,163,163,30.648834,33.166285,35.03237,35.520264
handoff/mazu_like/mazu_like_20180719_00_lead048.nc,2018-07-19T00:00:00Z,48,2018-07-20T00:00:00Z,2018-07-21T00:00:00Z,SA-06,Hail Region,tmax_c,degC,163,163,35.708954,39.254803,41.072916,41.59967
handoff/mazu_like/mazu_like_20180719_00_lead048.nc,2018-07-19T00:00:00Z,48,2018-07-20T00:00:00Z,2018-07-21T00:00:00Z,SA-06,Hail Region,tmin_c,degC,163,163,25.101379,27.091595,29.459427,30.23172
handoff/mazu_like/mazu_like_20180719_00_lead048.nc,2018-07-19T00:00:00Z,48,2018-07-20T00:00:00Z,2018-07-21T00:00:00Z,SA-06,Hail Region,wind10_speed,m s-1,163,163,1.6945574,3.8994635,5.0888465,5.9572539
handoff/mazu_like/mazu_like_20180719_00_lead048.nc,2018-07-19T00:00:00Z,48,2018-07-20T00:00:00Z,2018-07-21T00:00:00Z,SA-06,Hail Region,pwat,kg m-2,163,163,16.650573,19.668482,21.713034,22.279644
handoff/mazu_like/mazu_like_20180719_00_lead048.nc,2018-07-19T00:00:00Z,48,2018-07-20T00:00:00Z,2018-07-21T00:00:00Z,SA-06,Hail Region,ivt,kg m-1 s-1,163,163,54.160406,98.85025,130.35905,144.06676
handoff/mazu_like/mazu_like_20180719_00_lead048.nc,2018-07-19T00:00:00Z,48,2018-07-20T00:00:00Z,2018-07-21T00:00:00Z,SA-06,Hail Region,wind850_speed,m s-1,163,163,2.7937136,6.4444937,8.650246,8.9731903
handoff/mazu_like/mazu_like_20180719_00_lead048.nc,2018-07-19T00:00:00Z,48,2018-07-20T00:00:00Z,2018-07-21T00:00:00Z,SA-06,Hail Region,wind_shear_850_200,m s-1,163,163,4.8691592,10.403882,15.425119,17.169413
handoff/mazu_like/mazu_like_20180719_00_lead048.nc,2018-07-19T00:00:00Z,48,2018-07-20T00:00:00Z,2018-07-21T00:00:00Z,SA-06,Hail Region,omega500,Pa s-1,163,163,-0.040204778,-0.0026293952,0.0362488,0.05944756
handoff/mazu_like/mazu_like_20180719_00_lead048.nc,2018-07-19T00:00:00Z,48,2018-07-20T00:00:00Z,2018-07-21T00:00:00Z,SA-06,Hail Region,geopotential_height500,gpm,163,163,5876.7534,5884.4091,5890.223,5891.7822
handoff/mazu_like/mazu_like_20180719_00_lead048.nc,2018-07-19T00:00:00Z,48,2018-07-20T00:00:00Z,2018-07-21T00:00:00Z,SA-07,Tabuk Region,daily_precip_total,mm,205,205,0,0.30079005,0.4418149,0.47304115
handoff/mazu_like/mazu_like_20180719_00_lead048.nc,2018-07-19T00:00:00Z,48,2018-07-20T00:00:00Z,2018-07-21T00:00:00Z,SA-07,Tabuk Region,t2m_c,degC,205,205,26.733704,31.410852,34.008459,34.82486
handoff/mazu_like/mazu_like_20180719_00_lead048.nc,2018-07-19T00:00:00Z,48,2018-07-20T00:00:00Z,2018-07-21T00:00:00Z,SA-07,Tabuk Region,tmax_c,degC,205,205,32.308624,36.852287,39.098322,40.291107
handoff/mazu_like/mazu_like_20180719_00_lead048.nc,2018-07-19T00:00:00Z,48,2018-07-20T00:00:00Z,2018-07-21T00:00:00Z,SA-07,Tabuk Region,tmin_c,degC,205,205,21.087585,26.365718,29.760577,30.778229
handoff/mazu_like/mazu_like_20180719_00_lead048.nc,2018-07-19T00:00:00Z,48,2018-07-20T00:00:00Z,2018-07-21T00:00:00Z,SA-07,Tabuk Region,wind10_speed,m s-1,205,205,1.4007056,3.0954491,4.0871387,4.4414825
handoff/mazu_like/mazu_like_20180719_00_lead048.nc,2018-07-19T00:00:00Z,48,2018-07-20T00:00:00Z,2018-07-21T00:00:00Z,SA-07,Tabuk Region,pwat,kg m-2,205,205,19.059017,23.097553,26.365246,27.560925
handoff/mazu_like/mazu_like_20180719_00_lead048.nc,2018-07-19T00:00:00Z,48,2018-07-20T00:00:00Z,2018-07-21T00:00:00Z,SA-07,Tabuk Region,ivt,kg m-1 s-1,205,205,48.710485,77.802731,108.58761,127.27655
handoff/mazu_like/mazu_like_20180719_00_lead048.nc,2018-07-19T00:00:00Z,48,2018-07-20T00:00:00Z,2018-07-21T00:00:00Z,SA-07,Tabuk Region,wind850_speed,m s-1,205,205,2.8683071,5.2541853,7.0096407,8.3937721
handoff/mazu_like/mazu_like_20180719_00_lead048.nc,2018-07-19T00:00:00Z,48,2018-07-20T00:00:00Z,2018-07-21T00:00:00Z,SA-07,Tabuk Region,wind_shear_850_200,m s-1,205,205,3.7317276,8.7721026,14.900442,16.687763
handoff/mazu_like/mazu_like_20180719_00_lead048.nc,2018-07-19T00:00:00Z,48,2018-07-20T00:00:00Z,2018-07-21T00:00:00Z,SA-07,Tabuk Region,omega500,Pa s-1,205,205,-0.032373626,0.022921732,0.071801084,0.1171179
handoff/mazu_like/mazu_like_20180719_00_lead048.nc,2018-07-19T00:00:00Z,48,2018-07-20T00:00:00Z,2018-07-21T00:00:00Z,SA-07,Tabuk Region,geopotential_height500,gpm,205,205,5886.915,5892.17,5895.4989,5896.1582
handoff/mazu_like/mazu_like_20180719_00_lead048.nc,2018-07-19T00:00:00Z,48,2018-07-20T00:00:00Z,2018-07-21T00:00:00Z,SA-08,Northern Borders Region,daily_precip_total,mm,169,169,0.28269088,0.3746432,0.44335765,0.47686905
handoff/mazu_like/mazu_like_20180719_00_lead048.nc,2018-07-19T00:00:00Z,48,2018-07-20T00:00:00Z,2018-07-21T00:00:00Z,SA-08,Northern Borders Region,t2m_c,degC,169,169,28.162445,33.592304,35.91781,36.477844
handoff/mazu_like/mazu_like_20180719_00_lead048.nc,2018-07-19T00:00:00Z,48,2018-07-20T00:00:00Z,2018-07-21T00:00:00Z,SA-08,Northern Borders Region,tmax_c,degC,169,169,35.265991,40.303633,42.406476,42.633301
handoff/mazu_like/mazu_like_20180719_00_lead048.nc,2018-07-19T00:00:00Z,48,2018-07-20T00:00:00Z,2018-07-21T00:00:00Z,SA-08,Northern Borders Region,tmin_c,degC,169,169,21.587158,27.216339,29.438342,29.741211
handoff/mazu_like/mazu_like_20180719_00_lead048.nc,2018-07-19T00:00:00Z,48,2018-07-20T00:00:00Z,2018-07-21T00:00:00Z,SA-08,Northern Borders Region,wind10_speed,m s-1,169,169,4.0446987,5.1932183,6.0908724,6.2407684
handoff/mazu_like/mazu_like_20180719_00_lead048.nc,2018-07-19T00:00:00Z,48,2018-07-20T00:00:00Z,2018-07-21T00:00:00Z,SA-08,Northern Borders Region,pwat,kg m-2,169,169,17.520505,19.757526,22.860806,24.233112
handoff/mazu_like/mazu_like_20180719_00_lead048.nc,2018-07-19T00:00:00Z,48,2018-07-20T00:00:00Z,2018-07-21T00:00:00Z,SA-08,Northern Borders Region,ivt,kg m-1 s-1,169,169,115.62437,170.21338,217.25912,223.37694
handoff/mazu_like/mazu_like_20180719_00_lead048.nc,2018-07-19T00:00:00Z,48,2018-07-20T00:00:00Z,2018-07-21T00:00:00Z,SA-08,Northern Borders Region,wind850_speed,m s-1,169,169,6.3147545,9.1293341,10.984417,13.973613
handoff/mazu_like/mazu_like_20180719_00_lead048.nc,2018-07-19T00:00:00Z,48,2018-07-20T00:00:00Z,2018-07-21T00:00:00Z,SA-08,Northern Borders Region,wind_shear_850_200,m s-1,169,169,7.8428979,9.7831384,12.395684,15.367591
handoff/mazu_like/mazu_like_20180719_00_lead048.nc,2018-07-19T00:00:00Z,48,2018-07-20T00:00:00Z,2018-07-21T00:00:00Z,SA-08,Northern Borders Region,omega500,Pa s-1,169,169,-0.0062747523,0.022727391,0.043700435,0.060866326
handoff/mazu_like/mazu_like_20180719_00_lead048.nc,2018-07-19T00:00:00Z,48,2018-07-20T00:00:00Z,2018-07-21T00:00:00Z,SA-08,Northern Borders Region,geopotential_height500,gpm,169,169,5870.7026,5881.872,5886.7058,5888.2588
handoff/mazu_like/mazu_like_20180719_00_lead048.nc,2018-07-19T00:00:00Z,48,2018-07-20T00:00:00Z,2018-07-21T00:00:00Z,SA-09,Jazan Region,daily_precip_total,mm,22,22,0.33977202,0.46504665,0.55805209,0.56531638
handoff/mazu_like/mazu_like_20180719_00_lead048.nc,2018-07-19T00:00:00Z,48,2018-07-20T00:00:00Z,2018-07-21T00:00:00Z,SA-09,Jazan Region,t2m_c,degC,22,22,25.871277,34.116156,36.59239,36.791229
handoff/mazu_like/mazu_like_20180719_00_lead048.nc,2018-07-19T00:00:00Z,48,2018-07-20T00:00:00Z,2018-07-21T00:00:00Z,SA-09,Jazan Region,tmax_c,degC,22,22,28.513458,37.550209,40.492068,41.064056
handoff/mazu_like/mazu_like_20180719_00_lead048.nc,2018-07-19T00:00:00Z,48,2018-07-20T00:00:00Z,2018-07-21T00:00:00Z,SA-09,Jazan Region,tmin_c,degC,22,22,23.376892,31.532805,33.828688,33.858612
handoff/mazu_like/mazu_like_20180719_00_lead048.nc,2018-07-19T00:00:00Z,48,2018-07-20T00:00:00Z,2018-07-21T00:00:00Z,SA-09,Jazan Region,wind10_speed,m s-1,22,22,1.83902,3.3667329,5.5344346,5.9720702
handoff/mazu_like/mazu_like_20180719_00_lead048.nc,2018-07-19T00:00:00Z,48,2018-07-20T00:00:00Z,2018-07-21T00:00:00Z,SA-09,Jazan Region,pwat,kg m-2,22,22,43.776305,46.31207,48.499598,49.867718
handoff/mazu_like/mazu_like_20180719_00_lead048.nc,2018-07-19T00:00:00Z,48,2018-07-20T00:00:00Z,2018-07-21T00:00:00Z,SA-09,Jazan Region,ivt,kg m-1 s-1,22,22,77.20193,188.11615,288.27074,301.98692
handoff/mazu_like/mazu_like_20180719_00_lead048.nc,2018-07-19T00:00:00Z,48,2018-07-20T00:00:00Z,2018-07-21T00:00:00Z,SA-09,Jazan Region,wind850_speed,m s-1,22,22,2.0883162,6.6593104,10.80479,11.148705
handoff/mazu_like/mazu_like_20180719_00_lead048.nc,2018-07-19T00:00:00Z,48,2018-07-20T00:00:00Z,2018-07-21T00:00:00Z,SA-09,Jazan Region,wind_shear_850_200,m s-1,22,22,20.814524,24.676858,27.048271,27.428926
handoff/mazu_like/mazu_like_20180719_00_lead048.nc,2018-07-19T00:00:00Z,48,2018-07-20T00:00:00Z,2018-07-21T00:00:00Z,SA-09,Jazan Region,omega500,Pa s-1,22,22,-0.1049341,-0.013668613,0.033848123,0.035592921
handoff/mazu_like/mazu_like_20180719_00_lead048.nc,2018-07-19T00:00:00Z,48,2018-07-20T00:00:00Z,2018-07-21T00:00:00Z,SA-09,Jazan Region,geopotential_height500,gpm,22,22,5885.354,5888.139,5889.1717,5889.2705
handoff/mazu_like/mazu_like_20180719_00_lead048.nc,2018-07-19T00:00:00Z,48,2018-07-20T00:00:00Z,2018-07-21T00:00:00Z,SA-10,Najran Region,daily_precip_total,mm,123,123,0.31563386,0.42888056,0.51766498,0.61664486
handoff/mazu_like/mazu_like_20180719_00_lead048.nc,2018-07-19T00:00:00Z,48,2018-07-20T00:00:00Z,2018-07-21T00:00:00Z,SA-10,Najran Region,t2m_c,degC,123,123,25.000336,34.428366,36.67811,37.098938
handoff/mazu_like/mazu_like_20180719_00_lead048.nc,2018-07-19T00:00:00Z,48,2018-07-20T00:00:00Z,2018-07-21T00:00:00Z,SA-10,Najran Region,tmax_c,degC,123,123,29.32666,40.300608,43.239133,43.733673
handoff/mazu_like/mazu_like_20180719_00_lead048.nc,2018-07-19T00:00:00Z,48,2018-07-20T00:00:00Z,2018-07-21T00:00:00Z,SA-10,Najran Region,tmin_c,degC,123,123,20.439606,28.857845,30.815546,31.102722
handoff/mazu_like/mazu_like_20180719_00_lead048.nc,2018-07-19T00:00:00Z,48,2018-07-20T00:00:00Z,2018-07-21T00:00:00Z,SA-10,Najran Region,wind10_speed,m s-1,123,123,3.7072892,5.5183991,6.6521254,7.0304365
handoff/mazu_like/mazu_like_20180719_00_lead048.nc,2018-07-19T00:00:00Z,48,2018-07-20T00:00:00Z,2018-07-21T00:00:00Z,SA-10,Najran Region,pwat,kg m-2,123,123,21.861726,26.657794,34.28764,40.479366
handoff/mazu_like/mazu_like_20180719_00_lead048.nc,2018-07-19T00:00:00Z,48,2018-07-20T00:00:00Z,2018-07-21T00:00:00Z,SA-10,Najran Region,ivt,kg m-1 s-1,123,123,110.96964,171.70388,216.98995,233.00939
handoff/mazu_like/mazu_like_20180719_00_lead048.nc,2018-07-19T00:00:00Z,48,2018-07-20T00:00:00Z,2018-07-21T00:00:00Z,SA-10,Najran Region,wind850_speed,m s-1,123,123,3.766994,9.1647652,11.729401,12.259888
handoff/mazu_like/mazu_like_20180719_00_lead048.nc,2018-07-19T00:00:00Z,48,2018-07-20T00:00:00Z,2018-07-21T00:00:00Z,SA-10,Najran Region,wind_shear_850_200,m s-1,123,123,19.822235,24.579191,26.884309,27.644529
handoff/mazu_like/mazu_like_20180719_00_lead048.nc,2018-07-19T00:00:00Z,48,2018-07-20T00:00:00Z,2018-07-21T00:00:00Z,SA-10,Najran Region,omega500,Pa s-1,123,123,-0.03257978,0.026068814,0.048891235,0.081454888
handoff/mazu_like/mazu_like_20180719_00_lead048.nc,2018-07-19T00:00:00Z,48,2018-07-20T00:00:00Z,2018-07-21T00:00:00Z,SA-10,Najran Region,geopotential_height500,gpm,123,123,5875.7402,5881.3821,5886.3419,5887.2119
handoff/mazu_like/mazu_like_20180719_00_lead048.nc,2018-07-19T00:00:00Z,48,2018-07-20T00:00:00Z,2018-07-21T00:00:00Z,SA-11,Al Bahah Region,daily_precip_total,mm,12,12,0.36458445,0.54277709,0.74051755,0.79295957
handoff/mazu_like/mazu_like_20180719_00_lead048.nc,2018-07-19T00:00:00Z,48,2018-07-20T00:00:00Z,2018-07-21T00:00:00Z,SA-11,Al Bahah Region,t2m_c,degC,12,12,26.546906,30.261693,34.83698,35.072754
handoff/mazu_like/mazu_like_20180719_00_lead048.nc,2018-07-19T00:00:00Z,48,2018-07-20T00:00:00Z,2018-07-21T00:00:00Z,SA-11,Al Bahah Region,tmax_c,degC,12,12,29.77002,33.827858,38.191672,38.563385
handoff/mazu_like/mazu_like_20180719_00_lead048.nc,2018-07-19T00:00:00Z,48,2018-07-20T00:00:00Z,2018-07-21T00:00:00Z,SA-11,Al Bahah Region,tmin_c,degC,12,12,24.154449,27.488216,32.26985,32.366882
handoff/mazu_like/mazu_like_20180719_00_lead048.nc,2018-07-19T00:00:00Z,48,2018-07-20T00:00:00Z,2018-07-21T00:00:00Z,SA-11,Al Bahah Region,wind10_speed,m s-1,12,12,1.7938972,2.7273214,3.9122382,4.4039359
handoff/mazu_like/mazu_like_20180719_00_lead048.nc,2018-07-19T00:00:00Z,48,2018-07-20T00:00:00Z,2018-07-21T00:00:00Z,SA-11,Al Bahah Region,pwat,kg m-2,12,12,37.6742,43.803044,47.029995,47.112683
handoff/mazu_like/mazu_like_20180719_00_lead048.nc,2018-07-19T00:00:00Z,48,2018-07-20T00:00:00Z,2018-07-21T00:00:00Z,SA-11,Al Bahah Region,ivt,kg m-1 s-1,12,12,81.437685,118.32799,168.23264,173.40512
handoff/mazu_like/mazu_like_20180719_00_lead048.nc,2018-07-19T00:00:00Z,48,2018-07-20T00:00:00Z,2018-07-21T00:00:00Z,SA-11,Al Bahah Region,wind850_speed,m s-1,12,12,2.3812594,4.4244836,6.9989146,7.2210455
handoff/mazu_like/mazu_like_20180719_00_lead048.nc,2018-07-19T00:00:00Z,48,2018-07-20T00:00:00Z,2018-07-21T00:00:00Z,SA-11,Al Bahah Region,wind_shear_850_200,m s-1,12,12,19.726286,21.730953,23.915011,24.266554
handoff/mazu_like/mazu_like_20180719_00_lead048.nc,2018-07-19T00:00:00Z,48,2018-07-20T00:00:00Z,2018-07-21T00:00:00Z,SA-11,Al Bahah Region,omega500,Pa s-1,12,12,-0.21981589,-0.084223859,0.0014424402,0.0065064598
handoff/mazu_like/mazu_like_20180719_00_lead048.nc,2018-07-19T00:00:00Z,48,2018-07-20T00:00:00Z,2018-07-21T00:00:00Z,SA-11,Al Bahah Region,geopotential_height500,gpm,12,12,5885.7275,5887.3381,5888.4614,5888.666
handoff/mazu_like/mazu_like_20180719_00_lead048.nc,2018-07-19T00:00:00Z,48,2018-07-20T00:00:00Z,2018-07-21T00:00:00Z,SA-12,Al Jawf Region,daily_precip_total,mm,122,122,0.18328197,0.36384584,0.42388149,0.44009814
handoff/mazu_like/mazu_like_20180719_00_lead048.nc,2018-07-19T00:00:00Z,48,2018-07-20T00:00:00Z,2018-07-21T00:00:00Z,SA-12,Al Jawf Region,t2m_c,degC,122,122,28.070465,32.412683,34.559106,35.155609
handoff/mazu_like/mazu_like_20180719_00_lead048.nc,2018-07-19T00:00:00Z,48,2018-07-20T00:00:00Z,2018-07-21T00:00:00Z,SA-12,Al Jawf Region,tmax_c,degC,122,122,35.316711,38.878781,41.004283,41.637451
handoff/mazu_like/mazu_like_20180719_00_lead048.nc,2018-07-19T00:00:00Z,48,2018-07-20T00:00:00Z,2018-07-21T00:00:00Z,SA-12,Al Jawf Region,tmin_c,degC,122,122,21.823029,26.710257,29.001714,29.65213
handoff/mazu_like/mazu_like_20180719_00_lead048.nc,2018-07-19T00:00:00Z,48,2018-07-20T00:00:00Z,2018-07-21T00:00:00Z,SA-12,Al Jawf Region,wind10_speed,m s-1,122,122,2.77671,4.7695402,5.9359305,6.0605555
handoff/mazu_like/mazu_like_20180719_00_lead048.nc,2018-07-19T00:00:00Z,48,2018-07-20T00:00:00Z,2018-07-21T00:00:00Z,SA-12,Al Jawf Region,pwat,kg m-2,122,122,20.435328,23.597491,26.479387,26.802292
handoff/mazu_like/mazu_like_20180719_00_lead048.nc,2018-07-19T00:00:00Z,48,2018-07-20T00:00:00Z,2018-07-21T00:00:00Z,SA-12,Al Jawf Region,ivt,kg m-1 s-1,122,122,60.550724,141.44634,207.5816,221.60176
handoff/mazu_like/mazu_like_20180719_00_lead048.nc,2018-07-19T00:00:00Z,48,2018-07-20T00:00:00Z,2018-07-21T00:00:00Z,SA-12,Al Jawf Region,wind850_speed,m s-1,122,122,3.9283993,7.0708542,10.371727,11.366037
handoff/mazu_like/mazu_like_20180719_00_lead048.nc,2018-07-19T00:00:00Z,48,2018-07-20T00:00:00Z,2018-07-21T00:00:00Z,SA-12,Al Jawf Region,wind_shear_850_200,m s-1,122,122,5.5724096,8.2508045,9.8741812,10.148932
handoff/mazu_like/mazu_like_20180719_00_lead048.nc,2018-07-19T00:00:00Z,48,2018-07-20T00:00:00Z,2018-07-21T00:00:00Z,SA-12,Al Jawf Region,omega500,Pa s-1,122,122,-0.039124839,0.02283669,0.052379842,0.060521342
handoff/mazu_like/mazu_like_20180719_00_lead048.nc,2018-07-19T00:00:00Z,48,2018-07-20T00:00:00Z,2018-07-21T00:00:00Z,SA-12,Al Jawf Region,geopotential_height500,gpm,122,122,5872.4536,5886.6995,5889.9018,5890.3115
handoff/mazu_like/mazu_like_20180719_00_lead048.nc,2018-07-19T00:00:00Z,48,2018-07-20T00:00:00Z,2018-07-21T00:00:00Z,SA-14,Asir Region,daily_precip_total,mm,104,104,0.17562614,0.44521977,0.94087815,1.5599283
handoff/mazu_like/mazu_like_20180719_00_lead048.nc,2018-07-19T00:00:00Z,48,2018-07-20T00:00:00Z,2018-07-21T00:00:00Z,SA-14,Asir Region,t2m_c,degC,104,104,23.124878,30.439532,35.149805,35.805511
handoff/mazu_like/mazu_like_20180719_00_lead048.nc,2018-07-19T00:00:00Z,48,2018-07-20T00:00:00Z,2018-07-21T00:00:00Z,SA-14,Asir Region,tmax_c,degC,104,104,26.270264,34.931431,40.324638,41.512817
handoff/mazu_like/mazu_like_20180719_00_lead048.nc,2018-07-19T00:00:00Z,48,2018-07-20T00:00:00Z,2018-07-21T00:00:00Z,SA-14,Asir Region,tmin_c,degC,104,104,19.486237,26.51201,31.276588,32.219482
handoff/mazu_like/mazu_like_20180719_00_lead048.nc,2018-07-19T00:00:00Z,48,2018-07-20T00:00:00Z,2018-07-21T00:00:00Z,SA-14,Asir Region,wind10_speed,m s-1,104,104,1.5693053,4.3104056,6.2780149,6.9839468
handoff/mazu_like/mazu_like_20180719_00_lead048.nc,2018-07-19T00:00:00Z,48,2018-07-20T00:00:00Z,2018-07-21T00:00:00Z,SA-14,Asir Region,pwat,kg m-2,104,104,25.474392,35.970356,44.809134,46.791787
handoff/mazu_like/mazu_like_20180719_00_lead048.nc,2018-07-19T00:00:00Z,48,2018-07-20T00:00:00Z,2018-07-21T00:00:00Z,SA-14,Asir Region,ivt,kg m-1 s-1,104,104,71.56236,160.7416,224.92817,246.67952
handoff/mazu_like/mazu_like_20180719_00_lead048.nc,2018-07-19T00:00:00Z,48,2018-07-20T00:00:00Z,2018-07-21T00:00:00Z,SA-14,Asir Region,wind850_speed,m s-1,104,104,1.6825151,6.5291739,12.41186,13.293014
handoff/mazu_like/mazu_like_20180719_00_lead048.nc,2018-07-19T00:00:00Z,48,2018-07-20T00:00:00Z,2018-07-21T00:00:00Z,SA-14,Asir Region,wind_shear_850_200,m s-1,104,104,20.068668,23.391384,27.442579,28.237808
handoff/mazu_like/mazu_like_20180719_00_lead048.nc,2018-07-19T00:00:00Z,48,2018-07-20T00:00:00Z,2018-07-21T00:00:00Z,SA-14,Asir Region,omega500,Pa s-1,104,104,-0.14161497,0.0098377505,0.069530772,0.076737508
handoff/mazu_like/mazu_like_20180719_00_lead048.nc,2018-07-19T00:00:00Z,48,2018-07-20T00:00:00Z,2018-07-21T00:00:00Z,SA-14,Asir Region,geopotential_height500,gpm,104,104,5879.6221,5884.9432,5887.955,5888.6509
handoff/mazu_like/mazu_like_20180719_00_lead072.nc,2018-07-19T00:00:00Z,72,2018-07-21T00:00:00Z,2018-07-22T00:00:00Z,SA-01,Riyadh Region,daily_precip_total,mm,531,531,0.21512292,0.41422637,0.52770448,0.56569338
handoff/mazu_like/mazu_like_20180719_00_lead072.nc,2018-07-19T00:00:00Z,72,2018-07-21T00:00:00Z,2018-07-22T00:00:00Z,SA-01,Riyadh Region,t2m_c,degC,531,531,33.653351,35.811568,37.507187,38.131012
handoff/mazu_like/mazu_like_20180719_00_lead072.nc,2018-07-19T00:00:00Z,72,2018-07-21T00:00:00Z,2018-07-22T00:00:00Z,SA-01,Riyadh Region,tmax_c,degC,531,531,39.250824,41.704043,44.016006,44.526276
handoff/mazu_like/mazu_like_20180719_00_lead072.nc,2018-07-19T00:00:00Z,72,2018-07-21T00:00:00Z,2018-07-22T00:00:00Z,SA-01,Riyadh Region,tmin_c,degC,531,531,27.914307,29.916831,31.421249,32.77533
handoff/mazu_like/mazu_like_20180719_00_lead072.nc,2018-07-19T00:00:00Z,72,2018-07-21T00:00:00Z,2018-07-22T00:00:00Z,SA-01,Riyadh Region,wind10_speed,m s-1,531,531,2.0411246,3.9449485,5.518271,6.1339259
handoff/mazu_like/mazu_like_20180719_00_lead072.nc,2018-07-19T00:00:00Z,72,2018-07-21T00:00:00Z,2018-07-22T00:00:00Z,SA-01,Riyadh Region,pwat,kg m-2,531,531,18.740396,21.032001,23.822265,26.497734
handoff/mazu_like/mazu_like_20180719_00_lead072.nc,2018-07-19T00:00:00Z,72,2018-07-21T00:00:00Z,2018-07-22T00:00:00Z,SA-01,Riyadh Region,ivt,kg m-1 s-1,531,531,57.047837,109.41914,152.72062,167.70393
handoff/mazu_like/mazu_like_20180719_00_lead072.nc,2018-07-19T00:00:00Z,72,2018-07-21T00:00:00Z,2018-07-22T00:00:00Z,SA-01,Riyadh Region,wind850_speed,m s-1,531,531,3.0183675,7.5220028,11.324978,13.42853
handoff/mazu_like/mazu_like_20180719_00_lead072.nc,2018-07-19T00:00:00Z,72,2018-07-21T00:00:00Z,2018-07-22T00:00:00Z,SA-01,Riyadh Region,wind_shear_850_200,m s-1,531,531,6.4973493,14.324251,18.689509,23.08654
handoff/mazu_like/mazu_like_20180719_00_lead072.nc,2018-07-19T00:00:00Z,72,2018-07-21T00:00:00Z,2018-07-22T00:00:00Z,SA-01,Riyadh Region,omega500,Pa s-1,531,531,-0.043735899,0.0073982416,0.040450098,0.051668614
handoff/mazu_like/mazu_like_20180719_00_lead072.nc,2018-07-19T00:00:00Z,72,2018-07-21T00:00:00Z,2018-07-22T00:00:00Z,SA-01,Riyadh Region,geopotential_height500,gpm,531,531,5872.7607,5879.2216,5883.9033,5886.6621
handoff/mazu_like/mazu_like_20180719_00_lead072.nc,2018-07-19T00:00:00Z,72,2018-07-21T00:00:00Z,2018-07-22T00:00:00Z,SA-02,Makkah Region,daily_precip_total,mm,191,191,0.096168526,0.4033601,0.54182714,0.73432314
handoff/mazu_like/mazu_like_20180719_00_lead072.nc,2018-07-19T00:00:00Z,72,2018-07-21T00:00:00Z,2018-07-22T00:00:00Z,SA-02,Makkah Region,t2m_c,degC,191,191,27.385223,33.659836,35.840103,36.903809
handoff/mazu_like/mazu_like_20180719_00_lead072.nc,2018-07-19T00:00:00Z,72,2018-07-21T00:00:00Z,2018-07-22T00:00:00Z,SA-02,Makkah Region,tmax_c,degC,191,191,31.53067,38.771958,41.831955,42.590698
handoff/mazu_like/mazu_like_20180719_00_lead072.nc,2018-07-19T00:00:00Z,72,2018-07-21T00:00:00Z,2018-07-22T00:00:00Z,SA-02,Makkah Region,tmin_c,degC,191,191,24.080597,29.565969,32.073822,32.72525
handoff/mazu_like/mazu_like_20180719_00_lead072.nc,2018-07-19T00:00:00Z,72,2018-07-21T00:00:00Z,2018-07-22T00:00:00Z,SA-02,Makkah Region,wind10_speed,m s-1,191,191,1.661894,4.2874808,6.2576888,6.479907
handoff/mazu_like/mazu_like_20180719_00_lead072.nc,2018-07-19T00:00:00Z,72,2018-07-21T00:00:00Z,2018-07-22T00:00:00Z,SA-02,Makkah Region,pwat,kg m-2,191,191,20.34209,29.831372,43.636431,47.825869
handoff/mazu_like/mazu_like_20180719_00_lead072.nc,2018-07-19T00:00:00Z,72,2018-07-21T00:00:00Z,2018-07-22T00:00:00Z,SA-02,Makkah Region,ivt,kg m-1 s-1,191,191,71.531012,136.78931,182.66968,222.65865
handoff/mazu_like/mazu_like_20180719_00_lead072.nc,2018-07-19T00:00:00Z,72,2018-07-21T00:00:00Z,2018-07-22T00:00:00Z,SA-02,Makkah Region,wind850_speed,m s-1,191,191,2.2757344,7.9988288,10.926168,11.229845
handoff/mazu_like/mazu_like_20180719_00_lead072.nc,2018-07-19T00:00:00Z,72,2018-07-21T00:00:00Z,2018-07-22T00:00:00Z,SA-02,Makkah Region,wind_shear_850_200,m s-1,191,191,16.373819,20.855199,23.768111,24.40247
handoff/mazu_like/mazu_like_20180719_00_lead072.nc,2018-07-19T00:00:00Z,72,2018-07-21T00:00:00Z,2018-07-22T00:00:00Z,SA-02,Makkah Region,omega500,Pa s-1,191,191,-0.20543908,-0.0054695075,0.025963421,0.037867807
handoff/mazu_like/mazu_like_20180719_00_lead072.nc,2018-07-19T00:00:00Z,72,2018-07-21T00:00:00Z,2018-07-22T00:00:00Z,SA-02,Makkah Region,geopotential_height500,gpm,191,191,5880.0288,5886.8555,5892.0059,5893.4844
handoff/mazu_like/mazu_like_20180719_00_lead072.nc,2018-07-19T00:00:00Z,72,2018-07-21T00:00:00Z,2018-07-22T00:00:00Z,SA-03,Al Madinah Region,daily_precip_total,mm,207,207,0,0.30536558,0.45699734,0.55168676
handoff/mazu_like/mazu_like_20180719_00_lead072.nc,2018-07-19T00:00:00Z,72,2018-07-21T00:00:00Z,2018-07-22T00:00:00Z,SA-03,Al Madinah Region,t2m_c,degC,207,207,27.721893,33.311067,35.257111,36.078156
handoff/mazu_like/mazu_like_20180719_00_lead072.nc,2018-07-19T00:00:00Z,72,2018-07-21T00:00:00Z,2018-07-22T00:00:00Z,SA-03,Al Madinah Region,tmax_c,degC,207,207,32.618958,38.669399,40.749722,42.231445
handoff/mazu_like/mazu_like_20180719_00_lead072.nc,2018-07-19T00:00:00Z,72,2018-07-21T00:00:00Z,2018-07-22T00:00:00Z,SA-03,Al Madinah Region,tmin_c,degC,207,207,22.680725,28.424562,30.969308,31.705963
handoff/mazu_like/mazu_like_20180719_00_lead072.nc,2018-07-19T00:00:00Z,72,2018-07-21T00:00:00Z,2018-07-22T00:00:00Z,SA-03,Al Madinah Region,wind10_speed,m s-1,207,207,1.8073064,4.0626712,5.6528737,6.1568704
handoff/mazu_like/mazu_like_20180719_00_lead072.nc,2018-07-19T00:00:00Z,72,2018-07-21T00:00:00Z,2018-07-22T00:00:00Z,SA-03,Al Madinah Region,pwat,kg m-2,207,207,18.88881,22.028092,25.695432,29.013493
handoff/mazu_like/mazu_like_20180719_00_lead072.nc,2018-07-19T00:00:00Z,72,2018-07-21T00:00:00Z,2018-07-22T00:00:00Z,SA-03,Al Madinah Region,ivt,kg m-1 s-1,207,207,68.297761,104.35713,128.1277,139.97912
handoff/mazu_like/mazu_like_20180719_00_lead072.nc,2018-07-19T00:00:00Z,72,2018-07-21T00:00:00Z,2018-07-22T00:00:00Z,SA-03,Al Madinah Region,wind850_speed,m s-1,207,207,4.0130229,7.8685712,10.280739,10.984515
handoff/mazu_like/mazu_like_20180719_00_lead072.nc,2018-07-19T00:00:00Z,72,2018-07-21T00:00:00Z,2018-07-22T00:00:00Z,SA-03,Al Madinah Region,wind_shear_850_200,m s-1,207,207,7.6834159,15.194848,20.258094,22.103119
handoff/mazu_like/mazu_like_20180719_00_lead072.nc,2018-07-19T00:00:00Z,72,2018-07-21T00:00:00Z,2018-07-22T00:00:00Z,SA-03,Al Madinah Region,omega500,Pa s-1,207,207,-0.07853698,-0.0039274169,0.049424355,0.098300099
handoff/mazu_like/mazu_like_20180719_00_lead072.nc,2018-07-19T00:00:00Z,72,2018-07-21T00:00:00Z,2018-07-22T00:00:00Z,SA-03,Al Madinah Region,geopotential_height500,gpm,207,207,5880.1255,5887.6309,5893.7607,5896.1606
handoff/mazu_like/mazu_like_20180719_00_lead072.nc,2018-07-19T00:00:00Z,72,2018-07-21T00:00:00Z,2018-07-22T00:00:00Z,SA-04,Eastern Region,daily_precip_total,mm,798,798,0.06757541,0.44403943,0.61194691,0.72040361
handoff/mazu_like/mazu_like_20180719_00_lead072.nc,2018-07-19T00:00:00Z,72,2018-07-21T00:00:00Z,2018-07-22T00:00:00Z,SA-04,Eastern Region,t2m_c,degC,798,798,35.390869,37.825586,39.035861,40.189728
handoff/mazu_like/mazu_like_20180719_00_lead072.nc,2018-07-19T00:00:00Z,72,2018-07-21T00:00:00Z,2018-07-22T00:00:00Z,SA-04,Eastern Region,tmax_c,degC,798,798,36.514313,44.355106,45.913065,46.644348
handoff/mazu_like/mazu_like_20180719_00_lead072.nc,2018-07-19T00:00:00Z,72,2018-07-21T00:00:00Z,2018-07-22T00:00:00Z,SA-04,Eastern Region,tmin_c,degC,798,798,28.938354,31.400854,34.366165,35.243958
handoff/mazu_like/mazu_like_20180719_00_lead072.nc,2018-07-19T00:00:00Z,72,2018-07-21T00:00:00Z,2018-07-22T00:00:00Z,SA-04,Eastern Region,wind10_speed,m s-1,798,798,2.6931944,5.0105056,7.5982291,8.8379869
handoff/mazu_like/mazu_like_20180719_00_lead072.nc,2018-07-19T00:00:00Z,72,2018-07-21T00:00:00Z,2018-07-22T00:00:00Z,SA-04,Eastern Region,pwat,kg m-2,798,798,19.904482,24.676733,32.063131,34.844462
handoff/mazu_like/mazu_like_20180719_00_lead072.nc,2018-07-19T00:00:00Z,72,2018-07-21T00:00:00Z,2018-07-22T00:00:00Z,SA-04,Eastern Region,ivt,kg m-1 s-1,798,798,75.46465,149.09316,192.44539,251.51588
handoff/mazu_like/mazu_like_20180719_00_lead072.nc,2018-07-19T00:00:00Z,72,2018-07-21T00:00:00Z,2018-07-22T00:00:00Z,SA-04,Eastern Region,wind850_speed,m s-1,798,798,4.3471775,9.7925157,15.988494,18.395657
handoff/mazu_like/mazu_like_20180719_00_lead072.nc,2018-07-19T00:00:00Z,72,2018-07-21T00:00:00Z,2018-07-22T00:00:00Z,SA-04,Eastern Region,wind_shear_850_200,m s-1,798,798,10.184246,19.389015,23.88605,24.258747
handoff/mazu_like/mazu_like_20180719_00_lead072.nc,2018-07-19T00:00:00Z,72,2018-07-21T00:00:00Z,2018-07-22T00:00:00Z,SA-04,Eastern Region,omega500,Pa s-1,798,798,-0.060660757,-0.0012480417,0.04578705,0.068824068
handoff/mazu_like/mazu_like_20180719_00_lead072.nc,2018-07-19T00:00:00Z,72,2018-07-21T00:00:00Z,2018-07-22T00:00:00Z,SA-04,Eastern Region,geopotential_height500,gpm,798,798,5872.5151,5878.239,5885.974,5888.0063
handoff/mazu_like/mazu_like_20180719_00_lead072.nc,2018-07-19T00:00:00Z,72,2018-07-21T00:00:00Z,2018-07-22T00:00:00Z,SA-05,Al-Qassim Region,daily_precip_total,mm,96,96,0.30640495,0.44036822,0.51853941,0.53609252
handoff/mazu_like/mazu_like_20180719_00_lead072.nc,2018-07-19T00:00:00Z,72,2018-07-21T00:00:00Z,2018-07-22T00:00:00Z,SA-05,Al-Qassim Region,t2m_c,degC,96,96,34.750336,35.689237,36.372437,36.554321
handoff/mazu_like/mazu_like_20180719_00_lead072.nc,2018-07-19T00:00:00Z,72,2018-07-21T00:00:00Z,2018-07-22T00:00:00Z,SA-05,Al-Qassim Region,tmax_c,degC,96,96,39.606262,41.367901,42.407669,42.508698
handoff/mazu_like/mazu_like_20180719_00_lead072.nc,2018-07-19T00:00:00Z,72,2018-07-21T00:00:00Z,2018-07-22T00:00:00Z,SA-05,Al-Qassim Region,tmin_c,degC,96,96,28.480316,30.154957,32.003326,32.19278
handoff/mazu_like/mazu_like_20180719_00_lead072.nc,2018-07-19T00:00:00Z,72,2018-07-21T00:00:00Z,2018-07-22T00:00:00Z,SA-05,Al-Qassim Region,wind10_speed,m s-1,96,96,1.7460589,3.294894,4.3863271,4.9040813
handoff/mazu_like/mazu_like_20180719_00_lead072.nc,2018-07-19T00:00:00Z,72,2018-07-21T00:00:00Z,2018-07-22T00:00:00Z,SA-05,Al-Qassim Region,pwat,kg m-2,96,96,18.839796,20.86644,22.313468,22.497105
handoff/mazu_like/mazu_like_20180719_00_lead072.nc,2018-07-19T00:00:00Z,72,2018-07-21T00:00:00Z,2018-07-22T00:00:00Z,SA-05,Al-Qassim Region,ivt,kg m-1 s-1,96,96,46.938604,79.178078,130.29637,151.651
handoff/mazu_like/mazu_like_20180719_00_lead072.nc,2018-07-19T00:00:00Z,72,2018-07-21T00:00:00Z,2018-07-22T00:00:00Z,SA-05,Al-Qassim Region,wind850_speed,m s-1,96,96,2.5305882,5.401988,7.7413507,8.4835882
handoff/mazu_like/mazu_like_20180719_00_lead072.nc,2018-07-19T00:00:00Z,72,2018-07-21T00:00:00Z,2018-07-22T00:00:00Z,SA-05,Al-Qassim Region,wind_shear_850_200,m s-1,96,96,6.0532436,8.2563503,11.576198,12.72031
handoff/mazu_like/mazu_like_20180719_00_lead072.nc,2018-07-19T00:00:00Z,72,2018-07-21T00:00:00Z,2018-07-22T00:00:00Z,SA-05,Al-Qassim Region,omega500,Pa s-1,96,96,-0.020523395,0.024990649,0.054888222,0.063000247
handoff/mazu_like/mazu_like_20180719_00_lead072.nc,2018-07-19T00:00:00Z,72,2018-07-21T00:00:00Z,2018-07-22T00:00:00Z,SA-05,Al-Qassim Region,geopotential_height500,gpm,96,96,5878.5103,5880.5664,5882.5222,5883.0166
handoff/mazu_like/mazu_like_20180719_00_lead072.nc,2018-07-19T00:00:00Z,72,2018-07-21T00:00:00Z,2018-07-22T00:00:00Z,SA-06,Hail Region,daily_precip_total,mm,163,163,0.32057819,0.41367476,0.47596863,0.60099983
handoff/mazu_like/mazu_like_20180719_00_lead072.nc,2018-07-19T00:00:00Z,72,2018-07-21T00:00:00Z,2018-07-22T00:00:00Z,SA-06,Hail Region,t2m_c,degC,163,163,29.550354,32.826062,35.192154,35.703705
handoff/mazu_like/mazu_like_20180719_00_lead072.nc,2018-07-19T00:00:00Z,72,2018-07-21T00:00:00Z,2018-07-22T00:00:00Z,SA-06,Hail Region,tmax_c,degC,163,163,35.12616,38.724451,41.026236,41.518127
handoff/mazu_like/mazu_like_20180719_00_lead072.nc,2018-07-19T00:00:00Z,72,2018-07-21T00:00:00Z,2018-07-22T00:00:00Z,SA-06,Hail Region,tmin_c,degC,163,163,23.776459,27.059177,29.391852,30.597687
handoff/mazu_like/mazu_like_20180719_00_lead072.nc,2018-07-19T00:00:00Z,72,2018-07-21T00:00:00Z,2018-07-22T00:00:00Z,SA-06,Hail Region,wind10_speed,m s-1,163,163,2.223598,3.802963,4.9126929,5.8514376
handoff/mazu_like/mazu_like_20180719_00_lead072.nc,2018-07-19T00:00:00Z,72,2018-07-21T00:00:00Z,2018-07-22T00:00:00Z,SA-06,Hail Region,pwat,kg m-2,163,163,19.223099,21.92345,23.446444,23.780952
handoff/mazu_like/mazu_like_20180719_00_lead072.nc,2018-07-19T00:00:00Z,72,2018-07-21T00:00:00Z,2018-07-22T00:00:00Z,SA-06,Hail Region,ivt,kg m-1 s-1,163,163,63.550381,92.631012,134.94045,158.07068
handoff/mazu_like/mazu_like_20180719_00_lead072.nc,2018-07-19T00:00:00Z,72,2018-07-21T00:00:00Z,2018-07-22T00:00:00Z,SA-06,Hail Region,wind850_speed,m s-1,163,163,3.0285795,5.8810671,7.7836519,8.483736
handoff/mazu_like/mazu_like_20180719_00_lead072.nc,2018-07-19T00:00:00Z,72,2018-07-21T00:00:00Z,2018-07-22T00:00:00Z,SA-06,Hail Region,wind_shear_850_200,m s-1,163,163,4.1412373,7.9383377,12.494441,14.55116
handoff/mazu_like/mazu_like_20180719_00_lead072.nc,2018-07-19T00:00:00Z,72,2018-07-21T00:00:00Z,2018-07-22T00:00:00Z,SA-06,Hail Region,omega500,Pa s-1,163,163,-0.042450525,0.0082957821,0.053547885,0.066632777
handoff/mazu_like/mazu_like_20180719_00_lead072.nc,2018-07-19T00:00:00Z,72,2018-07-21T00:00:00Z,2018-07-22T00:00:00Z,SA-06,Hail Region,geopotential_height500,gpm,163,163,5880.8438,5885.6368,5889.7525,5891.1216
handoff/mazu_like/mazu_like_20180719_00_lead072.nc,2018-07-19T00:00:00Z,72,2018-07-21T00:00:00Z,2018-07-22T00:00:00Z,SA-07,Tabuk Region,daily_precip_total,mm,205,205,0.0063147745,0.34119753,0.50955689,0.57738
handoff/mazu_like/mazu_like_20180719_00_lead072.nc,2018-07-19T00:00:00Z,72,2018-07-21T00:00:00Z,2018-07-22T00:00:00Z,SA-07,Tabuk Region,t2m_c,degC,205,205,25.500549,30.432998,34.022638,34.548157
handoff/mazu_like/mazu_like_20180719_00_lead072.nc,2018-07-19T00:00:00Z,72,2018-07-21T00:00:00Z,2018-07-22T00:00:00Z,SA-07,Tabuk Region,tmax_c,degC,205,205,31.228302,35.771102,38.748767,39.964996
handoff/mazu_like/mazu_like_20180719_00_lead072.nc,2018-07-19T00:00:00Z,72,2018-07-21T00:00:00Z,2018-07-22T00:00:00Z,SA-07,Tabuk Region,tmin_c,degC,205,205,19.946136,25.709354,30.211627,30.642761
handoff/mazu_like/mazu_like_20180719_00_lead072.nc,2018-07-19T00:00:00Z,72,2018-07-21T00:00:00Z,2018-07-22T00:00:00Z,SA-07,Tabuk Region,wind10_speed,m s-1,205,205,1.6163921,3.4079255,4.3736598,5.0329709
handoff/mazu_like/mazu_like_20180719_00_lead072.nc,2018-07-19T00:00:00Z,72,2018-07-21T00:00:00Z,2018-07-22T00:00:00Z,SA-07,Tabuk Region,pwat,kg m-2,205,205,18.112715,23.067619,24.859435,28.783309
handoff/mazu_like/mazu_like_20180719_00_lead072.nc,2018-07-19T00:00:00Z,72,2018-07-21T00:00:00Z,2018-07-22T00:00:00Z,SA-07,Tabuk Region,ivt,kg m-1 s-1,205,205,55.42697,87.277782,132.45708,152.43655
handoff/mazu_like/mazu_like_20180719_00_lead072.nc,2018-07-19T00:00:00Z,72,2018-07-21T00:00:00Z,2018-07-22T00:00:00Z,SA-07,Tabuk Region,wind850_speed,m s-1,205,205,3.3608289,5.41559,7.1322229,7.7314205
handoff/mazu_like/mazu_like_20180719_00_lead072.nc,2018-07-19T00:00:00Z,72,2018-07-21T00:00:00Z,2018-07-22T00:00:00Z,SA-07,Tabuk Region,wind_shear_850_200,m s-1,205,205,3.6555099,7.5009955,11.755592,13.692945
handoff/mazu_like/mazu_like_20180719_00_lead072.nc,2018-07-19T00:00:00Z,72,2018-07-21T00:00:00Z,2018-07-22T00:00:00Z,SA-07,Tabuk Region,omega500,Pa s-1,205,205,-0.061334375,0.010305463,0.06158569,0.089669913
handoff/mazu_like/mazu_like_20180719_00_lead072.nc,2018-07-19T00:00:00Z,72,2018-07-21T00:00:00Z,2018-07-22T00:00:00Z,SA-07,Tabuk Region,geopotential_height500,gpm,205,205,5878.792,5890.1748,5895.5558,5896.707
handoff/mazu_like/mazu_like_20180719_00_lead072.nc,2018-07-19T00:00:00Z,72,2018-07-21T00:00:00Z,2018-07-22T00:00:00Z,SA-08,Northern Borders Region,daily_precip_total,mm,169,169,0.25166184,0.36401293,0.42679591,0.44305608
handoff/mazu_like/mazu_like_20180719_00_lead072.nc,2018-07-19T00:00:00Z,72,2018-07-21T00:00:00Z,2018-07-22T00:00:00Z,SA-08,Northern Borders Region,t2m_c,degC,169,169,26.939484,32.760978,35.668732,35.969269
handoff/mazu_like/mazu_like_20180719_00_lead072.nc,2018-07-19T00:00:00Z,72,2018-07-21T00:00:00Z,2018-07-22T00:00:00Z,SA-08,Northern Borders Region,tmax_c,degC,169,169,33.672211,39.141491,42.223846,42.522461
handoff/mazu_like/mazu_like_20180719_00_lead072.nc,2018-07-19T00:00:00Z,72,2018-07-21T00:00:00Z,2018-07-22T00:00:00Z,SA-08,Northern Borders Region,tmin_c,degC,169,169,21.548126,27.149038,29.66712,29.903259
handoff/mazu_like/mazu_like_20180719_00_lead072.nc,2018-07-19T00:00:00Z,72,2018-07-21T00:00:00Z,2018-07-22T00:00:00Z,SA-08,Northern Borders Region,wind10_speed,m s-1,169,169,4.2958317,5.2978517,6.2274021,6.3130631
handoff/mazu_like/mazu_like_20180719_00_lead072.nc,2018-07-19T00:00:00Z,72,2018-07-21T00:00:00Z,2018-07-22T00:00:00Z,SA-08,Northern Borders Region,pwat,kg m-2,169,169,17.391765,20.097744,22.118581,22.518146
handoff/mazu_like/mazu_like_20180719_00_lead072.nc,2018-07-19T00:00:00Z,72,2018-07-21T00:00:00Z,2018-07-22T00:00:00Z,SA-08,Northern Borders Region,ivt,kg m-1 s-1,169,169,130.33699,174.54627,197.60797,200.89758
handoff/mazu_like/mazu_like_20180719_00_lead072.nc,2018-07-19T00:00:00Z,72,2018-07-21T00:00:00Z,2018-07-22T00:00:00Z,SA-08,Northern Borders Region,wind850_speed,m s-1,169,169,6.6992936,8.7026051,10.370889,14.033226
handoff/mazu_like/mazu_like_20180719_00_lead072.nc,2018-07-19T00:00:00Z,72,2018-07-21T00:00:00Z,2018-07-22T00:00:00Z,SA-08,Northern Borders Region,wind_shear_850_200,m s-1,169,169,5.5671811,7.8386027,10.37442,13.352094
handoff/mazu_like/mazu_like_20180719_00_lead072.nc,2018-07-19T00:00:00Z,72,2018-07-21T00:00:00Z,2018-07-22T00:00:00Z,SA-08,Northern Borders Region,omega500,Pa s-1,169,169,-0.030931227,0.025001846,0.058422291,0.070345372
handoff/mazu_like/mazu_like_20180719_00_lead072.nc,2018-07-19T00:00:00Z,72,2018-07-21T00:00:00Z,2018-07-22T00:00:00Z,SA-08,Northern Borders Region,geopotential_height500,gpm,169,169,5856.8076,5877.2152,5884.7033,5886.0762
handoff/mazu_like/mazu_like_20180719_00_lead072.nc,2018-07-19T00:00:00Z,72,2018-07-21T00:00:00Z,2018-07-22T00:00:00Z,SA-09,Jazan Region,daily_precip_total,mm,22,22,0.3884905,0.5981145,0.92648596,0.94131917
handoff/mazu_like/mazu_like_20180719_00_lead072.nc,2018-07-19T00:00:00Z,72,2018-07-21T00:00:00Z,2018-07-22T00:00:00Z,SA-09,Jazan Region,t2m_c,degC,22,22,25.80246,33.797258,36.223827,36.279114
handoff/mazu_like/mazu_like_20180719_00_lead072.nc,2018-07-19T00:00:00Z,72,2018-07-21T00:00:00Z,2018-07-22T00:00:00Z,SA-09,Jazan Region,tmax_c,degC,22,22,28.41153,37.20443,40.035483,40.636017
handoff/mazu_like/mazu_like_20180719_00_lead072.nc,2018-07-19T00:00:00Z,72,2018-07-21T00:00:00Z,2018-07-22T00:00:00Z,SA-09,Jazan Region,tmin_c,degC,22,22,23.234192,31.327112,33.338977,33.534576
handoff/mazu_like/mazu_like_20180719_00_lead072.nc,2018-07-19T00:00:00Z,72,2018-07-21T00:00:00Z,2018-07-22T00:00:00Z,SA-09,Jazan Region,wind10_speed,m s-1,22,22,1.6188618,2.8220374,4.7047547,5.2197738
handoff/mazu_like/mazu_like_20180719_00_lead072.nc,2018-07-19T00:00:00Z,72,2018-07-21T00:00:00Z,2018-07-22T00:00:00Z,SA-09,Jazan Region,pwat,kg m-2,22,22,44.742628,49.435958,52.033752,54.430505
handoff/mazu_like/mazu_like_20180719_00_lead072.nc,2018-07-19T00:00:00Z,72,2018-07-21T00:00:00Z,2018-07-22T00:00:00Z,SA-09,Jazan Region,ivt,kg m-1 s-1,22,22,87.842042,159.78059,229.02293,239.49097
handoff/mazu_like/mazu_like_20180719_00_lead072.nc,2018-07-19T00:00:00Z,72,2018-07-21T00:00:00Z,2018-07-22T00:00:00Z,SA-09,Jazan Region,wind850_speed,m s-1,22,22,1.7171377,5.1145666,8.8761681,9.1419582
handoff/mazu_like/mazu_like_20180719_00_lead072.nc,2018-07-19T00:00:00Z,72,2018-07-21T00:00:00Z,2018-07-22T00:00:00Z,SA-09,Jazan Region,wind_shear_850_200,m s-1,22,22,18.421587,21.017449,22.9588,23.354012
handoff/mazu_like/mazu_like_20180719_00_lead072.nc,2018-07-19T00:00:00Z,72,2018-07-21T00:00:00Z,2018-07-22T00:00:00Z,SA-09,Jazan Region,omega500,Pa s-1,22,22,-0.15783389,-0.037294406,0.020541912,0.030087724
handoff/mazu_like/mazu_like_20180719_00_lead072.nc,2018-07-19T00:00:00Z,72,2018-07-21T00:00:00Z,2018-07-22T00:00:00Z,SA-09,Jazan Region,geopotential_height500,gpm,22,22,5889.0229,5892.7976,5894.1733,5894.3472
handoff/mazu_like/mazu_like_20180719_00_lead072.nc,2018-07-19T00:00:00Z,72,2018-07-21T00:00:00Z,2018-07-22T00:00:00Z,SA-10,Najran Region,daily_precip_total,mm,123,123,0.32502967,0.48308329,0.54993083,0.6820668
handoff/mazu_like/mazu_like_20180719_00_lead072.nc,2018-07-19T00:00:00Z,72,2018-07-21T00:00:00Z,2018-07-22T00:00:00Z,SA-10,Najran Region,t2m_c,degC,123,123,25.881927,34.543132,36.453952,36.772766
handoff/mazu_like/mazu_like_20180719_00_lead072.nc,2018-07-19T00:00:00Z,72,2018-07-21T00:00:00Z,2018-07-22T00:00:00Z,SA-10,Najran Region,tmax_c,degC,123,123,31.165466,40.628767,43.087274,43.545227
handoff/mazu_like/mazu_like_20180719_00_lead072.nc,2018-07-19T00:00:00Z,72,2018-07-21T00:00:00Z,2018-07-22T00:00:00Z,SA-10,Najran Region,tmin_c,degC,123,123,21.010345,28.692305,30.928284,31.246765
handoff/mazu_like/mazu_like_20180719_00_lead072.nc,2018-07-19T00:00:00Z,72,2018-07-21T00:00:00Z,2018-07-22T00:00:00Z,SA-10,Najran Region,wind10_speed,m s-1,123,123,2.7076352,4.2269855,5.3040987,5.3749504
handoff/mazu_like/mazu_like_20180719_00_lead072.nc,2018-07-19T00:00:00Z,72,2018-07-21T00:00:00Z,2018-07-22T00:00:00Z,SA-10,Najran Region,pwat,kg m-2,123,123,21.150599,25.033239,32.941915,40.750913
handoff/mazu_like/mazu_like_20180719_00_lead072.nc,2018-07-19T00:00:00Z,72,2018-07-21T00:00:00Z,2018-07-22T00:00:00Z,SA-10,Najran Region,ivt,kg m-1 s-1,123,123,77.15673,123.06826,166.85075,173.48249
handoff/mazu_like/mazu_like_20180719_00_lead072.nc,2018-07-19T00:00:00Z,72,2018-07-21T00:00:00Z,2018-07-22T00:00:00Z,SA-10,Najran Region,wind850_speed,m s-1,123,123,3.5220242,6.1149199,8.0161919,8.3492756
handoff/mazu_like/mazu_like_20180719_00_lead072.nc,2018-07-19T00:00:00Z,72,2018-07-21T00:00:00Z,2018-07-22T00:00:00Z,SA-10,Najran Region,wind_shear_850_200,m s-1,123,123,16.60059,18.649905,20.37907,21.585426
handoff/mazu_like/mazu_like_20180719_00_lead072.nc,2018-07-19T00:00:00Z,72,2018-07-21T00:00:00Z,2018-07-22T00:00:00Z,SA-10,Najran Region,omega500,Pa s-1,123,123,-0.019485764,0.018272042,0.050308331,0.057716694
handoff/mazu_like/mazu_like_20180719_00_lead072.nc,2018-07-19T00:00:00Z,72,2018-07-21T00:00:00Z,2018-07-22T00:00:00Z,SA-10,Najran Region,geopotential_height500,gpm,123,123,5879.9653,5885.4875,5890.9996,5892.4038
handoff/mazu_like/mazu_like_20180719_00_lead072.nc,2018-07-19T00:00:00Z,72,2018-07-21T00:00:00Z,2018-07-22T00:00:00Z,SA-11,Al Bahah Region,daily_precip_total,mm,12,12,0.38650781,0.57094579,0.92470847,0.94027513
handoff/mazu_like/mazu_like_20180719_00_lead072.nc,2018-07-19T00:00:00Z,72,2018-07-21T00:00:00Z,2018-07-22T00:00:00Z,SA-11,Al Bahah Region,t2m_c,degC,12,12,27.355865,30.860502,35.046683,35.217987
handoff/mazu_like/mazu_like_20180719_00_lead072.nc,2018-07-19T00:00:00Z,72,2018-07-21T00:00:00Z,2018-07-22T00:00:00Z,SA-11,Al Bahah Region,tmax_c,degC,12,12,30.840118,34.826341,39.117079,39.286957
handoff/mazu_like/mazu_like_20180719_00_lead072.nc,2018-07-19T00:00:00Z,72,2018-07-21T00:00:00Z,2018-07-22T00:00:00Z,SA-11,Al Bahah Region,tmin_c,degC,12,12,24.954468,27.982016,32.299413,32.407623
handoff/mazu_like/mazu_like_20180719_00_lead072.nc,2018-07-19T00:00:00Z,72,2018-07-21T00:00:00Z,2018-07-22T00:00:00Z,SA-11,Al Bahah Region,wind10_speed,m s-1,12,12,1.5257591,2.5206652,3.931646,4.4900565
handoff/mazu_like/mazu_like_20180719_00_lead072.nc,2018-07-19T00:00:00Z,72,2018-07-21T00:00:00Z,2018-07-22T00:00:00Z,SA-11,Al Bahah Region,pwat,kg m-2,12,12,35.570839,43.041372,47.403898,47.769066
handoff/mazu_like/mazu_like_20180719_00_lead072.nc,2018-07-19T00:00:00Z,72,2018-07-21T00:00:00Z,2018-07-22T00:00:00Z,SA-11,Al Bahah Region,ivt,kg m-1 s-1,12,12,74.783627,103.60139,132.63003,134.76162
handoff/mazu_like/mazu_like_20180719_00_lead072.nc,2018-07-19T00:00:00Z,72,2018-07-21T00:00:00Z,2018-07-22T00:00:00Z,SA-11,Al Bahah Region,wind850_speed,m s-1,12,12,1.9578056,4.0226016,6.5656114,6.6187582
handoff/mazu_like/mazu_like_20180719_00_lead072.nc,2018-07-19T00:00:00Z,72,2018-07-21T00:00:00Z,2018-07-22T00:00:00Z,SA-11,Al Bahah Region,wind_shear_850_200,m s-1,12,12,17.258375,19.16898,20.950387,21.110945
handoff/mazu_like/mazu_like_20180719_00_lead072.nc,2018-07-19T00:00:00Z,72,2018-07-21T00:00:00Z,2018-07-22T00:00:00Z,SA-11,Al Bahah Region,omega500,Pa s-1,12,12,-0.26105022,-0.089438925,0.014790588,0.017813161
handoff/mazu_like/mazu_like_20180719_00_lead072.nc,2018-07-19T00:00:00Z,72,2018-07-21T00:00:00Z,2018-07-22T00:00:00Z,SA-11,Al Bahah Region,geopotential_height500,gpm,12,12,5890.0186,5891.5805,5892.8271,5892.8281
handoff/mazu_like/mazu_like_20180719_00_lead072.nc,2018-07-19T00:00:00Z,72,2018-07-21T00:00:00Z,2018-07-22T00:00:00Z,SA-12,Al Jawf Region,daily_precip_total,mm,122,122,0.16414252,0.37308885,0.45133608,0.48104489
handoff/mazu_like/mazu_like_20180719_00_lead072.nc,2018-07-19T00:00:00Z,72,2018-07-21T00:00:00Z,2018-07-22T00:00:00Z,SA-12,Al Jawf Region,t2m_c,degC,122,122,26.969818,30.604056,33.086754,34.003937
handoff/mazu_like/mazu_like_20180719_00_lead072.nc,2018-07-19T00:00:00Z,72,2018-07-21T00:00:00Z,2018-07-22T00:00:00Z,SA-12,Al Jawf Region,tmax_c,degC,122,122,33.655487,36.830673,39.362349,40.190247
handoff/mazu_like/mazu_like_20180719_00_lead072.nc,2018-07-19T00:00:00Z,72,2018-07-21T00:00:00Z,2018-07-22T00:00:00Z,SA-12,Al Jawf Region,tmin_c,degC,122,122,21.710938,25.230967,27.254869,28.245697
handoff/mazu_like/mazu_like_20180719_00_lead072.nc,2018-07-19T00:00:00Z,72,2018-07-21T00:00:00Z,2018-07-22T00:00:00Z,SA-12,Al Jawf Region,wind10_speed,m s-1,122,122,3.771353,5.2815272,6.0919095,6.1680059
handoff/mazu_like/mazu_like_20180719_00_lead072.nc,2018-07-19T00:00:00Z,72,2018-07-21T00:00:00Z,2018-07-22T00:00:00Z,SA-12,Al Jawf Region,pwat,kg m-2,122,122,19.287511,22.187722,24.094514,24.864474
handoff/mazu_like/mazu_like_20180719_00_lead072.nc,2018-07-19T00:00:00Z,72,2018-07-21T00:00:00Z,2018-07-22T00:00:00Z,SA-12,Al Jawf Region,ivt,kg m-1 s-1,122,122,77.92637,157.42844,188.8392,192.24948
handoff/mazu_like/mazu_like_20180719_00_lead072.nc,2018-07-19T00:00:00Z,72,2018-07-21T00:00:00Z,2018-07-22T00:00:00Z,SA-12,Al Jawf Region,wind850_speed,m s-1,122,122,5.1898003,7.9647539,9.6496646,10.094776
handoff/mazu_like/mazu_like_20180719_00_lead072.nc,2018-07-19T00:00:00Z,72,2018-07-21T00:00:00Z,2018-07-22T00:00:00Z,SA-12,Al Jawf Region,wind_shear_850_200,m s-1,122,122,5.5610628,7.341291,8.2064712,8.3655949
handoff/mazu_like/mazu_like_20180719_00_lead072.nc,2018-07-19T00:00:00Z,72,2018-07-21T00:00:00Z,2018-07-22T00:00:00Z,SA-12,Al Jawf Region,omega500,Pa s-1,122,122,-0.047513079,0.0027521209,0.030495416,0.037880145
handoff/mazu_like/mazu_like_20180719_00_lead072.nc,2018-07-19T00:00:00Z,72,2018-07-21T00:00:00Z,2018-07-22T00:00:00Z,SA-12,Al Jawf Region,geopotential_height500,gpm,122,122,5859.4536,5879.8107,5886.4563,5887.7036
handoff/mazu_like/mazu_like_20180719_00_lead072.nc,2018-07-19T00:00:00Z,72,2018-07-21T00:00:00Z,2018-07-22T00:00:00Z,SA-14,Asir Region,daily_precip_total,mm,104,104,0.27027926,0.54222985,1.0820808,2.105576
handoff/mazu_like/mazu_like_20180719_00_lead072.nc,2018-07-19T00:00:00Z,72,2018-07-21T00:00:00Z,2018-07-22T00:00:00Z,SA-14,Asir Region,t2m_c,degC,104,104,23.691772,31.018981,35.535152,36.12149
handoff/mazu_like/mazu_like_20180719_00_lead072.nc,2018-07-19T00:00:00Z,72,2018-07-21T00:00:00Z,2018-07-22T00:00:00Z,SA-14,Asir Region,tmax_c,degC,104,104,27.040619,35.597003,40.774078,41.838959
handoff/mazu_like/mazu_like_20180719_00_lead072.nc,2018-07-19T00:00:00Z,72,2018-07-21T00:00:00Z,2018-07-22T00:00:00Z,SA-14,Asir Region,tmin_c,degC,104,104,19.992218,27.198137,31.432855,32.290802
handoff/mazu_like/mazu_like_20180719_00_lead072.nc,2018-07-19T00:00:00Z,72,2018-07-21T00:00:00Z,2018-07-22T00:00:00Z,SA-14,Asir Region,wind10_speed,m s-1,104,104,1.029768,3.9620986,5.7510986,5.8026648
handoff/mazu_like/mazu_like_20180719_00_lead072.nc,2018-07-19T00:00:00Z,72,2018-07-21T00:00:00Z,2018-07-22T00:00:00Z,SA-14,Asir Region,pwat,kg m-2,104,104,24.283845,35.31124,46.877443,50.020498
handoff/mazu_like/mazu_like_20180719_00_lead072.nc,2018-07-19T00:00:00Z,72,2018-07-21T00:00:00Z,2018-07-22T00:00:00Z,SA-14,Asir Region,ivt,kg m-1 s-1,104,104,74.823836,152.48286,197.95665,206.37673
handoff/mazu_like/mazu_like_20180719_00_lead072.nc,2018-07-19T00:00:00Z,72,2018-07-21T00:00:00Z,2018-07-22T00:00:00Z,SA-14,Asir Region,wind850_speed,m s-1,104,104,1.4648979,5.9749034,10.663625,11.112158
handoff/mazu_like/mazu_like_20180719_00_lead072.nc,2018-07-19T00:00:00Z,72,2018-07-21T00:00:00Z,2018-07-22T00:00:00Z,SA-14,Asir Region,wind_shear_850_200,m s-1,104,104,17.757246,20.65129,23.473672,23.58606
handoff/mazu_like/mazu_like_20180719_00_lead072.nc,2018-07-19T00:00:00Z,72,2018-07-21T00:00:00Z,2018-07-22T00:00:00Z,SA-14,Asir Region,omega500,Pa s-1,104,104,-0.23253331,-0.0076252305,0.058661714,0.067449078
handoff/mazu_like/mazu_like_20180719_00_lead072.nc,2018-07-19T00:00:00Z,72,2018-07-21T00:00:00Z,2018-07-22T00:00:00Z,SA-14,Asir Region,geopotential_height500,gpm,104,104,5884.0981,5889.5406,5892.5638,5893.1484
