source_file,initial_time,lead_time_hours,valid_start_time,valid_end_time,region_id,region_name_en,indicator,unit,region_cell_count,valid_cell_count,minimum,weighted_mean,spatial_p95,maximum
handoff/mazu_like/mazu_like_20180601_00_lead024.nc,2018-06-01T00:00:00Z,24,2018-06-01T00:00:00Z,2018-06-02T00:00:00Z,SA-04,Eastern Region,daily_precip_total,mm,798,798,0.14018176,0.34883217,0.63355545,0.78088838
handoff/mazu_like/mazu_like_20180601_00_lead024.nc,2018-06-01T00:00:00Z,24,2018-06-01T00:00:00Z,2018-06-02T00:00:00Z,SA-04,Eastern Region,t2m_c,degC,798,798,31.348969,37.05247,39.042792,40.148895
handoff/mazu_like/mazu_like_20180601_00_lead024.nc,2018-06-01T00:00:00Z,24,2018-06-01T00:00:00Z,2018-06-02T00:00:00Z,SA-04,Eastern Region,tmax_c,degC,798,798,36.354279,43.139203,45.509152,47.119934
handoff/mazu_like/mazu_like_20180601_00_lead024.nc,2018-06-01T00:00:00Z,24,2018-06-01T00:00:00Z,2018-06-02T00:00:00Z,SA-04,Eastern Region,tmin_c,degC,798,798,26.798431,31.331375,33.216174,33.678192
handoff/mazu_like/mazu_like_20180601_00_lead024.nc,2018-06-01T00:00:00Z,24,2018-06-01T00:00:00Z,2018-06-02T00:00:00Z,SA-04,Eastern Region,wind10_speed,m s-1,798,798,1.0837238,3.2905639,4.6182919,5.599412
handoff/mazu_like/mazu_like_20180601_00_lead024.nc,2018-06-01T00:00:00Z,24,2018-06-01T00:00:00Z,2018-06-02T00:00:00Z,SA-04,Eastern Region,pwat,kg m-2,798,798,20.948914,28.160688,34.056241,47.763148
handoff/mazu_like/mazu_like_20180601_00_lead024.nc,2018-06-01T00:00:00Z,24,2018-06-01T00:00:00Z,2018-06-02T00:00:00Z,SA-04,Eastern Region,ivt,kg m-1 s-1,798,798,28.125584,125.06108,182.08439,191.36242
handoff/mazu_like/mazu_like_20180601_00_lead024.nc,2018-06-01T00:00:00Z,24,2018-06-01T00:00:00Z,2018-06-02T00:00:00Z,SA-04,Eastern Region,wind850_speed,m s-1,798,798,1.0254354,5.1454599,6.8245543,8.2257566
handoff/mazu_like/mazu_like_20180601_00_lead024.nc,2018-06-01T00:00:00Z,24,2018-06-01T00:00:00Z,2018-06-02T00:00:00Z,SA-04,Eastern Region,wind_shear_850_200,m s-1,798,798,1.8667055,9.5915206,27.80901,40.409576
handoff/mazu_like/mazu_like_20180601_00_lead024.nc,2018-06-01T00:00:00Z,24,2018-06-01T00:00:00Z,2018-06-02T00:00:00Z,SA-04,Eastern Region,omega500,Pa s-1,798,798,-0.094889946,0.0098598244,0.05395908,0.079844281
handoff/mazu_like/mazu_like_20180601_00_lead024.nc,2018-06-01T00:00:00Z,24,2018-06-01T00:00:00Z,2018-06-02T00:00:00Z,SA-04,Eastern Region,geopotential_height500,gpm,798,798,5871.9224,5902.5414,5911.0824,5912.8789
handoff/mazu_like/mazu_like_20180601_00_lead048.nc,2018-06-01T00:00:00Z,48,2018-06-02T00:00:00Z,2018-06-03T00:00:00Z,SA-04,Eastern Region,daily_precip_total,mm,798,798,0.24730456,0.50534664,0.87595747,0.98457813
handoff/mazu_like/mazu_like_20180601_00_lead048.nc,2018-06-01T00:00:00Z,48,2018-06-02T00:00:00Z,2018-06-03T00:00:00Z,SA-04,Eastern Region,t2m_c,degC,798,798,33.132507,38.030976,39.437209,39.908203
handoff/mazu_like/mazu_like_20180601_00_lead048.nc,2018-06-01T00:00:00Z,48,2018-06-02T00:00:00Z,2018-06-03T00:00:00Z,SA-04,Eastern Region,tmax_c,degC,798,798,35.816681,44.64057,46.568024,47.063049
handoff/mazu_like/mazu_like_20180601_00_lead048.nc,2018-06-01T00:00:00Z,48,2018-06-02T00:00:00Z,2018-06-03T00:00:00Z,SA-04,Eastern Region,tmin_c,degC,798,798,27.226471,31.75321,33.562689,34.209747
handoff/mazu_like/mazu_like_20180601_00_lead048.nc,2018-06-01T00:00:00Z,48,2018-06-02T00:00:00Z,2018-06-03T00:00:00Z,SA-04,Eastern Region,wind10_speed,m s-1,798,798,1.6076407,3.3870318,4.7892989,5.8792
handoff/mazu_like/mazu_like_20180601_00_lead048.nc,2018-06-01T00:00:00Z,48,2018-06-02T00:00:00Z,2018-06-03T00:00:00Z,SA-04,Eastern Region,pwat,kg m-2,798,798,19.117475,25.114121,29.886793,32.799471
handoff/mazu_like/mazu_like_20180601_00_lead048.nc,2018-06-01T00:00:00Z,48,2018-06-02T00:00:00Z,2018-06-03T00:00:00Z,SA-04,Eastern Region,ivt,kg m-1 s-1,798,798,15.290013,127.60826,173.25116,198.20866
handoff/mazu_like/mazu_like_20180601_00_lead048.nc,2018-06-01T00:00:00Z,48,2018-06-02T00:00:00Z,2018-06-03T00:00:00Z,SA-04,Eastern Region,wind850_speed,m s-1,798,798,0.77652729,5.6773659,8.5405421,9.2141972
handoff/mazu_like/mazu_like_20180601_00_lead048.nc,2018-06-01T00:00:00Z,48,2018-06-02T00:00:00Z,2018-06-03T00:00:00Z,SA-04,Eastern Region,wind_shear_850_200,m s-1,798,798,1.5042899,8.5542845,28.118222,44.058289
handoff/mazu_like/mazu_like_20180601_00_lead048.nc,2018-06-01T00:00:00Z,48,2018-06-02T00:00:00Z,2018-06-03T00:00:00Z,SA-04,Eastern Region,omega500,Pa s-1,798,798,-0.21553004,-0.010783885,0.031537333,0.05058521
handoff/mazu_like/mazu_like_20180601_00_lead048.nc,2018-06-01T00:00:00Z,48,2018-06-02T00:00:00Z,2018-06-03T00:00:00Z,SA-04,Eastern Region,geopotential_height500,gpm,798,798,5865.1221,5902.9974,5913.4992,5916.1016
handoff/mazu_like/mazu_like_20180601_00_lead072.nc,2018-06-01T00:00:00Z,72,2018-06-03T00:00:00Z,2018-06-04T00:00:00Z,SA-04,Eastern Region,daily_precip_total,mm,798,798,0.18281047,0.53725238,0.77034565,0.84964538
handoff/mazu_like/mazu_like_20180601_00_lead072.nc,2018-06-01T00:00:00Z,72,2018-06-03T00:00:00Z,2018-06-04T00:00:00Z,SA-04,Eastern Region,t2m_c,degC,798,798,33.602448,38.03685,39.957906,40.86264
handoff/mazu_like/mazu_like_20180601_00_lead072.nc,2018-06-01T00:00:00Z,72,2018-06-03T00:00:00Z,2018-06-04T00:00:00Z,SA-04,Eastern Region,tmax_c,degC,798,798,35.707123,44.994798,46.616957,47.945801
handoff/mazu_like/mazu_like_20180601_00_lead072.nc,2018-06-01T00:00:00Z,72,2018-06-03T00:00:00Z,2018-06-04T00:00:00Z,SA-04,Eastern Region,tmin_c,degC,798,798,26.451874,31.296464,33.840584,34.998962
handoff/mazu_like/mazu_like_20180601_00_lead072.nc,2018-06-01T00:00:00Z,72,2018-06-03T00:00:00Z,2018-06-04T00:00:00Z,SA-04,Eastern Region,wind10_speed,m s-1,798,798,1.5747941,3.2881497,4.3130947,4.9463592
handoff/mazu_like/mazu_like_20180601_00_lead072.nc,2018-06-01T00:00:00Z,72,2018-06-03T00:00:00Z,2018-06-04T00:00:00Z,SA-04,Eastern Region,pwat,kg m-2,798,798,19.767178,23.353548,27.845732,30.663596
handoff/mazu_like/mazu_like_20180601_00_lead072.nc,2018-06-01T00:00:00Z,72,2018-06-03T00:00:00Z,2018-06-04T00:00:00Z,SA-04,Eastern Region,ivt,kg m-1 s-1,798,798,19.384972,104.93451,186.76515,225.32965
handoff/mazu_like/mazu_like_20180601_00_lead072.nc,2018-06-01T00:00:00Z,72,2018-06-03T00:00:00Z,2018-06-04T00:00:00Z,SA-04,Eastern Region,wind850_speed,m s-1,798,798,0.72241861,5.0938759,8.1880061,8.5695543
handoff/mazu_like/mazu_like_20180601_00_lead072.nc,2018-06-01T00:00:00Z,72,2018-06-03T00:00:00Z,2018-06-04T00:00:00Z,SA-04,Eastern Region,wind_shear_850_200,m s-1,798,798,3.5078845,9.2515026,27.497818,37.419868
handoff/mazu_like/mazu_like_20180601_00_lead072.nc,2018-06-01T00:00:00Z,72,2018-06-03T00:00:00Z,2018-06-04T00:00:00Z,SA-04,Eastern Region,omega500,Pa s-1,798,798,-0.11773913,-0.0064333474,0.045243648,0.15774877
handoff/mazu_like/mazu_like_20180601_00_lead072.nc,2018-06-01T00:00:00Z,72,2018-06-03T00:00:00Z,2018-06-04T00:00:00Z,SA-04,Eastern Region,geopotential_height500,gpm,798,798,5864.8589,5896.5811,5907.8475,5910.9546
handoff/mazu_like/mazu_like_20180614_00_lead024.nc,2018-06-14T00:00:00Z,24,2018-06-14T00:00:00Z,2018-06-15T00:00:00Z,SA-04,Eastern Region,daily_precip_total,mm,798,798,0.0062563587,0.31718631,0.42894938,0.51698893
handoff/mazu_like/mazu_like_20180614_00_lead024.nc,2018-06-14T00:00:00Z,24,2018-06-14T00:00:00Z,2018-06-15T00:00:00Z,SA-04,Eastern Region,t2m_c,degC,798,798,33.450684,37.038214,37.999187,38.36618
handoff/mazu_like/mazu_like_20180614_00_lead024.nc,2018-06-14T00:00:00Z,24,2018-06-14T00:00:00Z,2018-06-15T00:00:00Z,SA-04,Eastern Region,tmax_c,degC,798,798,34.782288,44.265586,45.632617,46.299377
handoff/mazu_like/mazu_like_20180614_00_lead024.nc,2018-06-14T00:00:00Z,24,2018-06-14T00:00:00Z,2018-06-15T00:00:00Z,SA-04,Eastern Region,tmin_c,degC,798,798,27.670074,29.766969,31.236079,32.195801
handoff/mazu_like/mazu_like_20180614_00_lead024.nc,2018-06-14T00:00:00Z,24,2018-06-14T00:00:00Z,2018-06-15T00:00:00Z,SA-04,Eastern Region,wind10_speed,m s-1,798,798,1.5316226,3.4198999,5.4988359,6.3686233
handoff/mazu_like/mazu_like_20180614_00_lead024.nc,2018-06-14T00:00:00Z,24,2018-06-14T00:00:00Z,2018-06-15T00:00:00Z,SA-04,Eastern Region,pwat,kg m-2,798,798,12.779841,17.536413,21.689374,26.743101
handoff/mazu_like/mazu_like_20180614_00_lead024.nc,2018-06-14T00:00:00Z,24,2018-06-14T00:00:00Z,2018-06-15T00:00:00Z,SA-04,Eastern Region,ivt,kg m-1 s-1,798,798,35.223584,84.383701,134.35149,153.34276
handoff/mazu_like/mazu_like_20180614_00_lead024.nc,2018-06-14T00:00:00Z,24,2018-06-14T00:00:00Z,2018-06-15T00:00:00Z,SA-04,Eastern Region,wind850_speed,m s-1,798,798,2.2092957,5.6690391,10.513442,12.834596
handoff/mazu_like/mazu_like_20180614_00_lead024.nc,2018-06-14T00:00:00Z,24,2018-06-14T00:00:00Z,2018-06-15T00:00:00Z,SA-04,Eastern Region,wind_shear_850_200,m s-1,798,798,12.16544,18.940599,30.413822,37.17474
handoff/mazu_like/mazu_like_20180614_00_lead024.nc,2018-06-14T00:00:00Z,24,2018-06-14T00:00:00Z,2018-06-15T00:00:00Z,SA-04,Eastern Region,omega500,Pa s-1,798,798,-0.094406687,0.0094329865,0.11787541,0.17777056
handoff/mazu_like/mazu_like_20180614_00_lead024.nc,2018-06-14T00:00:00Z,24,2018-06-14T00:00:00Z,2018-06-15T00:00:00Z,SA-04,Eastern Region,geopotential_height500,gpm,798,798,5828.2061,5874.271,5886.2605,5888.1997
handoff/mazu_like/mazu_like_20180614_00_lead048.nc,2018-06-14T00:00:00Z,48,2018-06-15T00:00:00Z,2018-06-16T00:00:00Z,SA-04,Eastern Region,daily_precip_total,mm,798,798,0.065182567,0.36015578,0.44963265,0.50549078
handoff/mazu_like/mazu_like_20180614_00_lead048.nc,2018-06-14T00:00:00Z,48,2018-06-15T00:00:00Z,2018-06-16T00:00:00Z,SA-04,Eastern Region,t2m_c,degC,798,798,33.424286,36.593542,37.995291,38.610413
handoff/mazu_like/mazu_like_20180614_00_lead048.nc,2018-06-14T00:00:00Z,48,2018-06-15T00:00:00Z,2018-06-16T00:00:00Z,SA-04,Eastern Region,tmax_c,degC,798,798,34.62561,43.549415,45.749274,46.285767
handoff/mazu_like/mazu_like_20180614_00_lead048.nc,2018-06-14T00:00:00Z,48,2018-06-15T00:00:00Z,2018-06-16T00:00:00Z,SA-04,Eastern Region,tmin_c,degC,798,798,27.39975,29.521806,31.165849,32.560791
handoff/mazu_like/mazu_like_20180614_00_lead048.nc,2018-06-14T00:00:00Z,48,2018-06-15T00:00:00Z,2018-06-16T00:00:00Z,SA-04,Eastern Region,wind10_speed,m s-1,798,798,1.8913429,3.7259013,5.3866889,6.3014159
handoff/mazu_like/mazu_like_20180614_00_lead048.nc,2018-06-14T00:00:00Z,48,2018-06-15T00:00:00Z,2018-06-16T00:00:00Z,SA-04,Eastern Region,pwat,kg m-2,798,798,14.953825,18.153815,22.518288,23.607123
handoff/mazu_like/mazu_like_20180614_00_lead048.nc,2018-06-14T00:00:00Z,48,2018-06-15T00:00:00Z,2018-06-16T00:00:00Z,SA-04,Eastern Region,ivt,kg m-1 s-1,798,798,60.471536,97.416965,161.8672,206.57814
handoff/mazu_like/mazu_like_20180614_00_lead048.nc,2018-06-14T00:00:00Z,48,2018-06-15T00:00:00Z,2018-06-16T00:00:00Z,SA-04,Eastern Region,wind850_speed,m s-1,798,798,3.4039803,6.3713607,10.901069,13.060394
handoff/mazu_like/mazu_like_20180614_00_lead048.nc,2018-06-14T00:00:00Z,48,2018-06-15T00:00:00Z,2018-06-16T00:00:00Z,SA-04,Eastern Region,wind_shear_850_200,m s-1,798,798,14.595159,18.524391,24.868124,26.120628
handoff/mazu_like/mazu_like_20180614_00_lead048.nc,2018-06-14T00:00:00Z,48,2018-06-15T00:00:00Z,2018-06-16T00:00:00Z,SA-04,Eastern Region,omega500,Pa s-1,798,798,-0.038377352,0.042887853,0.12432282,0.16660634
handoff/mazu_like/mazu_like_20180614_00_lead048.nc,2018-06-14T00:00:00Z,48,2018-06-15T00:00:00Z,2018-06-16T00:00:00Z,SA-04,Eastern Region,geopotential_height500,gpm,798,798,5848.8354,5880.5147,5888.5005,5889.6138
handoff/mazu_like/mazu_like_20180614_00_lead072.nc,2018-06-14T00:00:00Z,72,2018-06-16T00:00:00Z,2018-06-17T00:00:00Z,SA-04,Eastern Region,daily_precip_total,mm,798,798,0.11459707,0.37395344,0.45007637,0.50492531
handoff/mazu_like/mazu_like_20180614_00_lead072.nc,2018-06-14T00:00:00Z,72,2018-06-16T00:00:00Z,2018-06-17T00:00:00Z,SA-04,Eastern Region,t2m_c,degC,798,798,34.215424,36.243555,37.547015,38.390228
handoff/mazu_like/mazu_like_20180614_00_lead072.nc,2018-06-14T00:00:00Z,72,2018-06-16T00:00:00Z,2018-06-17T00:00:00Z,SA-04,Eastern Region,tmax_c,degC,798,798,35.542877,42.748951,44.504704,44.945923
handoff/mazu_like/mazu_like_20180614_00_lead072.nc,2018-06-14T00:00:00Z,72,2018-06-16T00:00:00Z,2018-06-17T00:00:00Z,SA-04,Eastern Region,tmin_c,degC,798,798,27.527405,29.603268,31.72523,33.294434
handoff/mazu_like/mazu_like_20180614_00_lead072.nc,2018-06-14T00:00:00Z,72,2018-06-16T00:00:00Z,2018-06-17T00:00:00Z,SA-04,Eastern Region,wind10_speed,m s-1,798,798,2.416785,4.4356644,6.1903579,6.6601028
handoff/mazu_like/mazu_like_20180614_00_lead072.nc,2018-06-14T00:00:00Z,72,2018-06-16T00:00:00Z,2018-06-17T00:00:00Z,SA-04,Eastern Region,pwat,kg m-2,798,798,15.860111,18.773981,20.809696,21.306107
handoff/mazu_like/mazu_like_20180614_00_lead072.nc,2018-06-14T00:00:00Z,72,2018-06-16T00:00:00Z,2018-06-17T00:00:00Z,SA-04,Eastern Region,ivt,kg m-1 s-1,798,798,66.585467,142.77735,212.18298,228.23679
handoff/mazu_like/mazu_like_20180614_00_lead072.nc,2018-06-14T00:00:00Z,72,2018-06-16T00:00:00Z,2018-06-17T00:00:00Z,SA-04,Eastern Region,wind850_speed,m s-1,798,798,4.7603574,8.9455135,13.512492,15.586621
handoff/mazu_like/mazu_like_20180614_00_lead072.nc,2018-06-14T00:00:00Z,72,2018-06-16T00:00:00Z,2018-06-17T00:00:00Z,SA-04,Eastern Region,wind_shear_850_200,m s-1,798,798,9.6318026,16.242788,24.456932,26.760895
handoff/mazu_like/mazu_like_20180614_00_lead072.nc,2018-06-14T00:00:00Z,72,2018-06-16T00:00:00Z,2018-06-17T00:00:00Z,SA-04,Eastern Region,omega500,Pa s-1,798,798,-0.035824351,0.040394613,0.11563998,0.13763285
handoff/mazu_like/mazu_like_20180614_00_lead072.nc,2018-06-14T00:00:00Z,72,2018-06-16T00:00:00Z,2018-06-17T00:00:00Z,SA-04,Eastern Region,geopotential_height500,gpm,798,798,5873.3818,5889.8565,5894.5646,5895.356
handoff/mazu_like/mazu_like_20180619_00_lead024.nc,2018-06-19T00:00:00Z,24,2018-06-19T00:00:00Z,2018-06-20T00:00:00Z,SA-03,Al Madinah Region,daily_precip_total,mm,207,207,0,0.2822857,0.40880572,0.49391308
handoff/mazu_like/mazu_like_20180619_00_lead024.nc,2018-06-19T00:00:00Z,24,2018-06-19T00:00:00Z,2018-06-20T00:00:00Z,SA-03,Al Madinah Region,t2m_c,degC,207,207,30.557251,36.176983,38.149005,38.525543
handoff/mazu_like/mazu_like_20180619_00_lead024.nc,2018-06-19T00:00:00Z,24,2018-06-19T00:00:00Z,2018-06-20T00:00:00Z,SA-03,Al Madinah Region,tmax_c,degC,207,207,34.599487,41.513032,43.52858,44.153992
handoff/mazu_like/mazu_like_20180619_00_lead024.nc,2018-06-19T00:00:00Z,24,2018-06-19T00:00:00Z,2018-06-20T00:00:00Z,SA-03,Al Madinah Region,tmin_c,degC,207,207,24.646118,31.204211,33.540213,34.183929
handoff/mazu_like/mazu_like_20180619_00_lead024.nc,2018-06-19T00:00:00Z,24,2018-06-19T00:00:00Z,2018-06-20T00:00:00Z,SA-03,Al Madinah Region,wind10_speed,m s-1,207,207,1.8427111,3.1462312,4.0228009,5.891686
handoff/mazu_like/mazu_like_20180619_00_lead024.nc,2018-06-19T00:00:00Z,24,2018-06-19T00:00:00Z,2018-06-20T00:00:00Z,SA-03,Al Madinah Region,pwat,kg m-2,207,207,18.254691,20.902929,23.369758,25.018679
handoff/mazu_like/mazu_like_20180619_00_lead024.nc,2018-06-19T00:00:00Z,24,2018-06-19T00:00:00Z,2018-06-20T00:00:00Z,SA-03,Al Madinah Region,ivt,kg m-1 s-1,207,207,22.213201,65.414347,95.240888,104.65475
handoff/mazu_like/mazu_like_20180619_00_lead024.nc,2018-06-19T00:00:00Z,24,2018-06-19T00:00:00Z,2018-06-20T00:00:00Z,SA-03,Al Madinah Region,wind850_speed,m s-1,207,207,4.2327271,6.350985,7.9100559,8.2105589
handoff/mazu_like/mazu_like_20180619_00_lead024.nc,2018-06-19T00:00:00Z,24,2018-06-19T00:00:00Z,2018-06-20T00:00:00Z,SA-03,Al Madinah Region,wind_shear_850_200,m s-1,207,207,7.6677246,14.101002,16.094833,16.797632
handoff/mazu_like/mazu_like_20180619_00_lead024.nc,2018-06-19T00:00:00Z,24,2018-06-19T00:00:00Z,2018-06-20T00:00:00Z,SA-03,Al Madinah Region,omega500,Pa s-1,207,207,-0.37079316,-0.032655008,0.11728936,0.25567105
handoff/mazu_like/mazu_like_20180619_00_lead024.nc,2018-06-19T00:00:00Z,24,2018-06-19T00:00:00Z,2018-06-20T00:00:00Z,SA-03,Al Madinah Region,geopotential_height500,gpm,207,207,5905.0059,5920.0094,5924.7007,5925.6616
handoff/mazu_like/mazu_like_20180619_00_lead048.nc,2018-06-19T00:00:00Z,48,2018-06-20T00:00:00Z,2018-06-21T00:00:00Z,SA-03,Al Madinah Region,daily_precip_total,mm,207,207,0,0.40236281,0.54534589,0.67446172
handoff/mazu_like/mazu_like_20180619_00_lead048.nc,2018-06-19T00:00:00Z,48,2018-06-20T00:00:00Z,2018-06-21T00:00:00Z,SA-03,Al Madinah Region,t2m_c,degC,207,207,30.527618,36.57445,38.912912,39.757935
handoff/mazu_like/mazu_like_20180619_00_lead048.nc,2018-06-19T00:00:00Z,48,2018-06-20T00:00:00Z,2018-06-21T00:00:00Z,SA-03,Al Madinah Region,tmax_c,degC,207,207,35.980438,42.013917,44.2686,45.414276
handoff/mazu_like/mazu_like_20180619_00_lead048.nc,2018-06-19T00:00:00Z,48,2018-06-20T00:00:00Z,2018-06-21T00:00:00Z,SA-03,Al Madinah Region,tmin_c,degC,207,207,24.855988,31.706417,34.659183,35.238373
handoff/mazu_like/mazu_like_20180619_00_lead048.nc,2018-06-19T00:00:00Z,48,2018-06-20T00:00:00Z,2018-06-21T00:00:00Z,SA-03,Al Madinah Region,wind10_speed,m s-1,207,207,2.2775848,4.2396589,5.8244904,8.0051394
handoff/mazu_like/mazu_like_20180619_00_lead048.nc,2018-06-19T00:00:00Z,48,2018-06-20T00:00:00Z,2018-06-21T00:00:00Z,SA-03,Al Madinah Region,pwat,kg m-2,207,207,16.488389,21.469483,24.717871,26.408007
handoff/mazu_like/mazu_like_20180619_00_lead048.nc,2018-06-19T00:00:00Z,48,2018-06-20T00:00:00Z,2018-06-21T00:00:00Z,SA-03,Al Madinah Region,ivt,kg m-1 s-1,207,207,60.300048,105.80912,146.76961,158.73347
handoff/mazu_like/mazu_like_20180619_00_lead048.nc,2018-06-19T00:00:00Z,48,2018-06-20T00:00:00Z,2018-06-21T00:00:00Z,SA-03,Al Madinah Region,wind850_speed,m s-1,207,207,5.033287,8.5713486,10.718451,11.932152
handoff/mazu_like/mazu_like_20180619_00_lead048.nc,2018-06-19T00:00:00Z,48,2018-06-20T00:00:00Z,2018-06-21T00:00:00Z,SA-03,Al Madinah Region,wind_shear_850_200,m s-1,207,207,11.31532,15.521839,17.322941,18.164665
handoff/mazu_like/mazu_like_20180619_00_lead048.nc,2018-06-19T00:00:00Z,48,2018-06-20T00:00:00Z,2018-06-21T00:00:00Z,SA-03,Al Madinah Region,omega500,Pa s-1,207,207,-0.37897754,0.0050458875,0.15272862,0.20481567
handoff/mazu_like/mazu_like_20180619_00_lead048.nc,2018-06-19T00:00:00Z,48,2018-06-20T00:00:00Z,2018-06-21T00:00:00Z,SA-03,Al Madinah Region,geopotential_height500,gpm,207,207,5924.4526,5933.943,5936.8201,5938.5215
handoff/mazu_like/mazu_like_20180619_00_lead072.nc,2018-06-19T00:00:00Z,72,2018-06-21T00:00:00Z,2018-06-22T00:00:00Z,SA-03,Al Madinah Region,daily_precip_total,mm,207,207,0.0093957391,0.44888746,0.65514815,0.76696885
handoff/mazu_like/mazu_like_20180619_00_lead072.nc,2018-06-19T00:00:00Z,72,2018-06-21T00:00:00Z,2018-06-22T00:00:00Z,SA-03,Al Madinah Region,t2m_c,degC,207,207,29.151642,35.975137,39.651968,41.296448
handoff/mazu_like/mazu_like_20180619_00_lead072.nc,2018-06-19T00:00:00Z,72,2018-06-21T00:00:00Z,2018-06-22T00:00:00Z,SA-03,Al Madinah Region,tmax_c,degC,207,207,34.593964,41.27107,44.862366,47.78302
handoff/mazu_like/mazu_like_20180619_00_lead072.nc,2018-06-19T00:00:00Z,72,2018-06-21T00:00:00Z,2018-06-22T00:00:00Z,SA-03,Al Madinah Region,tmin_c,degC,207,207,24.443115,31.077894,35.611996,38.021881
handoff/mazu_like/mazu_like_20180619_00_lead072.nc,2018-06-19T00:00:00Z,72,2018-06-21T00:00:00Z,2018-06-22T00:00:00Z,SA-03,Al Madinah Region,wind10_speed,m s-1,207,207,2.5203161,4.6319522,5.870358,7.3351984
handoff/mazu_like/mazu_like_20180619_00_lead072.nc,2018-06-19T00:00:00Z,72,2018-06-21T00:00:00Z,2018-06-22T00:00:00Z,SA-03,Al Madinah Region,pwat,kg m-2,207,207,17.979572,21.717069,24.326185,25.987674
handoff/mazu_like/mazu_like_20180619_00_lead072.nc,2018-06-19T00:00:00Z,72,2018-06-21T00:00:00Z,2018-06-22T00:00:00Z,SA-03,Al Madinah Region,ivt,kg m-1 s-1,207,207,78.519318,107.72896,135.06416,151.88806
handoff/mazu_like/mazu_like_20180619_00_lead072.nc,2018-06-19T00:00:00Z,72,2018-06-21T00:00:00Z,2018-06-22T00:00:00Z,SA-03,Al Madinah Region,wind850_speed,m s-1,207,207,7.0578232,9.2752482,10.474575,11.148589
handoff/mazu_like/mazu_like_20180619_00_lead072.nc,2018-06-19T00:00:00Z,72,2018-06-21T00:00:00Z,2018-06-22T00:00:00Z,SA-03,Al Madinah Region,wind_shear_850_200,m s-1,207,207,6.4217329,13.00986,17.020902,17.8587
handoff/mazu_like/mazu_like_20180619_00_lead072.nc,2018-06-19T00:00:00Z,72,2018-06-21T00:00:00Z,2018-06-22T00:00:00Z,SA-03,Al Madinah Region,omega500,Pa s-1,207,207,-0.268437,0.012561631,0.1006659,0.19353881
handoff/mazu_like/mazu_like_20180619_00_lead072.nc,2018-06-19T00:00:00Z,72,2018-06-21T00:00:00Z,2018-06-22T00:00:00Z,SA-03,Al Madinah Region,geopotential_height500,gpm,207,207,5925.4795,5930.3757,5932.7807,5934.7637
handoff/mazu_like/mazu_like_20180623_00_lead024.nc,2018-06-23T00:00:00Z,24,2018-06-23T00:00:00Z,2018-06-24T00:00:00Z,SA-03,Al Madinah Region,daily_precip_total,mm,207,207,0.0040681371,0.24813651,0.39950016,0.52306545
handoff/mazu_like/mazu_like_20180623_00_lead024.nc,2018-06-23T00:00:00Z,24,2018-06-23T00:00:00Z,2018-06-24T00:00:00Z,SA-03,Al Madinah Region,t2m_c,degC,207,207,28.942749,34.52456,38.061826,40.044098
handoff/mazu_like/mazu_like_20180623_00_lead024.nc,2018-06-23T00:00:00Z,24,2018-06-23T00:00:00Z,2018-06-24T00:00:00Z,SA-03,Al Madinah Region,tmax_c,degC,207,207,33.636658,39.746001,43.710217,47.004944
handoff/mazu_like/mazu_like_20180623_00_lead024.nc,2018-06-23T00:00:00Z,24,2018-06-23T00:00:00Z,2018-06-24T00:00:00Z,SA-03,Al Madinah Region,tmin_c,degC,207,207,24.555969,29.519988,33.073547,34.037567
handoff/mazu_like/mazu_like_20180623_00_lead024.nc,2018-06-23T00:00:00Z,24,2018-06-23T00:00:00Z,2018-06-24T00:00:00Z,SA-03,Al Madinah Region,wind10_speed,m s-1,207,207,1.5817982,3.5838733,4.6899912,5.4715219
handoff/mazu_like/mazu_like_20180623_00_lead024.nc,2018-06-23T00:00:00Z,24,2018-06-23T00:00:00Z,2018-06-24T00:00:00Z,SA-03,Al Madinah Region,pwat,kg m-2,207,207,15.917208,19.239365,25.276012,26.57731
handoff/mazu_like/mazu_like_20180623_00_lead024.nc,2018-06-23T00:00:00Z,24,2018-06-23T00:00:00Z,2018-06-24T00:00:00Z,SA-03,Al Madinah Region,ivt,kg m-1 s-1,207,207,24.542532,58.765558,80.036026,83.80483
handoff/mazu_like/mazu_like_20180623_00_lead024.nc,2018-06-23T00:00:00Z,24,2018-06-23T00:00:00Z,2018-06-24T00:00:00Z,SA-03,Al Madinah Region,wind850_speed,m s-1,207,207,3.2696495,6.5596126,8.079798,8.3678169
handoff/mazu_like/mazu_like_20180623_00_lead024.nc,2018-06-23T00:00:00Z,24,2018-06-23T00:00:00Z,2018-06-24T00:00:00Z,SA-03,Al Madinah Region,wind_shear_850_200,m s-1,207,207,6.6344476,10.331728,13.35264,14.235148
handoff/mazu_like/mazu_like_20180623_00_lead024.nc,2018-06-23T00:00:00Z,24,2018-06-23T00:00:00Z,2018-06-24T00:00:00Z,SA-03,Al Madinah Region,omega500,Pa s-1,207,207,-0.05183538,0.004137482,0.051233165,0.089764155
handoff/mazu_like/mazu_like_20180623_00_lead024.nc,2018-06-23T00:00:00Z,24,2018-06-23T00:00:00Z,2018-06-24T00:00:00Z,SA-03,Al Madinah Region,geopotential_height500,gpm,207,207,5895.4683,5901.8806,5905.6473,5906.3398
handoff/mazu_like/mazu_like_20180623_00_lead048.nc,2018-06-23T00:00:00Z,48,2018-06-24T00:00:00Z,2018-06-25T00:00:00Z,SA-03,Al Madinah Region,daily_precip_total,mm,207,207,0.053627644,0.43142729,0.60922763,0.71579361
handoff/mazu_like/mazu_like_20180623_00_lead048.nc,2018-06-23T00:00:00Z,48,2018-06-24T00:00:00Z,2018-06-25T00:00:00Z,SA-03,Al Madinah Region,t2m_c,degC,207,207,29.610992,34.768855,36.997021,37.83255
handoff/mazu_like/mazu_like_20180623_00_lead048.nc,2018-06-23T00:00:00Z,48,2018-06-24T00:00:00Z,2018-06-25T00:00:00Z,SA-03,Al Madinah Region,tmax_c,degC,207,207,34.650543,40.426394,43.328873,44.586487
handoff/mazu_like/mazu_like_20180623_00_lead048.nc,2018-06-23T00:00:00Z,48,2018-06-24T00:00:00Z,2018-06-25T00:00:00Z,SA-03,Al Madinah Region,tmin_c,degC,207,207,25.049591,29.53715,31.375226,32.068848
handoff/mazu_like/mazu_like_20180623_00_lead048.nc,2018-06-23T00:00:00Z,48,2018-06-24T00:00:00Z,2018-06-25T00:00:00Z,SA-03,Al Madinah Region,wind10_speed,m s-1,207,207,1.5949659,3.0873498,3.8068483,6.2198796
handoff/mazu_like/mazu_like_20180623_00_lead048.nc,2018-06-23T00:00:00Z,48,2018-06-24T00:00:00Z,2018-06-25T00:00:00Z,SA-03,Al Madinah Region,pwat,kg m-2,207,207,17.679425,20.547235,23.104488,23.743758
handoff/mazu_like/mazu_like_20180623_00_lead048.nc,2018-06-23T00:00:00Z,48,2018-06-24T00:00:00Z,2018-06-25T00:00:00Z,SA-03,Al Madinah Region,ivt,kg m-1 s-1,207,207,31.420032,52.297119,74.223834,84.827801
handoff/mazu_like/mazu_like_20180623_00_lead048.nc,2018-06-23T00:00:00Z,48,2018-06-24T00:00:00Z,2018-06-25T00:00:00Z,SA-03,Al Madinah Region,wind850_speed,m s-1,207,207,3.0991318,5.6799906,7.1562054,8.1611776
handoff/mazu_like/mazu_like_20180623_00_lead048.nc,2018-06-23T00:00:00Z,48,2018-06-24T00:00:00Z,2018-06-25T00:00:00Z,SA-03,Al Madinah Region,wind_shear_850_200,m s-1,207,207,3.2345295,8.3614038,12.015729,13.561218
handoff/mazu_like/mazu_like_20180623_00_lead048.nc,2018-06-23T00:00:00Z,48,2018-06-24T00:00:00Z,2018-06-25T00:00:00Z,SA-03,Al Madinah Region,omega500,Pa s-1,207,207,-0.10175573,0.018480914,0.090627848,0.11561958
handoff/mazu_like/mazu_like_20180623_00_lead048.nc,2018-06-23T00:00:00Z,48,2018-06-24T00:00:00Z,2018-06-25T00:00:00Z,SA-03,Al Madinah Region,geopotential_height500,gpm,207,207,5891.5723,5897.1373,5900.6156,5901.3667
handoff/mazu_like/mazu_like_20180623_00_lead072.nc,2018-06-23T00:00:00Z,72,2018-06-25T00:00:00Z,2018-06-26T00:00:00Z,SA-03,Al Madinah Region,daily_precip_total,mm,207,207,0,0.41988124,0.59804559,0.69990206
handoff/mazu_like/mazu_like_20180623_00_lead072.nc,2018-06-23T00:00:00Z,72,2018-06-25T00:00:00Z,2018-06-26T00:00:00Z,SA-03,Al Madinah Region,t2m_c,degC,207,207,29.525482,34.691541,36.487109,36.945892
handoff/mazu_like/mazu_like_20180623_00_lead072.nc,2018-06-23T00:00:00Z,72,2018-06-25T00:00:00Z,2018-06-26T00:00:00Z,SA-03,Al Madinah Region,tmax_c,degC,207,207,33.516052,40.446936,42.828177,43.891113
handoff/mazu_like/mazu_like_20180623_00_lead072.nc,2018-06-23T00:00:00Z,72,2018-06-25T00:00:00Z,2018-06-26T00:00:00Z,SA-03,Al Madinah Region,tmin_c,degC,207,207,23.693329,29.292595,31.150153,31.598969
handoff/mazu_like/mazu_like_20180623_00_lead072.nc,2018-06-23T00:00:00Z,72,2018-06-25T00:00:00Z,2018-06-26T00:00:00Z,SA-03,Al Madinah Region,wind10_speed,m s-1,207,207,1.7373776,2.9922147,4.198595,6.6369629
handoff/mazu_like/mazu_like_20180623_00_lead072.nc,2018-06-23T00:00:00Z,72,2018-06-25T00:00:00Z,2018-06-26T00:00:00Z,SA-03,Al Madinah Region,pwat,kg m-2,207,207,18.138135,22.247555,26.359869,27.746918
handoff/mazu_like/mazu_like_20180623_00_lead072.nc,2018-06-23T00:00:00Z,72,2018-06-25T00:00:00Z,2018-06-26T00:00:00Z,SA-03,Al Madinah Region,ivt,kg m-1 s-1,207,207,21.538972,52.964669,83.846293,99.148948
handoff/mazu_like/mazu_like_20180623_00_lead072.nc,2018-06-23T00:00:00Z,72,2018-06-25T00:00:00Z,2018-06-26T00:00:00Z,SA-03,Al Madinah Region,wind850_speed,m s-1,207,207,3.2920251,5.5513194,7.4098403,8.3101158
handoff/mazu_like/mazu_like_20180623_00_lead072.nc,2018-06-23T00:00:00Z,72,2018-06-25T00:00:00Z,2018-06-26T00:00:00Z,SA-03,Al Madinah Region,wind_shear_850_200,m s-1,207,207,3.6779797,9.8588788,14.734653,16.565609
handoff/mazu_like/mazu_like_20180623_00_lead072.nc,2018-06-23T00:00:00Z,72,2018-06-25T00:00:00Z,2018-06-26T00:00:00Z,SA-03,Al Madinah Region,omega500,Pa s-1,207,207,-0.19863452,0.014720634,0.076453925,0.13200161
handoff/mazu_like/mazu_like_20180623_00_lead072.nc,2018-06-23T00:00:00Z,72,2018-06-25T00:00:00Z,2018-06-26T00:00:00Z,SA-03,Al Madinah Region,geopotential_height500,gpm,207,207,5893.374,5897.1529,5900.2955,5902.5244
handoff/mazu_like/mazu_like_20180709_00_lead024.nc,2018-07-09T00:00:00Z,24,2018-07-09T00:00:00Z,2018-07-10T00:00:00Z,SA-04,Eastern Region,daily_precip_total,mm,798,798,0,0.37583495,0.52304499,0.5732004
handoff/mazu_like/mazu_like_20180709_00_lead024.nc,2018-07-09T00:00:00Z,24,2018-07-09T00:00:00Z,2018-07-10T00:00:00Z,SA-04,Eastern Region,t2m_c,degC,798,798,35.981537,39.189224,40.364766,41.728516
handoff/mazu_like/mazu_like_20180709_00_lead024.nc,2018-07-09T00:00:00Z,24,2018-07-09T00:00:00Z,2018-07-10T00:00:00Z,SA-04,Eastern Region,tmax_c,degC,798,798,38.118225,45.974701,47.452081,48.143402
handoff/mazu_like/mazu_like_20180709_00_lead024.nc,2018-07-09T00:00:00Z,24,2018-07-09T00:00:00Z,2018-07-10T00:00:00Z,SA-04,Eastern Region,tmin_c,degC,798,798,30.111206,32.613517,35.350041,36.001465
handoff/mazu_like/mazu_like_20180709_00_lead024.nc,2018-07-09T00:00:00Z,24,2018-07-09T00:00:00Z,2018-07-10T00:00:00Z,SA-04,Eastern Region,wind10_speed,m s-1,798,798,1.9000541,5.0821569,7.9687439,9.378211
handoff/mazu_like/mazu_like_20180709_00_lead024.nc,2018-07-09T00:00:00Z,24,2018-07-09T00:00:00Z,2018-07-10T00:00:00Z,SA-04,Eastern Region,pwat,kg m-2,798,798,14.991596,23.681737,31.339131,35.161723
handoff/mazu_like/mazu_like_20180709_00_lead024.nc,2018-07-09T00:00:00Z,24,2018-07-09T00:00:00Z,2018-07-10T00:00:00Z,SA-04,Eastern Region,ivt,kg m-1 s-1,798,798,63.455929,190.29767,233.24761,252.51198
handoff/mazu_like/mazu_like_20180709_00_lead024.nc,2018-07-09T00:00:00Z,24,2018-07-09T00:00:00Z,2018-07-10T00:00:00Z,SA-04,Eastern Region,wind850_speed,m s-1,798,798,3.1546547,10.901953,17.388399,18.694996
handoff/mazu_like/mazu_like_20180709_00_lead024.nc,2018-07-09T00:00:00Z,24,2018-07-09T00:00:00Z,2018-07-10T00:00:00Z,SA-04,Eastern Region,wind_shear_850_200,m s-1,798,798,5.9687696,18.196101,22.470877,22.91441
handoff/mazu_like/mazu_like_20180709_00_lead024.nc,2018-07-09T00:00:00Z,24,2018-07-09T00:00:00Z,2018-07-10T00:00:00Z,SA-04,Eastern Region,omega500,Pa s-1,798,798,-0.074706949,-0.0045625407,0.046403611,0.083701603
handoff/mazu_like/mazu_like_20180709_00_lead024.nc,2018-07-09T00:00:00Z,24,2018-07-09T00:00:00Z,2018-07-10T00:00:00Z,SA-04,Eastern Region,geopotential_height500,gpm,798,798,5867.1426,5889.6742,5909.0516,5912.1807
handoff/mazu_like/mazu_like_20180709_00_lead048.nc,2018-07-09T00:00:00Z,48,2018-07-10T00:00:00Z,2018-07-11T00:00:00Z,SA-04,Eastern Region,daily_precip_total,mm,798,798,0.10788047,0.42547435,0.55444722,0.70564473
handoff/mazu_like/mazu_like_20180709_00_lead048.nc,2018-07-09T00:00:00Z,48,2018-07-10T00:00:00Z,2018-07-11T00:00:00Z,SA-04,Eastern Region,t2m_c,degC,798,798,35.11145,38.415442,39.712186,41.370819
handoff/mazu_like/mazu_like_20180709_00_lead048.nc,2018-07-09T00:00:00Z,48,2018-07-10T00:00:00Z,2018-07-11T00:00:00Z,SA-04,Eastern Region,tmax_c,degC,798,798,36.995361,45.269685,46.501558,47.531647
handoff/mazu_like/mazu_like_20180709_00_lead048.nc,2018-07-09T00:00:00Z,48,2018-07-10T00:00:00Z,2018-07-11T00:00:00Z,SA-04,Eastern Region,tmin_c,degC,798,798,29.298309,31.748669,34.540291,36.078949
handoff/mazu_like/mazu_like_20180709_00_lead048.nc,2018-07-09T00:00:00Z,48,2018-07-10T00:00:00Z,2018-07-11T00:00:00Z,SA-04,Eastern Region,wind10_speed,m s-1,798,798,0.63155824,4.9620263,7.9289121,8.7330847
handoff/mazu_like/mazu_like_20180709_00_lead048.nc,2018-07-09T00:00:00Z,48,2018-07-10T00:00:00Z,2018-07-11T00:00:00Z,SA-04,Eastern Region,pwat,kg m-2,798,798,16.058907,21.764732,31.526064,34.28893
handoff/mazu_like/mazu_like_20180709_00_lead048.nc,2018-07-09T00:00:00Z,48,2018-07-10T00:00:00Z,2018-07-11T00:00:00Z,SA-04,Eastern Region,ivt,kg m-1 s-1,798,798,51.542665,135.50443,176.32064,190.6916
handoff/mazu_like/mazu_like_20180709_00_lead048.nc,2018-07-09T00:00:00Z,48,2018-07-10T00:00:00Z,2018-07-11T00:00:00Z,SA-04,Eastern Region,wind850_speed,m s-1,798,798,1.7611914,9.7756383,16.43989,17.204376
handoff/mazu_like/mazu_like_20180709_00_lead048.nc,2018-07-09T00:00:00Z,48,2018-07-10T00:00:00Z,2018-07-11T00:00:00Z,SA-04,Eastern Region,wind_shear_850_200,m s-1,798,798,14.020237,24.363549,28.126987,30.238459
handoff/mazu_like/mazu_like_20180709_00_lead048.nc,2018-07-09T00:00:00Z,48,2018-07-10T00:00:00Z,2018-07-11T00:00:00Z,SA-04,Eastern Region,omega500,Pa s-1,798,798,-0.054104775,0.0038122868,0.036739297,0.062498257
handoff/mazu_like/mazu_like_20180709_00_lead048.nc,2018-07-09T00:00:00Z,48,2018-07-10T00:00:00Z,2018-07-11T00:00:00Z,SA-04,Eastern Region,geopotential_height500,gpm,798,798,5867.1592,5882.0185,5904.9511,5909.7852
handoff/mazu_like/mazu_like_20180709_00_lead072.nc,2018-07-09T00:00:00Z,72,2018-07-11T00:00:00Z,2018-07-12T00:00:00Z,SA-04,Eastern Region,daily_precip_total,mm,798,798,0.062003884,0.43902705,0.54766337,0.61399484
handoff/mazu_like/mazu_like_20180709_00_lead072.nc,2018-07-09T00:00:00Z,72,2018-07-11T00:00:00Z,2018-07-12T00:00:00Z,SA-04,Eastern Region,t2m_c,degC,798,798,34.09314,38.536903,39.918871,41.191925
handoff/mazu_like/mazu_like_20180709_00_lead072.nc,2018-07-09T00:00:00Z,72,2018-07-11T00:00:00Z,2018-07-12T00:00:00Z,SA-04,Eastern Region,tmax_c,degC,798,798,36.254395,45.210724,46.41606,47.837372
handoff/mazu_like/mazu_like_20180709_00_lead072.nc,2018-07-09T00:00:00Z,72,2018-07-11T00:00:00Z,2018-07-12T00:00:00Z,SA-04,Eastern Region,tmin_c,degC,798,798,29.295837,32.592187,34.727698,36.351501
handoff/mazu_like/mazu_like_20180709_00_lead072.nc,2018-07-09T00:00:00Z,72,2018-07-11T00:00:00Z,2018-07-12T00:00:00Z,SA-04,Eastern Region,wind10_speed,m s-1,798,798,0.90788692,3.686651,7.1607524,7.9169607
handoff/mazu_like/mazu_like_20180709_00_lead072.nc,2018-07-09T00:00:00Z,72,2018-07-11T00:00:00Z,2018-07-12T00:00:00Z,SA-04,Eastern Region,pwat,kg m-2,798,798,17.529552,25.117069,33.662607,36.621873
handoff/mazu_like/mazu_like_20180709_00_lead072.nc,2018-07-09T00:00:00Z,72,2018-07-11T00:00:00Z,2018-07-12T00:00:00Z,SA-04,Eastern Region,ivt,kg m-1 s-1,798,798,29.851794,95.135207,147.5487,151.50887
handoff/mazu_like/mazu_like_20180709_00_lead072.nc,2018-07-09T00:00:00Z,72,2018-07-11T00:00:00Z,2018-07-12T00:00:00Z,SA-04,Eastern Region,wind850_speed,m s-1,798,798,0.84733391,5.1479478,12.159943,14.933863
handoff/mazu_like/mazu_like_20180709_00_lead072.nc,2018-07-09T00:00:00Z,72,2018-07-11T00:00:00Z,2018-07-12T00:00:00Z,SA-04,Eastern Region,wind_shear_850_200,m s-1,798,798,9.2376728,21.842363,28.989254,31.362123
handoff/mazu_like/mazu_like_20180709_00_lead072.nc,2018-07-09T00:00:00Z,72,2018-07-11T00:00:00Z,2018-07-12T00:00:00Z,SA-04,Eastern Region,omega500,Pa s-1,798,798,-0.076624967,-0.010087326,0.014476961,0.044255644
handoff/mazu_like/mazu_like_20180709_00_lead072.nc,2018-07-09T00:00:00Z,72,2018-07-11T00:00:00Z,2018-07-12T00:00:00Z,SA-04,Eastern Region,geopotential_height500,gpm,798,798,5866.5254,5878.4468,5901.2264,5905.0444
handoff/mazu_like/mazu_like_20180719_00_lead024.nc,2018-07-19T00:00:00Z,24,2018-07-19T00:00:00Z,2018-07-20T00:00:00Z,SA-04,Eastern Region,daily_precip_total,mm,798,798,0,0.3464761,0.49737289,0.57092768
handoff/mazu_like/mazu_like_20180719_00_lead024.nc,2018-07-19T00:00:00Z,24,2018-07-19T00:00:00Z,2018-07-20T00:00:00Z,SA-04,Eastern Region,t2m_c,degC,798,798,34.704865,37.856317,38.65717,39.27066
handoff/mazu_like/mazu_like_20180719_00_lead024.nc,2018-07-19T00:00:00Z,24,2018-07-19T00:00:00Z,2018-07-20T00:00:00Z,SA-04,Eastern Region,tmax_c,degC,798,798,37.0159,44.08451,45.306812,46.342468
handoff/mazu_like/mazu_like_20180719_00_lead024.nc,2018-07-19T00:00:00Z,24,2018-07-19T00:00:00Z,2018-07-20T00:00:00Z,SA-04,Eastern Region,tmin_c,degC,798,798,28.742767,31.521089,32.993159,34.986359
handoff/mazu_like/mazu_like_20180719_00_lead024.nc,2018-07-19T00:00:00Z,24,2018-07-19T00:00:00Z,2018-07-20T00:00:00Z,SA-04,Eastern Region,wind10_speed,m s-1,798,798,0.8223896,3.1399365,5.3931588,5.6796227
handoff/mazu_like/mazu_like_20180719_00_lead024.nc,2018-07-19T00:00:00Z,24,2018-07-19T00:00:00Z,2018-07-20T00:00:00Z,SA-04,Eastern Region,pwat,kg m-2,798,798,19.712785,23.742943,29.711848,32.663953
handoff/mazu_like/mazu_like_20180719_00_lead024.nc,2018-07-19T00:00:00Z,24,2018-07-19T00:00:00Z,2018-07-20T00:00:00Z,SA-04,Eastern Region,ivt,kg m-1 s-1,798,798,34.751513,106.41046,185.92137,204.23103
handoff/mazu_like/mazu_like_20180719_00_lead024.nc,2018-07-19T00:00:00Z,24,2018-07-19T00:00:00Z,2018-07-20T00:00:00Z,SA-04,Eastern Region,wind850_speed,m s-1,798,798,1.9058635,5.7749888,9.5501762,10.690265
handoff/mazu_like/mazu_like_20180719_00_lead024.nc,2018-07-19T00:00:00Z,24,2018-07-19T00:00:00Z,2018-07-20T00:00:00Z,SA-04,Eastern Region,wind_shear_850_200,m s-1,798,798,9.0859861,19.367392,25.35916,27.534142
handoff/mazu_like/mazu_like_20180719_00_lead024.nc,2018-07-19T00:00:00Z,24,2018-07-19T00:00:00Z,2018-07-20T00:00:00Z,SA-04,Eastern Region,omega500,Pa s-1,798,798,-0.036874849,0.006483977,0.029866213,0.051431946
handoff/mazu_like/mazu_like_20180719_00_lead024.nc,2018-07-19T00:00:00Z,24,2018-07-19T00:00:00Z,2018-07-20T00:00:00Z,SA-04,Eastern Region,geopotential_height500,gpm,798,798,5863.3921,5871.3625,5877.5316,5883.2471
handoff/mazu_like/mazu_like_20180719_00_lead048.nc,2018-07-19T00:00:00Z,48,2018-07-20T00:00:00Z,2018-07-21T00:00:00Z,SA-04,Eastern Region,daily_precip_total,mm,798,798,0.060898352,0.48894275,0.66066114,0.72104889
handoff/mazu_like/mazu_like_20180719_00_lead048.nc,2018-07-19T00:00:00Z,48,2018-07-20T00:00:00Z,2018-07-21T00:00:00Z,SA-04,Eastern Region,t2m_c,degC,798,798,35.112518,38.102591,39.060466,40.61084
handoff/mazu_like/mazu_like_20180719_00_lead048.nc,2018-07-19T00:00:00Z,48,2018-07-20T00:00:00Z,2018-07-21T00:00:00Z,SA-04,Eastern Region,tmax_c,degC,798,798,36.699951,44.532442,45.943123,46.409851
handoff/mazu_like/mazu_like_20180719_00_lead048.nc,2018-07-19T00:00:00Z,48,2018-07-20T00:00:00Z,2018-07-21T00:00:00Z,SA-04,Eastern Region,tmin_c,degC,798,798,29.10968,31.939663,34.713919,35.662628
handoff/mazu_like/mazu_like_20180719_00_lead048.nc,2018-07-19T00:00:00Z,48,2018-07-20T00:00:00Z,2018-07-21T00:00:00Z,SA-04,Eastern Region,wind10_speed,m s-1,798,798,2.5995867,4.4562555,6.8704099,8.011692
handoff/mazu_like/mazu_like_20180719_00_lead048.nc,2018-07-19T00:00:00Z,48,2018-07-20T00:00:00Z,2018-07-21T00:00:00Z,SA-04,Eastern Region,pwat,kg m-2,798,798,19.467799,24.792072,30.270921,34.151591
handoff/mazu_like/mazu_like_20180719_00_lead048.nc,2018-07-19T00:00:00Z,48,2018-07-20T00:00:00Z,2018-07-21T00:00:00Z,SA-04,Eastern Region,ivt,kg m-1 s-1,798,798,72.626736,137.70662,185.52859,196.45965
handoff/mazu_like/mazu_like_20180719_00_lead048.nc,2018-07-19T00:00:00Z,48,2018-07-20T00:00:00Z,2018-07-21T00:00:00Z,SA-04,Eastern Region,wind850_speed,m s-1,798,798,3.3725867,8.05372,12.814718,14.797453
handoff/mazu_like/mazu_like_20180719_00_lead048.nc,2018-07-19T00:00:00Z,48,2018-07-20T00:00:00Z,2018-07-21T00:00:00Z,SA-04,Eastern Region,wind_shear_850_200,m s-1,798,798,12.729361,20.303291,24.68346,25.517525
handoff/mazu_like/mazu_like_20180719_00_lead048.nc,2018-07-19T00:00:00Z,48,2018-07-20T00:00:00Z,2018-07-21T00:00:00Z,SA-04,Eastern Region,omega500,Pa s-1,798,798,-0.050267607,0.0037678773,0.030249491,0.054856479
handoff/mazu_like/mazu_like_20180719_00_lead048.nc,2018-07-19T00:00:00Z,48,2018-07-20T00:00:00Z,2018-07-21T00:00:00Z,SA-04,Eastern Region,geopotential_height500,gpm,798,798,5866.5459,5872.2391,5882.5065,5885.873
handoff/mazu_like/mazu_like_20180719_00_lead072.nc,2018-07-19T00:00:00Z,72,2018-07-21T00:00:00Z,2018-07-22T00:00:00Z,SA-04,Eastern Region,daily_precip_total,mm,798,798,0.06757541,0.44403943,0.61194691,0.72040361
handoff/mazu_like/mazu_like_20180719_00_lead072.nc,2018-07-19T00:00:00Z,72,2018-07-21T00:00:00Z,2018-07-22T00:00:00Z,SA-04,Eastern Region,t2m_c,degC,798,798,35.390869,37.825586,39.035861,40.189728
handoff/mazu_like/mazu_like_20180719_00_lead072.nc,2018-07-19T00:00:00Z,72,2018-07-21T00:00:00Z,2018-07-22T00:00:00Z,SA-04,Eastern Region,tmax_c,degC,798,798,36.514313,44.355106,45.913065,46.644348
handoff/mazu_like/mazu_like_20180719_00_lead072.nc,2018-07-19T00:00:00Z,72,2018-07-21T00:00:00Z,2018-07-22T00:00:00Z,SA-04,Eastern Region,tmin_c,degC,798,798,28.938354,31.400854,34.366165,35.243958
handoff/mazu_like/mazu_like_20180719_00_lead072.nc,2018-07-19T00:00:00Z,72,2018-07-21T00:00:00Z,2018-07-22T00:00:00Z,SA-04,Eastern Region,wind10_speed,m s-1,798,798,2.6931944,5.0105056,7.5982291,8.8379869
handoff/mazu_like/mazu_like_20180719_00_lead072.nc,2018-07-19T00:00:00Z,72,2018-07-21T00:00:00Z,2018-07-22T00:00:00Z,SA-04,Eastern Region,pwat,kg m-2,798,798,19.904482,24.676733,32.063131,34.844462
handoff/mazu_like/mazu_like_20180719_00_lead072.nc,2018-07-19T00:00:00Z,72,2018-07-21T00:00:00Z,2018-07-22T00:00:00Z,SA-04,Eastern Region,ivt,kg m-1 s-1,798,798,75.46465,149.09316,192.44539,251.51588
handoff/mazu_like/mazu_like_20180719_00_lead072.nc,2018-07-19T00:00:00Z,72,2018-07-21T00:00:00Z,2018-07-22T00:00:00Z,SA-04,Eastern Region,wind850_speed,m s-1,798,798,4.3471775,9.7925157,15.988494,18.395657
handoff/mazu_like/mazu_like_20180719_00_lead072.nc,2018-07-19T00:00:00Z,72,2018-07-21T00:00:00Z,2018-07-22T00:00:00Z,SA-04,Eastern Region,wind_shear_850_200,m s-1,798,798,10.184246,19.389015,23.88605,24.258747
handoff/mazu_like/mazu_like_20180719_00_lead072.nc,2018-07-19T00:00:00Z,72,2018-07-21T00:00:00Z,2018-07-22T00:00:00Z,SA-04,Eastern Region,omega500,Pa s-1,798,798,-0.060660757,-0.0012480417,0.04578705,0.068824068
handoff/mazu_like/mazu_like_20180719_00_lead072.nc,2018-07-19T00:00:00Z,72,2018-07-21T00:00:00Z,2018-07-22T00:00:00Z,SA-04,Eastern Region,geopotential_height500,gpm,798,798,5872.5151,5878.239,5885.974,5888.0063
handoff/mazu_like/mazu_like_20200501_00_lead024.nc,2020-05-01T00:00:00Z,24,2020-05-01T00:00:00Z,2020-05-02T00:00:00Z,SA-09,Jazan Region,daily_precip_total,mm,22,22,0.064647302,0.65110417,1.51291,1.6054287
handoff/mazu_like/mazu_like_20200501_00_lead024.nc,2020-05-01T00:00:00Z,24,2020-05-01T00:00:00Z,2020-05-02T00:00:00Z,SA-09,Jazan Region,t2m_c,degC,22,22,23.499481,31.230399,33.321825,34.361145
handoff/mazu_like/mazu_like_20200501_00_lead024.nc,2020-05-01T00:00:00Z,24,2020-05-01T00:00:00Z,2020-05-02T00:00:00Z,SA-09,Jazan Region,tmax_c,degC,22,22,27.007935,34.807035,37.555974,38.603394
handoff/mazu_like/mazu_like_20200501_00_lead024.nc,2020-05-01T00:00:00Z,24,2020-05-01T00:00:00Z,2020-05-02T00:00:00Z,SA-09,Jazan Region,tmin_c,degC,22,22,20.098022,28.146455,30.345107,31.173737
handoff/mazu_like/mazu_like_20200501_00_lead024.nc,2020-05-01T00:00:00Z,24,2020-05-01T00:00:00Z,2020-05-02T00:00:00Z,SA-09,Jazan Region,wind10_speed,m s-1,22,22,1.2939391,2.3737806,3.5567705,3.6112645
handoff/mazu_like/mazu_like_20200501_00_lead024.nc,2020-05-01T00:00:00Z,24,2020-05-01T00:00:00Z,2020-05-02T00:00:00Z,SA-09,Jazan Region,pwat,kg m-2,22,22,41.456471,44.772222,47.939357,48.661134
handoff/mazu_like/mazu_like_20200501_00_lead024.nc,2020-05-01T00:00:00Z,24,2020-05-01T00:00:00Z,2020-05-02T00:00:00Z,SA-09,Jazan Region,ivt,kg m-1 s-1,22,22,56.925276,71.520951,91.725088,96.334829
handoff/mazu_like/mazu_like_20200501_00_lead024.nc,2020-05-01T00:00:00Z,24,2020-05-01T00:00:00Z,2020-05-02T00:00:00Z,SA-09,Jazan Region,wind850_speed,m s-1,22,22,0.92876852,1.5192351,2.8685172,3.0794566
handoff/mazu_like/mazu_like_20200501_00_lead024.nc,2020-05-01T00:00:00Z,24,2020-05-01T00:00:00Z,2020-05-02T00:00:00Z,SA-09,Jazan Region,wind_shear_850_200,m s-1,22,22,17.372068,19.426324,21.843328,22.088266
handoff/mazu_like/mazu_like_20200501_00_lead024.nc,2020-05-01T00:00:00Z,24,2020-05-01T00:00:00Z,2020-05-02T00:00:00Z,SA-09,Jazan Region,omega500,Pa s-1,22,22,-0.088891551,-0.034127045,0.027840988,0.042870924
handoff/mazu_like/mazu_like_20200501_00_lead024.nc,2020-05-01T00:00:00Z,24,2020-05-01T00:00:00Z,2020-05-02T00:00:00Z,SA-09,Jazan Region,geopotential_height500,gpm,22,22,5898.2549,5900.5651,5902.4804,5902.811
handoff/mazu_like/mazu_like_20200501_00_lead048.nc,2020-05-01T00:00:00Z,48,2020-05-02T00:00:00Z,2020-05-03T00:00:00Z,SA-09,Jazan Region,daily_precip_total,mm,22,22,0.28098074,1.1037708,2.8983252,3.231235
handoff/mazu_like/mazu_like_20200501_00_lead048.nc,2020-05-01T00:00:00Z,48,2020-05-02T00:00:00Z,2020-05-03T00:00:00Z,SA-09,Jazan Region,t2m_c,degC,22,22,22.70578,30.606123,32.680151,33.576385
handoff/mazu_like/mazu_like_20200501_00_lead048.nc,2020-05-01T00:00:00Z,48,2020-05-02T00:00:00Z,2020-05-03T00:00:00Z,SA-09,Jazan Region,tmax_c,degC,22,22,25.484283,34.078512,37.028775,37.716736
handoff/mazu_like/mazu_like_20200501_00_lead048.nc,2020-05-01T00:00:00Z,48,2020-05-02T00:00:00Z,2020-05-03T00:00:00Z,SA-09,Jazan Region,tmin_c,degC,22,22,19.247009,27.537528,29.750925,30.348236
handoff/mazu_like/mazu_like_20200501_00_lead048.nc,2020-05-01T00:00:00Z,48,2020-05-02T00:00:00Z,2020-05-03T00:00:00Z,SA-09,Jazan Region,wind10_speed,m s-1,22,22,1.549176,2.1190636,2.9546105,3.0030193
handoff/mazu_like/mazu_like_20200501_00_lead048.nc,2020-05-01T00:00:00Z,48,2020-05-02T00:00:00Z,2020-05-03T00:00:00Z,SA-09,Jazan Region,pwat,kg m-2,22,22,39.221462,44.220799,48.217119,50.54749
handoff/mazu_like/mazu_like_20200501_00_lead048.nc,2020-05-01T00:00:00Z,48,2020-05-02T00:00:00Z,2020-05-03T00:00:00Z,SA-09,Jazan Region,ivt,kg m-1 s-1,22,22,61.66151,77.053787,84.574554,86.263156
handoff/mazu_like/mazu_like_20200501_00_lead048.nc,2020-05-01T00:00:00Z,48,2020-05-02T00:00:00Z,2020-05-03T00:00:00Z,SA-09,Jazan Region,wind850_speed,m s-1,22,22,1.5331509,1.9868161,2.3098344,2.4356265
handoff/mazu_like/mazu_like_20200501_00_lead048.nc,2020-05-01T00:00:00Z,48,2020-05-02T00:00:00Z,2020-05-03T00:00:00Z,SA-09,Jazan Region,wind_shear_850_200,m s-1,22,22,15.106839,15.552992,16.195897,16.296083
handoff/mazu_like/mazu_like_20200501_00_lead048.nc,2020-05-01T00:00:00Z,48,2020-05-02T00:00:00Z,2020-05-03T00:00:00Z,SA-09,Jazan Region,omega500,Pa s-1,22,22,-0.055758968,-0.0045434943,0.036323669,0.043463551
handoff/mazu_like/mazu_like_20200501_00_lead048.nc,2020-05-01T00:00:00Z,48,2020-05-02T00:00:00Z,2020-05-03T00:00:00Z,SA-09,Jazan Region,geopotential_height500,gpm,22,22,5892.5854,5894.8596,5897.028,5897.0464
handoff/mazu_like/mazu_like_20200501_00_lead072.nc,2020-05-01T00:00:00Z,72,2020-05-03T00:00:00Z,2020-05-04T00:00:00Z,SA-09,Jazan Region,daily_precip_total,mm,22,22,0.12508145,0.79276368,2.6438292,5.0277891
handoff/mazu_like/mazu_like_20200501_00_lead072.nc,2020-05-01T00:00:00Z,72,2020-05-03T00:00:00Z,2020-05-04T00:00:00Z,SA-09,Jazan Region,t2m_c,degC,22,22,23.633209,30.703538,32.599374,33.278351
handoff/mazu_like/mazu_like_20200501_00_lead072.nc,2020-05-01T00:00:00Z,72,2020-05-03T00:00:00Z,2020-05-04T00:00:00Z,SA-09,Jazan Region,tmax_c,degC,22,22,26.559479,34.547403,37.46962,37.706573
handoff/mazu_like/mazu_like_20200501_00_lead072.nc,2020-05-01T00:00:00Z,72,2020-05-03T00:00:00Z,2020-05-04T00:00:00Z,SA-09,Jazan Region,tmin_c,degC,22,22,20.495453,27.863518,29.838031,30.389008
handoff/mazu_like/mazu_like_20200501_00_lead072.nc,2020-05-01T00:00:00Z,72,2020-05-03T00:00:00Z,2020-05-04T00:00:00Z,SA-09,Jazan Region,wind10_speed,m s-1,22,22,1.1356544,2.0963958,2.9441536,3.0393119
handoff/mazu_like/mazu_like_20200501_00_lead072.nc,2020-05-01T00:00:00Z,72,2020-05-03T00:00:00Z,2020-05-04T00:00:00Z,SA-09,Jazan Region,pwat,kg m-2,22,22,34.974112,43.583611,50.356872,54.326835
handoff/mazu_like/mazu_like_20200501_00_lead072.nc,2020-05-01T00:00:00Z,72,2020-05-03T00:00:00Z,2020-05-04T00:00:00Z,SA-09,Jazan Region,ivt,kg m-1 s-1,22,22,38.387959,54.82658,73.616795,73.990576
handoff/mazu_like/mazu_like_20200501_00_lead072.nc,2020-05-01T00:00:00Z,72,2020-05-03T00:00:00Z,2020-05-04T00:00:00Z,SA-09,Jazan Region,wind850_speed,m s-1,22,22,1.1223431,1.8011377,2.2320125,2.384625
handoff/mazu_like/mazu_like_20200501_00_lead072.nc,2020-05-01T00:00:00Z,72,2020-05-03T00:00:00Z,2020-05-04T00:00:00Z,SA-09,Jazan Region,wind_shear_850_200,m s-1,22,22,13.239798,14.669836,16.17278,16.253777
handoff/mazu_like/mazu_like_20200501_00_lead072.nc,2020-05-01T00:00:00Z,72,2020-05-03T00:00:00Z,2020-05-04T00:00:00Z,SA-09,Jazan Region,omega500,Pa s-1,22,22,-0.063326672,0.017276567,0.041456046,0.042917512
handoff/mazu_like/mazu_like_20200501_00_lead072.nc,2020-05-01T00:00:00Z,72,2020-05-03T00:00:00Z,2020-05-04T00:00:00Z,SA-09,Jazan Region,geopotential_height500,gpm,22,22,5898.7397,5900.0142,5901.7576,5901.7817
handoff/mazu_like/mazu_like_20200505_00_lead024.nc,2020-05-05T00:00:00Z,24,2020-05-05T00:00:00Z,2020-05-06T00:00:00Z,SA-09,Jazan Region,daily_precip_total,mm,22,22,0.43215439,1.5518871,2.9664848,3.0754325
handoff/mazu_like/mazu_like_20200505_00_lead024.nc,2020-05-05T00:00:00Z,24,2020-05-05T00:00:00Z,2020-05-06T00:00:00Z,SA-09,Jazan Region,t2m_c,degC,22,22,22.553406,31.733993,34.13325,35.165741
handoff/mazu_like/mazu_like_20200505_00_lead024.nc,2020-05-05T00:00:00Z,24,2020-05-05T00:00:00Z,2020-05-06T00:00:00Z,SA-09,Jazan Region,tmax_c,degC,22,22,25.68985,34.543651,37.305464,38.090729
handoff/mazu_like/mazu_like_20200505_00_lead024.nc,2020-05-05T00:00:00Z,24,2020-05-05T00:00:00Z,2020-05-06T00:00:00Z,SA-09,Jazan Region,tmin_c,degC,22,22,19.585083,28.874451,31.49817,32.179596
handoff/mazu_like/mazu_like_20200505_00_lead024.nc,2020-05-05T00:00:00Z,24,2020-05-05T00:00:00Z,2020-05-06T00:00:00Z,SA-09,Jazan Region,wind10_speed,m s-1,22,22,1.1377347,1.6548529,2.2991122,2.9565575
handoff/mazu_like/mazu_like_20200505_00_lead024.nc,2020-05-05T00:00:00Z,24,2020-05-05T00:00:00Z,2020-05-06T00:00:00Z,SA-09,Jazan Region,pwat,kg m-2,22,22,50.198355,52.405119,54.533651,55.16049
handoff/mazu_like/mazu_like_20200505_00_lead024.nc,2020-05-05T00:00:00Z,24,2020-05-05T00:00:00Z,2020-05-06T00:00:00Z,SA-09,Jazan Region,ivt,kg m-1 s-1,22,22,88.783271,109.47364,131.15096,131.87136
handoff/mazu_like/mazu_like_20200505_00_lead024.nc,2020-05-05T00:00:00Z,24,2020-05-05T00:00:00Z,2020-05-06T00:00:00Z,SA-09,Jazan Region,wind850_speed,m s-1,22,22,1.4554088,2.3702699,3.6213736,3.9745495
handoff/mazu_like/mazu_like_20200505_00_lead024.nc,2020-05-05T00:00:00Z,24,2020-05-05T00:00:00Z,2020-05-06T00:00:00Z,SA-09,Jazan Region,wind_shear_850_200,m s-1,22,22,8.9869013,11.557417,15.240425,15.292056
handoff/mazu_like/mazu_like_20200505_00_lead024.nc,2020-05-05T00:00:00Z,24,2020-05-05T00:00:00Z,2020-05-06T00:00:00Z,SA-09,Jazan Region,omega500,Pa s-1,22,22,-0.02066757,0.038389853,0.097440894,0.10084134
handoff/mazu_like/mazu_like_20200505_00_lead024.nc,2020-05-05T00:00:00Z,24,2020-05-05T00:00:00Z,2020-05-06T00:00:00Z,SA-09,Jazan Region,geopotential_height500,gpm,22,22,5911.1069,5912.1745,5913.36,5913.9668
handoff/mazu_like/mazu_like_20200505_00_lead048.nc,2020-05-05T00:00:00Z,48,2020-05-06T00:00:00Z,2020-05-07T00:00:00Z,SA-09,Jazan Region,daily_precip_total,mm,22,22,1.3220797,5.579544,12.604136,13.168055
handoff/mazu_like/mazu_like_20200505_00_lead048.nc,2020-05-05T00:00:00Z,48,2020-05-06T00:00:00Z,2020-05-07T00:00:00Z,SA-09,Jazan Region,t2m_c,degC,22,22,22.20401,30.25285,32.810495,33.57077
handoff/mazu_like/mazu_like_20200505_00_lead048.nc,2020-05-05T00:00:00Z,48,2020-05-06T00:00:00Z,2020-05-07T00:00:00Z,SA-09,Jazan Region,tmax_c,degC,22,22,24.232452,32.74194,35.747545,36.500824
handoff/mazu_like/mazu_like_20200505_00_lead048.nc,2020-05-05T00:00:00Z,48,2020-05-06T00:00:00Z,2020-05-07T00:00:00Z,SA-09,Jazan Region,tmin_c,degC,22,22,19.611847,27.865537,30.499727,31.211395
handoff/mazu_like/mazu_like_20200505_00_lead048.nc,2020-05-05T00:00:00Z,48,2020-05-06T00:00:00Z,2020-05-07T00:00:00Z,SA-09,Jazan Region,wind10_speed,m s-1,22,22,1.0709026,1.9062781,2.8649955,2.8748479
handoff/mazu_like/mazu_like_20200505_00_lead048.nc,2020-05-05T00:00:00Z,48,2020-05-06T00:00:00Z,2020-05-07T00:00:00Z,SA-09,Jazan Region,pwat,kg m-2,22,22,51.896849,55.075757,57.884584,57.951533
handoff/mazu_like/mazu_like_20200505_00_lead048.nc,2020-05-05T00:00:00Z,48,2020-05-06T00:00:00Z,2020-05-07T00:00:00Z,SA-09,Jazan Region,ivt,kg m-1 s-1,22,22,46.789488,62.524432,77.633403,78.86339
handoff/mazu_like/mazu_like_20200505_00_lead048.nc,2020-05-05T00:00:00Z,48,2020-05-06T00:00:00Z,2020-05-07T00:00:00Z,SA-09,Jazan Region,wind850_speed,m s-1,22,22,1.1884434,1.8681687,2.4077591,2.4451928
handoff/mazu_like/mazu_like_20200505_00_lead048.nc,2020-05-05T00:00:00Z,48,2020-05-06T00:00:00Z,2020-05-07T00:00:00Z,SA-09,Jazan Region,wind_shear_850_200,m s-1,22,22,9.7586384,12.888171,16.633711,17.180979
handoff/mazu_like/mazu_like_20200505_00_lead048.nc,2020-05-05T00:00:00Z,48,2020-05-06T00:00:00Z,2020-05-07T00:00:00Z,SA-09,Jazan Region,omega500,Pa s-1,22,22,-0.22236428,-0.066953995,0.02069708,0.027230805
handoff/mazu_like/mazu_like_20200505_00_lead048.nc,2020-05-05T00:00:00Z,48,2020-05-06T00:00:00Z,2020-05-07T00:00:00Z,SA-09,Jazan Region,geopotential_height500,gpm,22,22,5903.7666,5905.5287,5907.3958,5907.772
handoff/mazu_like/mazu_like_20200505_00_lead072.nc,2020-05-05T00:00:00Z,72,2020-05-07T00:00:00Z,2020-05-08T00:00:00Z,SA-09,Jazan Region,daily_precip_total,mm,22,22,0.48899278,2.9071527,6.9301516,11.34923
handoff/mazu_like/mazu_like_20200505_00_lead072.nc,2020-05-05T00:00:00Z,72,2020-05-07T00:00:00Z,2020-05-08T00:00:00Z,SA-09,Jazan Region,t2m_c,degC,22,22,22.066711,30.170293,32.990279,33.802582
handoff/mazu_like/mazu_like_20200505_00_lead072.nc,2020-05-05T00:00:00Z,72,2020-05-07T00:00:00Z,2020-05-08T00:00:00Z,SA-09,Jazan Region,tmax_c,degC,22,22,24.529266,33.140822,36.498413,37.458832
handoff/mazu_like/mazu_like_20200505_00_lead072.nc,2020-05-05T00:00:00Z,72,2020-05-07T00:00:00Z,2020-05-08T00:00:00Z,SA-09,Jazan Region,tmin_c,degC,22,22,18.923889,27.79377,30.519095,31.292908
handoff/mazu_like/mazu_like_20200505_00_lead072.nc,2020-05-05T00:00:00Z,72,2020-05-07T00:00:00Z,2020-05-08T00:00:00Z,SA-09,Jazan Region,wind10_speed,m s-1,22,22,1.1528203,1.6783461,2.393021,2.4854212
handoff/mazu_like/mazu_like_20200505_00_lead072.nc,2020-05-05T00:00:00Z,72,2020-05-07T00:00:00Z,2020-05-08T00:00:00Z,SA-09,Jazan Region,pwat,kg m-2,22,22,49.693502,53.056287,56.31525,56.686659
handoff/mazu_like/mazu_like_20200505_00_lead072.nc,2020-05-05T00:00:00Z,72,2020-05-07T00:00:00Z,2020-05-08T00:00:00Z,SA-09,Jazan Region,ivt,kg m-1 s-1,22,22,73.720184,85.515912,101.38997,104.24423
handoff/mazu_like/mazu_like_20200505_00_lead072.nc,2020-05-05T00:00:00Z,72,2020-05-07T00:00:00Z,2020-05-08T00:00:00Z,SA-09,Jazan Region,wind850_speed,m s-1,22,22,1.1506152,1.4430482,1.9609718,2.1142464
handoff/mazu_like/mazu_like_20200505_00_lead072.nc,2020-05-05T00:00:00Z,72,2020-05-07T00:00:00Z,2020-05-08T00:00:00Z,SA-09,Jazan Region,wind_shear_850_200,m s-1,22,22,10.504128,13.604915,17.588009,18.049341
handoff/mazu_like/mazu_like_20200505_00_lead072.nc,2020-05-05T00:00:00Z,72,2020-05-07T00:00:00Z,2020-05-08T00:00:00Z,SA-09,Jazan Region,omega500,Pa s-1,22,22,-0.11126228,-0.018340264,0.02732614,0.028850241
handoff/mazu_like/mazu_like_20200505_00_lead072.nc,2020-05-05T00:00:00Z,72,2020-05-07T00:00:00Z,2020-05-08T00:00:00Z,SA-09,Jazan Region,geopotential_height500,gpm,22,22,5904.4434,5905.5627,5907.1729,5907.6167
handoff/mazu_like/mazu_like_20200515_00_lead024.nc,2020-05-15T00:00:00Z,24,2020-05-15T00:00:00Z,2020-05-16T00:00:00Z,SA-09,Jazan Region,daily_precip_total,mm,22,22,0.16792569,0.84271398,2.1433459,2.9267862
handoff/mazu_like/mazu_like_20200515_00_lead024.nc,2020-05-15T00:00:00Z,24,2020-05-15T00:00:00Z,2020-05-16T00:00:00Z,SA-09,Jazan Region,t2m_c,degC,22,22,25.060699,33.976448,36.626285,36.935089
handoff/mazu_like/mazu_like_20200515_00_lead024.nc,2020-05-15T00:00:00Z,24,2020-05-15T00:00:00Z,2020-05-16T00:00:00Z,SA-09,Jazan Region,tmax_c,degC,22,22,27.944611,38.066891,41.255597,41.855072
handoff/mazu_like/mazu_like_20200515_00_lead024.nc,2020-05-15T00:00:00Z,24,2020-05-15T00:00:00Z,2020-05-16T00:00:00Z,SA-09,Jazan Region,tmin_c,degC,22,22,21.309875,30.16592,32.105734,32.55014
handoff/mazu_like/mazu_like_20200515_00_lead024.nc,2020-05-15T00:00:00Z,24,2020-05-15T00:00:00Z,2020-05-16T00:00:00Z,SA-09,Jazan Region,wind10_speed,m s-1,22,22,1.5264665,1.9275147,2.3637215,2.5743937
handoff/mazu_like/mazu_like_20200515_00_lead024.nc,2020-05-15T00:00:00Z,24,2020-05-15T00:00:00Z,2020-05-16T00:00:00Z,SA-09,Jazan Region,pwat,kg m-2,22,22,37.387448,39.546371,42.053664,43.368311
handoff/mazu_like/mazu_like_20200515_00_lead024.nc,2020-05-15T00:00:00Z,24,2020-05-15T00:00:00Z,2020-05-16T00:00:00Z,SA-09,Jazan Region,ivt,kg m-1 s-1,22,22,40.052217,50.758861,60.620727,64.32008
handoff/mazu_like/mazu_like_20200515_00_lead024.nc,2020-05-15T00:00:00Z,24,2020-05-15T00:00:00Z,2020-05-16T00:00:00Z,SA-09,Jazan Region,wind850_speed,m s-1,22,22,1.7078795,2.0989894,2.6151646,2.6873918
handoff/mazu_like/mazu_like_20200515_00_lead024.nc,2020-05-15T00:00:00Z,24,2020-05-15T00:00:00Z,2020-05-16T00:00:00Z,SA-09,Jazan Region,wind_shear_850_200,m s-1,22,22,15.477434,19.538166,22.620516,23.565708
handoff/mazu_like/mazu_like_20200515_00_lead024.nc,2020-05-15T00:00:00Z,24,2020-05-15T00:00:00Z,2020-05-16T00:00:00Z,SA-09,Jazan Region,omega500,Pa s-1,22,22,-0.16464968,-0.056898814,-0.0042822356,0.014551951
handoff/mazu_like/mazu_like_20200515_00_lead024.nc,2020-05-15T00:00:00Z,24,2020-05-15T00:00:00Z,2020-05-16T00:00:00Z,SA-09,Jazan Region,geopotential_height500,gpm,22,22,5899.3926,5900.6922,5901.8983,5902.0425
handoff/mazu_like/mazu_like_20200515_00_lead048.nc,2020-05-15T00:00:00Z,48,2020-05-16T00:00:00Z,2020-05-17T00:00:00Z,SA-09,Jazan Region,daily_precip_total,mm,22,22,0.2624737,0.88356703,2.2452143,2.3152525
handoff/mazu_like/mazu_like_20200515_00_lead048.nc,2020-05-15T00:00:00Z,48,2020-05-16T00:00:00Z,2020-05-17T00:00:00Z,SA-09,Jazan Region,t2m_c,degC,22,22,24.72406,33.00983,35.151239,35.184662
handoff/mazu_like/mazu_like_20200515_00_lead048.nc,2020-05-15T00:00:00Z,48,2020-05-16T00:00:00Z,2020-05-17T00:00:00Z,SA-09,Jazan Region,tmax_c,degC,22,22,28.138245,37.253904,40.123094,40.491272
handoff/mazu_like/mazu_like_20200515_00_lead048.nc,2020-05-15T00:00:00Z,48,2020-05-16T00:00:00Z,2020-05-17T00:00:00Z,SA-09,Jazan Region,tmin_c,degC,22,22,20.412994,29.14069,31.22361,31.286377
handoff/mazu_like/mazu_like_20200515_00_lead048.nc,2020-05-15T00:00:00Z,48,2020-05-16T00:00:00Z,2020-05-17T00:00:00Z,SA-09,Jazan Region,wind10_speed,m s-1,22,22,1.1896067,1.9983433,3.1085381,3.3176467
handoff/mazu_like/mazu_like_20200515_00_lead048.nc,2020-05-15T00:00:00Z,48,2020-05-16T00:00:00Z,2020-05-17T00:00:00Z,SA-09,Jazan Region,pwat,kg m-2,22,22,36.604732,40.910478,43.992544,44.145742
handoff/mazu_like/mazu_like_20200515_00_lead048.nc,2020-05-15T00:00:00Z,48,2020-05-16T00:00:00Z,2020-05-17T00:00:00Z,SA-09,Jazan Region,ivt,kg m-1 s-1,22,22,23.099529,40.998438,53.522914,53.803444
handoff/mazu_like/mazu_like_20200515_00_lead048.nc,2020-05-15T00:00:00Z,48,2020-05-16T00:00:00Z,2020-05-17T00:00:00Z,SA-09,Jazan Region,wind850_speed,m s-1,22,22,1.5548465,2.1728894,2.5676148,2.6235244
handoff/mazu_like/mazu_like_20200515_00_lead048.nc,2020-05-15T00:00:00Z,48,2020-05-16T00:00:00Z,2020-05-17T00:00:00Z,SA-09,Jazan Region,wind_shear_850_200,m s-1,22,22,16.088142,19.175192,22.065536,23.051258
handoff/mazu_like/mazu_like_20200515_00_lead048.nc,2020-05-15T00:00:00Z,48,2020-05-16T00:00:00Z,2020-05-17T00:00:00Z,SA-09,Jazan Region,omega500,Pa s-1,22,22,-0.14219224,-0.058421199,0.00088997246,0.0072220862
handoff/mazu_like/mazu_like_20200515_00_lead048.nc,2020-05-15T00:00:00Z,48,2020-05-16T00:00:00Z,2020-05-17T00:00:00Z,SA-09,Jazan Region,geopotential_height500,gpm,22,22,5898.104,5899.6431,5901.1308,5901.5166
handoff/mazu_like/mazu_like_20200515_00_lead072.nc,2020-05-15T00:00:00Z,72,2020-05-17T00:00:00Z,2020-05-18T00:00:00Z,SA-09,Jazan Region,daily_precip_total,mm,22,22,0.17559595,0.51845024,0.76575482,0.91587085
handoff/mazu_like/mazu_like_20200515_00_lead072.nc,2020-05-15T00:00:00Z,72,2020-05-17T00:00:00Z,2020-05-18T00:00:00Z,SA-09,Jazan Region,t2m_c,degC,22,22,26.339417,33.475553,35.306944,35.400574
handoff/mazu_like/mazu_like_20200515_00_lead072.nc,2020-05-15T00:00:00Z,72,2020-05-17T00:00:00Z,2020-05-18T00:00:00Z,SA-09,Jazan Region,tmax_c,degC,22,22,30.604584,38.026023,40.75968,41.011047
handoff/mazu_like/mazu_like_20200515_00_lead072.nc,2020-05-15T00:00:00Z,72,2020-05-17T00:00:00Z,2020-05-18T00:00:00Z,SA-09,Jazan Region,tmin_c,degC,22,22,21.90097,29.448609,31.137544,31.260956
handoff/mazu_like/mazu_like_20200515_00_lead072.nc,2020-05-15T00:00:00Z,72,2020-05-17T00:00:00Z,2020-05-18T00:00:00Z,SA-09,Jazan Region,wind10_speed,m s-1,22,22,1.4988647,1.9884198,2.7579337,2.8832829
handoff/mazu_like/mazu_like_20200515_00_lead072.nc,2020-05-15T00:00:00Z,72,2020-05-17T00:00:00Z,2020-05-18T00:00:00Z,SA-09,Jazan Region,pwat,kg m-2,22,22,34.194877,38.786124,40.237218,40.264159
handoff/mazu_like/mazu_like_20200515_00_lead072.nc,2020-05-15T00:00:00Z,72,2020-05-17T00:00:00Z,2020-05-18T00:00:00Z,SA-09,Jazan Region,ivt,kg m-1 s-1,22,22,27.776043,33.562159,38.533874,50.999434
handoff/mazu_like/mazu_like_20200515_00_lead072.nc,2020-05-15T00:00:00Z,72,2020-05-17T00:00:00Z,2020-05-18T00:00:00Z,SA-09,Jazan Region,wind850_speed,m s-1,22,22,1.6262085,2.094085,2.6810852,2.7224872
handoff/mazu_like/mazu_like_20200515_00_lead072.nc,2020-05-15T00:00:00Z,72,2020-05-17T00:00:00Z,2020-05-18T00:00:00Z,SA-09,Jazan Region,wind_shear_850_200,m s-1,22,22,17.831816,21.284673,25.086854,26.088884
handoff/mazu_like/mazu_like_20200515_00_lead072.nc,2020-05-15T00:00:00Z,72,2020-05-17T00:00:00Z,2020-05-18T00:00:00Z,SA-09,Jazan Region,omega500,Pa s-1,22,22,-0.085832343,-0.027486923,0.0043204855,0.0127126
handoff/mazu_like/mazu_like_20200515_00_lead072.nc,2020-05-15T00:00:00Z,72,2020-05-17T00:00:00Z,2020-05-18T00:00:00Z,SA-09,Jazan Region,geopotential_height500,gpm,22,22,5903.7607,5905.5729,5907.3444,5907.5566
handoff/mazu_like/mazu_like_20200619_00_lead024.nc,2020-06-19T00:00:00Z,24,2020-06-19T00:00:00Z,2020-06-20T00:00:00Z,SA-04,Eastern Region,daily_precip_total,mm,798,798,0,0.12580111,0.20020724,0.27320817
handoff/mazu_like/mazu_like_20200619_00_lead024.nc,2020-06-19T00:00:00Z,24,2020-06-19T00:00:00Z,2020-06-20T00:00:00Z,SA-04,Eastern Region,t2m_c,degC,798,798,33.020233,35.996011,37.168126,38.794617
handoff/mazu_like/mazu_like_20200619_00_lead024.nc,2020-06-19T00:00:00Z,24,2020-06-19T00:00:00Z,2020-06-20T00:00:00Z,SA-04,Eastern Region,tmax_c,degC,798,798,35.337738,42.871351,43.867627,44.670044
handoff/mazu_like/mazu_like_20200619_00_lead024.nc,2020-06-19T00:00:00Z,24,2020-06-19T00:00:00Z,2020-06-20T00:00:00Z,SA-04,Eastern Region,tmin_c,degC,798,798,26.534027,28.930494,31.361623,33.235229
handoff/mazu_like/mazu_like_20200619_00_lead024.nc,2020-06-19T00:00:00Z,24,2020-06-19T00:00:00Z,2020-06-20T00:00:00Z,SA-04,Eastern Region,wind10_speed,m s-1,798,798,1.946875,3.8716676,5.2095514,7.002202
handoff/mazu_like/mazu_like_20200619_00_lead024.nc,2020-06-19T00:00:00Z,24,2020-06-19T00:00:00Z,2020-06-20T00:00:00Z,SA-04,Eastern Region,pwat,kg m-2,798,798,11.065567,14.524789,20.706192,25.436793
handoff/mazu_like/mazu_like_20200619_00_lead024.nc,2020-06-19T00:00:00Z,24,2020-06-19T00:00:00Z,2020-06-20T00:00:00Z,SA-04,Eastern Region,ivt,kg m-1 s-1,798,798,16.83035,90.652723,120.42455,129.83799
handoff/mazu_like/mazu_like_20200619_00_lead024.nc,2020-06-19T00:00:00Z,24,2020-06-19T00:00:00Z,2020-06-20T00:00:00Z,SA-04,Eastern Region,wind850_speed,m s-1,798,798,2.6616356,8.1192312,11.189973,12.130217
handoff/mazu_like/mazu_like_20200619_00_lead024.nc,2020-06-19T00:00:00Z,24,2020-06-19T00:00:00Z,2020-06-20T00:00:00Z,SA-04,Eastern Region,wind_shear_850_200,m s-1,798,798,11.26704,15.59521,17.948445,19.740284
handoff/mazu_like/mazu_like_20200619_00_lead024.nc,2020-06-19T00:00:00Z,24,2020-06-19T00:00:00Z,2020-06-20T00:00:00Z,SA-04,Eastern Region,omega500,Pa s-1,798,798,-0.062141985,0.00058094017,0.058717531,0.090258449
handoff/mazu_like/mazu_like_20200619_00_lead024.nc,2020-06-19T00:00:00Z,24,2020-06-19T00:00:00Z,2020-06-20T00:00:00Z,SA-04,Eastern Region,geopotential_height500,gpm,798,798,5877.0615,5882.7381,5887.96,5892.8662
handoff/mazu_like/mazu_like_20200619_00_lead048.nc,2020-06-19T00:00:00Z,48,2020-06-20T00:00:00Z,2020-06-21T00:00:00Z,SA-04,Eastern Region,daily_precip_total,mm,798,798,0,0.17709282,0.32117926,0.39868739
handoff/mazu_like/mazu_like_20200619_00_lead048.nc,2020-06-19T00:00:00Z,48,2020-06-20T00:00:00Z,2020-06-21T00:00:00Z,SA-04,Eastern Region,t2m_c,degC,798,798,32.75708,35.842354,36.976405,38.085663
handoff/mazu_like/mazu_like_20200619_00_lead048.nc,2020-06-19T00:00:00Z,48,2020-06-20T00:00:00Z,2020-06-21T00:00:00Z,SA-04,Eastern Region,tmax_c,degC,798,798,33.674957,42.742682,44.084943,44.893799
handoff/mazu_like/mazu_like_20200619_00_lead048.nc,2020-06-19T00:00:00Z,48,2020-06-20T00:00:00Z,2020-06-21T00:00:00Z,SA-04,Eastern Region,tmin_c,degC,798,798,26.663544,28.932836,30.615466,32.337616
handoff/mazu_like/mazu_like_20200619_00_lead048.nc,2020-06-19T00:00:00Z,48,2020-06-20T00:00:00Z,2020-06-21T00:00:00Z,SA-04,Eastern Region,wind10_speed,m s-1,798,798,1.5693711,3.4770884,5.4935705,6.0969267
handoff/mazu_like/mazu_like_20200619_00_lead048.nc,2020-06-19T00:00:00Z,48,2020-06-20T00:00:00Z,2020-06-21T00:00:00Z,SA-04,Eastern Region,pwat,kg m-2,798,798,12.369509,16.484961,24.186163,28.096489
handoff/mazu_like/mazu_like_20200619_00_lead048.nc,2020-06-19T00:00:00Z,48,2020-06-20T00:00:00Z,2020-06-21T00:00:00Z,SA-04,Eastern Region,ivt,kg m-1 s-1,798,798,13.70355,80.176391,131.25781,147.1113
handoff/mazu_like/mazu_like_20200619_00_lead048.nc,2020-06-19T00:00:00Z,48,2020-06-20T00:00:00Z,2020-06-21T00:00:00Z,SA-04,Eastern Region,wind850_speed,m s-1,798,798,2.0475416,6.1790138,11.327193,12.579393
handoff/mazu_like/mazu_like_20200619_00_lead048.nc,2020-06-19T00:00:00Z,48,2020-06-20T00:00:00Z,2020-06-21T00:00:00Z,SA-04,Eastern Region,wind_shear_850_200,m s-1,798,798,6.9655313,14.07948,16.230166,18.432777
handoff/mazu_like/mazu_like_20200619_00_lead048.nc,2020-06-19T00:00:00Z,48,2020-06-20T00:00:00Z,2020-06-21T00:00:00Z,SA-04,Eastern Region,omega500,Pa s-1,798,798,-0.075320929,0.0066562196,0.074340041,0.09798532
handoff/mazu_like/mazu_like_20200619_00_lead048.nc,2020-06-19T00:00:00Z,48,2020-06-20T00:00:00Z,2020-06-21T00:00:00Z,SA-04,Eastern Region,geopotential_height500,gpm,798,798,5862.6943,5886.0199,5891.6531,5894.4185
handoff/mazu_like/mazu_like_20200619_00_lead072.nc,2020-06-19T00:00:00Z,72,2020-06-21T00:00:00Z,2020-06-22T00:00:00Z,SA-04,Eastern Region,daily_precip_total,mm,798,798,0,0.20882009,0.37656577,0.41944081
handoff/mazu_like/mazu_like_20200619_00_lead072.nc,2020-06-19T00:00:00Z,72,2020-06-21T00:00:00Z,2020-06-22T00:00:00Z,SA-04,Eastern Region,t2m_c,degC,798,798,32.216888,35.764762,37.611797,38.992889
handoff/mazu_like/mazu_like_20200619_00_lead072.nc,2020-06-19T00:00:00Z,72,2020-06-21T00:00:00Z,2020-06-22T00:00:00Z,SA-04,Eastern Region,tmax_c,degC,798,798,32.953888,42.4043,44.450366,45.464539
handoff/mazu_like/mazu_like_20200619_00_lead072.nc,2020-06-19T00:00:00Z,72,2020-06-21T00:00:00Z,2020-06-22T00:00:00Z,SA-04,Eastern Region,tmin_c,degC,798,798,26.82666,29.514151,31.646968,32.999329
handoff/mazu_like/mazu_like_20200619_00_lead072.nc,2020-06-19T00:00:00Z,72,2020-06-21T00:00:00Z,2020-06-22T00:00:00Z,SA-04,Eastern Region,wind10_speed,m s-1,798,798,2.482497,4.4538588,5.9212986,6.9315548
handoff/mazu_like/mazu_like_20200619_00_lead072.nc,2020-06-19T00:00:00Z,72,2020-06-21T00:00:00Z,2020-06-22T00:00:00Z,SA-04,Eastern Region,pwat,kg m-2,798,798,15.912618,19.3622,26.044102,30.052568
handoff/mazu_like/mazu_like_20200619_00_lead072.nc,2020-06-19T00:00:00Z,72,2020-06-21T00:00:00Z,2020-06-22T00:00:00Z,SA-04,Eastern Region,ivt,kg m-1 s-1,798,798,38.492981,111.28614,161.92203,189.87509
handoff/mazu_like/mazu_like_20200619_00_lead072.nc,2020-06-19T00:00:00Z,72,2020-06-21T00:00:00Z,2020-06-22T00:00:00Z,SA-04,Eastern Region,wind850_speed,m s-1,798,798,2.8503284,7.7179748,11.789079,13.729259
handoff/mazu_like/mazu_like_20200619_00_lead072.nc,2020-06-19T00:00:00Z,72,2020-06-21T00:00:00Z,2020-06-22T00:00:00Z,SA-04,Eastern Region,wind_shear_850_200,m s-1,798,798,9.4096956,15.779916,20.130356,22.121719
handoff/mazu_like/mazu_like_20200619_00_lead072.nc,2020-06-19T00:00:00Z,72,2020-06-21T00:00:00Z,2020-06-22T00:00:00Z,SA-04,Eastern Region,omega500,Pa s-1,798,798,-0.041092068,0.0062923321,0.077569456,0.11156741
handoff/mazu_like/mazu_like_20200619_00_lead072.nc,2020-06-19T00:00:00Z,72,2020-06-21T00:00:00Z,2020-06-22T00:00:00Z,SA-04,Eastern Region,geopotential_height500,gpm,798,798,5860.0264,5881.6936,5885.3413,5886.9219
handoff/mazu_like/mazu_like_20200622_00_lead024.nc,2020-06-22T00:00:00Z,24,2020-06-22T00:00:00Z,2020-06-23T00:00:00Z,SA-04,Eastern Region,daily_precip_total,mm,798,798,0,0.11569461,0.18697519,0.22360399
handoff/mazu_like/mazu_like_20200622_00_lead024.nc,2020-06-22T00:00:00Z,24,2020-06-22T00:00:00Z,2020-06-23T00:00:00Z,SA-04,Eastern Region,t2m_c,degC,798,798,32.535919,34.869795,36.132922,36.508148
handoff/mazu_like/mazu_like_20200622_00_lead024.nc,2020-06-22T00:00:00Z,24,2020-06-22T00:00:00Z,2020-06-23T00:00:00Z,SA-04,Eastern Region,tmax_c,degC,798,798,34.543213,40.785064,43.013921,43.666168
handoff/mazu_like/mazu_like_20200622_00_lead024.nc,2020-06-22T00:00:00Z,24,2020-06-22T00:00:00Z,2020-06-23T00:00:00Z,SA-04,Eastern Region,tmin_c,degC,798,798,25.954285,28.53597,31.303981,32.410614
handoff/mazu_like/mazu_like_20200622_00_lead024.nc,2020-06-22T00:00:00Z,24,2020-06-22T00:00:00Z,2020-06-23T00:00:00Z,SA-04,Eastern Region,wind10_speed,m s-1,798,798,3.0421464,5.6186473,7.3707361,8.302496
handoff/mazu_like/mazu_like_20200622_00_lead024.nc,2020-06-22T00:00:00Z,24,2020-06-22T00:00:00Z,2020-06-23T00:00:00Z,SA-04,Eastern Region,pwat,kg m-2,798,798,12.952672,18.057761,21.67503,22.558373
handoff/mazu_like/mazu_like_20200622_00_lead024.nc,2020-06-22T00:00:00Z,24,2020-06-22T00:00:00Z,2020-06-23T00:00:00Z,SA-04,Eastern Region,ivt,kg m-1 s-1,798,798,92.516496,164.81486,205.34389,226.40928
handoff/mazu_like/mazu_like_20200622_00_lead024.nc,2020-06-22T00:00:00Z,24,2020-06-22T00:00:00Z,2020-06-23T00:00:00Z,SA-04,Eastern Region,wind850_speed,m s-1,798,798,5.1137142,11.526745,15.691676,17.352892
handoff/mazu_like/mazu_like_20200622_00_lead024.nc,2020-06-22T00:00:00Z,24,2020-06-22T00:00:00Z,2020-06-23T00:00:00Z,SA-04,Eastern Region,wind_shear_850_200,m s-1,798,798,15.131083,21.228895,24.468958,25.741913
handoff/mazu_like/mazu_like_20200622_00_lead024.nc,2020-06-22T00:00:00Z,24,2020-06-22T00:00:00Z,2020-06-23T00:00:00Z,SA-04,Eastern Region,omega500,Pa s-1,798,798,-0.05554064,0.0084427054,0.069091045,0.09804333
handoff/mazu_like/mazu_like_20200622_00_lead024.nc,2020-06-22T00:00:00Z,24,2020-06-22T00:00:00Z,2020-06-23T00:00:00Z,SA-04,Eastern Region,geopotential_height500,gpm,798,798,5864.9263,5871.183,5877.0494,5879.5889
handoff/mazu_like/mazu_like_20200622_00_lead048.nc,2020-06-22T00:00:00Z,48,2020-06-23T00:00:00Z,2020-06-24T00:00:00Z,SA-04,Eastern Region,daily_precip_total,mm,798,798,0,0.24323139,0.32037334,0.354332
handoff/mazu_like/mazu_like_20200622_00_lead048.nc,2020-06-22T00:00:00Z,48,2020-06-23T00:00:00Z,2020-06-24T00:00:00Z,SA-04,Eastern Region,t2m_c,degC,798,798,32.824738,34.489223,35.879636,37.500641
handoff/mazu_like/mazu_like_20200622_00_lead048.nc,2020-06-22T00:00:00Z,48,2020-06-23T00:00:00Z,2020-06-24T00:00:00Z,SA-04,Eastern Region,tmax_c,degC,798,798,35.31012,40.782376,42.062547,43.851593
handoff/mazu_like/mazu_like_20200622_00_lead048.nc,2020-06-22T00:00:00Z,48,2020-06-23T00:00:00Z,2020-06-24T00:00:00Z,SA-04,Eastern Region,tmin_c,degC,798,798,25.264038,27.790943,30.868636,32.471863
handoff/mazu_like/mazu_like_20200622_00_lead048.nc,2020-06-22T00:00:00Z,48,2020-06-23T00:00:00Z,2020-06-24T00:00:00Z,SA-04,Eastern Region,wind10_speed,m s-1,798,798,2.36288,4.7213022,7.7610515,8.8403721
handoff/mazu_like/mazu_like_20200622_00_lead048.nc,2020-06-22T00:00:00Z,48,2020-06-23T00:00:00Z,2020-06-24T00:00:00Z,SA-04,Eastern Region,pwat,kg m-2,798,798,9.1724649,14.677917,19.885056,23.016707
handoff/mazu_like/mazu_like_20200622_00_lead048.nc,2020-06-22T00:00:00Z,48,2020-06-23T00:00:00Z,2020-06-24T00:00:00Z,SA-04,Eastern Region,ivt,kg m-1 s-1,798,798,61.309683,108.18118,155.7772,173.87361
handoff/mazu_like/mazu_like_20200622_00_lead048.nc,2020-06-22T00:00:00Z,48,2020-06-23T00:00:00Z,2020-06-24T00:00:00Z,SA-04,Eastern Region,wind850_speed,m s-1,798,798,4.1418576,9.6419471,14.355259,15.631937
handoff/mazu_like/mazu_like_20200622_00_lead048.nc,2020-06-22T00:00:00Z,48,2020-06-23T00:00:00Z,2020-06-24T00:00:00Z,SA-04,Eastern Region,wind_shear_850_200,m s-1,798,798,11.470437,21.30099,25.564583,27.183846
handoff/mazu_like/mazu_like_20200622_00_lead048.nc,2020-06-22T00:00:00Z,48,2020-06-23T00:00:00Z,2020-06-24T00:00:00Z,SA-04,Eastern Region,omega500,Pa s-1,798,798,-0.036313526,0.015231568,0.069627017,0.090042815
handoff/mazu_like/mazu_like_20200622_00_lead048.nc,2020-06-22T00:00:00Z,48,2020-06-23T00:00:00Z,2020-06-24T00:00:00Z,SA-04,Eastern Region,geopotential_height500,gpm,798,798,5864.6641,5878.6669,5903.3056,5907.0684
handoff/mazu_like/mazu_like_20200622_00_lead072.nc,2020-06-22T00:00:00Z,72,2020-06-24T00:00:00Z,2020-06-25T00:00:00Z,SA-04,Eastern Region,daily_precip_total,mm,798,798,0,0.24056223,0.36940576,0.43541363
handoff/mazu_like/mazu_like_20200622_00_lead072.nc,2020-06-22T00:00:00Z,72,2020-06-24T00:00:00Z,2020-06-25T00:00:00Z,SA-04,Eastern Region,t2m_c,degC,798,798,32.419678,35.028328,36.530455,37.704559
handoff/mazu_like/mazu_like_20200622_00_lead072.nc,2020-06-22T00:00:00Z,72,2020-06-24T00:00:00Z,2020-06-25T00:00:00Z,SA-04,Eastern Region,tmax_c,degC,798,798,33.666077,41.362111,42.636359,44.274292
handoff/mazu_like/mazu_like_20200622_00_lead072.nc,2020-06-22T00:00:00Z,72,2020-06-24T00:00:00Z,2020-06-25T00:00:00Z,SA-04,Eastern Region,tmin_c,degC,798,798,26.370667,29.127601,31.470432,32.879517
handoff/mazu_like/mazu_like_20200622_00_lead072.nc,2020-06-22T00:00:00Z,72,2020-06-24T00:00:00Z,2020-06-25T00:00:00Z,SA-04,Eastern Region,wind10_speed,m s-1,798,798,1.1374289,3.4816012,6.4800878,7.2416348
handoff/mazu_like/mazu_like_20200622_00_lead072.nc,2020-06-22T00:00:00Z,72,2020-06-24T00:00:00Z,2020-06-25T00:00:00Z,SA-04,Eastern Region,pwat,kg m-2,798,798,9.1976776,19.881748,30.149341,36.218681
handoff/mazu_like/mazu_like_20200622_00_lead072.nc,2020-06-22T00:00:00Z,72,2020-06-24T00:00:00Z,2020-06-25T00:00:00Z,SA-04,Eastern Region,ivt,kg m-1 s-1,798,798,16.577867,117.02625,212.67155,241.50095
handoff/mazu_like/mazu_like_20200622_00_lead072.nc,2020-06-22T00:00:00Z,72,2020-06-24T00:00:00Z,2020-06-25T00:00:00Z,SA-04,Eastern Region,wind850_speed,m s-1,798,798,1.7503643,4.8901395,8.8310797,9.6758499
handoff/mazu_like/mazu_like_20200622_00_lead072.nc,2020-06-22T00:00:00Z,72,2020-06-24T00:00:00Z,2020-06-25T00:00:00Z,SA-04,Eastern Region,wind_shear_850_200,m s-1,798,798,10.001732,20.625545,26.758473,27.778452
handoff/mazu_like/mazu_like_20200622_00_lead072.nc,2020-06-22T00:00:00Z,72,2020-06-24T00:00:00Z,2020-06-25T00:00:00Z,SA-04,Eastern Region,omega500,Pa s-1,798,798,-0.032400675,0.025633976,0.054888992,0.070569992
handoff/mazu_like/mazu_like_20200622_00_lead072.nc,2020-06-22T00:00:00Z,72,2020-06-24T00:00:00Z,2020-06-25T00:00:00Z,SA-04,Eastern Region,geopotential_height500,gpm,798,798,5861.5151,5889.3326,5921.2424,5924.417
handoff/mazu_like/mazu_like_20200623_00_lead024.nc,2020-06-23T00:00:00Z,24,2020-06-23T00:00:00Z,2020-06-24T00:00:00Z,SA-08,Northern Borders Region,daily_precip_total,mm,169,169,0.085735902,0.18421227,0.22743432,0.27099681
handoff/mazu_like/mazu_like_20200623_00_lead024.nc,2020-06-23T00:00:00Z,24,2020-06-23T00:00:00Z,2020-06-24T00:00:00Z,SA-08,Northern Borders Region,t2m_c,degC,169,169,27.034668,31.38605,34.264166,34.755157
handoff/mazu_like/mazu_like_20200623_00_lead024.nc,2020-06-23T00:00:00Z,24,2020-06-23T00:00:00Z,2020-06-24T00:00:00Z,SA-08,Northern Borders Region,tmax_c,degC,169,169,34.030823,38.056989,40.433228,40.785156
handoff/mazu_like/mazu_like_20200623_00_lead024.nc,2020-06-23T00:00:00Z,24,2020-06-23T00:00:00Z,2020-06-24T00:00:00Z,SA-08,Northern Borders Region,tmin_c,degC,169,169,20.022827,25.071082,28.384515,29.282318
handoff/mazu_like/mazu_like_20200623_00_lead024.nc,2020-06-23T00:00:00Z,24,2020-06-23T00:00:00Z,2020-06-24T00:00:00Z,SA-08,Northern Borders Region,wind10_speed,m s-1,169,169,4.097312,5.5662475,6.3970215,6.9935527
handoff/mazu_like/mazu_like_20200623_00_lead024.nc,2020-06-23T00:00:00Z,24,2020-06-23T00:00:00Z,2020-06-24T00:00:00Z,SA-08,Northern Borders Region,pwat,kg m-2,169,169,7.7179458,10.690052,12.1221,12.412732
handoff/mazu_like/mazu_like_20200623_00_lead024.nc,2020-06-23T00:00:00Z,24,2020-06-23T00:00:00Z,2020-06-24T00:00:00Z,SA-08,Northern Borders Region,ivt,kg m-1 s-1,169,169,43.669412,90.505293,127.31611,137.89873
handoff/mazu_like/mazu_like_20200623_00_lead024.nc,2020-06-23T00:00:00Z,24,2020-06-23T00:00:00Z,2020-06-24T00:00:00Z,SA-08,Northern Borders Region,wind850_speed,m s-1,169,169,5.2075896,8.8766035,11.420973,12.881052
handoff/mazu_like/mazu_like_20200623_00_lead024.nc,2020-06-23T00:00:00Z,24,2020-06-23T00:00:00Z,2020-06-24T00:00:00Z,SA-08,Northern Borders Region,wind_shear_850_200,m s-1,169,169,12.608215,15.384382,19.27754,20.218559
handoff/mazu_like/mazu_like_20200623_00_lead024.nc,2020-06-23T00:00:00Z,24,2020-06-23T00:00:00Z,2020-06-24T00:00:00Z,SA-08,Northern Borders Region,omega500,Pa s-1,169,169,-0.01699711,0.062167024,0.097542942,0.1099724
handoff/mazu_like/mazu_like_20200623_00_lead024.nc,2020-06-23T00:00:00Z,24,2020-06-23T00:00:00Z,2020-06-24T00:00:00Z,SA-08,Northern Borders Region,geopotential_height500,gpm,169,169,5897.168,5908.5073,5913.8685,5914.6553
handoff/mazu_like/mazu_like_20200623_00_lead048.nc,2020-06-23T00:00:00Z,48,2020-06-24T00:00:00Z,2020-06-25T00:00:00Z,SA-08,Northern Borders Region,daily_precip_total,mm,169,169,0.2016599,0.29331538,0.36094918,0.40969965
handoff/mazu_like/mazu_like_20200623_00_lead048.nc,2020-06-23T00:00:00Z,48,2020-06-24T00:00:00Z,2020-06-25T00:00:00Z,SA-08,Northern Borders Region,t2m_c,degC,169,169,26.178589,30.577801,33.254761,33.822662
handoff/mazu_like/mazu_like_20200623_00_lead048.nc,2020-06-23T00:00:00Z,48,2020-06-24T00:00:00Z,2020-06-25T00:00:00Z,SA-08,Northern Borders Region,tmax_c,degC,169,169,33.623169,37.354947,39.605121,40.024261
handoff/mazu_like/mazu_like_20200623_00_lead048.nc,2020-06-23T00:00:00Z,48,2020-06-24T00:00:00Z,2020-06-25T00:00:00Z,SA-08,Northern Borders Region,tmin_c,degC,169,169,19.248291,23.579096,26.162958,27.101318
handoff/mazu_like/mazu_like_20200623_00_lead048.nc,2020-06-23T00:00:00Z,48,2020-06-24T00:00:00Z,2020-06-25T00:00:00Z,SA-08,Northern Borders Region,wind10_speed,m s-1,169,169,3.208915,4.4840627,5.7493931,6.4317446
handoff/mazu_like/mazu_like_20200623_00_lead048.nc,2020-06-23T00:00:00Z,48,2020-06-24T00:00:00Z,2020-06-25T00:00:00Z,SA-08,Northern Borders Region,pwat,kg m-2,169,169,7.8861266,9.3994627,11.233594,11.696358
handoff/mazu_like/mazu_like_20200623_00_lead048.nc,2020-06-23T00:00:00Z,48,2020-06-24T00:00:00Z,2020-06-25T00:00:00Z,SA-08,Northern Borders Region,ivt,kg m-1 s-1,169,169,37.329018,55.921933,70.639754,76.917314
handoff/mazu_like/mazu_like_20200623_00_lead048.nc,2020-06-23T00:00:00Z,48,2020-06-24T00:00:00Z,2020-06-25T00:00:00Z,SA-08,Northern Borders Region,wind850_speed,m s-1,169,169,3.565902,7.1367168,10.111439,10.652208
handoff/mazu_like/mazu_like_20200623_00_lead048.nc,2020-06-23T00:00:00Z,48,2020-06-24T00:00:00Z,2020-06-25T00:00:00Z,SA-08,Northern Borders Region,wind_shear_850_200,m s-1,169,169,11.815741,14.410013,16.311109,16.580084
handoff/mazu_like/mazu_like_20200623_00_lead048.nc,2020-06-23T00:00:00Z,48,2020-06-24T00:00:00Z,2020-06-25T00:00:00Z,SA-08,Northern Borders Region,omega500,Pa s-1,169,169,-0.014057368,0.029579595,0.061542703,0.079695433
handoff/mazu_like/mazu_like_20200623_00_lead048.nc,2020-06-23T00:00:00Z,48,2020-06-24T00:00:00Z,2020-06-25T00:00:00Z,SA-08,Northern Borders Region,geopotential_height500,gpm,169,169,5917.9546,5925.8934,5927.9224,5928.6938
handoff/mazu_like/mazu_like_20200623_00_lead072.nc,2020-06-23T00:00:00Z,72,2020-06-25T00:00:00Z,2020-06-26T00:00:00Z,SA-08,Northern Borders Region,daily_precip_total,mm,169,169,0.16533037,0.28067576,0.36542955,0.39085019
handoff/mazu_like/mazu_like_20200623_00_lead072.nc,2020-06-23T00:00:00Z,72,2020-06-25T00:00:00Z,2020-06-26T00:00:00Z,SA-08,Northern Borders Region,t2m_c,degC,169,169,26.86142,30.727262,32.850269,33.182281
handoff/mazu_like/mazu_like_20200623_00_lead072.nc,2020-06-23T00:00:00Z,72,2020-06-25T00:00:00Z,2020-06-26T00:00:00Z,SA-08,Northern Borders Region,tmax_c,degC,169,169,33.903809,37.599325,39.205518,39.506744
handoff/mazu_like/mazu_like_20200623_00_lead072.nc,2020-06-23T00:00:00Z,72,2020-06-25T00:00:00Z,2020-06-26T00:00:00Z,SA-08,Northern Borders Region,tmin_c,degC,169,169,21.042023,24.376501,26.383899,26.761566
handoff/mazu_like/mazu_like_20200623_00_lead072.nc,2020-06-23T00:00:00Z,72,2020-06-25T00:00:00Z,2020-06-26T00:00:00Z,SA-08,Northern Borders Region,wind10_speed,m s-1,169,169,2.1670344,3.7624665,4.816075,5.2848425
handoff/mazu_like/mazu_like_20200623_00_lead072.nc,2020-06-23T00:00:00Z,72,2020-06-25T00:00:00Z,2020-06-26T00:00:00Z,SA-08,Northern Borders Region,pwat,kg m-2,169,169,9.2235359,11.243766,14.753059,15.990376
handoff/mazu_like/mazu_like_20200623_00_lead072.nc,2020-06-23T00:00:00Z,72,2020-06-25T00:00:00Z,2020-06-26T00:00:00Z,SA-08,Northern Borders Region,ivt,kg m-1 s-1,169,169,19.341928,44.946742,63.10826,81.919432
handoff/mazu_like/mazu_like_20200623_00_lead072.nc,2020-06-23T00:00:00Z,72,2020-06-25T00:00:00Z,2020-06-26T00:00:00Z,SA-08,Northern Borders Region,wind850_speed,m s-1,169,169,1.6927755,5.4405268,8.3935925,8.754858
handoff/mazu_like/mazu_like_20200623_00_lead072.nc,2020-06-23T00:00:00Z,72,2020-06-25T00:00:00Z,2020-06-26T00:00:00Z,SA-08,Northern Borders Region,wind_shear_850_200,m s-1,169,169,7.2030144,10.963026,15.35004,15.702342
handoff/mazu_like/mazu_like_20200623_00_lead072.nc,2020-06-23T00:00:00Z,72,2020-06-25T00:00:00Z,2020-06-26T00:00:00Z,SA-08,Northern Borders Region,omega500,Pa s-1,169,169,-0.017257584,-0.00063542281,0.015673496,0.027652666
handoff/mazu_like/mazu_like_20200623_00_lead072.nc,2020-06-23T00:00:00Z,72,2020-06-25T00:00:00Z,2020-06-26T00:00:00Z,SA-08,Northern Borders Region,geopotential_height500,gpm,169,169,5908.9639,5915.5214,5919.2117,5919.7734
handoff/mazu_like/mazu_like_20200627_00_lead024.nc,2020-06-27T00:00:00Z,24,2020-06-27T00:00:00Z,2020-06-28T00:00:00Z,SA-04,Eastern Region,daily_precip_total,mm,798,798,0,0.13997013,0.26730596,0.33989871
handoff/mazu_like/mazu_like_20200627_00_lead024.nc,2020-06-27T00:00:00Z,24,2020-06-27T00:00:00Z,2020-06-28T00:00:00Z,SA-04,Eastern Region,t2m_c,degC,798,798,33.561432,37.132831,38.260246,39.388153
handoff/mazu_like/mazu_like_20200627_00_lead024.nc,2020-06-27T00:00:00Z,24,2020-06-27T00:00:00Z,2020-06-28T00:00:00Z,SA-04,Eastern Region,tmax_c,degC,798,798,35.759674,43.491881,44.956194,45.773193
handoff/mazu_like/mazu_like_20200627_00_lead024.nc,2020-06-27T00:00:00Z,24,2020-06-27T00:00:00Z,2020-06-28T00:00:00Z,SA-04,Eastern Region,tmin_c,degC,798,798,27.371979,30.921476,33.046063,33.816559
handoff/mazu_like/mazu_like_20200627_00_lead024.nc,2020-06-27T00:00:00Z,24,2020-06-27T00:00:00Z,2020-06-28T00:00:00Z,SA-04,Eastern Region,wind10_speed,m s-1,798,798,0.79484367,4.4712605,5.5958739,6.5715013
handoff/mazu_like/mazu_like_20200627_00_lead024.nc,2020-06-27T00:00:00Z,24,2020-06-27T00:00:00Z,2020-06-28T00:00:00Z,SA-04,Eastern Region,pwat,kg m-2,798,798,12.167791,25.039596,41.381045,46.002078
handoff/mazu_like/mazu_like_20200627_00_lead024.nc,2020-06-27T00:00:00Z,24,2020-06-27T00:00:00Z,2020-06-28T00:00:00Z,SA-04,Eastern Region,ivt,kg m-1 s-1,798,798,92.189134,184.07452,260.41147,338.11582
handoff/mazu_like/mazu_like_20200627_00_lead024.nc,2020-06-27T00:00:00Z,24,2020-06-27T00:00:00Z,2020-06-28T00:00:00Z,SA-04,Eastern Region,wind850_speed,m s-1,798,798,1.2632288,8.6747669,12.637317,13.12849
handoff/mazu_like/mazu_like_20200627_00_lead024.nc,2020-06-27T00:00:00Z,24,2020-06-27T00:00:00Z,2020-06-28T00:00:00Z,SA-04,Eastern Region,wind_shear_850_200,m s-1,798,798,5.4667153,14.435262,23.408594,28.959976
handoff/mazu_like/mazu_like_20200627_00_lead024.nc,2020-06-27T00:00:00Z,24,2020-06-27T00:00:00Z,2020-06-28T00:00:00Z,SA-04,Eastern Region,omega500,Pa s-1,798,798,-0.068495922,0.013711458,0.088127166,0.10066479
handoff/mazu_like/mazu_like_20200627_00_lead024.nc,2020-06-27T00:00:00Z,24,2020-06-27T00:00:00Z,2020-06-28T00:00:00Z,SA-04,Eastern Region,geopotential_height500,gpm,798,798,5878.3867,5900.0246,5915.1867,5916.2876
handoff/mazu_like/mazu_like_20200627_00_lead048.nc,2020-06-27T00:00:00Z,48,2020-06-28T00:00:00Z,2020-06-29T00:00:00Z,SA-04,Eastern Region,daily_precip_total,mm,798,798,0,0.24686423,0.36436435,0.41912431
handoff/mazu_like/mazu_like_20200627_00_lead048.nc,2020-06-27T00:00:00Z,48,2020-06-28T00:00:00Z,2020-06-29T00:00:00Z,SA-04,Eastern Region,t2m_c,degC,798,798,34.435333,37.16199,38.101822,39.158875
handoff/mazu_like/mazu_like_20200627_00_lead048.nc,2020-06-27T00:00:00Z,48,2020-06-28T00:00:00Z,2020-06-29T00:00:00Z,SA-04,Eastern Region,tmax_c,degC,798,798,36.103638,43.650221,45.007985,46.384705
handoff/mazu_like/mazu_like_20200627_00_lead048.nc,2020-06-27T00:00:00Z,48,2020-06-28T00:00:00Z,2020-06-29T00:00:00Z,SA-04,Eastern Region,tmin_c,degC,798,798,26.958984,30.618301,33.26524,35.016144
handoff/mazu_like/mazu_like_20200627_00_lead048.nc,2020-06-27T00:00:00Z,48,2020-06-28T00:00:00Z,2020-06-29T00:00:00Z,SA-04,Eastern Region,wind10_speed,m s-1,798,798,1.2901516,3.5007223,4.5671417,5.204668
handoff/mazu_like/mazu_like_20200627_00_lead048.nc,2020-06-27T00:00:00Z,48,2020-06-28T00:00:00Z,2020-06-29T00:00:00Z,SA-04,Eastern Region,pwat,kg m-2,798,798,15.125669,23.331739,40.91919,45.347271
handoff/mazu_like/mazu_like_20200627_00_lead048.nc,2020-06-27T00:00:00Z,48,2020-06-28T00:00:00Z,2020-06-29T00:00:00Z,SA-04,Eastern Region,ivt,kg m-1 s-1,798,798,27.819991,145.88769,214.78316,239.98123
handoff/mazu_like/mazu_like_20200627_00_lead048.nc,2020-06-27T00:00:00Z,48,2020-06-28T00:00:00Z,2020-06-29T00:00:00Z,SA-04,Eastern Region,wind850_speed,m s-1,798,798,1.6435773,7.0690654,12.134052,13.479309
handoff/mazu_like/mazu_like_20200627_00_lead048.nc,2020-06-27T00:00:00Z,48,2020-06-28T00:00:00Z,2020-06-29T00:00:00Z,SA-04,Eastern Region,wind_shear_850_200,m s-1,798,798,4.333643,9.9839914,13.651509,19.546803
handoff/mazu_like/mazu_like_20200627_00_lead048.nc,2020-06-27T00:00:00Z,48,2020-06-28T00:00:00Z,2020-06-29T00:00:00Z,SA-04,Eastern Region,omega500,Pa s-1,798,798,-0.026657874,0.017400212,0.057138424,0.084492922
handoff/mazu_like/mazu_like_20200627_00_lead048.nc,2020-06-27T00:00:00Z,48,2020-06-28T00:00:00Z,2020-06-29T00:00:00Z,SA-04,Eastern Region,geopotential_height500,gpm,798,798,5873.6841,5892.6361,5903.944,5908.8521
handoff/mazu_like/mazu_like_20200627_00_lead072.nc,2020-06-27T00:00:00Z,72,2020-06-29T00:00:00Z,2020-06-30T00:00:00Z,SA-04,Eastern Region,daily_precip_total,mm,798,798,0,0.28250405,0.45364283,0.53993464
handoff/mazu_like/mazu_like_20200627_00_lead072.nc,2020-06-27T00:00:00Z,72,2020-06-29T00:00:00Z,2020-06-30T00:00:00Z,SA-04,Eastern Region,t2m_c,degC,798,798,33.792694,37.524671,38.630045,39.149994
handoff/mazu_like/mazu_like_20200627_00_lead072.nc,2020-06-27T00:00:00Z,72,2020-06-29T00:00:00Z,2020-06-30T00:00:00Z,SA-04,Eastern Region,tmax_c,degC,798,798,35.726562,44.313277,45.463254,45.994537
handoff/mazu_like/mazu_like_20200627_00_lead072.nc,2020-06-27T00:00:00Z,72,2020-06-29T00:00:00Z,2020-06-30T00:00:00Z,SA-04,Eastern Region,tmin_c,degC,798,798,27.646027,30.775651,33.938287,35.189392
handoff/mazu_like/mazu_like_20200627_00_lead072.nc,2020-06-27T00:00:00Z,72,2020-06-29T00:00:00Z,2020-06-30T00:00:00Z,SA-04,Eastern Region,wind10_speed,m s-1,798,798,1.2499542,2.8196504,3.5787853,3.7689219
handoff/mazu_like/mazu_like_20200627_00_lead072.nc,2020-06-27T00:00:00Z,72,2020-06-29T00:00:00Z,2020-06-30T00:00:00Z,SA-04,Eastern Region,pwat,kg m-2,798,798,15.445041,21.647446,42.100578,43.228834
handoff/mazu_like/mazu_like_20200627_00_lead072.nc,2020-06-27T00:00:00Z,72,2020-06-29T00:00:00Z,2020-06-30T00:00:00Z,SA-04,Eastern Region,ivt,kg m-1 s-1,798,798,26.284437,111.00559,160.08647,169.41797
handoff/mazu_like/mazu_like_20200627_00_lead072.nc,2020-06-27T00:00:00Z,72,2020-06-29T00:00:00Z,2020-06-30T00:00:00Z,SA-04,Eastern Region,wind850_speed,m s-1,798,798,0.78737932,4.6328659,8.9549678,9.9565086
handoff/mazu_like/mazu_like_20200627_00_lead072.nc,2020-06-27T00:00:00Z,72,2020-06-29T00:00:00Z,2020-06-30T00:00:00Z,SA-04,Eastern Region,wind_shear_850_200,m s-1,798,798,2.4649994,9.2191414,12.735854,14.78048
handoff/mazu_like/mazu_like_20200627_00_lead072.nc,2020-06-27T00:00:00Z,72,2020-06-29T00:00:00Z,2020-06-30T00:00:00Z,SA-04,Eastern Region,omega500,Pa s-1,798,798,-0.052234195,-0.0016837012,0.035557435,0.081878297
handoff/mazu_like/mazu_like_20200627_00_lead072.nc,2020-06-27T00:00:00Z,72,2020-06-29T00:00:00Z,2020-06-30T00:00:00Z,SA-04,Eastern Region,geopotential_height500,gpm,798,798,5867.668,5882.4609,5892.2935,5896.2183
handoff/mazu_like/mazu_like_20200702_00_lead024.nc,2020-07-02T00:00:00Z,24,2020-07-02T00:00:00Z,2020-07-03T00:00:00Z,SA-08,Northern Borders Region,daily_precip_total,mm,169,169,0.086946823,0.18471746,0.23599071,0.27921098
handoff/mazu_like/mazu_like_20200702_00_lead024.nc,2020-07-02T00:00:00Z,24,2020-07-02T00:00:00Z,2020-07-03T00:00:00Z,SA-08,Northern Borders Region,t2m_c,degC,169,169,30.067719,34.336606,37.168829,37.504425
handoff/mazu_like/mazu_like_20200702_00_lead024.nc,2020-07-02T00:00:00Z,24,2020-07-02T00:00:00Z,2020-07-03T00:00:00Z,SA-08,Northern Borders Region,tmax_c,degC,169,169,36.762604,40.433031,43.316388,44.237
handoff/mazu_like/mazu_like_20200702_00_lead024.nc,2020-07-02T00:00:00Z,24,2020-07-02T00:00:00Z,2020-07-03T00:00:00Z,SA-08,Northern Borders Region,tmin_c,degC,169,169,23.891602,28.453155,31.294244,31.609283
handoff/mazu_like/mazu_like_20200702_00_lead024.nc,2020-07-02T00:00:00Z,24,2020-07-02T00:00:00Z,2020-07-03T00:00:00Z,SA-08,Northern Borders Region,wind10_speed,m s-1,169,169,1.6381547,2.9275476,4.5631285,5.0769758
handoff/mazu_like/mazu_like_20200702_00_lead024.nc,2020-07-02T00:00:00Z,24,2020-07-02T00:00:00Z,2020-07-03T00:00:00Z,SA-08,Northern Borders Region,pwat,kg m-2,169,169,14.308786,18.909231,21.723913,22.075521
handoff/mazu_like/mazu_like_20200702_00_lead024.nc,2020-07-02T00:00:00Z,24,2020-07-02T00:00:00Z,2020-07-03T00:00:00Z,SA-08,Northern Borders Region,ivt,kg m-1 s-1,169,169,15.263407,37.347524,54.563356,62.946762
handoff/mazu_like/mazu_like_20200702_00_lead024.nc,2020-07-02T00:00:00Z,24,2020-07-02T00:00:00Z,2020-07-03T00:00:00Z,SA-08,Northern Borders Region,wind850_speed,m s-1,169,169,1.4040873,3.6542595,7.0431735,8.1912518
handoff/mazu_like/mazu_like_20200702_00_lead024.nc,2020-07-02T00:00:00Z,24,2020-07-02T00:00:00Z,2020-07-03T00:00:00Z,SA-08,Northern Borders Region,wind_shear_850_200,m s-1,169,169,6.7635279,11.611288,14.055148,14.379318
handoff/mazu_like/mazu_like_20200702_00_lead024.nc,2020-07-02T00:00:00Z,24,2020-07-02T00:00:00Z,2020-07-03T00:00:00Z,SA-08,Northern Borders Region,omega500,Pa s-1,169,169,-0.037168745,0.02359549,0.066273767,0.085766718
handoff/mazu_like/mazu_like_20200702_00_lead024.nc,2020-07-02T00:00:00Z,24,2020-07-02T00:00:00Z,2020-07-03T00:00:00Z,SA-08,Northern Borders Region,geopotential_height500,gpm,169,169,5847.2358,5866.4769,5883.0441,5885.9194
handoff/mazu_like/mazu_like_20200702_00_lead048.nc,2020-07-02T00:00:00Z,48,2020-07-03T00:00:00Z,2020-07-04T00:00:00Z,SA-08,Northern Borders Region,daily_precip_total,mm,169,169,0.17214625,0.28035608,0.35726797,0.41071483
handoff/mazu_like/mazu_like_20200702_00_lead048.nc,2020-07-02T00:00:00Z,48,2020-07-03T00:00:00Z,2020-07-04T00:00:00Z,SA-08,Northern Borders Region,t2m_c,degC,169,169,32.879608,36.222913,37.838086,37.952576
handoff/mazu_like/mazu_like_20200702_00_lead048.nc,2020-07-02T00:00:00Z,48,2020-07-03T00:00:00Z,2020-07-04T00:00:00Z,SA-08,Northern Borders Region,tmax_c,degC,169,169,39.371643,42.606035,44.190881,44.5672
handoff/mazu_like/mazu_like_20200702_00_lead048.nc,2020-07-02T00:00:00Z,48,2020-07-03T00:00:00Z,2020-07-04T00:00:00Z,SA-08,Northern Borders Region,tmin_c,degC,169,169,26.869446,30.14098,31.400604,31.653015
handoff/mazu_like/mazu_like_20200702_00_lead048.nc,2020-07-02T00:00:00Z,48,2020-07-03T00:00:00Z,2020-07-04T00:00:00Z,SA-08,Northern Borders Region,wind10_speed,m s-1,169,169,1.3899441,3.8866229,5.6058205,5.9531765
handoff/mazu_like/mazu_like_20200702_00_lead048.nc,2020-07-02T00:00:00Z,48,2020-07-03T00:00:00Z,2020-07-04T00:00:00Z,SA-08,Northern Borders Region,pwat,kg m-2,169,169,16.883034,20.853725,24.17532,24.651704
handoff/mazu_like/mazu_like_20200702_00_lead048.nc,2020-07-02T00:00:00Z,48,2020-07-03T00:00:00Z,2020-07-04T00:00:00Z,SA-08,Northern Borders Region,ivt,kg m-1 s-1,169,169,25.178353,68.326248,111.83871,122.33699
handoff/mazu_like/mazu_like_20200702_00_lead048.nc,2020-07-02T00:00:00Z,48,2020-07-03T00:00:00Z,2020-07-04T00:00:00Z,SA-08,Northern Borders Region,wind850_speed,m s-1,169,169,3.0165055,6.3890521,10.288838,10.583758
handoff/mazu_like/mazu_like_20200702_00_lead048.nc,2020-07-02T00:00:00Z,48,2020-07-03T00:00:00Z,2020-07-04T00:00:00Z,SA-08,Northern Borders Region,wind_shear_850_200,m s-1,169,169,6.9780288,13.489948,15.69029,16.15424
handoff/mazu_like/mazu_like_20200702_00_lead048.nc,2020-07-02T00:00:00Z,48,2020-07-03T00:00:00Z,2020-07-04T00:00:00Z,SA-08,Northern Borders Region,omega500,Pa s-1,169,169,-0.061560202,0.05891323,0.097854981,0.1196887
handoff/mazu_like/mazu_like_20200702_00_lead048.nc,2020-07-02T00:00:00Z,48,2020-07-03T00:00:00Z,2020-07-04T00:00:00Z,SA-08,Northern Borders Region,geopotential_height500,gpm,169,169,5864.4478,5886.2209,5899.2386,5901.1021
handoff/mazu_like/mazu_like_20200702_00_lead072.nc,2020-07-02T00:00:00Z,72,2020-07-04T00:00:00Z,2020-07-05T00:00:00Z,SA-08,Northern Borders Region,daily_precip_total,mm,169,169,0.25751966,0.37270297,0.43899621,0.4747231
handoff/mazu_like/mazu_like_20200702_00_lead072.nc,2020-07-02T00:00:00Z,72,2020-07-04T00:00:00Z,2020-07-05T00:00:00Z,SA-08,Northern Borders Region,t2m_c,degC,169,169,32.625824,36.54362,38.105365,38.185516
handoff/mazu_like/mazu_like_20200702_00_lead072.nc,2020-07-02T00:00:00Z,72,2020-07-04T00:00:00Z,2020-07-05T00:00:00Z,SA-08,Northern Borders Region,tmax_c,degC,169,169,41.19696,43.807784,45.036707,45.202515
handoff/mazu_like/mazu_like_20200702_00_lead072.nc,2020-07-02T00:00:00Z,72,2020-07-04T00:00:00Z,2020-07-05T00:00:00Z,SA-08,Northern Borders Region,tmin_c,degC,169,169,24.441956,29.103364,31.227325,31.326904
handoff/mazu_like/mazu_like_20200702_00_lead072.nc,2020-07-02T00:00:00Z,72,2020-07-04T00:00:00Z,2020-07-05T00:00:00Z,SA-08,Northern Borders Region,wind10_speed,m s-1,169,169,2.1405914,3.5097519,5.8388256,6.028955
handoff/mazu_like/mazu_like_20200702_00_lead072.nc,2020-07-02T00:00:00Z,72,2020-07-04T00:00:00Z,2020-07-05T00:00:00Z,SA-08,Northern Borders Region,pwat,kg m-2,169,169,18.875636,20.505935,22.134299,22.847234
handoff/mazu_like/mazu_like_20200702_00_lead072.nc,2020-07-02T00:00:00Z,72,2020-07-04T00:00:00Z,2020-07-05T00:00:00Z,SA-08,Northern Borders Region,ivt,kg m-1 s-1,169,169,30.185965,76.203163,128.02369,132.69184
handoff/mazu_like/mazu_like_20200702_00_lead072.nc,2020-07-02T00:00:00Z,72,2020-07-04T00:00:00Z,2020-07-05T00:00:00Z,SA-08,Northern Borders Region,wind850_speed,m s-1,169,169,3.1920056,5.7990752,10.084143,10.579367
handoff/mazu_like/mazu_like_20200702_00_lead072.nc,2020-07-02T00:00:00Z,72,2020-07-04T00:00:00Z,2020-07-05T00:00:00Z,SA-08,Northern Borders Region,wind_shear_850_200,m s-1,169,169,8.9380169,13.935348,18.758679,20.021429
handoff/mazu_like/mazu_like_20200702_00_lead072.nc,2020-07-02T00:00:00Z,72,2020-07-04T00:00:00Z,2020-07-05T00:00:00Z,SA-08,Northern Borders Region,omega500,Pa s-1,169,169,-0.10471595,0.047634068,0.086654681,0.10015266
handoff/mazu_like/mazu_like_20200702_00_lead072.nc,2020-07-02T00:00:00Z,72,2020-07-04T00:00:00Z,2020-07-05T00:00:00Z,SA-08,Northern Borders Region,geopotential_height500,gpm,169,169,5872.8203,5888.3614,5899.1013,5900.8628
handoff/mazu_like/mazu_like_20200706_00_lead024.nc,2020-07-06T00:00:00Z,24,2020-07-06T00:00:00Z,2020-07-07T00:00:00Z,SA-04,Eastern Region,daily_precip_total,mm,798,798,0,0.20859928,0.33607208,0.39948449
handoff/mazu_like/mazu_like_20200706_00_lead024.nc,2020-07-06T00:00:00Z,24,2020-07-06T00:00:00Z,2020-07-07T00:00:00Z,SA-04,Eastern Region,t2m_c,degC,798,798,35.263336,39.023741,39.879823,40.92569
handoff/mazu_like/mazu_like_20200706_00_lead024.nc,2020-07-06T00:00:00Z,24,2020-07-06T00:00:00Z,2020-07-07T00:00:00Z,SA-04,Eastern Region,tmax_c,degC,798,798,37.525421,46.037522,47.378952,48.129761
handoff/mazu_like/mazu_like_20200706_00_lead024.nc,2020-07-06T00:00:00Z,24,2020-07-06T00:00:00Z,2020-07-07T00:00:00Z,SA-04,Eastern Region,tmin_c,degC,798,798,30.24646,32.116782,33.453156,33.79129
handoff/mazu_like/mazu_like_20200706_00_lead024.nc,2020-07-06T00:00:00Z,24,2020-07-06T00:00:00Z,2020-07-07T00:00:00Z,SA-04,Eastern Region,wind10_speed,m s-1,798,798,1.4482337,2.7309885,3.7819363,4.5368013
handoff/mazu_like/mazu_like_20200706_00_lead024.nc,2020-07-06T00:00:00Z,24,2020-07-06T00:00:00Z,2020-07-07T00:00:00Z,SA-04,Eastern Region,pwat,kg m-2,798,798,17.564552,23.634147,32.936796,39.539412
handoff/mazu_like/mazu_like_20200706_00_lead024.nc,2020-07-06T00:00:00Z,24,2020-07-06T00:00:00Z,2020-07-07T00:00:00Z,SA-04,Eastern Region,ivt,kg m-1 s-1,798,798,27.565555,87.847904,135.38856,149.79888
handoff/mazu_like/mazu_like_20200706_00_lead024.nc,2020-07-06T00:00:00Z,24,2020-07-06T00:00:00Z,2020-07-07T00:00:00Z,SA-04,Eastern Region,wind850_speed,m s-1,798,798,0.9879961,3.2910895,7.2377079,11.107623
handoff/mazu_like/mazu_like_20200706_00_lead024.nc,2020-07-06T00:00:00Z,24,2020-07-06T00:00:00Z,2020-07-07T00:00:00Z,SA-04,Eastern Region,wind_shear_850_200,m s-1,798,798,4.1628542,9.3367259,14.065838,22.326117
handoff/mazu_like/mazu_like_20200706_00_lead024.nc,2020-07-06T00:00:00Z,24,2020-07-06T00:00:00Z,2020-07-07T00:00:00Z,SA-04,Eastern Region,omega500,Pa s-1,798,798,-0.068608478,0.0047745027,0.057940906,0.17167151
handoff/mazu_like/mazu_like_20200706_00_lead024.nc,2020-07-06T00:00:00Z,24,2020-07-06T00:00:00Z,2020-07-07T00:00:00Z,SA-04,Eastern Region,geopotential_height500,gpm,798,798,5845.0049,5868.0904,5876.7365,5878.7778
handoff/mazu_like/mazu_like_20200706_00_lead048.nc,2020-07-06T00:00:00Z,48,2020-07-07T00:00:00Z,2020-07-08T00:00:00Z,SA-04,Eastern Region,daily_precip_total,mm,798,798,0,0.37586667,0.50998274,0.58823979
handoff/mazu_like/mazu_like_20200706_00_lead048.nc,2020-07-06T00:00:00Z,48,2020-07-07T00:00:00Z,2020-07-08T00:00:00Z,SA-04,Eastern Region,t2m_c,degC,798,798,35.122772,39.39964,40.565186,40.772919
handoff/mazu_like/mazu_like_20200706_00_lead048.nc,2020-07-06T00:00:00Z,48,2020-07-07T00:00:00Z,2020-07-08T00:00:00Z,SA-04,Eastern Region,tmax_c,degC,798,798,36.867889,46.538078,47.848279,48.488251
handoff/mazu_like/mazu_like_20200706_00_lead048.nc,2020-07-06T00:00:00Z,48,2020-07-07T00:00:00Z,2020-07-08T00:00:00Z,SA-04,Eastern Region,tmin_c,degC,798,798,29.823242,32.501682,34.265752,34.829926
handoff/mazu_like/mazu_like_20200706_00_lead048.nc,2020-07-06T00:00:00Z,48,2020-07-07T00:00:00Z,2020-07-08T00:00:00Z,SA-04,Eastern Region,wind10_speed,m s-1,798,798,1.581075,2.8220479,3.90446,4.4631786
handoff/mazu_like/mazu_like_20200706_00_lead048.nc,2020-07-06T00:00:00Z,48,2020-07-07T00:00:00Z,2020-07-08T00:00:00Z,SA-04,Eastern Region,pwat,kg m-2,798,798,17.979862,23.605082,28.643683,34.689429
handoff/mazu_like/mazu_like_20200706_00_lead048.nc,2020-07-06T00:00:00Z,48,2020-07-07T00:00:00Z,2020-07-08T00:00:00Z,SA-04,Eastern Region,ivt,kg m-1 s-1,798,798,21.893886,86.664841,138.8174,178.06689
handoff/mazu_like/mazu_like_20200706_00_lead048.nc,2020-07-06T00:00:00Z,48,2020-07-07T00:00:00Z,2020-07-08T00:00:00Z,SA-04,Eastern Region,wind850_speed,m s-1,798,798,0.7869789,3.1890392,5.6864231,9.5254326
handoff/mazu_like/mazu_like_20200706_00_lead048.nc,2020-07-06T00:00:00Z,48,2020-07-07T00:00:00Z,2020-07-08T00:00:00Z,SA-04,Eastern Region,wind_shear_850_200,m s-1,798,798,2.2765653,8.5177436,13.987278,19.484447
handoff/mazu_like/mazu_like_20200706_00_lead048.nc,2020-07-06T00:00:00Z,48,2020-07-07T00:00:00Z,2020-07-08T00:00:00Z,SA-04,Eastern Region,omega500,Pa s-1,798,798,-0.13409099,-0.007244128,0.046174081,0.090699926
handoff/mazu_like/mazu_like_20200706_00_lead048.nc,2020-07-06T00:00:00Z,48,2020-07-07T00:00:00Z,2020-07-08T00:00:00Z,SA-04,Eastern Region,geopotential_height500,gpm,798,798,5862.2793,5883.3316,5892.0913,5894.2031
handoff/mazu_like/mazu_like_20200706_00_lead072.nc,2020-07-06T00:00:00Z,72,2020-07-08T00:00:00Z,2020-07-09T00:00:00Z,SA-04,Eastern Region,daily_precip_total,mm,798,798,0,0.38270349,0.54061257,0.68721384
handoff/mazu_like/mazu_like_20200706_00_lead072.nc,2020-07-06T00:00:00Z,72,2020-07-08T00:00:00Z,2020-07-09T00:00:00Z,SA-04,Eastern Region,t2m_c,degC,798,798,34.032257,39.238355,40.578447,40.991119
handoff/mazu_like/mazu_like_20200706_00_lead072.nc,2020-07-06T00:00:00Z,72,2020-07-08T00:00:00Z,2020-07-09T00:00:00Z,SA-04,Eastern Region,tmax_c,degC,798,798,35.823425,46.372583,47.985997,48.391327
handoff/mazu_like/mazu_like_20200706_00_lead072.nc,2020-07-06T00:00:00Z,72,2020-07-08T00:00:00Z,2020-07-09T00:00:00Z,SA-04,Eastern Region,tmin_c,degC,798,798,30.048157,32.578934,33.780286,34.611176
handoff/mazu_like/mazu_like_20200706_00_lead072.nc,2020-07-06T00:00:00Z,72,2020-07-08T00:00:00Z,2020-07-09T00:00:00Z,SA-04,Eastern Region,wind10_speed,m s-1,798,798,1.6855874,2.9956859,3.9491598,4.881597
handoff/mazu_like/mazu_like_20200706_00_lead072.nc,2020-07-06T00:00:00Z,72,2020-07-08T00:00:00Z,2020-07-09T00:00:00Z,SA-04,Eastern Region,pwat,kg m-2,798,798,18.635172,24.373352,27.555849,33.821833
handoff/mazu_like/mazu_like_20200706_00_lead072.nc,2020-07-06T00:00:00Z,72,2020-07-08T00:00:00Z,2020-07-09T00:00:00Z,SA-04,Eastern Region,ivt,kg m-1 s-1,798,798,22.189393,74.464765,138.05653,172.97582
handoff/mazu_like/mazu_like_20200706_00_lead072.nc,2020-07-06T00:00:00Z,72,2020-07-08T00:00:00Z,2020-07-09T00:00:00Z,SA-04,Eastern Region,wind850_speed,m s-1,798,798,0.72778296,3.2580708,4.6657635,5.4637856
handoff/mazu_like/mazu_like_20200706_00_lead072.nc,2020-07-06T00:00:00Z,72,2020-07-08T00:00:00Z,2020-07-09T00:00:00Z,SA-04,Eastern Region,wind_shear_850_200,m s-1,798,798,3.9191241,12.168117,19.653408,22.069969
handoff/mazu_like/mazu_like_20200706_00_lead072.nc,2020-07-06T00:00:00Z,72,2020-07-08T00:00:00Z,2020-07-09T00:00:00Z,SA-04,Eastern Region,omega500,Pa s-1,798,798,-0.066361859,0.001340217,0.07062468,0.10759438
handoff/mazu_like/mazu_like_20200706_00_lead072.nc,2020-07-06T00:00:00Z,72,2020-07-08T00:00:00Z,2020-07-09T00:00:00Z,SA-04,Eastern Region,geopotential_height500,gpm,798,798,5867.2739,5888.7668,5898.2458,5900.5908
handoff/mazu_like/mazu_like_20200711_00_lead024.nc,2020-07-11T00:00:00Z,24,2020-07-11T00:00:00Z,2020-07-12T00:00:00Z,SA-09,Jazan Region,daily_precip_total,mm,22,22,0,0.39636593,1.2543472,2.2278233
handoff/mazu_like/mazu_like_20200711_00_lead024.nc,2020-07-11T00:00:00Z,24,2020-07-11T00:00:00Z,2020-07-12T00:00:00Z,SA-09,Jazan Region,t2m_c,degC,22,22,26.940063,34.16869,36.472502,36.827515
handoff/mazu_like/mazu_like_20200711_00_lead024.nc,2020-07-11T00:00:00Z,24,2020-07-11T00:00:00Z,2020-07-12T00:00:00Z,SA-09,Jazan Region,tmax_c,degC,22,22,30.29184,37.761205,40.793613,41.220093
handoff/mazu_like/mazu_like_20200711_00_lead024.nc,2020-07-11T00:00:00Z,24,2020-07-11T00:00:00Z,2020-07-12T00:00:00Z,SA-09,Jazan Region,tmin_c,degC,22,22,22.770416,31.065419,33.353531,33.392944
handoff/mazu_like/mazu_like_20200711_00_lead024.nc,2020-07-11T00:00:00Z,24,2020-07-11T00:00:00Z,2020-07-12T00:00:00Z,SA-09,Jazan Region,wind10_speed,m s-1,22,22,1.5680345,2.7494397,4.5499604,5.1143756
handoff/mazu_like/mazu_like_20200711_00_lead024.nc,2020-07-11T00:00:00Z,24,2020-07-11T00:00:00Z,2020-07-12T00:00:00Z,SA-09,Jazan Region,pwat,kg m-2,22,22,32.492342,41.693143,46.166363,52.460763
handoff/mazu_like/mazu_like_20200711_00_lead024.nc,2020-07-11T00:00:00Z,24,2020-07-11T00:00:00Z,2020-07-12T00:00:00Z,SA-09,Jazan Region,ivt,kg m-1 s-1,22,22,97.085434,146.50232,205.67572,213.89437
handoff/mazu_like/mazu_like_20200711_00_lead024.nc,2020-07-11T00:00:00Z,24,2020-07-11T00:00:00Z,2020-07-12T00:00:00Z,SA-09,Jazan Region,wind850_speed,m s-1,22,22,1.6836958,5.5827893,10.5307,12.348462
handoff/mazu_like/mazu_like_20200711_00_lead024.nc,2020-07-11T00:00:00Z,24,2020-07-11T00:00:00Z,2020-07-12T00:00:00Z,SA-09,Jazan Region,wind_shear_850_200,m s-1,22,22,29.410669,31.955439,35.071184,35.231007
handoff/mazu_like/mazu_like_20200711_00_lead024.nc,2020-07-11T00:00:00Z,24,2020-07-11T00:00:00Z,2020-07-12T00:00:00Z,SA-09,Jazan Region,omega500,Pa s-1,22,22,-0.29408994,-0.073378251,-0.0073713353,0.017525816
handoff/mazu_like/mazu_like_20200711_00_lead024.nc,2020-07-11T00:00:00Z,24,2020-07-11T00:00:00Z,2020-07-12T00:00:00Z,SA-09,Jazan Region,geopotential_height500,gpm,22,22,5890.6729,5893.1333,5894.9811,5895.7729
handoff/mazu_like/mazu_like_20200711_00_lead024.nc,2020-07-11T00:00:00Z,24,2020-07-11T00:00:00Z,2020-07-12T00:00:00Z,SA-14,Asir Region,daily_precip_total,mm,104,104,0.011810094,0.24528112,0.57453807,1.237922
handoff/mazu_like/mazu_like_20200711_00_lead024.nc,2020-07-11T00:00:00Z,24,2020-07-11T00:00:00Z,2020-07-12T00:00:00Z,SA-14,Asir Region,t2m_c,degC,104,104,26.735718,32.281044,35.950304,36.60733
handoff/mazu_like/mazu_like_20200711_00_lead024.nc,2020-07-11T00:00:00Z,24,2020-07-11T00:00:00Z,2020-07-12T00:00:00Z,SA-14,Asir Region,tmax_c,degC,104,104,31.128265,37.739578,42.052066,43.089172
handoff/mazu_like/mazu_like_20200711_00_lead024.nc,2020-07-11T00:00:00Z,24,2020-07-11T00:00:00Z,2020-07-12T00:00:00Z,SA-14,Asir Region,tmin_c,degC,104,104,21.497803,27.469641,31.536064,32.043854
handoff/mazu_like/mazu_like_20200711_00_lead024.nc,2020-07-11T00:00:00Z,24,2020-07-11T00:00:00Z,2020-07-12T00:00:00Z,SA-14,Asir Region,wind10_speed,m s-1,104,104,1.4364606,4.570151,6.9074935,7.4008484
handoff/mazu_like/mazu_like_20200711_00_lead024.nc,2020-07-11T00:00:00Z,24,2020-07-11T00:00:00Z,2020-07-12T00:00:00Z,SA-14,Asir Region,pwat,kg m-2,104,104,18.869668,23.375402,34.088237,39.749951
handoff/mazu_like/mazu_like_20200711_00_lead024.nc,2020-07-11T00:00:00Z,24,2020-07-11T00:00:00Z,2020-07-12T00:00:00Z,SA-14,Asir Region,ivt,kg m-1 s-1,104,104,69.957568,116.48131,134.11223,147.26239
handoff/mazu_like/mazu_like_20200711_00_lead024.nc,2020-07-11T00:00:00Z,24,2020-07-11T00:00:00Z,2020-07-12T00:00:00Z,SA-14,Asir Region,wind850_speed,m s-1,104,104,1.7770417,6.9983525,12.505967,13.031753
handoff/mazu_like/mazu_like_20200711_00_lead024.nc,2020-07-11T00:00:00Z,24,2020-07-11T00:00:00Z,2020-07-12T00:00:00Z,SA-14,Asir Region,wind_shear_850_200,m s-1,104,104,26.729164,30.739745,34.669913,35.296696
handoff/mazu_like/mazu_like_20200711_00_lead024.nc,2020-07-11T00:00:00Z,24,2020-07-11T00:00:00Z,2020-07-12T00:00:00Z,SA-14,Asir Region,omega500,Pa s-1,104,104,-0.35438764,-0.028008643,0.10345939,0.15073618
handoff/mazu_like/mazu_like_20200711_00_lead024.nc,2020-07-11T00:00:00Z,24,2020-07-11T00:00:00Z,2020-07-12T00:00:00Z,SA-14,Asir Region,geopotential_height500,gpm,104,104,5889.4556,5893.4396,5896.3661,5897.2793
handoff/mazu_like/mazu_like_20200711_00_lead048.nc,2020-07-11T00:00:00Z,48,2020-07-12T00:00:00Z,2020-07-13T00:00:00Z,SA-09,Jazan Region,daily_precip_total,mm,22,22,0.032265801,0.28934661,0.76622164,0.83645815
handoff/mazu_like/mazu_like_20200711_00_lead048.nc,2020-07-11T00:00:00Z,48,2020-07-12T00:00:00Z,2020-07-13T00:00:00Z,SA-09,Jazan Region,t2m_c,degC,22,22,27.117096,34.352163,36.879648,37.158752
handoff/mazu_like/mazu_like_20200711_00_lead048.nc,2020-07-11T00:00:00Z,48,2020-07-12T00:00:00Z,2020-07-13T00:00:00Z,SA-09,Jazan Region,tmax_c,degC,22,22,30.220459,38.407656,42.310982,42.483856
handoff/mazu_like/mazu_like_20200711_00_lead048.nc,2020-07-11T00:00:00Z,48,2020-07-12T00:00:00Z,2020-07-13T00:00:00Z,SA-09,Jazan Region,tmin_c,degC,22,22,23.646881,31.111883,32.962823,33.087219
handoff/mazu_like/mazu_like_20200711_00_lead048.nc,2020-07-11T00:00:00Z,48,2020-07-12T00:00:00Z,2020-07-13T00:00:00Z,SA-09,Jazan Region,wind10_speed,m s-1,22,22,1.7231096,3.3147576,5.2756607,6.3266697
handoff/mazu_like/mazu_like_20200711_00_lead048.nc,2020-07-11T00:00:00Z,48,2020-07-12T00:00:00Z,2020-07-13T00:00:00Z,SA-09,Jazan Region,pwat,kg m-2,22,22,30.229147,36.800438,41.306111,46.093775
handoff/mazu_like/mazu_like_20200711_00_lead048.nc,2020-07-11T00:00:00Z,48,2020-07-12T00:00:00Z,2020-07-13T00:00:00Z,SA-09,Jazan Region,ivt,kg m-1 s-1,22,22,68.510271,146.929,217.47315,219.53435
handoff/mazu_like/mazu_like_20200711_00_lead048.nc,2020-07-11T00:00:00Z,48,2020-07-12T00:00:00Z,2020-07-13T00:00:00Z,SA-09,Jazan Region,wind850_speed,m s-1,22,22,1.8952341,8.4510184,14.670757,14.729104
handoff/mazu_like/mazu_like_20200711_00_lead048.nc,2020-07-11T00:00:00Z,48,2020-07-12T00:00:00Z,2020-07-13T00:00:00Z,SA-09,Jazan Region,wind_shear_850_200,m s-1,22,22,30.842024,35.264083,39.035073,39.051262
handoff/mazu_like/mazu_like_20200711_00_lead048.nc,2020-07-11T00:00:00Z,48,2020-07-12T00:00:00Z,2020-07-13T00:00:00Z,SA-09,Jazan Region,omega500,Pa s-1,22,22,-0.28635231,-0.044795111,0.037737326,0.042176865
handoff/mazu_like/mazu_like_20200711_00_lead048.nc,2020-07-11T00:00:00Z,48,2020-07-12T00:00:00Z,2020-07-13T00:00:00Z,SA-09,Jazan Region,geopotential_height500,gpm,22,22,5875.0366,5877.3693,5878.6749,5878.7568
handoff/mazu_like/mazu_like_20200711_00_lead048.nc,2020-07-11T00:00:00Z,48,2020-07-12T00:00:00Z,2020-07-13T00:00:00Z,SA-14,Asir Region,daily_precip_total,mm,104,104,0,0.33137895,0.73004289,1.1534766
handoff/mazu_like/mazu_like_20200711_00_lead048.nc,2020-07-11T00:00:00Z,48,2020-07-12T00:00:00Z,2020-07-13T00:00:00Z,SA-14,Asir Region,t2m_c,degC,104,104,25.709473,32.291026,36.070375,36.505402
handoff/mazu_like/mazu_like_20200711_00_lead048.nc,2020-07-11T00:00:00Z,48,2020-07-12T00:00:00Z,2020-07-13T00:00:00Z,SA-14,Asir Region,tmax_c,degC,104,104,29.98172,37.743299,42.465862,43.177612
handoff/mazu_like/mazu_like_20200711_00_lead048.nc,2020-07-11T00:00:00Z,48,2020-07-12T00:00:00Z,2020-07-13T00:00:00Z,SA-14,Asir Region,tmin_c,degC,104,104,20.713074,27.459136,31.766914,32.600464
handoff/mazu_like/mazu_like_20200711_00_lead048.nc,2020-07-11T00:00:00Z,48,2020-07-12T00:00:00Z,2020-07-13T00:00:00Z,SA-14,Asir Region,wind10_speed,m s-1,104,104,1.7014865,4.3344314,5.8677911,6.2184677
handoff/mazu_like/mazu_like_20200711_00_lead048.nc,2020-07-11T00:00:00Z,48,2020-07-12T00:00:00Z,2020-07-13T00:00:00Z,SA-14,Asir Region,pwat,kg m-2,104,104,16.833881,23.811753,30.974696,34.65903
handoff/mazu_like/mazu_like_20200711_00_lead048.nc,2020-07-11T00:00:00Z,48,2020-07-12T00:00:00Z,2020-07-13T00:00:00Z,SA-14,Asir Region,ivt,kg m-1 s-1,104,104,56.188721,107.27185,144.09243,169.1917
handoff/mazu_like/mazu_like_20200711_00_lead048.nc,2020-07-11T00:00:00Z,48,2020-07-12T00:00:00Z,2020-07-13T00:00:00Z,SA-14,Asir Region,wind850_speed,m s-1,104,104,1.8325657,6.809941,10.972943,12.003278
handoff/mazu_like/mazu_like_20200711_00_lead048.nc,2020-07-11T00:00:00Z,48,2020-07-12T00:00:00Z,2020-07-13T00:00:00Z,SA-14,Asir Region,wind_shear_850_200,m s-1,104,104,28.258404,31.532694,33.700517,35.889198
handoff/mazu_like/mazu_like_20200711_00_lead048.nc,2020-07-11T00:00:00Z,48,2020-07-12T00:00:00Z,2020-07-13T00:00:00Z,SA-14,Asir Region,omega500,Pa s-1,104,104,-0.25919297,-0.03833922,0.10097417,0.14195959
handoff/mazu_like/mazu_like_20200711_00_lead048.nc,2020-07-11T00:00:00Z,48,2020-07-12T00:00:00Z,2020-07-13T00:00:00Z,SA-14,Asir Region,geopotential_height500,gpm,104,104,5870.2983,5875.619,5879.8267,5880.6553
handoff/mazu_like/mazu_like_20200711_00_lead072.nc,2020-07-11T00:00:00Z,72,2020-07-13T00:00:00Z,2020-07-14T00:00:00Z,SA-09,Jazan Region,daily_precip_total,mm,22,22,0.13624534,0.30715433,0.49869089,0.59177041
handoff/mazu_like/mazu_like_20200711_00_lead072.nc,2020-07-11T00:00:00Z,72,2020-07-13T00:00:00Z,2020-07-14T00:00:00Z,SA-09,Jazan Region,t2m_c,degC,22,22,26.821564,34.159662,36.164134,36.873383
handoff/mazu_like/mazu_like_20200711_00_lead072.nc,2020-07-11T00:00:00Z,72,2020-07-13T00:00:00Z,2020-07-14T00:00:00Z,SA-09,Jazan Region,tmax_c,degC,22,22,30.291809,37.886119,40.668567,41.790833
handoff/mazu_like/mazu_like_20200711_00_lead072.nc,2020-07-11T00:00:00Z,72,2020-07-13T00:00:00Z,2020-07-14T00:00:00Z,SA-09,Jazan Region,tmin_c,degC,22,22,23.341156,30.961085,32.893318,33.12796
handoff/mazu_like/mazu_like_20200711_00_lead072.nc,2020-07-11T00:00:00Z,72,2020-07-13T00:00:00Z,2020-07-14T00:00:00Z,SA-09,Jazan Region,wind10_speed,m s-1,22,22,2.0815721,3.8446879,5.9576783,6.5506873
handoff/mazu_like/mazu_like_20200711_00_lead072.nc,2020-07-11T00:00:00Z,72,2020-07-13T00:00:00Z,2020-07-14T00:00:00Z,SA-09,Jazan Region,pwat,kg m-2,22,22,33.416365,37.017134,39.345166,42.048109
handoff/mazu_like/mazu_like_20200711_00_lead072.nc,2020-07-11T00:00:00Z,72,2020-07-13T00:00:00Z,2020-07-14T00:00:00Z,SA-09,Jazan Region,ivt,kg m-1 s-1,22,22,60.927559,148.15858,219.12129,223.10853
handoff/mazu_like/mazu_like_20200711_00_lead072.nc,2020-07-11T00:00:00Z,72,2020-07-13T00:00:00Z,2020-07-14T00:00:00Z,SA-09,Jazan Region,wind850_speed,m s-1,22,22,2.4520531,7.908912,12.02963,12.256867
handoff/mazu_like/mazu_like_20200711_00_lead072.nc,2020-07-11T00:00:00Z,72,2020-07-13T00:00:00Z,2020-07-14T00:00:00Z,SA-09,Jazan Region,wind_shear_850_200,m s-1,22,22,30.400433,34.618616,36.886509,36.951042
handoff/mazu_like/mazu_like_20200711_00_lead072.nc,2020-07-11T00:00:00Z,72,2020-07-13T00:00:00Z,2020-07-14T00:00:00Z,SA-09,Jazan Region,omega500,Pa s-1,22,22,-0.10560104,0.00067447177,0.04567702,0.061670698
handoff/mazu_like/mazu_like_20200711_00_lead072.nc,2020-07-11T00:00:00Z,72,2020-07-13T00:00:00Z,2020-07-14T00:00:00Z,SA-09,Jazan Region,geopotential_height500,gpm,22,22,5866.9385,5870.2088,5871.3708,5872.1318
handoff/mazu_like/mazu_like_20200711_00_lead072.nc,2020-07-11T00:00:00Z,72,2020-07-13T00:00:00Z,2020-07-14T00:00:00Z,SA-14,Asir Region,daily_precip_total,mm,104,104,0,0.36162509,0.52771028,0.61942881
handoff/mazu_like/mazu_like_20200711_00_lead072.nc,2020-07-11T00:00:00Z,72,2020-07-13T00:00:00Z,2020-07-14T00:00:00Z,SA-14,Asir Region,t2m_c,degC,104,104,24.394806,31.444667,35.734122,36.174164
handoff/mazu_like/mazu_like_20200711_00_lead072.nc,2020-07-11T00:00:00Z,72,2020-07-13T00:00:00Z,2020-07-14T00:00:00Z,SA-14,Asir Region,tmax_c,degC,104,104,28.550415,36.632932,41.956279,42.406311
handoff/mazu_like/mazu_like_20200711_00_lead072.nc,2020-07-11T00:00:00Z,72,2020-07-13T00:00:00Z,2020-07-14T00:00:00Z,SA-14,Asir Region,tmin_c,degC,104,104,20.050629,26.485692,31.163721,31.754578
handoff/mazu_like/mazu_like_20200711_00_lead072.nc,2020-07-11T00:00:00Z,72,2020-07-13T00:00:00Z,2020-07-14T00:00:00Z,SA-14,Asir Region,wind10_speed,m s-1,104,104,1.9612274,4.6815716,6.1396327,6.3143539
handoff/mazu_like/mazu_like_20200711_00_lead072.nc,2020-07-11T00:00:00Z,72,2020-07-13T00:00:00Z,2020-07-14T00:00:00Z,SA-14,Asir Region,pwat,kg m-2,104,104,22.021253,28.945819,34.897685,37.534773
handoff/mazu_like/mazu_like_20200711_00_lead072.nc,2020-07-11T00:00:00Z,72,2020-07-13T00:00:00Z,2020-07-14T00:00:00Z,SA-14,Asir Region,ivt,kg m-1 s-1,104,104,37.26764,111.4314,161.31589,169.86169
handoff/mazu_like/mazu_like_20200711_00_lead072.nc,2020-07-11T00:00:00Z,72,2020-07-13T00:00:00Z,2020-07-14T00:00:00Z,SA-14,Asir Region,wind850_speed,m s-1,104,104,1.9103372,6.8688135,10.933828,12.094562
handoff/mazu_like/mazu_like_20200711_00_lead072.nc,2020-07-11T00:00:00Z,72,2020-07-13T00:00:00Z,2020-07-14T00:00:00Z,SA-14,Asir Region,wind_shear_850_200,m s-1,104,104,25.813461,29.669767,31.486831,33.703789
handoff/mazu_like/mazu_like_20200711_00_lead072.nc,2020-07-11T00:00:00Z,72,2020-07-13T00:00:00Z,2020-07-14T00:00:00Z,SA-14,Asir Region,omega500,Pa s-1,104,104,-0.14020474,-0.010064892,0.065990013,0.10289916
handoff/mazu_like/mazu_like_20200711_00_lead072.nc,2020-07-11T00:00:00Z,72,2020-07-13T00:00:00Z,2020-07-14T00:00:00Z,SA-14,Asir Region,geopotential_height500,gpm,104,104,5865.4307,5869.7733,5872.4134,5873.7515
handoff/mazu_like/mazu_like_20200715_00_lead024.nc,2020-07-15T00:00:00Z,24,2020-07-15T00:00:00Z,2020-07-16T00:00:00Z,SA-04,Eastern Region,daily_precip_total,mm,798,798,0,0.21950648,0.35124944,0.41913256
handoff/mazu_like/mazu_like_20200715_00_lead024.nc,2020-07-15T00:00:00Z,24,2020-07-15T00:00:00Z,2020-07-16T00:00:00Z,SA-04,Eastern Region,t2m_c,degC,798,798,37.0784,39.689159,40.539565,41.206848
handoff/mazu_like/mazu_like_20200715_00_lead024.nc,2020-07-15T00:00:00Z,24,2020-07-15T00:00:00Z,2020-07-16T00:00:00Z,SA-04,Eastern Region,tmax_c,degC,798,798,38.025024,46.020343,47.150662,47.497131
handoff/mazu_like/mazu_like_20200715_00_lead024.nc,2020-07-15T00:00:00Z,24,2020-07-15T00:00:00Z,2020-07-16T00:00:00Z,SA-04,Eastern Region,tmin_c,degC,798,798,29.843658,33.424545,35.13018,36.33847
handoff/mazu_like/mazu_like_20200715_00_lead024.nc,2020-07-15T00:00:00Z,24,2020-07-15T00:00:00Z,2020-07-16T00:00:00Z,SA-04,Eastern Region,wind10_speed,m s-1,798,798,1.2928402,3.2483981,4.9015246,6.4479265
handoff/mazu_like/mazu_like_20200715_00_lead024.nc,2020-07-15T00:00:00Z,24,2020-07-15T00:00:00Z,2020-07-16T00:00:00Z,SA-04,Eastern Region,pwat,kg m-2,798,798,24.303535,31.308596,39.038411,43.223643
handoff/mazu_like/mazu_like_20200715_00_lead024.nc,2020-07-15T00:00:00Z,24,2020-07-15T00:00:00Z,2020-07-16T00:00:00Z,SA-04,Eastern Region,ivt,kg m-1 s-1,798,798,40.597469,165.55726,270.568,322.91472
handoff/mazu_like/mazu_like_20200715_00_lead024.nc,2020-07-15T00:00:00Z,24,2020-07-15T00:00:00Z,2020-07-16T00:00:00Z,SA-04,Eastern Region,wind850_speed,m s-1,798,798,2.0765774,5.8963285,10.202821,13.503251
handoff/mazu_like/mazu_like_20200715_00_lead024.nc,2020-07-15T00:00:00Z,24,2020-07-15T00:00:00Z,2020-07-16T00:00:00Z,SA-04,Eastern Region,wind_shear_850_200,m s-1,798,798,4.1704278,11.806235,18.03803,19.693031
handoff/mazu_like/mazu_like_20200715_00_lead024.nc,2020-07-15T00:00:00Z,24,2020-07-15T00:00:00Z,2020-07-16T00:00:00Z,SA-04,Eastern Region,omega500,Pa s-1,798,798,-0.11156455,-0.0075049857,0.068286914,0.12974837
handoff/mazu_like/mazu_like_20200715_00_lead024.nc,2020-07-15T00:00:00Z,24,2020-07-15T00:00:00Z,2020-07-16T00:00:00Z,SA-04,Eastern Region,geopotential_height500,gpm,798,798,5873.0361,5888.2997,5897.8217,5900.9136
handoff/mazu_like/mazu_like_20200715_00_lead048.nc,2020-07-15T00:00:00Z,48,2020-07-16T00:00:00Z,2020-07-17T00:00:00Z,SA-04,Eastern Region,daily_precip_total,mm,798,798,0.10020021,0.36228507,0.4867373,0.5625912
handoff/mazu_like/mazu_like_20200715_00_lead048.nc,2020-07-15T00:00:00Z,48,2020-07-16T00:00:00Z,2020-07-17T00:00:00Z,SA-04,Eastern Region,t2m_c,degC,798,798,35.594971,39.036503,40.204599,40.921478
handoff/mazu_like/mazu_like_20200715_00_lead048.nc,2020-07-15T00:00:00Z,48,2020-07-16T00:00:00Z,2020-07-17T00:00:00Z,SA-04,Eastern Region,tmax_c,degC,798,798,36.835144,45.216126,46.327307,46.84787
handoff/mazu_like/mazu_like_20200715_00_lead048.nc,2020-07-15T00:00:00Z,48,2020-07-16T00:00:00Z,2020-07-17T00:00:00Z,SA-04,Eastern Region,tmin_c,degC,798,798,30.242249,33.102283,35.019276,36.266327
handoff/mazu_like/mazu_like_20200715_00_lead048.nc,2020-07-15T00:00:00Z,48,2020-07-16T00:00:00Z,2020-07-17T00:00:00Z,SA-04,Eastern Region,wind10_speed,m s-1,798,798,0.89586359,4.2127147,5.8497613,6.9688587
handoff/mazu_like/mazu_like_20200715_00_lead048.nc,2020-07-15T00:00:00Z,48,2020-07-16T00:00:00Z,2020-07-17T00:00:00Z,SA-04,Eastern Region,pwat,kg m-2,798,798,16.904698,29.318817,37.282883,40.419365
handoff/mazu_like/mazu_like_20200715_00_lead048.nc,2020-07-15T00:00:00Z,48,2020-07-16T00:00:00Z,2020-07-17T00:00:00Z,SA-04,Eastern Region,ivt,kg m-1 s-1,798,798,51.519943,183.90829,294.66974,317.26572
handoff/mazu_like/mazu_like_20200715_00_lead048.nc,2020-07-15T00:00:00Z,48,2020-07-16T00:00:00Z,2020-07-17T00:00:00Z,SA-04,Eastern Region,wind850_speed,m s-1,798,798,2.3347445,7.7030414,12.009942,12.949112
handoff/mazu_like/mazu_like_20200715_00_lead048.nc,2020-07-15T00:00:00Z,48,2020-07-16T00:00:00Z,2020-07-17T00:00:00Z,SA-04,Eastern Region,wind_shear_850_200,m s-1,798,798,6.1828957,13.733787,18.21593,22.629456
handoff/mazu_like/mazu_like_20200715_00_lead048.nc,2020-07-15T00:00:00Z,48,2020-07-16T00:00:00Z,2020-07-17T00:00:00Z,SA-04,Eastern Region,omega500,Pa s-1,798,798,-0.074695528,-0.0013003607,0.051886087,0.099907815
handoff/mazu_like/mazu_like_20200715_00_lead048.nc,2020-07-15T00:00:00Z,48,2020-07-16T00:00:00Z,2020-07-17T00:00:00Z,SA-04,Eastern Region,geopotential_height500,gpm,798,798,5850.4199,5865.4377,5876.3683,5879.3213
handoff/mazu_like/mazu_like_20200715_00_lead072.nc,2020-07-15T00:00:00Z,72,2020-07-17T00:00:00Z,2020-07-18T00:00:00Z,SA-04,Eastern Region,daily_precip_total,mm,798,798,0.064705342,0.50419176,0.92812231,1.2241772
handoff/mazu_like/mazu_like_20200715_00_lead072.nc,2020-07-15T00:00:00Z,72,2020-07-17T00:00:00Z,2020-07-18T00:00:00Z,SA-04,Eastern Region,t2m_c,degC,798,798,35.315369,38.703625,39.891273,40.828796
handoff/mazu_like/mazu_like_20200715_00_lead072.nc,2020-07-15T00:00:00Z,72,2020-07-17T00:00:00Z,2020-07-18T00:00:00Z,SA-04,Eastern Region,tmax_c,degC,798,798,37.171478,44.946914,45.934428,47.112854
handoff/mazu_like/mazu_like_20200715_00_lead072.nc,2020-07-15T00:00:00Z,72,2020-07-17T00:00:00Z,2020-07-18T00:00:00Z,SA-04,Eastern Region,tmin_c,degC,798,798,29.427551,32.723828,35.348041,35.783936
handoff/mazu_like/mazu_like_20200715_00_lead072.nc,2020-07-15T00:00:00Z,72,2020-07-17T00:00:00Z,2020-07-18T00:00:00Z,SA-04,Eastern Region,wind10_speed,m s-1,798,798,1.8248392,4.0427997,5.7663965,6.8797789
handoff/mazu_like/mazu_like_20200715_00_lead072.nc,2020-07-15T00:00:00Z,72,2020-07-17T00:00:00Z,2020-07-18T00:00:00Z,SA-04,Eastern Region,pwat,kg m-2,798,798,15.426296,28.649383,46.204772,49.012607
handoff/mazu_like/mazu_like_20200715_00_lead072.nc,2020-07-15T00:00:00Z,72,2020-07-17T00:00:00Z,2020-07-18T00:00:00Z,SA-04,Eastern Region,ivt,kg m-1 s-1,798,798,100.28928,171.13842,262.70557,287.67465
handoff/mazu_like/mazu_like_20200715_00_lead072.nc,2020-07-15T00:00:00Z,72,2020-07-17T00:00:00Z,2020-07-18T00:00:00Z,SA-04,Eastern Region,wind850_speed,m s-1,798,798,1.2253773,7.4663922,11.163789,12.313774
handoff/mazu_like/mazu_like_20200715_00_lead072.nc,2020-07-15T00:00:00Z,72,2020-07-17T00:00:00Z,2020-07-18T00:00:00Z,SA-04,Eastern Region,wind_shear_850_200,m s-1,798,798,12.801034,15.270606,17.35427,18.278622
handoff/mazu_like/mazu_like_20200715_00_lead072.nc,2020-07-15T00:00:00Z,72,2020-07-17T00:00:00Z,2020-07-18T00:00:00Z,SA-04,Eastern Region,omega500,Pa s-1,798,798,-0.10008909,0.00087460492,0.078928813,0.11878435
handoff/mazu_like/mazu_like_20200715_00_lead072.nc,2020-07-15T00:00:00Z,72,2020-07-17T00:00:00Z,2020-07-18T00:00:00Z,SA-04,Eastern Region,geopotential_height500,gpm,798,798,5845.1226,5858.6178,5867.6869,5869.7422
handoff/mazu_like/mazu_like_20200725_00_lead024.nc,2020-07-25T00:00:00Z,24,2020-07-25T00:00:00Z,2020-07-26T00:00:00Z,SA-09,Jazan Region,daily_precip_total,mm,22,22,0.077933148,0.87718874,2.871065,6.5699673
handoff/mazu_like/mazu_like_20200725_00_lead024.nc,2020-07-25T00:00:00Z,24,2020-07-25T00:00:00Z,2020-07-26T00:00:00Z,SA-09,Jazan Region,t2m_c,degC,22,22,24.380371,32.321994,34.73448,35.381287
handoff/mazu_like/mazu_like_20200725_00_lead024.nc,2020-07-25T00:00:00Z,24,2020-07-25T00:00:00Z,2020-07-26T00:00:00Z,SA-09,Jazan Region,tmax_c,degC,22,22,28.230255,35.870508,38.932094,39.394226
handoff/mazu_like/mazu_like_20200725_00_lead024.nc,2020-07-25T00:00:00Z,24,2020-07-25T00:00:00Z,2020-07-26T00:00:00Z,SA-09,Jazan Region,tmin_c,degC,22,22,21.16748,29.878352,32.169826,32.841034
handoff/mazu_like/mazu_like_20200725_00_lead024.nc,2020-07-25T00:00:00Z,24,2020-07-25T00:00:00Z,2020-07-26T00:00:00Z,SA-09,Jazan Region,wind10_speed,m s-1,22,22,1.4958993,2.0194186,2.452447,2.5268734
handoff/mazu_like/mazu_like_20200725_00_lead024.nc,2020-07-25T00:00:00Z,24,2020-07-25T00:00:00Z,2020-07-26T00:00:00Z,SA-09,Jazan Region,pwat,kg m-2,22,22,49.638308,54.323339,57.674489,60.835731
handoff/mazu_like/mazu_like_20200725_00_lead024.nc,2020-07-25T00:00:00Z,24,2020-07-25T00:00:00Z,2020-07-26T00:00:00Z,SA-09,Jazan Region,ivt,kg m-1 s-1,22,22,157.09585,199.26235,228.13463,240.746
handoff/mazu_like/mazu_like_20200725_00_lead024.nc,2020-07-25T00:00:00Z,24,2020-07-25T00:00:00Z,2020-07-26T00:00:00Z,SA-09,Jazan Region,wind850_speed,m s-1,22,22,1.5289282,4.3993511,7.3819096,8.1063948
handoff/mazu_like/mazu_like_20200725_00_lead024.nc,2020-07-25T00:00:00Z,24,2020-07-25T00:00:00Z,2020-07-26T00:00:00Z,SA-09,Jazan Region,wind_shear_850_200,m s-1,22,22,19.251051,20.991816,22.396835,22.488848
handoff/mazu_like/mazu_like_20200725_00_lead024.nc,2020-07-25T00:00:00Z,24,2020-07-25T00:00:00Z,2020-07-26T00:00:00Z,SA-09,Jazan Region,omega500,Pa s-1,22,22,-0.12233324,-0.0090384305,0.057495462,0.087705843
handoff/mazu_like/mazu_like_20200725_00_lead024.nc,2020-07-25T00:00:00Z,24,2020-07-25T00:00:00Z,2020-07-26T00:00:00Z,SA-09,Jazan Region,geopotential_height500,gpm,22,22,5874.8345,5879.5586,5883.7177,5884.5625
handoff/mazu_like/mazu_like_20200725_00_lead024.nc,2020-07-25T00:00:00Z,24,2020-07-25T00:00:00Z,2020-07-26T00:00:00Z,SA-14,Asir Region,daily_precip_total,mm,104,104,0.0016944414,0.3858071,1.3933915,2.3551183
handoff/mazu_like/mazu_like_20200725_00_lead024.nc,2020-07-25T00:00:00Z,24,2020-07-25T00:00:00Z,2020-07-26T00:00:00Z,SA-14,Asir Region,t2m_c,degC,104,104,24.436401,31.293966,35.539456,36.035309
handoff/mazu_like/mazu_like_20200725_00_lead024.nc,2020-07-25T00:00:00Z,24,2020-07-25T00:00:00Z,2020-07-26T00:00:00Z,SA-14,Asir Region,tmax_c,degC,104,104,29.44046,36.253351,40.270299,40.855927
handoff/mazu_like/mazu_like_20200725_00_lead024.nc,2020-07-25T00:00:00Z,24,2020-07-25T00:00:00Z,2020-07-26T00:00:00Z,SA-14,Asir Region,tmin_c,degC,104,104,20.757233,27.279238,31.479256,32.072815
handoff/mazu_like/mazu_like_20200725_00_lead024.nc,2020-07-25T00:00:00Z,24,2020-07-25T00:00:00Z,2020-07-26T00:00:00Z,SA-14,Asir Region,wind10_speed,m s-1,104,104,0.87739778,3.1975603,4.2685821,4.492116
handoff/mazu_like/mazu_like_20200725_00_lead024.nc,2020-07-25T00:00:00Z,24,2020-07-25T00:00:00Z,2020-07-26T00:00:00Z,SA-14,Asir Region,pwat,kg m-2,104,104,33.711524,40.062206,50.307695,53.59858
handoff/mazu_like/mazu_like_20200725_00_lead024.nc,2020-07-25T00:00:00Z,24,2020-07-25T00:00:00Z,2020-07-26T00:00:00Z,SA-14,Asir Region,ivt,kg m-1 s-1,104,104,166.62879,232.21314,272.20127,281.61605
handoff/mazu_like/mazu_like_20200725_00_lead024.nc,2020-07-25T00:00:00Z,24,2020-07-25T00:00:00Z,2020-07-26T00:00:00Z,SA-14,Asir Region,wind850_speed,m s-1,104,104,0.70184124,4.6813813,7.6163324,8.2446127
handoff/mazu_like/mazu_like_20200725_00_lead024.nc,2020-07-25T00:00:00Z,24,2020-07-25T00:00:00Z,2020-07-26T00:00:00Z,SA-14,Asir Region,wind_shear_850_200,m s-1,104,104,5.8618946,11.403378,17.911621,20.049603
handoff/mazu_like/mazu_like_20200725_00_lead024.nc,2020-07-25T00:00:00Z,24,2020-07-25T00:00:00Z,2020-07-26T00:00:00Z,SA-14,Asir Region,omega500,Pa s-1,104,104,-0.10034694,0.030547351,0.13805932,0.23301066
handoff/mazu_like/mazu_like_20200725_00_lead024.nc,2020-07-25T00:00:00Z,24,2020-07-25T00:00:00Z,2020-07-26T00:00:00Z,SA-14,Asir Region,geopotential_height500,gpm,104,104,5877.2178,5884.3183,5889.484,5891.5635
handoff/mazu_like/mazu_like_20200725_00_lead048.nc,2020-07-25T00:00:00Z,48,2020-07-26T00:00:00Z,2020-07-27T00:00:00Z,SA-09,Jazan Region,daily_precip_total,mm,22,22,1.602069,5.836223,14.211132,20.816193
handoff/mazu_like/mazu_like_20200725_00_lead048.nc,2020-07-25T00:00:00Z,48,2020-07-26T00:00:00Z,2020-07-27T00:00:00Z,SA-09,Jazan Region,t2m_c,degC,22,22,22.294891,30.404868,33.126074,33.461456
handoff/mazu_like/mazu_like_20200725_00_lead048.nc,2020-07-25T00:00:00Z,48,2020-07-26T00:00:00Z,2020-07-27T00:00:00Z,SA-09,Jazan Region,tmax_c,degC,22,22,24.979126,32.884551,36.01494,36.178772
handoff/mazu_like/mazu_like_20200725_00_lead048.nc,2020-07-25T00:00:00Z,48,2020-07-26T00:00:00Z,2020-07-27T00:00:00Z,SA-09,Jazan Region,tmin_c,degC,22,22,19.582672,27.753251,30.52868,30.646179
handoff/mazu_like/mazu_like_20200725_00_lead048.nc,2020-07-25T00:00:00Z,48,2020-07-26T00:00:00Z,2020-07-27T00:00:00Z,SA-09,Jazan Region,wind10_speed,m s-1,22,22,1.1692436,1.7293152,2.3618713,2.3813763
handoff/mazu_like/mazu_like_20200725_00_lead048.nc,2020-07-25T00:00:00Z,48,2020-07-26T00:00:00Z,2020-07-27T00:00:00Z,SA-09,Jazan Region,pwat,kg m-2,22,22,54.88589,60.33979,62.621892,63.603761
handoff/mazu_like/mazu_like_20200725_00_lead048.nc,2020-07-25T00:00:00Z,48,2020-07-26T00:00:00Z,2020-07-27T00:00:00Z,SA-09,Jazan Region,ivt,kg m-1 s-1,22,22,151.1305,196.47939,254.9386,271.74893
handoff/mazu_like/mazu_like_20200725_00_lead048.nc,2020-07-25T00:00:00Z,48,2020-07-26T00:00:00Z,2020-07-27T00:00:00Z,SA-09,Jazan Region,wind850_speed,m s-1,22,22,1.5114393,4.9845416,8.7464839,9.4475327
handoff/mazu_like/mazu_like_20200725_00_lead048.nc,2020-07-25T00:00:00Z,48,2020-07-26T00:00:00Z,2020-07-27T00:00:00Z,SA-09,Jazan Region,wind_shear_850_200,m s-1,22,22,18.337053,20.951471,23.206592,23.819233
handoff/mazu_like/mazu_like_20200725_00_lead048.nc,2020-07-25T00:00:00Z,48,2020-07-26T00:00:00Z,2020-07-27T00:00:00Z,SA-09,Jazan Region,omega500,Pa s-1,22,22,-0.26724616,-0.088086675,-0.0024842646,-0.00029410049
handoff/mazu_like/mazu_like_20200725_00_lead048.nc,2020-07-25T00:00:00Z,48,2020-07-26T00:00:00Z,2020-07-27T00:00:00Z,SA-09,Jazan Region,geopotential_height500,gpm,22,22,5875.3662,5879.148,5881.9273,5882.8877
handoff/mazu_like/mazu_like_20200725_00_lead048.nc,2020-07-25T00:00:00Z,48,2020-07-26T00:00:00Z,2020-07-27T00:00:00Z,SA-14,Asir Region,daily_precip_total,mm,104,104,0.34611702,2.0857298,8.6279548,16.863031
handoff/mazu_like/mazu_like_20200725_00_lead048.nc,2020-07-25T00:00:00Z,48,2020-07-26T00:00:00Z,2020-07-27T00:00:00Z,SA-14,Asir Region,t2m_c,degC,104,104,22.036285,29.811839,34.477612,35.123169
handoff/mazu_like/mazu_like_20200725_00_lead048.nc,2020-07-25T00:00:00Z,48,2020-07-26T00:00:00Z,2020-07-27T00:00:00Z,SA-14,Asir Region,tmax_c,degC,104,104,25.017334,34.30986,39.467395,40.384888
handoff/mazu_like/mazu_like_20200725_00_lead048.nc,2020-07-25T00:00:00Z,48,2020-07-26T00:00:00Z,2020-07-27T00:00:00Z,SA-14,Asir Region,tmin_c,degC,104,104,18.658966,25.481384,29.90623,31.359436
handoff/mazu_like/mazu_like_20200725_00_lead048.nc,2020-07-25T00:00:00Z,48,2020-07-26T00:00:00Z,2020-07-27T00:00:00Z,SA-14,Asir Region,wind10_speed,m s-1,104,104,0.73103786,2.4735554,3.6041613,3.7891831
handoff/mazu_like/mazu_like_20200725_00_lead048.nc,2020-07-25T00:00:00Z,48,2020-07-26T00:00:00Z,2020-07-27T00:00:00Z,SA-14,Asir Region,pwat,kg m-2,104,104,41.069732,44.902778,55.140404,59.492579
handoff/mazu_like/mazu_like_20200725_00_lead048.nc,2020-07-25T00:00:00Z,48,2020-07-26T00:00:00Z,2020-07-27T00:00:00Z,SA-14,Asir Region,ivt,kg m-1 s-1,104,104,143.82162,211.10754,249.64724,258.25712
handoff/mazu_like/mazu_like_20200725_00_lead048.nc,2020-07-25T00:00:00Z,48,2020-07-26T00:00:00Z,2020-07-27T00:00:00Z,SA-14,Asir Region,wind850_speed,m s-1,104,104,0.76855224,3.88044,6.9264191,7.8320255
handoff/mazu_like/mazu_like_20200725_00_lead048.nc,2020-07-25T00:00:00Z,48,2020-07-26T00:00:00Z,2020-07-27T00:00:00Z,SA-14,Asir Region,wind_shear_850_200,m s-1,104,104,9.0895166,14.213047,20.185627,21.853033
handoff/mazu_like/mazu_like_20200725_00_lead048.nc,2020-07-25T00:00:00Z,48,2020-07-26T00:00:00Z,2020-07-27T00:00:00Z,SA-14,Asir Region,omega500,Pa s-1,104,104,-0.16715471,-0.013373102,0.049615975,0.076762043
handoff/mazu_like/mazu_like_20200725_00_lead048.nc,2020-07-25T00:00:00Z,48,2020-07-26T00:00:00Z,2020-07-27T00:00:00Z,SA-14,Asir Region,geopotential_height500,gpm,104,104,5877.5337,5885.035,5890.6683,5891.6846
handoff/mazu_like/mazu_like_20200725_00_lead072.nc,2020-07-25T00:00:00Z,72,2020-07-27T00:00:00Z,2020-07-28T00:00:00Z,SA-09,Jazan Region,daily_precip_total,mm,22,22,6.2493529,18.436254,31.197607,44.958309
handoff/mazu_like/mazu_like_20200725_00_lead072.nc,2020-07-25T00:00:00Z,72,2020-07-27T00:00:00Z,2020-07-28T00:00:00Z,SA-09,Jazan Region,t2m_c,degC,22,22,21.948395,28.459554,31.59088,31.880615
handoff/mazu_like/mazu_like_20200725_00_lead072.nc,2020-07-25T00:00:00Z,72,2020-07-27T00:00:00Z,2020-07-28T00:00:00Z,SA-09,Jazan Region,tmax_c,degC,22,22,24.393097,30.771906,34.162982,34.529175
handoff/mazu_like/mazu_like_20200725_00_lead072.nc,2020-07-25T00:00:00Z,72,2020-07-27T00:00:00Z,2020-07-28T00:00:00Z,SA-09,Jazan Region,tmin_c,degC,22,22,19.332977,26.111435,29.340939,29.39325
handoff/mazu_like/mazu_like_20200725_00_lead072.nc,2020-07-25T00:00:00Z,72,2020-07-27T00:00:00Z,2020-07-28T00:00:00Z,SA-09,Jazan Region,wind10_speed,m s-1,22,22,1.0576497,1.6565009,2.9968676,3.3360069
handoff/mazu_like/mazu_like_20200725_00_lead072.nc,2020-07-25T00:00:00Z,72,2020-07-27T00:00:00Z,2020-07-28T00:00:00Z,SA-09,Jazan Region,pwat,kg m-2,22,22,59.071273,62.769545,64.22195,64.377386
handoff/mazu_like/mazu_like_20200725_00_lead072.nc,2020-07-25T00:00:00Z,72,2020-07-27T00:00:00Z,2020-07-28T00:00:00Z,SA-09,Jazan Region,ivt,kg m-1 s-1,22,22,221.42178,255.99051,305.27367,315.96813
handoff/mazu_like/mazu_like_20200725_00_lead072.nc,2020-07-25T00:00:00Z,72,2020-07-27T00:00:00Z,2020-07-28T00:00:00Z,SA-09,Jazan Region,wind850_speed,m s-1,22,22,1.3328567,5.1780267,8.4792077,8.8115253
handoff/mazu_like/mazu_like_20200725_00_lead072.nc,2020-07-25T00:00:00Z,72,2020-07-27T00:00:00Z,2020-07-28T00:00:00Z,SA-09,Jazan Region,wind_shear_850_200,m s-1,22,22,14.810445,17.651655,20.362193,20.465708
handoff/mazu_like/mazu_like_20200725_00_lead072.nc,2020-07-25T00:00:00Z,72,2020-07-27T00:00:00Z,2020-07-28T00:00:00Z,SA-09,Jazan Region,omega500,Pa s-1,22,22,-0.37866008,-0.21121988,-0.14885456,-0.1411678
handoff/mazu_like/mazu_like_20200725_00_lead072.nc,2020-07-25T00:00:00Z,72,2020-07-27T00:00:00Z,2020-07-28T00:00:00Z,SA-09,Jazan Region,geopotential_height500,gpm,22,22,5865.6147,5871.1345,5875.6011,5876.7051
handoff/mazu_like/mazu_like_20200725_00_lead072.nc,2020-07-25T00:00:00Z,72,2020-07-27T00:00:00Z,2020-07-28T00:00:00Z,SA-14,Asir Region,daily_precip_total,mm,104,104,0.62717652,3.7684413,16.079197,21.345135
handoff/mazu_like/mazu_like_20200725_00_lead072.nc,2020-07-25T00:00:00Z,72,2020-07-27T00:00:00Z,2020-07-28T00:00:00Z,SA-14,Asir Region,t2m_c,degC,104,104,21.537384,28.387489,33.526599,34.343506
handoff/mazu_like/mazu_like_20200725_00_lead072.nc,2020-07-25T00:00:00Z,72,2020-07-27T00:00:00Z,2020-07-28T00:00:00Z,SA-14,Asir Region,tmax_c,degC,104,104,24.009583,33.243296,38.712851,39.388336
handoff/mazu_like/mazu_like_20200725_00_lead072.nc,2020-07-25T00:00:00Z,72,2020-07-27T00:00:00Z,2020-07-28T00:00:00Z,SA-14,Asir Region,tmin_c,degC,104,104,17.369751,23.981232,29.189717,30.052826
handoff/mazu_like/mazu_like_20200725_00_lead072.nc,2020-07-25T00:00:00Z,72,2020-07-27T00:00:00Z,2020-07-28T00:00:00Z,SA-14,Asir Region,wind10_speed,m s-1,104,104,0.54594171,2.7509473,3.6035401,3.8117328
handoff/mazu_like/mazu_like_20200725_00_lead072.nc,2020-07-25T00:00:00Z,72,2020-07-27T00:00:00Z,2020-07-28T00:00:00Z,SA-14,Asir Region,pwat,kg m-2,104,104,45.876809,49.847811,60.154681,62.46283
handoff/mazu_like/mazu_like_20200725_00_lead072.nc,2020-07-25T00:00:00Z,72,2020-07-27T00:00:00Z,2020-07-28T00:00:00Z,SA-14,Asir Region,ivt,kg m-1 s-1,104,104,252.95904,322.25869,373.47976,384.87716
handoff/mazu_like/mazu_like_20200725_00_lead072.nc,2020-07-25T00:00:00Z,72,2020-07-27T00:00:00Z,2020-07-28T00:00:00Z,SA-14,Asir Region,wind850_speed,m s-1,104,104,0.72622967,3.6379383,5.6560447,7.0179811
handoff/mazu_like/mazu_like_20200725_00_lead072.nc,2020-07-25T00:00:00Z,72,2020-07-27T00:00:00Z,2020-07-28T00:00:00Z,SA-14,Asir Region,wind_shear_850_200,m s-1,104,104,11.528233,13.558488,17.526966,19.985937
handoff/mazu_like/mazu_like_20200725_00_lead072.nc,2020-07-25T00:00:00Z,72,2020-07-27T00:00:00Z,2020-07-28T00:00:00Z,SA-14,Asir Region,omega500,Pa s-1,104,104,-0.24914962,-0.098044829,-0.014014109,-0.0083967857
handoff/mazu_like/mazu_like_20200725_00_lead072.nc,2020-07-25T00:00:00Z,72,2020-07-27T00:00:00Z,2020-07-28T00:00:00Z,SA-14,Asir Region,geopotential_height500,gpm,104,104,5868.6777,5880.8838,5890.0484,5892.1914
handoff/mazu_like/mazu_like_20200729_00_lead024.nc,2020-07-29T00:00:00Z,24,2020-07-29T00:00:00Z,2020-07-30T00:00:00Z,SA-04,Eastern Region,daily_precip_total,mm,798,798,0,0.20257616,0.32255972,0.61226672
handoff/mazu_like/mazu_like_20200729_00_lead024.nc,2020-07-29T00:00:00Z,24,2020-07-29T00:00:00Z,2020-07-30T00:00:00Z,SA-04,Eastern Region,t2m_c,degC,798,798,32.539642,38.84272,41.02832,41.780182
handoff/mazu_like/mazu_like_20200729_00_lead024.nc,2020-07-29T00:00:00Z,24,2020-07-29T00:00:00Z,2020-07-30T00:00:00Z,SA-04,Eastern Region,tmax_c,degC,798,798,36.664154,43.819969,47.397266,48.690063
handoff/mazu_like/mazu_like_20200729_00_lead024.nc,2020-07-29T00:00:00Z,24,2020-07-29T00:00:00Z,2020-07-30T00:00:00Z,SA-04,Eastern Region,tmin_c,degC,798,798,28.738159,34.04103,34.976459,35.95694
handoff/mazu_like/mazu_like_20200729_00_lead024.nc,2020-07-29T00:00:00Z,24,2020-07-29T00:00:00Z,2020-07-30T00:00:00Z,SA-04,Eastern Region,wind10_speed,m s-1,798,798,1.1661022,2.5981734,3.4134538,4.6147642
handoff/mazu_like/mazu_like_20200729_00_lead024.nc,2020-07-29T00:00:00Z,24,2020-07-29T00:00:00Z,2020-07-30T00:00:00Z,SA-04,Eastern Region,pwat,kg m-2,798,798,30.102255,41.791652,50.523844,54.888428
handoff/mazu_like/mazu_like_20200729_00_lead024.nc,2020-07-29T00:00:00Z,24,2020-07-29T00:00:00Z,2020-07-30T00:00:00Z,SA-04,Eastern Region,ivt,kg m-1 s-1,798,798,64.44386,159.03851,282.425,301.59327
handoff/mazu_like/mazu_like_20200729_00_lead024.nc,2020-07-29T00:00:00Z,24,2020-07-29T00:00:00Z,2020-07-30T00:00:00Z,SA-04,Eastern Region,wind850_speed,m s-1,798,798,1.2000307,3.172196,5.2245332,5.9795017
handoff/mazu_like/mazu_like_20200729_00_lead024.nc,2020-07-29T00:00:00Z,24,2020-07-29T00:00:00Z,2020-07-30T00:00:00Z,SA-04,Eastern Region,wind_shear_850_200,m s-1,798,798,10.793364,21.425416,29.577374,32.03162
handoff/mazu_like/mazu_like_20200729_00_lead024.nc,2020-07-29T00:00:00Z,24,2020-07-29T00:00:00Z,2020-07-30T00:00:00Z,SA-04,Eastern Region,omega500,Pa s-1,798,798,-0.062850535,0.017446004,0.053595506,0.081630155
handoff/mazu_like/mazu_like_20200729_00_lead024.nc,2020-07-29T00:00:00Z,24,2020-07-29T00:00:00Z,2020-07-30T00:00:00Z,SA-04,Eastern Region,geopotential_height500,gpm,798,798,5882.4409,5908.204,5941.5201,5944.7676
handoff/mazu_like/mazu_like_20200729_00_lead024.nc,2020-07-29T00:00:00Z,24,2020-07-29T00:00:00Z,2020-07-30T00:00:00Z,SA-08,Northern Borders Region,daily_precip_total,mm,169,169,0.046377856,0.23568412,0.35332776,0.42470038
handoff/mazu_like/mazu_like_20200729_00_lead024.nc,2020-07-29T00:00:00Z,24,2020-07-29T00:00:00Z,2020-07-30T00:00:00Z,SA-08,Northern Borders Region,t2m_c,degC,169,169,37.659637,40.351019,41.688556,41.910828
handoff/mazu_like/mazu_like_20200729_00_lead024.nc,2020-07-29T00:00:00Z,24,2020-07-29T00:00:00Z,2020-07-30T00:00:00Z,SA-08,Northern Borders Region,tmax_c,degC,169,169,43.824615,47.051272,48.838715,49.08316
handoff/mazu_like/mazu_like_20200729_00_lead024.nc,2020-07-29T00:00:00Z,24,2020-07-29T00:00:00Z,2020-07-30T00:00:00Z,SA-08,Northern Borders Region,tmin_c,degC,169,169,32.064453,34.240686,35.324078,36.28302
handoff/mazu_like/mazu_like_20200729_00_lead024.nc,2020-07-29T00:00:00Z,24,2020-07-29T00:00:00Z,2020-07-30T00:00:00Z,SA-08,Northern Borders Region,wind10_speed,m s-1,169,169,2.1496069,3.2713069,4.07082,4.4569721
handoff/mazu_like/mazu_like_20200729_00_lead024.nc,2020-07-29T00:00:00Z,24,2020-07-29T00:00:00Z,2020-07-30T00:00:00Z,SA-08,Northern Borders Region,pwat,kg m-2,169,169,24.251181,28.841657,36.032276,38.125826
handoff/mazu_like/mazu_like_20200729_00_lead024.nc,2020-07-29T00:00:00Z,24,2020-07-29T00:00:00Z,2020-07-30T00:00:00Z,SA-08,Northern Borders Region,ivt,kg m-1 s-1,169,169,45.001696,100.28217,133.8453,139.90468
handoff/mazu_like/mazu_like_20200729_00_lead024.nc,2020-07-29T00:00:00Z,24,2020-07-29T00:00:00Z,2020-07-30T00:00:00Z,SA-08,Northern Borders Region,wind850_speed,m s-1,169,169,2.6813078,5.5108752,7.2325386,7.6011276
handoff/mazu_like/mazu_like_20200729_00_lead024.nc,2020-07-29T00:00:00Z,24,2020-07-29T00:00:00Z,2020-07-30T00:00:00Z,SA-08,Northern Borders Region,wind_shear_850_200,m s-1,169,169,11.475872,13.997313,15.740725,15.985575
handoff/mazu_like/mazu_like_20200729_00_lead024.nc,2020-07-29T00:00:00Z,24,2020-07-29T00:00:00Z,2020-07-30T00:00:00Z,SA-08,Northern Borders Region,omega500,Pa s-1,169,169,-0.075054005,0.027175895,0.065676387,0.081996828
handoff/mazu_like/mazu_like_20200729_00_lead024.nc,2020-07-29T00:00:00Z,24,2020-07-29T00:00:00Z,2020-07-30T00:00:00Z,SA-08,Northern Borders Region,geopotential_height500,gpm,169,169,5943.5957,5948.7962,5952.4963,5953.1133
handoff/mazu_like/mazu_like_20200729_00_lead048.nc,2020-07-29T00:00:00Z,48,2020-07-30T00:00:00Z,2020-07-31T00:00:00Z,SA-04,Eastern Region,daily_precip_total,mm,798,798,0,0.36200073,0.51175577,0.70065612
handoff/mazu_like/mazu_like_20200729_00_lead048.nc,2020-07-29T00:00:00Z,48,2020-07-30T00:00:00Z,2020-07-31T00:00:00Z,SA-04,Eastern Region,t2m_c,degC,798,798,33.609741,40.244879,42.593542,43.516144
handoff/mazu_like/mazu_like_20200729_00_lead048.nc,2020-07-29T00:00:00Z,48,2020-07-30T00:00:00Z,2020-07-31T00:00:00Z,SA-04,Eastern Region,tmax_c,degC,798,798,38.773926,45.846902,49.024632,50.461731
handoff/mazu_like/mazu_like_20200729_00_lead048.nc,2020-07-29T00:00:00Z,48,2020-07-30T00:00:00Z,2020-07-31T00:00:00Z,SA-04,Eastern Region,tmin_c,degC,798,798,28.391632,34.869997,37.157489,38.700623
handoff/mazu_like/mazu_like_20200729_00_lead048.nc,2020-07-29T00:00:00Z,48,2020-07-30T00:00:00Z,2020-07-31T00:00:00Z,SA-04,Eastern Region,wind10_speed,m s-1,798,798,1.4826165,3.0409933,4.9256954,6.044333
handoff/mazu_like/mazu_like_20200729_00_lead048.nc,2020-07-29T00:00:00Z,48,2020-07-30T00:00:00Z,2020-07-31T00:00:00Z,SA-04,Eastern Region,pwat,kg m-2,798,798,28.024315,36.565663,45.153069,52.161871
handoff/mazu_like/mazu_like_20200729_00_lead048.nc,2020-07-29T00:00:00Z,48,2020-07-30T00:00:00Z,2020-07-31T00:00:00Z,SA-04,Eastern Region,ivt,kg m-1 s-1,798,798,63.047108,133.41869,227.26547,256.48809
handoff/mazu_like/mazu_like_20200729_00_lead048.nc,2020-07-29T00:00:00Z,48,2020-07-30T00:00:00Z,2020-07-31T00:00:00Z,SA-04,Eastern Region,wind850_speed,m s-1,798,798,0.84134281,3.9975498,10.144768,11.671427
handoff/mazu_like/mazu_like_20200729_00_lead048.nc,2020-07-29T00:00:00Z,48,2020-07-30T00:00:00Z,2020-07-31T00:00:00Z,SA-04,Eastern Region,wind_shear_850_200,m s-1,798,798,9.3137474,19.494373,25.353131,29.991825
handoff/mazu_like/mazu_like_20200729_00_lead048.nc,2020-07-29T00:00:00Z,48,2020-07-30T00:00:00Z,2020-07-31T00:00:00Z,SA-04,Eastern Region,omega500,Pa s-1,798,798,-0.067007348,-0.014982158,0.019622985,0.060787566
handoff/mazu_like/mazu_like_20200729_00_lead048.nc,2020-07-29T00:00:00Z,48,2020-07-30T00:00:00Z,2020-07-31T00:00:00Z,SA-04,Eastern Region,geopotential_height500,gpm,798,798,5879.9268,5903.7922,5937.3072,5940.813
handoff/mazu_like/mazu_like_20200729_00_lead048.nc,2020-07-29T00:00:00Z,48,2020-07-30T00:00:00Z,2020-07-31T00:00:00Z,SA-08,Northern Borders Region,daily_precip_total,mm,169,169,0.1996672,0.36510315,0.46277626,0.49818423
handoff/mazu_like/mazu_like_20200729_00_lead048.nc,2020-07-29T00:00:00Z,48,2020-07-30T00:00:00Z,2020-07-31T00:00:00Z,SA-08,Northern Borders Region,t2m_c,degC,169,169,36.548737,39.833203,42.031573,42.357239
handoff/mazu_like/mazu_like_20200729_00_lead048.nc,2020-07-29T00:00:00Z,48,2020-07-30T00:00:00Z,2020-07-31T00:00:00Z,SA-08,Northern Borders Region,tmax_c,degC,169,169,43.274261,46.578177,48.488361,48.920624
handoff/mazu_like/mazu_like_20200729_00_lead048.nc,2020-07-29T00:00:00Z,48,2020-07-30T00:00:00Z,2020-07-31T00:00:00Z,SA-08,Northern Borders Region,tmin_c,degC,169,169,29.414612,33.215638,35.948688,36.349701
handoff/mazu_like/mazu_like_20200729_00_lead048.nc,2020-07-29T00:00:00Z,48,2020-07-30T00:00:00Z,2020-07-31T00:00:00Z,SA-08,Northern Borders Region,wind10_speed,m s-1,169,169,3.1104765,4.1508921,5.2688313,5.8078828
handoff/mazu_like/mazu_like_20200729_00_lead048.nc,2020-07-29T00:00:00Z,48,2020-07-30T00:00:00Z,2020-07-31T00:00:00Z,SA-08,Northern Borders Region,pwat,kg m-2,169,169,27.834949,29.961392,32.246887,32.985036
handoff/mazu_like/mazu_like_20200729_00_lead048.nc,2020-07-29T00:00:00Z,48,2020-07-30T00:00:00Z,2020-07-31T00:00:00Z,SA-08,Northern Borders Region,ivt,kg m-1 s-1,169,169,108.16627,161.2275,232.2886,256.42263
handoff/mazu_like/mazu_like_20200729_00_lead048.nc,2020-07-29T00:00:00Z,48,2020-07-30T00:00:00Z,2020-07-31T00:00:00Z,SA-08,Northern Borders Region,wind850_speed,m s-1,169,169,4.4760709,6.5354857,9.7086464,11.322407
handoff/mazu_like/mazu_like_20200729_00_lead048.nc,2020-07-29T00:00:00Z,48,2020-07-30T00:00:00Z,2020-07-31T00:00:00Z,SA-08,Northern Borders Region,wind_shear_850_200,m s-1,169,169,12.156292,14.982877,18.335246,18.946497
handoff/mazu_like/mazu_like_20200729_00_lead048.nc,2020-07-29T00:00:00Z,48,2020-07-30T00:00:00Z,2020-07-31T00:00:00Z,SA-08,Northern Borders Region,omega500,Pa s-1,169,169,-0.0028867032,0.036826638,0.084660329,0.11496447
handoff/mazu_like/mazu_like_20200729_00_lead048.nc,2020-07-29T00:00:00Z,48,2020-07-30T00:00:00Z,2020-07-31T00:00:00Z,SA-08,Northern Borders Region,geopotential_height500,gpm,169,169,5940.0278,5947.1881,5951.4549,5953.5933
handoff/mazu_like/mazu_like_20200729_00_lead072.nc,2020-07-29T00:00:00Z,72,2020-07-31T00:00:00Z,2020-08-01T00:00:00Z,SA-04,Eastern Region,daily_precip_total,mm,798,798,0.031820267,0.47159103,0.61796503,0.78864396
handoff/mazu_like/mazu_like_20200729_00_lead072.nc,2020-07-29T00:00:00Z,72,2020-07-31T00:00:00Z,2020-08-01T00:00:00Z,SA-04,Eastern Region,t2m_c,degC,798,798,34.445465,40.276652,41.495552,42.675323
handoff/mazu_like/mazu_like_20200729_00_lead072.nc,2020-07-29T00:00:00Z,72,2020-07-31T00:00:00Z,2020-08-01T00:00:00Z,SA-04,Eastern Region,tmax_c,degC,798,798,37.41333,46.224729,48.524547,49.952148
handoff/mazu_like/mazu_like_20200729_00_lead072.nc,2020-07-29T00:00:00Z,72,2020-07-31T00:00:00Z,2020-08-01T00:00:00Z,SA-04,Eastern Region,tmin_c,degC,798,798,29.879608,34.509205,35.357639,35.628601
handoff/mazu_like/mazu_like_20200729_00_lead072.nc,2020-07-29T00:00:00Z,72,2020-07-31T00:00:00Z,2020-08-01T00:00:00Z,SA-04,Eastern Region,wind10_speed,m s-1,798,798,1.4443963,3.2513304,4.9889314,6.0516014
handoff/mazu_like/mazu_like_20200729_00_lead072.nc,2020-07-29T00:00:00Z,72,2020-07-31T00:00:00Z,2020-08-01T00:00:00Z,SA-04,Eastern Region,pwat,kg m-2,798,798,25.021646,34.870299,43.357107,45.815698
handoff/mazu_like/mazu_like_20200729_00_lead072.nc,2020-07-29T00:00:00Z,72,2020-07-31T00:00:00Z,2020-08-01T00:00:00Z,SA-04,Eastern Region,ivt,kg m-1 s-1,798,798,46.765876,101.31933,183.32602,210.76751
handoff/mazu_like/mazu_like_20200729_00_lead072.nc,2020-07-29T00:00:00Z,72,2020-07-31T00:00:00Z,2020-08-01T00:00:00Z,SA-04,Eastern Region,wind850_speed,m s-1,798,798,1.1525501,3.6965355,9.0311574,10.175132
handoff/mazu_like/mazu_like_20200729_00_lead072.nc,2020-07-29T00:00:00Z,72,2020-07-31T00:00:00Z,2020-08-01T00:00:00Z,SA-04,Eastern Region,wind_shear_850_200,m s-1,798,798,6.6070743,15.756865,24.405435,28.37615
handoff/mazu_like/mazu_like_20200729_00_lead072.nc,2020-07-29T00:00:00Z,72,2020-07-31T00:00:00Z,2020-08-01T00:00:00Z,SA-04,Eastern Region,omega500,Pa s-1,798,798,-0.071050115,-0.016004466,0.01896099,0.044700954
handoff/mazu_like/mazu_like_20200729_00_lead072.nc,2020-07-29T00:00:00Z,72,2020-07-31T00:00:00Z,2020-08-01T00:00:00Z,SA-04,Eastern Region,geopotential_height500,gpm,798,798,5872.8369,5890.7131,5915.8874,5920.4946
handoff/mazu_like/mazu_like_20200729_00_lead072.nc,2020-07-29T00:00:00Z,72,2020-07-31T00:00:00Z,2020-08-01T00:00:00Z,SA-08,Northern Borders Region,daily_precip_total,mm,169,169,0.3066504,0.38645335,0.44646016,0.49203634
handoff/mazu_like/mazu_like_20200729_00_lead072.nc,2020-07-29T00:00:00Z,72,2020-07-31T00:00:00Z,2020-08-01T00:00:00Z,SA-08,Northern Borders Region,t2m_c,degC,169,169,32.69632,37.885011,40.456042,40.773407
handoff/mazu_like/mazu_like_20200729_00_lead072.nc,2020-07-29T00:00:00Z,72,2020-07-31T00:00:00Z,2020-08-01T00:00:00Z,SA-08,Northern Borders Region,tmax_c,degC,169,169,40.08429,44.689672,47.344202,47.621613
handoff/mazu_like/mazu_like_20200729_00_lead072.nc,2020-07-29T00:00:00Z,72,2020-07-31T00:00:00Z,2020-08-01T00:00:00Z,SA-08,Northern Borders Region,tmin_c,degC,169,169,25.337982,31.09971,33.861346,34.167267
handoff/mazu_like/mazu_like_20200729_00_lead072.nc,2020-07-29T00:00:00Z,72,2020-07-31T00:00:00Z,2020-08-01T00:00:00Z,SA-08,Northern Borders Region,wind10_speed,m s-1,169,169,2.4976454,3.7669717,5.5738091,6.3877258
handoff/mazu_like/mazu_like_20200729_00_lead072.nc,2020-07-29T00:00:00Z,72,2020-07-31T00:00:00Z,2020-08-01T00:00:00Z,SA-08,Northern Borders Region,pwat,kg m-2,169,169,19.957934,26.577685,29.729753,29.909404
handoff/mazu_like/mazu_like_20200729_00_lead072.nc,2020-07-29T00:00:00Z,72,2020-07-31T00:00:00Z,2020-08-01T00:00:00Z,SA-08,Northern Borders Region,ivt,kg m-1 s-1,169,169,123.54156,148.59391,179.85273,210.48292
handoff/mazu_like/mazu_like_20200729_00_lead072.nc,2020-07-29T00:00:00Z,72,2020-07-31T00:00:00Z,2020-08-01T00:00:00Z,SA-08,Northern Borders Region,wind850_speed,m s-1,169,169,2.9595237,5.0321276,8.3877243,10.391966
handoff/mazu_like/mazu_like_20200729_00_lead072.nc,2020-07-29T00:00:00Z,72,2020-07-31T00:00:00Z,2020-08-01T00:00:00Z,SA-08,Northern Borders Region,wind_shear_850_200,m s-1,169,169,5.3407216,10.309764,16.169921,17.899923
handoff/mazu_like/mazu_like_20200729_00_lead072.nc,2020-07-29T00:00:00Z,72,2020-07-31T00:00:00Z,2020-08-01T00:00:00Z,SA-08,Northern Borders Region,omega500,Pa s-1,169,169,-0.026535776,0.010828311,0.045058114,0.092562526
handoff/mazu_like/mazu_like_20200729_00_lead072.nc,2020-07-29T00:00:00Z,72,2020-07-31T00:00:00Z,2020-08-01T00:00:00Z,SA-08,Northern Borders Region,geopotential_height500,gpm,169,169,5896.1885,5911.7548,5921.3164,5923.4375
handoff/mazu_like/mazu_like_20200806_00_lead024.nc,2020-08-06T00:00:00Z,24,2020-08-06T00:00:00Z,2020-08-07T00:00:00Z,SA-04,Eastern Region,daily_precip_total,mm,798,798,0,0.21522869,0.30858259,0.45946211
handoff/mazu_like/mazu_like_20200806_00_lead024.nc,2020-08-06T00:00:00Z,24,2020-08-06T00:00:00Z,2020-08-07T00:00:00Z,SA-04,Eastern Region,t2m_c,degC,798,798,34.947083,37.791509,39.189406,40.12381
handoff/mazu_like/mazu_like_20200806_00_lead024.nc,2020-08-06T00:00:00Z,24,2020-08-06T00:00:00Z,2020-08-07T00:00:00Z,SA-04,Eastern Region,tmax_c,degC,798,798,37.718658,43.950745,45.273853,46.228577
handoff/mazu_like/mazu_like_20200806_00_lead024.nc,2020-08-06T00:00:00Z,24,2020-08-06T00:00:00Z,2020-08-07T00:00:00Z,SA-04,Eastern Region,tmin_c,degC,798,798,29.311127,31.734487,34.141225,34.691681
handoff/mazu_like/mazu_like_20200806_00_lead024.nc,2020-08-06T00:00:00Z,24,2020-08-06T00:00:00Z,2020-08-07T00:00:00Z,SA-04,Eastern Region,wind10_speed,m s-1,798,798,1.9179819,5.0321981,6.3420532,7.1933489
handoff/mazu_like/mazu_like_20200806_00_lead024.nc,2020-08-06T00:00:00Z,24,2020-08-06T00:00:00Z,2020-08-07T00:00:00Z,SA-04,Eastern Region,pwat,kg m-2,798,798,17.437486,24.590304,31.789835,36.333649
handoff/mazu_like/mazu_like_20200806_00_lead024.nc,2020-08-06T00:00:00Z,24,2020-08-06T00:00:00Z,2020-08-07T00:00:00Z,SA-04,Eastern Region,ivt,kg m-1 s-1,798,798,99.780046,177.31134,249.07828,267.35151
handoff/mazu_like/mazu_like_20200806_00_lead024.nc,2020-08-06T00:00:00Z,24,2020-08-06T00:00:00Z,2020-08-07T00:00:00Z,SA-04,Eastern Region,wind850_speed,m s-1,798,798,1.5108104,9.2290582,12.340824,12.874501
handoff/mazu_like/mazu_like_20200806_00_lead024.nc,2020-08-06T00:00:00Z,24,2020-08-06T00:00:00Z,2020-08-07T00:00:00Z,SA-04,Eastern Region,wind_shear_850_200,m s-1,798,798,6.4980612,18.371316,24.918513,26.302244
handoff/mazu_like/mazu_like_20200806_00_lead024.nc,2020-08-06T00:00:00Z,24,2020-08-06T00:00:00Z,2020-08-07T00:00:00Z,SA-04,Eastern Region,omega500,Pa s-1,798,798,-0.099741876,0.014196906,0.052793585,0.074361429
handoff/mazu_like/mazu_like_20200806_00_lead024.nc,2020-08-06T00:00:00Z,24,2020-08-06T00:00:00Z,2020-08-07T00:00:00Z,SA-04,Eastern Region,geopotential_height500,gpm,798,798,5850.4458,5869.6322,5887.2198,5888.0308
handoff/mazu_like/mazu_like_20200806_00_lead048.nc,2020-08-06T00:00:00Z,48,2020-08-07T00:00:00Z,2020-08-08T00:00:00Z,SA-04,Eastern Region,daily_precip_total,mm,798,798,0.033030007,0.36989718,0.59063669,0.68417627
handoff/mazu_like/mazu_like_20200806_00_lead048.nc,2020-08-06T00:00:00Z,48,2020-08-07T00:00:00Z,2020-08-08T00:00:00Z,SA-04,Eastern Region,t2m_c,degC,798,798,33.32663,37.597685,39.685789,40.073029
handoff/mazu_like/mazu_like_20200806_00_lead048.nc,2020-08-06T00:00:00Z,48,2020-08-07T00:00:00Z,2020-08-08T00:00:00Z,SA-04,Eastern Region,tmax_c,degC,798,798,37.438385,43.647504,45.082336,45.62616
handoff/mazu_like/mazu_like_20200806_00_lead048.nc,2020-08-06T00:00:00Z,48,2020-08-07T00:00:00Z,2020-08-08T00:00:00Z,SA-04,Eastern Region,tmin_c,degC,798,798,27.313568,31.989132,35.640285,35.970612
handoff/mazu_like/mazu_like_20200806_00_lead048.nc,2020-08-06T00:00:00Z,48,2020-08-07T00:00:00Z,2020-08-08T00:00:00Z,SA-04,Eastern Region,wind10_speed,m s-1,798,798,1.42978,4.1564119,5.4172578,6.0846291
handoff/mazu_like/mazu_like_20200806_00_lead048.nc,2020-08-06T00:00:00Z,48,2020-08-07T00:00:00Z,2020-08-08T00:00:00Z,SA-04,Eastern Region,pwat,kg m-2,798,798,21.009176,27.852338,43.987998,46.467507
handoff/mazu_like/mazu_like_20200806_00_lead048.nc,2020-08-06T00:00:00Z,48,2020-08-07T00:00:00Z,2020-08-08T00:00:00Z,SA-04,Eastern Region,ivt,kg m-1 s-1,798,798,40.300454,121.03877,206.15108,223.2625
handoff/mazu_like/mazu_like_20200806_00_lead048.nc,2020-08-06T00:00:00Z,48,2020-08-07T00:00:00Z,2020-08-08T00:00:00Z,SA-04,Eastern Region,wind850_speed,m s-1,798,798,1.9152195,6.8254355,9.0441523,10.215492
handoff/mazu_like/mazu_like_20200806_00_lead048.nc,2020-08-06T00:00:00Z,48,2020-08-07T00:00:00Z,2020-08-08T00:00:00Z,SA-04,Eastern Region,wind_shear_850_200,m s-1,798,798,8.010891,20.558163,27.028271,27.793179
handoff/mazu_like/mazu_like_20200806_00_lead048.nc,2020-08-06T00:00:00Z,48,2020-08-07T00:00:00Z,2020-08-08T00:00:00Z,SA-04,Eastern Region,omega500,Pa s-1,798,798,-0.096601389,0.021385792,0.060150267,0.09575747
handoff/mazu_like/mazu_like_20200806_00_lead048.nc,2020-08-06T00:00:00Z,48,2020-08-07T00:00:00Z,2020-08-08T00:00:00Z,SA-04,Eastern Region,geopotential_height500,gpm,798,798,5851.7461,5867.5396,5887.2629,5888.4155
handoff/mazu_like/mazu_like_20200806_00_lead072.nc,2020-08-06T00:00:00Z,72,2020-08-08T00:00:00Z,2020-08-09T00:00:00Z,SA-04,Eastern Region,daily_precip_total,mm,798,798,0.06855391,0.43861091,0.69988216,1.0296574
handoff/mazu_like/mazu_like_20200806_00_lead072.nc,2020-08-06T00:00:00Z,72,2020-08-08T00:00:00Z,2020-08-09T00:00:00Z,SA-04,Eastern Region,t2m_c,degC,798,798,33.662933,38.239055,39.803288,40.529755
handoff/mazu_like/mazu_like_20200806_00_lead072.nc,2020-08-06T00:00:00Z,72,2020-08-08T00:00:00Z,2020-08-09T00:00:00Z,SA-04,Eastern Region,tmax_c,degC,798,798,37.168274,43.710135,45.384962,46.726837
handoff/mazu_like/mazu_like_20200806_00_lead072.nc,2020-08-06T00:00:00Z,72,2020-08-08T00:00:00Z,2020-08-09T00:00:00Z,SA-04,Eastern Region,tmin_c,degC,798,798,28.781158,33.340843,36.576903,38.141449
handoff/mazu_like/mazu_like_20200806_00_lead072.nc,2020-08-06T00:00:00Z,72,2020-08-08T00:00:00Z,2020-08-09T00:00:00Z,SA-04,Eastern Region,wind10_speed,m s-1,798,798,0.78381741,3.1726198,5.7829371,6.1527767
handoff/mazu_like/mazu_like_20200806_00_lead072.nc,2020-08-06T00:00:00Z,72,2020-08-08T00:00:00Z,2020-08-09T00:00:00Z,SA-04,Eastern Region,pwat,kg m-2,798,798,20.885984,31.445068,43.886924,47.649118
handoff/mazu_like/mazu_like_20200806_00_lead072.nc,2020-08-06T00:00:00Z,72,2020-08-08T00:00:00Z,2020-08-09T00:00:00Z,SA-04,Eastern Region,ivt,kg m-1 s-1,798,798,25.338863,89.490498,161.31625,177.99547
handoff/mazu_like/mazu_like_20200806_00_lead072.nc,2020-08-06T00:00:00Z,72,2020-08-08T00:00:00Z,2020-08-09T00:00:00Z,SA-04,Eastern Region,wind850_speed,m s-1,798,798,1.7444011,4.7262544,9.4539395,10.557952
handoff/mazu_like/mazu_like_20200806_00_lead072.nc,2020-08-06T00:00:00Z,72,2020-08-08T00:00:00Z,2020-08-09T00:00:00Z,SA-04,Eastern Region,wind_shear_850_200,m s-1,798,798,10.728751,20.610277,27.830172,29.888393
handoff/mazu_like/mazu_like_20200806_00_lead072.nc,2020-08-06T00:00:00Z,72,2020-08-08T00:00:00Z,2020-08-09T00:00:00Z,SA-04,Eastern Region,omega500,Pa s-1,798,798,-0.24032964,-0.015260215,0.039542293,0.073225982
handoff/mazu_like/mazu_like_20200806_00_lead072.nc,2020-08-06T00:00:00Z,72,2020-08-08T00:00:00Z,2020-08-09T00:00:00Z,SA-04,Eastern Region,geopotential_height500,gpm,798,798,5843.3281,5860.3082,5874.0645,5875.4683
handoff/mazu_like/mazu_like_20200908_00_lead024.nc,2020-09-08T00:00:00Z,24,2020-09-08T00:00:00Z,2020-09-09T00:00:00Z,SA-04,Eastern Region,daily_precip_total,mm,798,798,0,0.099191989,0.18913852,0.24921022
handoff/mazu_like/mazu_like_20200908_00_lead024.nc,2020-09-08T00:00:00Z,24,2020-09-08T00:00:00Z,2020-09-09T00:00:00Z,SA-04,Eastern Region,t2m_c,degC,798,798,31.44986,34.953859,37.097104,38.670227
handoff/mazu_like/mazu_like_20200908_00_lead024.nc,2020-09-08T00:00:00Z,24,2020-09-08T00:00:00Z,2020-09-09T00:00:00Z,SA-04,Eastern Region,tmax_c,degC,798,798,37.178009,40.892351,44.458691,46.451538
handoff/mazu_like/mazu_like_20200908_00_lead024.nc,2020-09-08T00:00:00Z,24,2020-09-08T00:00:00Z,2020-09-09T00:00:00Z,SA-04,Eastern Region,tmin_c,degC,798,798,25.783325,29.308239,31.287561,33.005707
handoff/mazu_like/mazu_like_20200908_00_lead024.nc,2020-09-08T00:00:00Z,24,2020-09-08T00:00:00Z,2020-09-09T00:00:00Z,SA-04,Eastern Region,wind10_speed,m s-1,798,798,1.5217704,3.0030817,3.9004626,4.6741962
handoff/mazu_like/mazu_like_20200908_00_lead024.nc,2020-09-08T00:00:00Z,24,2020-09-08T00:00:00Z,2020-09-09T00:00:00Z,SA-04,Eastern Region,pwat,kg m-2,798,798,15.956757,27.189057,37.106434,39.273117
handoff/mazu_like/mazu_like_20200908_00_lead024.nc,2020-09-08T00:00:00Z,24,2020-09-08T00:00:00Z,2020-09-09T00:00:00Z,SA-04,Eastern Region,ivt,kg m-1 s-1,798,798,33.085462,111.53681,219.53339,239.65116
handoff/mazu_like/mazu_like_20200908_00_lead024.nc,2020-09-08T00:00:00Z,24,2020-09-08T00:00:00Z,2020-09-09T00:00:00Z,SA-04,Eastern Region,wind850_speed,m s-1,798,798,1.4783984,4.9162099,7.7781259,8.1676102
handoff/mazu_like/mazu_like_20200908_00_lead024.nc,2020-09-08T00:00:00Z,24,2020-09-08T00:00:00Z,2020-09-09T00:00:00Z,SA-04,Eastern Region,wind_shear_850_200,m s-1,798,798,1.841977,5.0409962,11.333351,12.132645
handoff/mazu_like/mazu_like_20200908_00_lead024.nc,2020-09-08T00:00:00Z,24,2020-09-08T00:00:00Z,2020-09-09T00:00:00Z,SA-04,Eastern Region,omega500,Pa s-1,798,798,-0.044299334,0.0077691737,0.040737079,0.052592769
handoff/mazu_like/mazu_like_20200908_00_lead024.nc,2020-09-08T00:00:00Z,24,2020-09-08T00:00:00Z,2020-09-09T00:00:00Z,SA-04,Eastern Region,geopotential_height500,gpm,798,798,5897.084,5902.017,5905.9303,5907.165
handoff/mazu_like/mazu_like_20200908_00_lead048.nc,2020-09-08T00:00:00Z,48,2020-09-09T00:00:00Z,2020-09-10T00:00:00Z,SA-04,Eastern Region,daily_precip_total,mm,798,798,0,0.21786452,0.35025621,0.41653517
handoff/mazu_like/mazu_like_20200908_00_lead048.nc,2020-09-08T00:00:00Z,48,2020-09-09T00:00:00Z,2020-09-10T00:00:00Z,SA-04,Eastern Region,t2m_c,degC,798,798,32.611786,35.727806,37.17785,38.063812
handoff/mazu_like/mazu_like_20200908_00_lead048.nc,2020-09-08T00:00:00Z,48,2020-09-09T00:00:00Z,2020-09-10T00:00:00Z,SA-04,Eastern Region,tmax_c,degC,798,798,36.501434,42.245434,44.70089,45.819611
handoff/mazu_like/mazu_like_20200908_00_lead048.nc,2020-09-08T00:00:00Z,48,2020-09-09T00:00:00Z,2020-09-10T00:00:00Z,SA-04,Eastern Region,tmin_c,degC,798,798,27.291687,29.460088,30.548349,31.756073
handoff/mazu_like/mazu_like_20200908_00_lead048.nc,2020-09-08T00:00:00Z,48,2020-09-09T00:00:00Z,2020-09-10T00:00:00Z,SA-04,Eastern Region,wind10_speed,m s-1,798,798,1.5675442,2.7617294,3.5897945,3.9444115
handoff/mazu_like/mazu_like_20200908_00_lead048.nc,2020-09-08T00:00:00Z,48,2020-09-09T00:00:00Z,2020-09-10T00:00:00Z,SA-04,Eastern Region,pwat,kg m-2,798,798,16.136889,23.739155,29.882615,35.750162
handoff/mazu_like/mazu_like_20200908_00_lead048.nc,2020-09-08T00:00:00Z,48,2020-09-09T00:00:00Z,2020-09-10T00:00:00Z,SA-04,Eastern Region,ivt,kg m-1 s-1,798,798,10.500493,81.459538,164.21667,170.99696
handoff/mazu_like/mazu_like_20200908_00_lead048.nc,2020-09-08T00:00:00Z,48,2020-09-09T00:00:00Z,2020-09-10T00:00:00Z,SA-04,Eastern Region,wind850_speed,m s-1,798,798,0.51699954,3.9223424,7.163434,7.5218782
handoff/mazu_like/mazu_like_20200908_00_lead048.nc,2020-09-08T00:00:00Z,48,2020-09-09T00:00:00Z,2020-09-10T00:00:00Z,SA-04,Eastern Region,wind_shear_850_200,m s-1,798,798,1.6940539,6.5033252,13.104684,14.709084
handoff/mazu_like/mazu_like_20200908_00_lead048.nc,2020-09-08T00:00:00Z,48,2020-09-09T00:00:00Z,2020-09-10T00:00:00Z,SA-04,Eastern Region,omega500,Pa s-1,798,798,-0.017529937,0.024586039,0.065963028,0.088585526
handoff/mazu_like/mazu_like_20200908_00_lead048.nc,2020-09-08T00:00:00Z,48,2020-09-09T00:00:00Z,2020-09-10T00:00:00Z,SA-04,Eastern Region,geopotential_height500,gpm,798,798,5880.5278,5886.9117,5891.3531,5892.3872
handoff/mazu_like/mazu_like_20200908_00_lead072.nc,2020-09-08T00:00:00Z,72,2020-09-10T00:00:00Z,2020-09-11T00:00:00Z,SA-04,Eastern Region,daily_precip_total,mm,798,798,0,0.25348228,0.4178575,0.47369242
handoff/mazu_like/mazu_like_20200908_00_lead072.nc,2020-09-08T00:00:00Z,72,2020-09-10T00:00:00Z,2020-09-11T00:00:00Z,SA-04,Eastern Region,t2m_c,degC,798,798,32.657623,36.00478,36.824986,37.73764
handoff/mazu_like/mazu_like_20200908_00_lead072.nc,2020-09-08T00:00:00Z,72,2020-09-10T00:00:00Z,2020-09-11T00:00:00Z,SA-04,Eastern Region,tmax_c,degC,798,798,36.073395,42.954398,44.312521,45.126556
handoff/mazu_like/mazu_like_20200908_00_lead072.nc,2020-09-08T00:00:00Z,72,2020-09-10T00:00:00Z,2020-09-11T00:00:00Z,SA-04,Eastern Region,tmin_c,degC,798,798,26.42038,29.24325,30.272816,31.660431
handoff/mazu_like/mazu_like_20200908_00_lead072.nc,2020-09-08T00:00:00Z,72,2020-09-10T00:00:00Z,2020-09-11T00:00:00Z,SA-04,Eastern Region,wind10_speed,m s-1,798,798,1.4431204,2.6165972,3.5972701,3.9604669
handoff/mazu_like/mazu_like_20200908_00_lead072.nc,2020-09-08T00:00:00Z,72,2020-09-10T00:00:00Z,2020-09-11T00:00:00Z,SA-04,Eastern Region,pwat,kg m-2,798,798,17.89782,21.832576,26.148993,28.317616
handoff/mazu_like/mazu_like_20200908_00_lead072.nc,2020-09-08T00:00:00Z,72,2020-09-10T00:00:00Z,2020-09-11T00:00:00Z,SA-04,Eastern Region,ivt,kg m-1 s-1,798,798,22.87701,76.732958,117.17618,132.40771
handoff/mazu_like/mazu_like_20200908_00_lead072.nc,2020-09-08T00:00:00Z,72,2020-09-10T00:00:00Z,2020-09-11T00:00:00Z,SA-04,Eastern Region,wind850_speed,m s-1,798,798,1.2533014,4.1868416,5.7787353,7.4918466
handoff/mazu_like/mazu_like_20200908_00_lead072.nc,2020-09-08T00:00:00Z,72,2020-09-10T00:00:00Z,2020-09-11T00:00:00Z,SA-04,Eastern Region,wind_shear_850_200,m s-1,798,798,5.521143,10.936173,16.641313,17.02367
handoff/mazu_like/mazu_like_20200908_00_lead072.nc,2020-09-08T00:00:00Z,72,2020-09-10T00:00:00Z,2020-09-11T00:00:00Z,SA-04,Eastern Region,omega500,Pa s-1,798,798,-0.005770145,0.029759712,0.054611532,0.065659747
handoff/mazu_like/mazu_like_20200908_00_lead072.nc,2020-09-08T00:00:00Z,72,2020-09-10T00:00:00Z,2020-09-11T00:00:00Z,SA-04,Eastern Region,geopotential_height500,gpm,798,798,5864.5474,5873.4905,5878.2422,5881.0771
handoff/mazu_like/mazu_like_20200927_00_lead024.nc,2020-09-27T00:00:00Z,24,2020-09-27T00:00:00Z,2020-09-28T00:00:00Z,SA-04,Eastern Region,daily_precip_total,mm,798,798,0,0.14174154,0.23912822,0.29306513
handoff/mazu_like/mazu_like_20200927_00_lead024.nc,2020-09-27T00:00:00Z,24,2020-09-27T00:00:00Z,2020-09-28T00:00:00Z,SA-04,Eastern Region,t2m_c,degC,798,798,30.983582,33.401812,35.525555,36.533966
handoff/mazu_like/mazu_like_20200927_00_lead024.nc,2020-09-27T00:00:00Z,24,2020-09-27T00:00:00Z,2020-09-28T00:00:00Z,SA-04,Eastern Region,tmax_c,degC,798,798,35.116119,40.498884,42.87088,44.483429
handoff/mazu_like/mazu_like_20200927_00_lead024.nc,2020-09-27T00:00:00Z,24,2020-09-27T00:00:00Z,2020-09-28T00:00:00Z,SA-04,Eastern Region,tmin_c,degC,798,798,24.385406,27.183477,30.057748,32.618042
handoff/mazu_like/mazu_like_20200927_00_lead024.nc,2020-09-27T00:00:00Z,24,2020-09-27T00:00:00Z,2020-09-28T00:00:00Z,SA-04,Eastern Region,wind10_speed,m s-1,798,798,1.4645271,3.0603279,5.4556132,6.6229076
handoff/mazu_like/mazu_like_20200927_00_lead024.nc,2020-09-27T00:00:00Z,24,2020-09-27T00:00:00Z,2020-09-28T00:00:00Z,SA-04,Eastern Region,pwat,kg m-2,798,798,12.07737,18.176147,22.011838,22.747279
handoff/mazu_like/mazu_like_20200927_00_lead024.nc,2020-09-27T00:00:00Z,24,2020-09-27T00:00:00Z,2020-09-28T00:00:00Z,SA-04,Eastern Region,ivt,kg m-1 s-1,798,798,13.000035,70.059416,146.72222,169.1744
handoff/mazu_like/mazu_like_20200927_00_lead024.nc,2020-09-27T00:00:00Z,24,2020-09-27T00:00:00Z,2020-09-28T00:00:00Z,SA-04,Eastern Region,wind850_speed,m s-1,798,798,0.68192279,3.8473342,7.7424395,8.6617603
handoff/mazu_like/mazu_like_20200927_00_lead024.nc,2020-09-27T00:00:00Z,24,2020-09-27T00:00:00Z,2020-09-28T00:00:00Z,SA-04,Eastern Region,wind_shear_850_200,m s-1,798,798,1.0501254,9.4433604,16.383406,17.234339
handoff/mazu_like/mazu_like_20200927_00_lead024.nc,2020-09-27T00:00:00Z,24,2020-09-27T00:00:00Z,2020-09-28T00:00:00Z,SA-04,Eastern Region,omega500,Pa s-1,798,798,-0.019954428,0.022266281,0.085905021,0.10447695
handoff/mazu_like/mazu_like_20200927_00_lead024.nc,2020-09-27T00:00:00Z,24,2020-09-27T00:00:00Z,2020-09-28T00:00:00Z,SA-04,Eastern Region,geopotential_height500,gpm,798,798,5884.2134,5895.9162,5904.5125,5907.5288
handoff/mazu_like/mazu_like_20200927_00_lead048.nc,2020-09-27T00:00:00Z,48,2020-09-28T00:00:00Z,2020-09-29T00:00:00Z,SA-04,Eastern Region,daily_precip_total,mm,798,798,0,0.21597815,0.30141434,0.34192869
handoff/mazu_like/mazu_like_20200927_00_lead048.nc,2020-09-27T00:00:00Z,48,2020-09-28T00:00:00Z,2020-09-29T00:00:00Z,SA-04,Eastern Region,t2m_c,degC,798,798,30.344757,32.904941,33.860782,34.423401
handoff/mazu_like/mazu_like_20200927_00_lead048.nc,2020-09-27T00:00:00Z,48,2020-09-28T00:00:00Z,2020-09-29T00:00:00Z,SA-04,Eastern Region,tmax_c,degC,798,798,34.817566,39.564191,40.859718,41.427032
handoff/mazu_like/mazu_like_20200927_00_lead048.nc,2020-09-27T00:00:00Z,48,2020-09-28T00:00:00Z,2020-09-29T00:00:00Z,SA-04,Eastern Region,tmin_c,degC,798,798,24.138092,26.550091,28.092545,30.244537
handoff/mazu_like/mazu_like_20200927_00_lead048.nc,2020-09-27T00:00:00Z,48,2020-09-28T00:00:00Z,2020-09-29T00:00:00Z,SA-04,Eastern Region,wind10_speed,m s-1,798,798,1.0668955,2.9851145,5.1439335,5.5864415
handoff/mazu_like/mazu_like_20200927_00_lead048.nc,2020-09-27T00:00:00Z,48,2020-09-28T00:00:00Z,2020-09-29T00:00:00Z,SA-04,Eastern Region,pwat,kg m-2,798,798,14.352196,19.086938,21.717274,23.817054
handoff/mazu_like/mazu_like_20200927_00_lead048.nc,2020-09-27T00:00:00Z,48,2020-09-28T00:00:00Z,2020-09-29T00:00:00Z,SA-04,Eastern Region,ivt,kg m-1 s-1,798,798,10.29058,78.509,132.10591,139.59436
handoff/mazu_like/mazu_like_20200927_00_lead048.nc,2020-09-27T00:00:00Z,48,2020-09-28T00:00:00Z,2020-09-29T00:00:00Z,SA-04,Eastern Region,wind850_speed,m s-1,798,798,0.67864382,4.0818301,8.705261,9.4014034
handoff/mazu_like/mazu_like_20200927_00_lead048.nc,2020-09-27T00:00:00Z,48,2020-09-28T00:00:00Z,2020-09-29T00:00:00Z,SA-04,Eastern Region,wind_shear_850_200,m s-1,798,798,2.0202944,7.7790911,11.94769,14.598644
handoff/mazu_like/mazu_like_20200927_00_lead048.nc,2020-09-27T00:00:00Z,48,2020-09-28T00:00:00Z,2020-09-29T00:00:00Z,SA-04,Eastern Region,omega500,Pa s-1,798,798,-0.0066932961,0.029752322,0.045721056,0.060570285
handoff/mazu_like/mazu_like_20200927_00_lead048.nc,2020-09-27T00:00:00Z,48,2020-09-28T00:00:00Z,2020-09-29T00:00:00Z,SA-04,Eastern Region,geopotential_height500,gpm,798,798,5873.5117,5888.5747,5899.3629,5905.3804
handoff/mazu_like/mazu_like_20200927_00_lead072.nc,2020-09-27T00:00:00Z,72,2020-09-29T00:00:00Z,2020-09-30T00:00:00Z,SA-04,Eastern Region,daily_precip_total,mm,798,798,0,0.239594,0.32055333,0.37014481
handoff/mazu_like/mazu_like_20200927_00_lead072.nc,2020-09-27T00:00:00Z,72,2020-09-29T00:00:00Z,2020-09-30T00:00:00Z,SA-04,Eastern Region,t2m_c,degC,798,798,30.423065,32.612043,33.53438,33.771423
handoff/mazu_like/mazu_like_20200927_00_lead072.nc,2020-09-27T00:00:00Z,72,2020-09-29T00:00:00Z,2020-09-30T00:00:00Z,SA-04,Eastern Region,tmax_c,degC,798,798,34.677734,39.395846,40.499168,40.668945
handoff/mazu_like/mazu_like_20200927_00_lead072.nc,2020-09-27T00:00:00Z,72,2020-09-29T00:00:00Z,2020-09-30T00:00:00Z,SA-04,Eastern Region,tmin_c,degC,798,798,24.154755,26.213265,27.360127,30.866211
handoff/mazu_like/mazu_like_20200927_00_lead072.nc,2020-09-27T00:00:00Z,72,2020-09-29T00:00:00Z,2020-09-30T00:00:00Z,SA-04,Eastern Region,wind10_speed,m s-1,798,798,0.9348622,2.4451583,3.8317842,4.3855762
handoff/mazu_like/mazu_like_20200927_00_lead072.nc,2020-09-27T00:00:00Z,72,2020-09-29T00:00:00Z,2020-09-30T00:00:00Z,SA-04,Eastern Region,pwat,kg m-2,798,798,14.161713,18.907527,23.526534,29.087212
handoff/mazu_like/mazu_like_20200927_00_lead072.nc,2020-09-27T00:00:00Z,72,2020-09-29T00:00:00Z,2020-09-30T00:00:00Z,SA-04,Eastern Region,ivt,kg m-1 s-1,798,798,11.02268,45.813483,89.533171,99.785765
handoff/mazu_like/mazu_like_20200927_00_lead072.nc,2020-09-27T00:00:00Z,72,2020-09-29T00:00:00Z,2020-09-30T00:00:00Z,SA-04,Eastern Region,wind850_speed,m s-1,798,798,0.65802091,2.4721916,5.144595,6.6186066
handoff/mazu_like/mazu_like_20200927_00_lead072.nc,2020-09-27T00:00:00Z,72,2020-09-29T00:00:00Z,2020-09-30T00:00:00Z,SA-04,Eastern Region,wind_shear_850_200,m s-1,798,798,5.3466973,10.7462,14.605533,16.731266
handoff/mazu_like/mazu_like_20200927_00_lead072.nc,2020-09-27T00:00:00Z,72,2020-09-29T00:00:00Z,2020-09-30T00:00:00Z,SA-04,Eastern Region,omega500,Pa s-1,798,798,-0.033152223,0.022808477,0.048395976,0.057648525
handoff/mazu_like/mazu_like_20200927_00_lead072.nc,2020-09-27T00:00:00Z,72,2020-09-29T00:00:00Z,2020-09-30T00:00:00Z,SA-04,Eastern Region,geopotential_height500,gpm,798,798,5854.0566,5866.0062,5873.3312,5875.2344
handoff/mazu_like/mazu_like_20201109_00_lead024.nc,2020-11-09T00:00:00Z,24,2020-11-09T00:00:00Z,2020-11-10T00:00:00Z,SA-03,Al Madinah Region,daily_precip_total,mm,207,207,0,0.70231952,2.297279,2.8331392
handoff/mazu_like/mazu_like_20201109_00_lead024.nc,2020-11-09T00:00:00Z,24,2020-11-09T00:00:00Z,2020-11-10T00:00:00Z,SA-03,Al Madinah Region,t2m_c,degC,207,207,17.551392,24.542923,28.676465,29.677063
handoff/mazu_like/mazu_like_20201109_00_lead024.nc,2020-11-09T00:00:00Z,24,2020-11-09T00:00:00Z,2020-11-10T00:00:00Z,SA-03,Al Madinah Region,tmax_c,degC,207,207,22.096893,29.480346,32.5754,33.857117
handoff/mazu_like/mazu_like_20201109_00_lead024.nc,2020-11-09T00:00:00Z,24,2020-11-09T00:00:00Z,2020-11-10T00:00:00Z,SA-03,Al Madinah Region,tmin_c,degC,207,207,13.045593,20.849456,25.709616,27.910004
handoff/mazu_like/mazu_like_20201109_00_lead024.nc,2020-11-09T00:00:00Z,24,2020-11-09T00:00:00Z,2020-11-10T00:00:00Z,SA-03,Al Madinah Region,wind10_speed,m s-1,207,207,1.4911098,2.6092127,4.3315104,4.9008188
handoff/mazu_like/mazu_like_20201109_00_lead024.nc,2020-11-09T00:00:00Z,24,2020-11-09T00:00:00Z,2020-11-10T00:00:00Z,SA-03,Al Madinah Region,pwat,kg m-2,207,207,18.071241,32.621234,36.627109,38.514298
handoff/mazu_like/mazu_like_20201109_00_lead024.nc,2020-11-09T00:00:00Z,24,2020-11-09T00:00:00Z,2020-11-10T00:00:00Z,SA-03,Al Madinah Region,ivt,kg m-1 s-1,207,207,84.031577,215.68469,260.0773,273.87081
handoff/mazu_like/mazu_like_20201109_00_lead024.nc,2020-11-09T00:00:00Z,24,2020-11-09T00:00:00Z,2020-11-10T00:00:00Z,SA-03,Al Madinah Region,wind850_speed,m s-1,207,207,2.942348,4.8161296,7.4675159,8.3513937
handoff/mazu_like/mazu_like_20201109_00_lead024.nc,2020-11-09T00:00:00Z,24,2020-11-09T00:00:00Z,2020-11-10T00:00:00Z,SA-03,Al Madinah Region,wind_shear_850_200,m s-1,207,207,35.838223,42.306308,45.800496,46.286331
handoff/mazu_like/mazu_like_20201109_00_lead024.nc,2020-11-09T00:00:00Z,24,2020-11-09T00:00:00Z,2020-11-10T00:00:00Z,SA-03,Al Madinah Region,omega500,Pa s-1,207,207,-0.22048473,-0.046142131,0.072210342,0.093912914
handoff/mazu_like/mazu_like_20201109_00_lead024.nc,2020-11-09T00:00:00Z,24,2020-11-09T00:00:00Z,2020-11-10T00:00:00Z,SA-03,Al Madinah Region,geopotential_height500,gpm,207,207,5796.6968,5851.4154,5876.4357,5880.6924
handoff/mazu_like/mazu_like_20201109_00_lead048.nc,2020-11-09T00:00:00Z,48,2020-11-10T00:00:00Z,2020-11-11T00:00:00Z,SA-03,Al Madinah Region,daily_precip_total,mm,207,207,0,0.48090973,0.97316161,1.1589787
handoff/mazu_like/mazu_like_20201109_00_lead048.nc,2020-11-09T00:00:00Z,48,2020-11-10T00:00:00Z,2020-11-11T00:00:00Z,SA-03,Al Madinah Region,t2m_c,degC,207,207,17.199799,24.9397,28.673947,29.686462
handoff/mazu_like/mazu_like_20201109_00_lead048.nc,2020-11-09T00:00:00Z,48,2020-11-10T00:00:00Z,2020-11-11T00:00:00Z,SA-03,Al Madinah Region,tmax_c,degC,207,207,22.351715,30.224441,33.124957,34.244385
handoff/mazu_like/mazu_like_20201109_00_lead048.nc,2020-11-09T00:00:00Z,48,2020-11-10T00:00:00Z,2020-11-11T00:00:00Z,SA-03,Al Madinah Region,tmin_c,degC,207,207,11.63913,20.821965,25.342734,27.930389
handoff/mazu_like/mazu_like_20201109_00_lead048.nc,2020-11-09T00:00:00Z,48,2020-11-10T00:00:00Z,2020-11-11T00:00:00Z,SA-03,Al Madinah Region,wind10_speed,m s-1,207,207,1.5130024,2.6494685,3.5266685,6.1961889
handoff/mazu_like/mazu_like_20201109_00_lead048.nc,2020-11-09T00:00:00Z,48,2020-11-10T00:00:00Z,2020-11-11T00:00:00Z,SA-03,Al Madinah Region,pwat,kg m-2,207,207,14.036421,31.000865,34.909708,36.050075
handoff/mazu_like/mazu_like_20201109_00_lead048.nc,2020-11-09T00:00:00Z,48,2020-11-10T00:00:00Z,2020-11-11T00:00:00Z,SA-03,Al Madinah Region,ivt,kg m-1 s-1,207,207,64.532491,193.93426,261.92803,285.97451
handoff/mazu_like/mazu_like_20201109_00_lead048.nc,2020-11-09T00:00:00Z,48,2020-11-10T00:00:00Z,2020-11-11T00:00:00Z,SA-03,Al Madinah Region,wind850_speed,m s-1,207,207,2.1625102,4.7473603,5.8111061,7.1132069
handoff/mazu_like/mazu_like_20201109_00_lead048.nc,2020-11-09T00:00:00Z,48,2020-11-10T00:00:00Z,2020-11-11T00:00:00Z,SA-03,Al Madinah Region,wind_shear_850_200,m s-1,207,207,33.180107,42.32099,49.506832,51.676304
handoff/mazu_like/mazu_like_20201109_00_lead048.nc,2020-11-09T00:00:00Z,48,2020-11-10T00:00:00Z,2020-11-11T00:00:00Z,SA-03,Al Madinah Region,omega500,Pa s-1,207,207,-0.20196317,-0.026204852,0.05900236,0.08045508
handoff/mazu_like/mazu_like_20201109_00_lead048.nc,2020-11-09T00:00:00Z,48,2020-11-10T00:00:00Z,2020-11-11T00:00:00Z,SA-03,Al Madinah Region,geopotential_height500,gpm,207,207,5801.3335,5849.1003,5872.0234,5876.5981
handoff/mazu_like/mazu_like_20201109_00_lead072.nc,2020-11-09T00:00:00Z,72,2020-11-11T00:00:00Z,2020-11-12T00:00:00Z,SA-03,Al Madinah Region,daily_precip_total,mm,207,207,0,0.34686319,0.5552113,0.62498903
handoff/mazu_like/mazu_like_20201109_00_lead072.nc,2020-11-09T00:00:00Z,72,2020-11-11T00:00:00Z,2020-11-12T00:00:00Z,SA-03,Al Madinah Region,t2m_c,degC,207,207,16.593414,24.18644,27.924362,28.980682
handoff/mazu_like/mazu_like_20201109_00_lead072.nc,2020-11-09T00:00:00Z,72,2020-11-11T00:00:00Z,2020-11-12T00:00:00Z,SA-03,Al Madinah Region,tmax_c,degC,207,207,22.392487,29.838094,32.667499,33.704254
handoff/mazu_like/mazu_like_20201109_00_lead072.nc,2020-11-09T00:00:00Z,72,2020-11-11T00:00:00Z,2020-11-12T00:00:00Z,SA-03,Al Madinah Region,tmin_c,degC,207,207,11.261658,19.509012,24.29939,27.176239
handoff/mazu_like/mazu_like_20201109_00_lead072.nc,2020-11-09T00:00:00Z,72,2020-11-11T00:00:00Z,2020-11-12T00:00:00Z,SA-03,Al Madinah Region,wind10_speed,m s-1,207,207,1.4629788,2.5564808,3.4068219,6.4596353
handoff/mazu_like/mazu_like_20201109_00_lead072.nc,2020-11-09T00:00:00Z,72,2020-11-11T00:00:00Z,2020-11-12T00:00:00Z,SA-03,Al Madinah Region,pwat,kg m-2,207,207,12.711211,25.961393,32.315693,33.187757
handoff/mazu_like/mazu_like_20201109_00_lead072.nc,2020-11-09T00:00:00Z,72,2020-11-11T00:00:00Z,2020-11-12T00:00:00Z,SA-03,Al Madinah Region,ivt,kg m-1 s-1,207,207,48.443367,149.35628,193.76849,207.08762
handoff/mazu_like/mazu_like_20201109_00_lead072.nc,2020-11-09T00:00:00Z,72,2020-11-11T00:00:00Z,2020-11-12T00:00:00Z,SA-03,Al Madinah Region,wind850_speed,m s-1,207,207,1.9475991,4.3567962,5.7557099,6.1874433
handoff/mazu_like/mazu_like_20201109_00_lead072.nc,2020-11-09T00:00:00Z,72,2020-11-11T00:00:00Z,2020-11-12T00:00:00Z,SA-03,Al Madinah Region,wind_shear_850_200,m s-1,207,207,29.014959,38.072727,48.974993,53.3367
handoff/mazu_like/mazu_like_20201109_00_lead072.nc,2020-11-09T00:00:00Z,72,2020-11-11T00:00:00Z,2020-11-12T00:00:00Z,SA-03,Al Madinah Region,omega500,Pa s-1,207,207,-0.15505061,-0.0010948768,0.086727679,0.13043922
handoff/mazu_like/mazu_like_20201109_00_lead072.nc,2020-11-09T00:00:00Z,72,2020-11-11T00:00:00Z,2020-11-12T00:00:00Z,SA-03,Al Madinah Region,geopotential_height500,gpm,207,207,5809.7842,5852.2892,5875.2597,5880.8955
handoff/mazu_like/mazu_like_20201112_00_lead024.nc,2020-11-12T00:00:00Z,24,2020-11-12T00:00:00Z,2020-11-13T00:00:00Z,SA-02,Makkah Region,daily_precip_total,mm,191,191,0,0.12255065,0.28697532,0.81106734
handoff/mazu_like/mazu_like_20201112_00_lead024.nc,2020-11-12T00:00:00Z,24,2020-11-12T00:00:00Z,2020-11-13T00:00:00Z,SA-02,Makkah Region,t2m_c,degC,191,191,20.613708,25.697433,29.825668,30.374298
handoff/mazu_like/mazu_like_20201112_00_lead024.nc,2020-11-12T00:00:00Z,24,2020-11-12T00:00:00Z,2020-11-13T00:00:00Z,SA-02,Makkah Region,tmax_c,degC,191,191,25.57193,31.705367,34.278748,35.166504
handoff/mazu_like/mazu_like_20201112_00_lead024.nc,2020-11-12T00:00:00Z,24,2020-11-12T00:00:00Z,2020-11-13T00:00:00Z,SA-02,Makkah Region,tmin_c,degC,191,191,16.52179,20.775436,26.89296,28.339203
handoff/mazu_like/mazu_like_20201112_00_lead024.nc,2020-11-12T00:00:00Z,24,2020-11-12T00:00:00Z,2020-11-13T00:00:00Z,SA-02,Makkah Region,wind10_speed,m s-1,191,191,0.9437958,2.7165623,4.4906464,6.5526109
handoff/mazu_like/mazu_like_20201112_00_lead024.nc,2020-11-12T00:00:00Z,24,2020-11-12T00:00:00Z,2020-11-13T00:00:00Z,SA-02,Makkah Region,pwat,kg m-2,191,191,14.723865,25.346614,38.270788,41.155147
handoff/mazu_like/mazu_like_20201112_00_lead024.nc,2020-11-12T00:00:00Z,24,2020-11-12T00:00:00Z,2020-11-13T00:00:00Z,SA-02,Makkah Region,ivt,kg m-1 s-1,191,191,14.331808,52.202356,87.855061,100.32561
handoff/mazu_like/mazu_like_20201112_00_lead024.nc,2020-11-12T00:00:00Z,24,2020-11-12T00:00:00Z,2020-11-13T00:00:00Z,SA-02,Makkah Region,wind850_speed,m s-1,191,191,0.77268583,3.8705314,7.3347409,7.7534099
handoff/mazu_like/mazu_like_20201112_00_lead024.nc,2020-11-12T00:00:00Z,24,2020-11-12T00:00:00Z,2020-11-13T00:00:00Z,SA-02,Makkah Region,wind_shear_850_200,m s-1,191,191,10.770649,24.403543,31.695464,33.087776
handoff/mazu_like/mazu_like_20201112_00_lead024.nc,2020-11-12T00:00:00Z,24,2020-11-12T00:00:00Z,2020-11-13T00:00:00Z,SA-02,Makkah Region,omega500,Pa s-1,191,191,-0.053892836,0.0045652117,0.049196607,0.070509538
handoff/mazu_like/mazu_like_20201112_00_lead024.nc,2020-11-12T00:00:00Z,24,2020-11-12T00:00:00Z,2020-11-13T00:00:00Z,SA-02,Makkah Region,geopotential_height500,gpm,191,191,5890.7637,5904.3698,5912.3022,5913.3716
handoff/mazu_like/mazu_like_20201112_00_lead048.nc,2020-11-12T00:00:00Z,48,2020-11-13T00:00:00Z,2020-11-14T00:00:00Z,SA-02,Makkah Region,daily_precip_total,mm,191,191,0,0.18872385,0.30507801,0.55369115
handoff/mazu_like/mazu_like_20201112_00_lead048.nc,2020-11-12T00:00:00Z,48,2020-11-13T00:00:00Z,2020-11-14T00:00:00Z,SA-02,Makkah Region,t2m_c,degC,191,191,20.741119,25.245843,29.355804,30.045624
handoff/mazu_like/mazu_like_20201112_00_lead048.nc,2020-11-12T00:00:00Z,48,2020-11-13T00:00:00Z,2020-11-14T00:00:00Z,SA-02,Makkah Region,tmax_c,degC,191,191,25.979614,31.178267,33.978455,34.881134
handoff/mazu_like/mazu_like_20201112_00_lead048.nc,2020-11-12T00:00:00Z,48,2020-11-13T00:00:00Z,2020-11-14T00:00:00Z,SA-02,Makkah Region,tmin_c,degC,191,191,16.644104,20.721354,26.540802,28.064026
handoff/mazu_like/mazu_like_20201112_00_lead048.nc,2020-11-12T00:00:00Z,48,2020-11-13T00:00:00Z,2020-11-14T00:00:00Z,SA-02,Makkah Region,wind10_speed,m s-1,191,191,0.72888607,2.4184659,3.6658765,5.7737703
handoff/mazu_like/mazu_like_20201112_00_lead048.nc,2020-11-12T00:00:00Z,48,2020-11-13T00:00:00Z,2020-11-14T00:00:00Z,SA-02,Makkah Region,pwat,kg m-2,191,191,15.608868,24.011731,35.363982,41.241094
handoff/mazu_like/mazu_like_20201112_00_lead048.nc,2020-11-12T00:00:00Z,48,2020-11-13T00:00:00Z,2020-11-14T00:00:00Z,SA-02,Makkah Region,ivt,kg m-1 s-1,191,191,20.569973,35.381781,48.055012,78.046315
handoff/mazu_like/mazu_like_20201112_00_lead048.nc,2020-11-12T00:00:00Z,48,2020-11-13T00:00:00Z,2020-11-14T00:00:00Z,SA-02,Makkah Region,wind850_speed,m s-1,191,191,0.7818312,3.6689991,6.0170267,6.4173298
handoff/mazu_like/mazu_like_20201112_00_lead048.nc,2020-11-12T00:00:00Z,48,2020-11-13T00:00:00Z,2020-11-14T00:00:00Z,SA-02,Makkah Region,wind_shear_850_200,m s-1,191,191,7.2954679,22.763518,32.025375,36.92112
handoff/mazu_like/mazu_like_20201112_00_lead048.nc,2020-11-12T00:00:00Z,48,2020-11-13T00:00:00Z,2020-11-14T00:00:00Z,SA-02,Makkah Region,omega500,Pa s-1,191,191,-0.044115912,0.0028961339,0.03332936,0.047945395
handoff/mazu_like/mazu_like_20201112_00_lead048.nc,2020-11-12T00:00:00Z,48,2020-11-13T00:00:00Z,2020-11-14T00:00:00Z,SA-02,Makkah Region,geopotential_height500,gpm,191,191,5890.4053,5905.921,5914.0505,5916.0083
handoff/mazu_like/mazu_like_20201112_00_lead072.nc,2020-11-12T00:00:00Z,72,2020-11-14T00:00:00Z,2020-11-15T00:00:00Z,SA-02,Makkah Region,daily_precip_total,mm,191,191,0,0.18650273,0.27995029,0.78448439
handoff/mazu_like/mazu_like_20201112_00_lead072.nc,2020-11-12T00:00:00Z,72,2020-11-14T00:00:00Z,2020-11-15T00:00:00Z,SA-02,Makkah Region,t2m_c,degC,191,191,20.618835,24.753915,28.97171,29.877441
handoff/mazu_like/mazu_like_20201112_00_lead072.nc,2020-11-12T00:00:00Z,72,2020-11-14T00:00:00Z,2020-11-15T00:00:00Z,SA-02,Makkah Region,tmax_c,degC,191,191,25.836945,30.609741,34.357758,35.612457
handoff/mazu_like/mazu_like_20201112_00_lead072.nc,2020-11-12T00:00:00Z,72,2020-11-14T00:00:00Z,2020-11-15T00:00:00Z,SA-02,Makkah Region,tmin_c,degC,191,191,15.770325,20.427884,26.489426,27.697144
handoff/mazu_like/mazu_like_20201112_00_lead072.nc,2020-11-12T00:00:00Z,72,2020-11-14T00:00:00Z,2020-11-15T00:00:00Z,SA-02,Makkah Region,wind10_speed,m s-1,191,191,1.2708139,3.7338757,5.5228107,5.8152013
handoff/mazu_like/mazu_like_20201112_00_lead072.nc,2020-11-12T00:00:00Z,72,2020-11-14T00:00:00Z,2020-11-15T00:00:00Z,SA-02,Makkah Region,pwat,kg m-2,191,191,17.024668,23.429633,32.276254,40.785341
handoff/mazu_like/mazu_like_20201112_00_lead072.nc,2020-11-12T00:00:00Z,72,2020-11-14T00:00:00Z,2020-11-15T00:00:00Z,SA-02,Makkah Region,ivt,kg m-1 s-1,191,191,25.697764,65.964583,92.975203,113.08208
handoff/mazu_like/mazu_like_20201112_00_lead072.nc,2020-11-12T00:00:00Z,72,2020-11-14T00:00:00Z,2020-11-15T00:00:00Z,SA-02,Makkah Region,wind850_speed,m s-1,191,191,1.2461342,6.394678,10.745646,11.01232
handoff/mazu_like/mazu_like_20201112_00_lead072.nc,2020-11-12T00:00:00Z,72,2020-11-14T00:00:00Z,2020-11-15T00:00:00Z,SA-02,Makkah Region,wind_shear_850_200,m s-1,191,191,4.7232099,21.863894,30.614514,34.076107
handoff/mazu_like/mazu_like_20201112_00_lead072.nc,2020-11-12T00:00:00Z,72,2020-11-14T00:00:00Z,2020-11-15T00:00:00Z,SA-02,Makkah Region,omega500,Pa s-1,191,191,-0.035226174,0.020907214,0.051994253,0.072744556
handoff/mazu_like/mazu_like_20201112_00_lead072.nc,2020-11-12T00:00:00Z,72,2020-11-14T00:00:00Z,2020-11-15T00:00:00Z,SA-02,Makkah Region,geopotential_height500,gpm,191,191,5873.6357,5886.8368,5895.8171,5897.7598
handoff/mazu_like/mazu_like_20201119_00_lead024.nc,2020-11-19T00:00:00Z,24,2020-11-19T00:00:00Z,2020-11-20T00:00:00Z,SA-03,Al Madinah Region,daily_precip_total,mm,207,207,0,0.10357102,0.20034789,0.29046267
handoff/mazu_like/mazu_like_20201119_00_lead024.nc,2020-11-19T00:00:00Z,24,2020-11-19T00:00:00Z,2020-11-20T00:00:00Z,SA-03,Al Madinah Region,t2m_c,degC,207,207,17.021729,23.727997,27.518948,28.293152
handoff/mazu_like/mazu_like_20201119_00_lead024.nc,2020-11-19T00:00:00Z,24,2020-11-19T00:00:00Z,2020-11-20T00:00:00Z,SA-03,Al Madinah Region,tmax_c,degC,207,207,21.95752,29.444361,31.962296,33.027161
handoff/mazu_like/mazu_like_20201119_00_lead024.nc,2020-11-19T00:00:00Z,24,2020-11-19T00:00:00Z,2020-11-20T00:00:00Z,SA-03,Al Madinah Region,tmin_c,degC,207,207,12.440613,19.661257,24.643515,26.793579
handoff/mazu_like/mazu_like_20201119_00_lead024.nc,2020-11-19T00:00:00Z,24,2020-11-19T00:00:00Z,2020-11-20T00:00:00Z,SA-03,Al Madinah Region,wind10_speed,m s-1,207,207,1.495954,3.8838926,7.0490525,7.6882181
handoff/mazu_like/mazu_like_20201119_00_lead024.nc,2020-11-19T00:00:00Z,24,2020-11-19T00:00:00Z,2020-11-20T00:00:00Z,SA-03,Al Madinah Region,pwat,kg m-2,207,207,15.942861,24.605902,29.025702,30.611696
handoff/mazu_like/mazu_like_20201119_00_lead024.nc,2020-11-19T00:00:00Z,24,2020-11-19T00:00:00Z,2020-11-20T00:00:00Z,SA-03,Al Madinah Region,ivt,kg m-1 s-1,207,207,107.0086,180.66631,232.93708,251.36628
handoff/mazu_like/mazu_like_20201119_00_lead024.nc,2020-11-19T00:00:00Z,24,2020-11-19T00:00:00Z,2020-11-20T00:00:00Z,SA-03,Al Madinah Region,wind850_speed,m s-1,207,207,4.8224807,8.662681,14.455158,15.481567
handoff/mazu_like/mazu_like_20201119_00_lead024.nc,2020-11-19T00:00:00Z,24,2020-11-19T00:00:00Z,2020-11-20T00:00:00Z,SA-03,Al Madinah Region,wind_shear_850_200,m s-1,207,207,23.244787,34.29262,44.823213,50.026123
handoff/mazu_like/mazu_like_20201119_00_lead024.nc,2020-11-19T00:00:00Z,24,2020-11-19T00:00:00Z,2020-11-20T00:00:00Z,SA-03,Al Madinah Region,omega500,Pa s-1,207,207,-0.45954919,-0.08025451,0.059356273,0.099825621
handoff/mazu_like/mazu_like_20201119_00_lead024.nc,2020-11-19T00:00:00Z,24,2020-11-19T00:00:00Z,2020-11-20T00:00:00Z,SA-03,Al Madinah Region,geopotential_height500,gpm,207,207,5796.7124,5844.2612,5866.9606,5872.144
handoff/mazu_like/mazu_like_20201119_00_lead048.nc,2020-11-19T00:00:00Z,48,2020-11-20T00:00:00Z,2020-11-21T00:00:00Z,SA-03,Al Madinah Region,daily_precip_total,mm,207,207,0.058469683,2.1984986,7.9009696,15.049393
handoff/mazu_like/mazu_like_20201119_00_lead048.nc,2020-11-19T00:00:00Z,48,2020-11-20T00:00:00Z,2020-11-21T00:00:00Z,SA-03,Al Madinah Region,t2m_c,degC,207,207,15.656586,23.41291,27.113412,28.690582
handoff/mazu_like/mazu_like_20201119_00_lead048.nc,2020-11-19T00:00:00Z,48,2020-11-20T00:00:00Z,2020-11-21T00:00:00Z,SA-03,Al Madinah Region,tmax_c,degC,207,207,19.307709,28.465707,31.995462,33.45517
handoff/mazu_like/mazu_like_20201119_00_lead048.nc,2020-11-19T00:00:00Z,48,2020-11-20T00:00:00Z,2020-11-21T00:00:00Z,SA-03,Al Madinah Region,tmin_c,degC,207,207,11.319489,19.812109,24.073212,25.689178
handoff/mazu_like/mazu_like_20201119_00_lead048.nc,2020-11-19T00:00:00Z,48,2020-11-20T00:00:00Z,2020-11-21T00:00:00Z,SA-03,Al Madinah Region,wind10_speed,m s-1,207,207,2.2889471,4.4498504,6.4087964,7.306922
handoff/mazu_like/mazu_like_20201119_00_lead048.nc,2020-11-19T00:00:00Z,48,2020-11-20T00:00:00Z,2020-11-21T00:00:00Z,SA-03,Al Madinah Region,pwat,kg m-2,207,207,18.230235,32.074654,39.765626,41.173563
handoff/mazu_like/mazu_like_20201119_00_lead048.nc,2020-11-19T00:00:00Z,48,2020-11-20T00:00:00Z,2020-11-21T00:00:00Z,SA-03,Al Madinah Region,ivt,kg m-1 s-1,207,207,137.61865,324.52936,462.58331,477.86131
handoff/mazu_like/mazu_like_20201119_00_lead048.nc,2020-11-19T00:00:00Z,48,2020-11-20T00:00:00Z,2020-11-21T00:00:00Z,SA-03,Al Madinah Region,wind850_speed,m s-1,207,207,5.4162765,10.23363,11.924391,14.201767
handoff/mazu_like/mazu_like_20201119_00_lead048.nc,2020-11-19T00:00:00Z,48,2020-11-20T00:00:00Z,2020-11-21T00:00:00Z,SA-03,Al Madinah Region,wind_shear_850_200,m s-1,207,207,20.366421,31.374518,45.440518,51.608994
handoff/mazu_like/mazu_like_20201119_00_lead048.nc,2020-11-19T00:00:00Z,48,2020-11-20T00:00:00Z,2020-11-21T00:00:00Z,SA-03,Al Madinah Region,omega500,Pa s-1,207,207,-0.74203002,-0.095543091,0.065954056,0.49547499
handoff/mazu_like/mazu_like_20201119_00_lead048.nc,2020-11-19T00:00:00Z,48,2020-11-20T00:00:00Z,2020-11-21T00:00:00Z,SA-03,Al Madinah Region,geopotential_height500,gpm,207,207,5763.4473,5832.1431,5862.0054,5868.4082
handoff/mazu_like/mazu_like_20201119_00_lead072.nc,2020-11-19T00:00:00Z,72,2020-11-21T00:00:00Z,2020-11-22T00:00:00Z,SA-03,Al Madinah Region,daily_precip_total,mm,207,207,0,1.831764,6.8408438,10.13149
handoff/mazu_like/mazu_like_20201119_00_lead072.nc,2020-11-19T00:00:00Z,72,2020-11-21T00:00:00Z,2020-11-22T00:00:00Z,SA-03,Al Madinah Region,t2m_c,degC,207,207,13.452637,21.166402,24.775186,26.096832
handoff/mazu_like/mazu_like_20201119_00_lead072.nc,2020-11-19T00:00:00Z,72,2020-11-21T00:00:00Z,2020-11-22T00:00:00Z,SA-03,Al Madinah Region,tmax_c,degC,207,207,18.278381,26.115147,30.813715,31.364258
handoff/mazu_like/mazu_like_20201119_00_lead072.nc,2020-11-19T00:00:00Z,72,2020-11-21T00:00:00Z,2020-11-22T00:00:00Z,SA-03,Al Madinah Region,tmin_c,degC,207,207,9.1690674,16.800442,21.421396,24.339935
handoff/mazu_like/mazu_like_20201119_00_lead072.nc,2020-11-19T00:00:00Z,72,2020-11-21T00:00:00Z,2020-11-22T00:00:00Z,SA-03,Al Madinah Region,wind10_speed,m s-1,207,207,1.2449806,3.1311894,5.30175,6.7833409
handoff/mazu_like/mazu_like_20201119_00_lead072.nc,2020-11-19T00:00:00Z,72,2020-11-21T00:00:00Z,2020-11-22T00:00:00Z,SA-03,Al Madinah Region,pwat,kg m-2,207,207,12.651826,27.386835,37.886911,39.170856
handoff/mazu_like/mazu_like_20201119_00_lead072.nc,2020-11-19T00:00:00Z,72,2020-11-21T00:00:00Z,2020-11-22T00:00:00Z,SA-03,Al Madinah Region,ivt,kg m-1 s-1,207,207,52.672351,176.72393,266.5145,280.77812
handoff/mazu_like/mazu_like_20201119_00_lead072.nc,2020-11-19T00:00:00Z,72,2020-11-21T00:00:00Z,2020-11-22T00:00:00Z,SA-03,Al Madinah Region,wind850_speed,m s-1,207,207,2.0277169,5.231662,7.9433627,8.3437576
handoff/mazu_like/mazu_like_20201119_00_lead072.nc,2020-11-19T00:00:00Z,72,2020-11-21T00:00:00Z,2020-11-22T00:00:00Z,SA-03,Al Madinah Region,wind_shear_850_200,m s-1,207,207,20.884684,35.80539,49.694192,51.742626
handoff/mazu_like/mazu_like_20201119_00_lead072.nc,2020-11-19T00:00:00Z,72,2020-11-21T00:00:00Z,2020-11-22T00:00:00Z,SA-03,Al Madinah Region,omega500,Pa s-1,207,207,-0.16093484,-0.0097100889,0.062175919,0.085026406
handoff/mazu_like/mazu_like_20201119_00_lead072.nc,2020-11-19T00:00:00Z,72,2020-11-21T00:00:00Z,2020-11-22T00:00:00Z,SA-03,Al Madinah Region,geopotential_height500,gpm,207,207,5793.8115,5847.8829,5874.8319,5881.1675
handoff/mazu_like/mazu_like_20201125_00_lead024.nc,2020-11-25T00:00:00Z,24,2020-11-25T00:00:00Z,2020-11-26T00:00:00Z,SA-02,Makkah Region,daily_precip_total,mm,191,191,0,0.25279536,0.86928514,1.5854474
handoff/mazu_like/mazu_like_20201125_00_lead024.nc,2020-11-25T00:00:00Z,24,2020-11-25T00:00:00Z,2020-11-26T00:00:00Z,SA-02,Makkah Region,t2m_c,degC,191,191,19.729553,24.097269,28.667938,29.123016
handoff/mazu_like/mazu_like_20201125_00_lead024.nc,2020-11-25T00:00:00Z,24,2020-11-25T00:00:00Z,2020-11-26T00:00:00Z,SA-02,Makkah Region,tmax_c,degC,191,191,24.43045,29.803043,32.691406,33.423553
handoff/mazu_like/mazu_like_20201125_00_lead024.nc,2020-11-25T00:00:00Z,24,2020-11-25T00:00:00Z,2020-11-26T00:00:00Z,SA-02,Makkah Region,tmin_c,degC,191,191,16.28421,20.729608,26.835098,27.684174
handoff/mazu_like/mazu_like_20201125_00_lead024.nc,2020-11-25T00:00:00Z,24,2020-11-25T00:00:00Z,2020-11-26T00:00:00Z,SA-02,Makkah Region,wind10_speed,m s-1,191,191,1.0744131,3.8894996,6.7944229,7.2337937
handoff/mazu_like/mazu_like_20201125_00_lead024.nc,2020-11-25T00:00:00Z,24,2020-11-25T00:00:00Z,2020-11-26T00:00:00Z,SA-02,Makkah Region,pwat,kg m-2,191,191,18.714661,29.501964,40.873086,44.433723
handoff/mazu_like/mazu_like_20201125_00_lead024.nc,2020-11-25T00:00:00Z,24,2020-11-25T00:00:00Z,2020-11-26T00:00:00Z,SA-02,Makkah Region,ivt,kg m-1 s-1,191,191,73.70281,162.69222,255.09919,271.91388
handoff/mazu_like/mazu_like_20201125_00_lead024.nc,2020-11-25T00:00:00Z,24,2020-11-25T00:00:00Z,2020-11-26T00:00:00Z,SA-02,Makkah Region,wind850_speed,m s-1,191,191,1.8351438,7.8235545,12.948555,13.076014
handoff/mazu_like/mazu_like_20201125_00_lead024.nc,2020-11-25T00:00:00Z,24,2020-11-25T00:00:00Z,2020-11-26T00:00:00Z,SA-02,Makkah Region,wind_shear_850_200,m s-1,191,191,14.798703,23.983376,29.734041,30.529701
handoff/mazu_like/mazu_like_20201125_00_lead024.nc,2020-11-25T00:00:00Z,24,2020-11-25T00:00:00Z,2020-11-26T00:00:00Z,SA-02,Makkah Region,omega500,Pa s-1,191,191,-0.14974643,-0.030499369,0.084106132,0.10669385
handoff/mazu_like/mazu_like_20201125_00_lead024.nc,2020-11-25T00:00:00Z,24,2020-11-25T00:00:00Z,2020-11-26T00:00:00Z,SA-02,Makkah Region,geopotential_height500,gpm,191,191,5833.7832,5853.8245,5863.9561,5867.1841
handoff/mazu_like/mazu_like_20201125_00_lead048.nc,2020-11-25T00:00:00Z,48,2020-11-26T00:00:00Z,2020-11-27T00:00:00Z,SA-02,Makkah Region,daily_precip_total,mm,191,191,0.4881787,5.8722587,15.855292,18.922285
handoff/mazu_like/mazu_like_20201125_00_lead048.nc,2020-11-25T00:00:00Z,48,2020-11-26T00:00:00Z,2020-11-27T00:00:00Z,SA-02,Makkah Region,t2m_c,degC,191,191,17.811005,22.904021,27.62999,29.008514
handoff/mazu_like/mazu_like_20201125_00_lead048.nc,2020-11-25T00:00:00Z,48,2020-11-26T00:00:00Z,2020-11-27T00:00:00Z,SA-02,Makkah Region,tmax_c,degC,191,191,20.63916,27.063717,30.243942,31.912262
handoff/mazu_like/mazu_like_20201125_00_lead048.nc,2020-11-25T00:00:00Z,48,2020-11-26T00:00:00Z,2020-11-27T00:00:00Z,SA-02,Makkah Region,tmin_c,degC,191,191,15.247803,19.957828,25.7565,27.301971
handoff/mazu_like/mazu_like_20201125_00_lead048.nc,2020-11-25T00:00:00Z,48,2020-11-26T00:00:00Z,2020-11-27T00:00:00Z,SA-02,Makkah Region,wind10_speed,m s-1,191,191,1.1721852,2.4858575,3.968787,5.4450245
handoff/mazu_like/mazu_like_20201125_00_lead048.nc,2020-11-25T00:00:00Z,48,2020-11-26T00:00:00Z,2020-11-27T00:00:00Z,SA-02,Makkah Region,pwat,kg m-2,191,191,27.355402,39.293866,44.773652,48.177539
handoff/mazu_like/mazu_like_20201125_00_lead048.nc,2020-11-25T00:00:00Z,48,2020-11-26T00:00:00Z,2020-11-27T00:00:00Z,SA-02,Makkah Region,ivt,kg m-1 s-1,191,191,125.85079,224.10219,302.28638,321.16979
handoff/mazu_like/mazu_like_20201125_00_lead048.nc,2020-11-25T00:00:00Z,48,2020-11-26T00:00:00Z,2020-11-27T00:00:00Z,SA-02,Makkah Region,wind850_speed,m s-1,191,191,1.8933848,5.1410124,8.9227047,9.4228315
handoff/mazu_like/mazu_like_20201125_00_lead048.nc,2020-11-25T00:00:00Z,48,2020-11-26T00:00:00Z,2020-11-27T00:00:00Z,SA-02,Makkah Region,wind_shear_850_200,m s-1,191,191,20.136187,30.867856,34.877804,40.405674
handoff/mazu_like/mazu_like_20201125_00_lead048.nc,2020-11-25T00:00:00Z,48,2020-11-26T00:00:00Z,2020-11-27T00:00:00Z,SA-02,Makkah Region,omega500,Pa s-1,191,191,-0.42818511,-0.15689463,-0.045614352,0.001792863
handoff/mazu_like/mazu_like_20201125_00_lead048.nc,2020-11-25T00:00:00Z,48,2020-11-26T00:00:00Z,2020-11-27T00:00:00Z,SA-02,Makkah Region,geopotential_height500,gpm,191,191,5808.0142,5837.0491,5853.5837,5860.6577
handoff/mazu_like/mazu_like_20201125_00_lead072.nc,2020-11-25T00:00:00Z,72,2020-11-27T00:00:00Z,2020-11-28T00:00:00Z,SA-02,Makkah Region,daily_precip_total,mm,191,191,0.51697487,6.1736636,14.19093,17.60288
handoff/mazu_like/mazu_like_20201125_00_lead072.nc,2020-11-25T00:00:00Z,72,2020-11-27T00:00:00Z,2020-11-28T00:00:00Z,SA-02,Makkah Region,t2m_c,degC,191,191,17.007172,21.793573,26.649994,27.881622
handoff/mazu_like/mazu_like_20201125_00_lead072.nc,2020-11-25T00:00:00Z,72,2020-11-27T00:00:00Z,2020-11-28T00:00:00Z,SA-02,Makkah Region,tmax_c,degC,191,191,19.803467,25.702426,29.31987,29.861877
handoff/mazu_like/mazu_like_20201125_00_lead072.nc,2020-11-25T00:00:00Z,72,2020-11-27T00:00:00Z,2020-11-28T00:00:00Z,SA-02,Makkah Region,tmin_c,degC,191,191,14.936981,19.274059,24.925705,26.687927
handoff/mazu_like/mazu_like_20201125_00_lead072.nc,2020-11-25T00:00:00Z,72,2020-11-27T00:00:00Z,2020-11-28T00:00:00Z,SA-02,Makkah Region,wind10_speed,m s-1,191,191,1.0051174,2.613977,5.5148637,6.514462
handoff/mazu_like/mazu_like_20201125_00_lead072.nc,2020-11-25T00:00:00Z,72,2020-11-27T00:00:00Z,2020-11-28T00:00:00Z,SA-02,Makkah Region,pwat,kg m-2,191,191,26.385351,36.671706,42.813176,45.68668
handoff/mazu_like/mazu_like_20201125_00_lead072.nc,2020-11-25T00:00:00Z,72,2020-11-27T00:00:00Z,2020-11-28T00:00:00Z,SA-02,Makkah Region,ivt,kg m-1 s-1,191,191,144.36297,242.98793,286.74956,299.1215
handoff/mazu_like/mazu_like_20201125_00_lead072.nc,2020-11-25T00:00:00Z,72,2020-11-27T00:00:00Z,2020-11-28T00:00:00Z,SA-02,Makkah Region,wind850_speed,m s-1,191,191,2.2089875,6.5221741,10.763836,11.640053
handoff/mazu_like/mazu_like_20201125_00_lead072.nc,2020-11-25T00:00:00Z,72,2020-11-27T00:00:00Z,2020-11-28T00:00:00Z,SA-02,Makkah Region,wind_shear_850_200,m s-1,191,191,27.68449,40.407627,44.942064,45.517025
handoff/mazu_like/mazu_like_20201125_00_lead072.nc,2020-11-25T00:00:00Z,72,2020-11-27T00:00:00Z,2020-11-28T00:00:00Z,SA-02,Makkah Region,omega500,Pa s-1,191,191,-0.46536463,-0.15752325,-0.059070453,-0.026383733
handoff/mazu_like/mazu_like_20201125_00_lead072.nc,2020-11-25T00:00:00Z,72,2020-11-27T00:00:00Z,2020-11-28T00:00:00Z,SA-02,Makkah Region,geopotential_height500,gpm,191,191,5789.9907,5828.3996,5852.3425,5862.9019
