method,base_method,knowledge_mode,near_threshold_margin_degc,temporal_minimum_near_windows,spatial_maximum_margin_degc,target_days,observed_hot_days,observed_hot_day_hits,observed_hot_day_recall,observed_nonhot_days,observed_nonhot_day_correct_negatives,observed_nonhot_day_specificity,balanced_accuracy,event_cases,event_case_detections,event_case_detection_fraction,control_cases,control_case_correct_rejections,control_case_rejection_fraction,knowledge_upgrade_count,complexity_rank,passes_all_gates,minimum_operational_skill
joint_heat_pooled_median_loco_kg_temporal_or_spatial_margin1p0_windows3_maxmargin0p0,pooled_median_loco,temporal_or_spatial,1.0,3.0,0.0,37,14,9,0.6428571428571429,23,15,0.6521739130434783,0.6475155279503106,9,6,0.6666666666666666,7,6,0.8571428571428571,9,3,False,0.6428571428571429
joint_heat_pooled_median_loco_kg_temporal_or_spatial_margin1p0_windows3_maxmargin0p5,pooled_median_loco,temporal_or_spatial,1.0,3.0,0.5,37,14,9,0.6428571428571429,23,15,0.6521739130434783,0.6475155279503106,9,6,0.6666666666666666,7,6,0.8571428571428571,9,3,False,0.6428571428571429
joint_heat_blend075_pooled_loco_kg_temporal_near_threshold_margin1p5_windows3_maxmargin0p0,blend075_pooled_loco,temporal_near_threshold,1.5,3.0,0.0,37,14,9,0.6428571428571429,23,15,0.6521739130434783,0.6475155279503106,9,6,0.6666666666666666,7,6,0.8571428571428571,12,1,False,0.6428571428571429
joint_heat_blend075_pooled_loco_kg_temporal_near_threshold_margin1p5_windows3_maxmargin0p5,blend075_pooled_loco,temporal_near_threshold,1.5,3.0,0.5,37,14,9,0.6428571428571429,23,15,0.6521739130434783,0.6475155279503106,9,6,0.6666666666666666,7,6,0.8571428571428571,12,1,False,0.6428571428571429
joint_heat_blend075_pooled_loco_kg_temporal_near_threshold_margin1p5_windows3_maxmargin1p0,blend075_pooled_loco,temporal_near_threshold,1.5,3.0,1.0,37,14,9,0.6428571428571429,23,15,0.6521739130434783,0.6475155279503106,9,6,0.6666666666666666,7,6,0.8571428571428571,12,1,False,0.6428571428571429
joint_heat_raw_spatial_p95_kg_temporal_or_spatial_margin2p5_windows3_maxmargin0p0,raw_spatial_p95,temporal_or_spatial,2.5,3.0,0.0,37,14,9,0.6428571428571429,23,15,0.6521739130434783,0.6475155279503106,9,6,0.6666666666666666,7,6,0.8571428571428571,18,3,False,0.6428571428571429
joint_heat_raw_spatial_p95_kg_temporal_or_spatial_margin2p5_windows3_maxmargin0p5,raw_spatial_p95,temporal_or_spatial,2.5,3.0,0.5,37,14,9,0.6428571428571429,23,15,0.6521739130434783,0.6475155279503106,9,6,0.6666666666666666,7,6,0.8571428571428571,18,3,False,0.6428571428571429
joint_heat_lead_median_loco_kg_temporal_or_spatial_margin0p75_windows2_maxmargin0p0,lead_median_loco,temporal_or_spatial,0.75,2.0,0.0,37,14,9,0.6428571428571429,23,15,0.6521739130434783,0.6475155279503106,9,6,0.6666666666666666,7,5,0.7142857142857143,6,3,False,0.6428571428571429
joint_heat_lead_median_loco_kg_temporal_or_spatial_margin0p75_windows2_maxmargin0p5,lead_median_loco,temporal_or_spatial,0.75,2.0,0.5,37,14,9,0.6428571428571429,23,15,0.6521739130434783,0.6475155279503106,9,6,0.6666666666666666,7,5,0.7142857142857143,6,3,False,0.6428571428571429
joint_heat_lead_median_loco_kg_temporal_or_spatial_margin0p75_windows2_maxmargin1p0,lead_median_loco,temporal_or_spatial,0.75,2.0,1.0,37,14,9,0.6428571428571429,23,15,0.6521739130434783,0.6475155279503106,9,6,0.6666666666666666,7,5,0.7142857142857143,6,3,False,0.6428571428571429
joint_heat_maximum_pooled_loco_kg_temporal_near_threshold_margin2p0_windows3_maxmargin0p0,maximum_pooled_loco,temporal_near_threshold,2.0,3.0,0.0,37,14,11,0.7857142857142857,23,14,0.6086956521739131,0.6972049689440993,9,7,0.7777777777777778,7,6,0.8571428571428571,15,1,False,0.6086956521739131
joint_heat_maximum_pooled_loco_kg_temporal_near_threshold_margin2p0_windows3_maxmargin0p5,maximum_pooled_loco,temporal_near_threshold,2.0,3.0,0.5,37,14,11,0.7857142857142857,23,14,0.6086956521739131,0.6972049689440993,9,7,0.7777777777777778,7,6,0.8571428571428571,15,1,False,0.6086956521739131
joint_heat_maximum_pooled_loco_kg_temporal_near_threshold_margin2p0_windows3_maxmargin1p0,maximum_pooled_loco,temporal_near_threshold,2.0,3.0,1.0,37,14,11,0.7857142857142857,23,14,0.6086956521739131,0.6972049689440993,9,7,0.7777777777777778,7,6,0.8571428571428571,15,1,False,0.6086956521739131
joint_heat_maximum_pooled_loco_kg_temporal_or_spatial_margin2p0_windows3_maxmargin0p0,maximum_pooled_loco,temporal_or_spatial,2.0,3.0,0.0,37,14,11,0.7857142857142857,23,14,0.6086956521739131,0.6972049689440993,9,7,0.7777777777777778,7,6,0.8571428571428571,15,3,False,0.6086956521739131
joint_heat_maximum_pooled_loco_kg_temporal_or_spatial_margin2p0_windows3_maxmargin0p5,maximum_pooled_loco,temporal_or_spatial,2.0,3.0,0.5,37,14,11,0.7857142857142857,23,14,0.6086956521739131,0.6972049689440993,9,7,0.7777777777777778,7,6,0.8571428571428571,15,3,False,0.6086956521739131
joint_heat_blend075_pooled_loco_kg_temporal_near_threshold_margin1p25_windows2_maxmargin0p0,blend075_pooled_loco,temporal_near_threshold,1.25,2.0,0.0,37,14,10,0.7142857142857143,23,14,0.6086956521739131,0.6614906832298137,9,6,0.6666666666666666,7,5,0.7142857142857143,14,1,False,0.6086956521739131
joint_heat_blend075_pooled_loco_kg_temporal_near_threshold_margin1p25_windows2_maxmargin0p5,blend075_pooled_loco,temporal_near_threshold,1.25,2.0,0.5,37,14,10,0.7142857142857143,23,14,0.6086956521739131,0.6614906832298137,9,6,0.6666666666666666,7,5,0.7142857142857143,14,1,False,0.6086956521739131
joint_heat_blend075_pooled_loco_kg_temporal_near_threshold_margin1p25_windows2_maxmargin1p0,blend075_pooled_loco,temporal_near_threshold,1.25,2.0,1.0,37,14,10,0.7142857142857143,23,14,0.6086956521739131,0.6614906832298137,9,6,0.6666666666666666,7,5,0.7142857142857143,14,1,False,0.6086956521739131
joint_heat_blend025_pooled_loco_kg_temporal_or_spatial_margin1p25_windows3_maxmargin0p0,blend025_pooled_loco,temporal_or_spatial,1.25,3.0,0.0,37,14,9,0.6428571428571429,23,14,0.6086956521739131,0.6257763975155279,9,6,0.6666666666666666,7,6,0.8571428571428571,10,3,False,0.6086956521739131
joint_heat_blend025_pooled_loco_kg_temporal_or_spatial_margin1p25_windows3_maxmargin0p5,blend025_pooled_loco,temporal_or_spatial,1.25,3.0,0.5,37,14,9,0.6428571428571429,23,14,0.6086956521739131,0.6257763975155279,9,6,0.6666666666666666,7,6,0.8571428571428571,10,3,False,0.6086956521739131
joint_heat_blend050_pooled_loco_kg_temporal_or_spatial_margin1p25_windows3_maxmargin0p0,blend050_pooled_loco,temporal_or_spatial,1.25,3.0,0.0,37,14,9,0.6428571428571429,23,14,0.6086956521739131,0.6257763975155279,9,6,0.6666666666666666,7,6,0.8571428571428571,13,3,False,0.6086956521739131
joint_heat_blend050_pooled_loco_kg_temporal_or_spatial_margin1p25_windows3_maxmargin0p5,blend050_pooled_loco,temporal_or_spatial,1.25,3.0,0.5,37,14,9,0.6428571428571429,23,14,0.6086956521739131,0.6257763975155279,9,6,0.6666666666666666,7,6,0.8571428571428571,13,3,False,0.6086956521739131
joint_heat_blend050_pooled_loco_kg_temporal_or_spatial_margin1p5_windows3_maxmargin0p0,blend050_pooled_loco,temporal_or_spatial,1.5,3.0,0.0,37,14,9,0.6428571428571429,23,14,0.6086956521739131,0.6257763975155279,9,6,0.6666666666666666,7,6,0.8571428571428571,13,3,False,0.6086956521739131
joint_heat_blend050_pooled_loco_kg_temporal_or_spatial_margin1p5_windows3_maxmargin0p5,blend050_pooled_loco,temporal_or_spatial,1.5,3.0,0.5,37,14,9,0.6428571428571429,23,14,0.6086956521739131,0.6257763975155279,9,6,0.6666666666666666,7,6,0.8571428571428571,13,3,False,0.6086956521739131
joint_heat_blend075_pooled_loco_kg_temporal_or_spatial_margin1p5_windows3_maxmargin0p0,blend075_pooled_loco,temporal_or_spatial,1.5,3.0,0.0,37,14,9,0.6428571428571429,23,14,0.6086956521739131,0.6257763975155279,9,6,0.6666666666666666,7,6,0.8571428571428571,13,3,False,0.6086956521739131
joint_heat_blend075_pooled_loco_kg_temporal_or_spatial_margin1p5_windows3_maxmargin0p5,blend075_pooled_loco,temporal_or_spatial,1.5,3.0,0.5,37,14,9,0.6428571428571429,23,14,0.6086956521739131,0.6257763975155279,9,6,0.6666666666666666,7,6,0.8571428571428571,13,3,False,0.6086956521739131
joint_heat_lead_median_loco_kg_temporal_or_spatial_margin1p0_windows2_maxmargin0p0,lead_median_loco,temporal_or_spatial,1.0,2.0,0.0,37,14,9,0.6428571428571429,23,14,0.6086956521739131,0.6257763975155279,9,6,0.6666666666666666,7,5,0.7142857142857143,7,3,False,0.6086956521739131
joint_heat_lead_median_loco_kg_temporal_or_spatial_margin1p0_windows2_maxmargin0p5,lead_median_loco,temporal_or_spatial,1.0,2.0,0.5,37,14,9,0.6428571428571429,23,14,0.6086956521739131,0.6257763975155279,9,6,0.6666666666666666,7,5,0.7142857142857143,7,3,False,0.6086956521739131
joint_heat_lead_median_loco_kg_temporal_or_spatial_margin1p0_windows2_maxmargin1p0,lead_median_loco,temporal_or_spatial,1.0,2.0,1.0,37,14,9,0.6428571428571429,23,14,0.6086956521739131,0.6257763975155279,9,6,0.6666666666666666,7,5,0.7142857142857143,7,3,False,0.6086956521739131
joint_heat_region_lead_shrinkage_loco_kg_temporal_or_spatial_margin1p0_windows2_maxmargin0p0,region_lead_shrinkage_loco,temporal_or_spatial,1.0,2.0,0.0,37,14,9,0.6428571428571429,23,14,0.6086956521739131,0.6257763975155279,9,6,0.6666666666666666,7,5,0.7142857142857143,7,3,False,0.6086956521739131
joint_heat_region_lead_shrinkage_loco_kg_temporal_or_spatial_margin1p0_windows2_maxmargin0p5,region_lead_shrinkage_loco,temporal_or_spatial,1.0,2.0,0.5,37,14,9,0.6428571428571429,23,14,0.6086956521739131,0.6257763975155279,9,6,0.6666666666666666,7,5,0.7142857142857143,7,3,False,0.6086956521739131
joint_heat_region_lead_shrinkage_loco_kg_temporal_or_spatial_margin1p0_windows2_maxmargin1p0,region_lead_shrinkage_loco,temporal_or_spatial,1.0,2.0,1.0,37,14,9,0.6428571428571429,23,14,0.6086956521739131,0.6257763975155279,9,6,0.6666666666666666,7,5,0.7142857142857143,7,3,False,0.6086956521739131
joint_heat_region_median_loco_kg_temporal_near_threshold_margin1p25_windows2_maxmargin0p0,region_median_loco,temporal_near_threshold,1.25,2.0,0.0,37,14,9,0.6428571428571429,23,14,0.6086956521739131,0.6257763975155279,9,6,0.6666666666666666,7,5,0.7142857142857143,8,1,False,0.6086956521739131
joint_heat_region_median_loco_kg_temporal_near_threshold_margin1p25_windows2_maxmargin0p5,region_median_loco,temporal_near_threshold,1.25,2.0,0.5,37,14,9,0.6428571428571429,23,14,0.6086956521739131,0.6257763975155279,9,6,0.6666666666666666,7,5,0.7142857142857143,8,1,False,0.6086956521739131
joint_heat_region_median_loco_kg_temporal_near_threshold_margin1p25_windows2_maxmargin1p0,region_median_loco,temporal_near_threshold,1.25,2.0,1.0,37,14,9,0.6428571428571429,23,14,0.6086956521739131,0.6257763975155279,9,6,0.6666666666666666,7,5,0.7142857142857143,8,1,False,0.6086956521739131
joint_heat_region_lead_shrinkage_loco_kg_temporal_near_threshold_margin0p75_windows2_maxmargin0p0,region_lead_shrinkage_loco,temporal_near_threshold,0.75,2.0,0.0,37,14,8,0.5714285714285714,23,16,0.6956521739130435,0.6335403726708074,9,6,0.6666666666666666,7,6,0.8571428571428571,4,1,False,0.5714285714285714
joint_heat_region_lead_shrinkage_loco_kg_temporal_near_threshold_margin0p75_windows2_maxmargin0p5,region_lead_shrinkage_loco,temporal_near_threshold,0.75,2.0,0.5,37,14,8,0.5714285714285714,23,16,0.6956521739130435,0.6335403726708074,9,6,0.6666666666666666,7,6,0.8571428571428571,4,1,False,0.5714285714285714
joint_heat_region_lead_shrinkage_loco_kg_temporal_near_threshold_margin0p75_windows2_maxmargin1p0,region_lead_shrinkage_loco,temporal_near_threshold,0.75,2.0,1.0,37,14,8,0.5714285714285714,23,16,0.6956521739130435,0.6335403726708074,9,6,0.6666666666666666,7,6,0.8571428571428571,4,1,False,0.5714285714285714
joint_heat_region_lead_shrinkage_loco_kg_temporal_or_spatial_margin0p75_windows2_maxmargin0p0,region_lead_shrinkage_loco,temporal_or_spatial,0.75,2.0,0.0,37,14,8,0.5714285714285714,23,16,0.6956521739130435,0.6335403726708074,9,6,0.6666666666666666,7,6,0.8571428571428571,4,3,False,0.5714285714285714
joint_heat_region_lead_shrinkage_loco_kg_temporal_or_spatial_margin0p75_windows2_maxmargin0p5,region_lead_shrinkage_loco,temporal_or_spatial,0.75,2.0,0.5,37,14,8,0.5714285714285714,23,16,0.6956521739130435,0.6335403726708074,9,6,0.6666666666666666,7,6,0.8571428571428571,4,3,False,0.5714285714285714
joint_heat_region_lead_shrinkage_loco_kg_temporal_or_spatial_margin0p75_windows2_maxmargin1p0,region_lead_shrinkage_loco,temporal_or_spatial,0.75,2.0,1.0,37,14,8,0.5714285714285714,23,16,0.6956521739130435,0.6335403726708074,9,6,0.6666666666666666,7,6,0.8571428571428571,4,3,False,0.5714285714285714
joint_heat_blend025_pooled_loco_kg_temporal_near_threshold_margin1p25_windows3_maxmargin0p0,blend025_pooled_loco,temporal_near_threshold,1.25,3.0,0.0,37,14,8,0.5714285714285714,23,15,0.6521739130434783,0.6118012422360248,9,6,0.6666666666666666,7,6,0.8571428571428571,8,1,False,0.5714285714285714
joint_heat_blend025_pooled_loco_kg_temporal_near_threshold_margin1p25_windows3_maxmargin0p5,blend025_pooled_loco,temporal_near_threshold,1.25,3.0,0.5,37,14,8,0.5714285714285714,23,15,0.6521739130434783,0.6118012422360248,9,6,0.6666666666666666,7,6,0.8571428571428571,8,1,False,0.5714285714285714
joint_heat_blend025_pooled_loco_kg_temporal_near_threshold_margin1p25_windows3_maxmargin1p0,blend025_pooled_loco,temporal_near_threshold,1.25,3.0,1.0,37,14,8,0.5714285714285714,23,15,0.6521739130434783,0.6118012422360248,9,6,0.6666666666666666,7,6,0.8571428571428571,8,1,False,0.5714285714285714
joint_heat_pooled_median_loco_kg_temporal_near_threshold_margin1p0_windows3_maxmargin0p0,pooled_median_loco,temporal_near_threshold,1.0,3.0,0.0,37,14,8,0.5714285714285714,23,15,0.6521739130434783,0.6118012422360248,9,6,0.6666666666666666,7,6,0.8571428571428571,8,1,False,0.5714285714285714
joint_heat_pooled_median_loco_kg_temporal_near_threshold_margin1p0_windows3_maxmargin0p5,pooled_median_loco,temporal_near_threshold,1.0,3.0,0.5,37,14,8,0.5714285714285714,23,15,0.6521739130434783,0.6118012422360248,9,6,0.6666666666666666,7,6,0.8571428571428571,8,1,False,0.5714285714285714
joint_heat_pooled_median_loco_kg_temporal_near_threshold_margin1p0_windows3_maxmargin1p0,pooled_median_loco,temporal_near_threshold,1.0,3.0,1.0,37,14,8,0.5714285714285714,23,15,0.6521739130434783,0.6118012422360248,9,6,0.6666666666666666,7,6,0.8571428571428571,8,1,False,0.5714285714285714
joint_heat_blend050_pooled_loco_kg_temporal_near_threshold_margin1p25_windows3_maxmargin0p0,blend050_pooled_loco,temporal_near_threshold,1.25,3.0,0.0,37,14,8,0.5714285714285714,23,15,0.6521739130434783,0.6118012422360248,9,6,0.6666666666666666,7,6,0.8571428571428571,11,1,False,0.5714285714285714
joint_heat_blend050_pooled_loco_kg_temporal_near_threshold_margin1p25_windows3_maxmargin0p5,blend050_pooled_loco,temporal_near_threshold,1.25,3.0,0.5,37,14,8,0.5714285714285714,23,15,0.6521739130434783,0.6118012422360248,9,6,0.6666666666666666,7,6,0.8571428571428571,11,1,False,0.5714285714285714
joint_heat_blend050_pooled_loco_kg_temporal_near_threshold_margin1p25_windows3_maxmargin1p0,blend050_pooled_loco,temporal_near_threshold,1.25,3.0,1.0,37,14,8,0.5714285714285714,23,15,0.6521739130434783,0.6118012422360248,9,6,0.6666666666666666,7,6,0.8571428571428571,11,1,False,0.5714285714285714
joint_heat_blend050_pooled_loco_kg_temporal_near_threshold_margin1p5_windows3_maxmargin0p0,blend050_pooled_loco,temporal_near_threshold,1.5,3.0,0.0,37,14,8,0.5714285714285714,23,15,0.6521739130434783,0.6118012422360248,9,6,0.6666666666666666,7,6,0.8571428571428571,11,1,False,0.5714285714285714
joint_heat_blend050_pooled_loco_kg_temporal_near_threshold_margin1p5_windows3_maxmargin0p5,blend050_pooled_loco,temporal_near_threshold,1.5,3.0,0.5,37,14,8,0.5714285714285714,23,15,0.6521739130434783,0.6118012422360248,9,6,0.6666666666666666,7,6,0.8571428571428571,11,1,False,0.5714285714285714
joint_heat_blend050_pooled_loco_kg_temporal_near_threshold_margin1p5_windows3_maxmargin1p0,blend050_pooled_loco,temporal_near_threshold,1.5,3.0,1.0,37,14,8,0.5714285714285714,23,15,0.6521739130434783,0.6118012422360248,9,6,0.6666666666666666,7,6,0.8571428571428571,11,1,False,0.5714285714285714
joint_heat_raw_spatial_p95_kg_temporal_near_threshold_margin2p5_windows3_maxmargin0p0,raw_spatial_p95,temporal_near_threshold,2.5,3.0,0.0,37,14,8,0.5714285714285714,23,15,0.6521739130434783,0.6118012422360248,9,6,0.6666666666666666,7,6,0.8571428571428571,17,1,False,0.5714285714285714
joint_heat_raw_spatial_p95_kg_temporal_near_threshold_margin2p5_windows3_maxmargin0p5,raw_spatial_p95,temporal_near_threshold,2.5,3.0,0.5,37,14,8,0.5714285714285714,23,15,0.6521739130434783,0.6118012422360248,9,6,0.6666666666666666,7,6,0.8571428571428571,17,1,False,0.5714285714285714
joint_heat_raw_spatial_p95_kg_temporal_near_threshold_margin2p5_windows3_maxmargin1p0,raw_spatial_p95,temporal_near_threshold,2.5,3.0,1.0,37,14,8,0.5714285714285714,23,15,0.6521739130434783,0.6118012422360248,9,6,0.6666666666666666,7,6,0.8571428571428571,17,1,False,0.5714285714285714
joint_heat_lead_median_loco_kg_temporal_near_threshold_margin0p75_windows2_maxmargin0p0,lead_median_loco,temporal_near_threshold,0.75,2.0,0.0,37,14,8,0.5714285714285714,23,15,0.6521739130434783,0.6118012422360248,9,6,0.6666666666666666,7,5,0.7142857142857143,5,1,False,0.5714285714285714
joint_heat_lead_median_loco_kg_temporal_near_threshold_margin0p75_windows2_maxmargin0p5,lead_median_loco,temporal_near_threshold,0.75,2.0,0.5,37,14,8,0.5714285714285714,23,15,0.6521739130434783,0.6118012422360248,9,6,0.6666666666666666,7,5,0.7142857142857143,5,1,False,0.5714285714285714
joint_heat_lead_median_loco_kg_temporal_near_threshold_margin0p75_windows2_maxmargin1p0,lead_median_loco,temporal_near_threshold,0.75,2.0,1.0,37,14,8,0.5714285714285714,23,15,0.6521739130434783,0.6118012422360248,9,6,0.6666666666666666,7,5,0.7142857142857143,5,1,False,0.5714285714285714
joint_heat_lead_median_loco_kg_temporal_near_threshold_margin1p0_windows2_maxmargin0p0,lead_median_loco,temporal_near_threshold,1.0,2.0,0.0,37,14,8,0.5714285714285714,23,14,0.6086956521739131,0.5900621118012422,9,6,0.6666666666666666,7,5,0.7142857142857143,6,1,False,0.5714285714285714
joint_heat_lead_median_loco_kg_temporal_near_threshold_margin1p0_windows2_maxmargin0p5,lead_median_loco,temporal_near_threshold,1.0,2.0,0.5,37,14,8,0.5714285714285714,23,14,0.6086956521739131,0.5900621118012422,9,6,0.6666666666666666,7,5,0.7142857142857143,6,1,False,0.5714285714285714
joint_heat_lead_median_loco_kg_temporal_near_threshold_margin1p0_windows2_maxmargin1p0,lead_median_loco,temporal_near_threshold,1.0,2.0,1.0,37,14,8,0.5714285714285714,23,14,0.6086956521739131,0.5900621118012422,9,6,0.6666666666666666,7,5,0.7142857142857143,6,1,False,0.5714285714285714
joint_heat_region_lead_shrinkage_loco_kg_temporal_near_threshold_margin1p0_windows2_maxmargin0p0,region_lead_shrinkage_loco,temporal_near_threshold,1.0,2.0,0.0,37,14,8,0.5714285714285714,23,14,0.6086956521739131,0.5900621118012422,9,6,0.6666666666666666,7,5,0.7142857142857143,6,1,False,0.5714285714285714
joint_heat_region_lead_shrinkage_loco_kg_temporal_near_threshold_margin1p0_windows2_maxmargin0p5,region_lead_shrinkage_loco,temporal_near_threshold,1.0,2.0,0.5,37,14,8,0.5714285714285714,23,14,0.6086956521739131,0.5900621118012422,9,6,0.6666666666666666,7,5,0.7142857142857143,6,1,False,0.5714285714285714
joint_heat_region_lead_shrinkage_loco_kg_temporal_near_threshold_margin1p0_windows2_maxmargin1p0,region_lead_shrinkage_loco,temporal_near_threshold,1.0,2.0,1.0,37,14,8,0.5714285714285714,23,14,0.6086956521739131,0.5900621118012422,9,6,0.6666666666666666,7,5,0.7142857142857143,6,1,False,0.5714285714285714
joint_heat_ridge_state_loco_lambda1_kg_temporal_or_spatial_margin1p5_windows2_maxmargin0p0,ridge_state_loco_lambda1,temporal_or_spatial,1.5,2.0,0.0,37,14,11,0.7857142857142857,23,13,0.5652173913043478,0.6754658385093167,9,7,0.7777777777777778,7,5,0.7142857142857143,15,3,False,0.5652173913043478
joint_heat_ridge_state_loco_lambda1_kg_temporal_or_spatial_margin1p5_windows2_maxmargin0p5,ridge_state_loco_lambda1,temporal_or_spatial,1.5,2.0,0.5,37,14,11,0.7857142857142857,23,13,0.5652173913043478,0.6754658385093167,9,7,0.7777777777777778,7,5,0.7142857142857143,15,3,False,0.5652173913043478
joint_heat_ridge_state_loco_lambda1_kg_temporal_or_spatial_margin1p5_windows2_maxmargin1p0,ridge_state_loco_lambda1,temporal_or_spatial,1.5,2.0,1.0,37,14,11,0.7857142857142857,23,13,0.5652173913043478,0.6754658385093167,9,7,0.7777777777777778,7,5,0.7142857142857143,15,3,False,0.5652173913043478
joint_heat_blend025_pooled_loco_kg_temporal_or_spatial_margin1p0_windows2_maxmargin0p0,blend025_pooled_loco,temporal_or_spatial,1.0,2.0,0.0,37,14,10,0.7142857142857143,23,13,0.5652173913043478,0.639751552795031,9,7,0.7777777777777778,7,5,0.7142857142857143,12,3,False,0.5652173913043478
joint_heat_blend025_pooled_loco_kg_temporal_or_spatial_margin1p0_windows2_maxmargin0p5,blend025_pooled_loco,temporal_or_spatial,1.0,2.0,0.5,37,14,10,0.7142857142857143,23,13,0.5652173913043478,0.639751552795031,9,7,0.7777777777777778,7,5,0.7142857142857143,12,3,False,0.5652173913043478
joint_heat_blend025_pooled_loco_kg_temporal_or_spatial_margin1p0_windows2_maxmargin1p0,blend025_pooled_loco,temporal_or_spatial,1.0,2.0,1.0,37,14,10,0.7142857142857143,23,13,0.5652173913043478,0.639751552795031,9,7,0.7777777777777778,7,5,0.7142857142857143,12,3,False,0.5652173913043478
joint_heat_ridge_state_loco_lambda1_kg_temporal_near_threshold_margin1p5_windows2_maxmargin0p0,ridge_state_loco_lambda1,temporal_near_threshold,1.5,2.0,0.0,37,14,10,0.7142857142857143,23,13,0.5652173913043478,0.639751552795031,9,7,0.7777777777777778,7,5,0.7142857142857143,14,1,False,0.5652173913043478
joint_heat_ridge_state_loco_lambda1_kg_temporal_near_threshold_margin1p5_windows2_maxmargin0p5,ridge_state_loco_lambda1,temporal_near_threshold,1.5,2.0,0.5,37,14,10,0.7142857142857143,23,13,0.5652173913043478,0.639751552795031,9,7,0.7777777777777778,7,5,0.7142857142857143,14,1,False,0.5652173913043478
joint_heat_ridge_state_loco_lambda1_kg_temporal_near_threshold_margin1p5_windows2_maxmargin1p0,ridge_state_loco_lambda1,temporal_near_threshold,1.5,2.0,1.0,37,14,10,0.7142857142857143,23,13,0.5652173913043478,0.639751552795031,9,7,0.7777777777777778,7,5,0.7142857142857143,14,1,False,0.5652173913043478
joint_heat_blend075_pooled_loco_kg_temporal_near_threshold_margin1p5_windows2_maxmargin0p0,blend075_pooled_loco,temporal_near_threshold,1.5,2.0,0.0,37,14,10,0.7142857142857143,23,13,0.5652173913043478,0.639751552795031,9,7,0.7777777777777778,7,5,0.7142857142857143,16,1,False,0.5652173913043478
joint_heat_blend075_pooled_loco_kg_temporal_near_threshold_margin1p5_windows2_maxmargin0p5,blend075_pooled_loco,temporal_near_threshold,1.5,2.0,0.5,37,14,10,0.7142857142857143,23,13,0.5652173913043478,0.639751552795031,9,7,0.7777777777777778,7,5,0.7142857142857143,16,1,False,0.5652173913043478
joint_heat_blend075_pooled_loco_kg_temporal_near_threshold_margin1p5_windows2_maxmargin1p0,blend075_pooled_loco,temporal_near_threshold,1.5,2.0,1.0,37,14,10,0.7142857142857143,23,13,0.5652173913043478,0.639751552795031,9,7,0.7777777777777778,7,5,0.7142857142857143,16,1,False,0.5652173913043478
joint_heat_maximum_pooled_loco_kg_temporal_near_threshold_margin1p5_windows2_maxmargin0p0,maximum_pooled_loco,temporal_near_threshold,1.5,2.0,0.0,37,14,10,0.7142857142857143,23,13,0.5652173913043478,0.639751552795031,9,6,0.6666666666666666,7,5,0.7142857142857143,14,1,False,0.5652173913043478
joint_heat_maximum_pooled_loco_kg_temporal_near_threshold_margin1p5_windows2_maxmargin0p5,maximum_pooled_loco,temporal_near_threshold,1.5,2.0,0.5,37,14,10,0.7142857142857143,23,13,0.5652173913043478,0.639751552795031,9,6,0.6666666666666666,7,5,0.7142857142857143,14,1,False,0.5652173913043478
joint_heat_maximum_pooled_loco_kg_temporal_near_threshold_margin1p5_windows2_maxmargin1p0,maximum_pooled_loco,temporal_near_threshold,1.5,2.0,1.0,37,14,10,0.7142857142857143,23,13,0.5652173913043478,0.639751552795031,9,6,0.6666666666666666,7,5,0.7142857142857143,14,1,False,0.5652173913043478
joint_heat_maximum_pooled_loco_kg_temporal_or_spatial_margin1p5_windows2_maxmargin0p0,maximum_pooled_loco,temporal_or_spatial,1.5,2.0,0.0,37,14,10,0.7142857142857143,23,13,0.5652173913043478,0.639751552795031,9,6,0.6666666666666666,7,5,0.7142857142857143,14,3,False,0.5652173913043478
joint_heat_maximum_pooled_loco_kg_temporal_or_spatial_margin1p5_windows2_maxmargin0p5,maximum_pooled_loco,temporal_or_spatial,1.5,2.0,0.5,37,14,10,0.7142857142857143,23,13,0.5652173913043478,0.639751552795031,9,6,0.6666666666666666,7,5,0.7142857142857143,14,3,False,0.5652173913043478
joint_heat_maximum_pooled_loco_kg_temporal_or_spatial_margin1p5_windows2_maxmargin1p0,maximum_pooled_loco,temporal_or_spatial,1.5,2.0,1.0,37,14,10,0.7142857142857143,23,13,0.5652173913043478,0.639751552795031,9,6,0.6666666666666666,7,5,0.7142857142857143,14,3,False,0.5652173913043478
joint_heat_blend075_pooled_loco_kg_temporal_or_spatial_margin1p25_windows2_maxmargin0p0,blend075_pooled_loco,temporal_or_spatial,1.25,2.0,0.0,37,14,10,0.7142857142857143,23,13,0.5652173913043478,0.639751552795031,9,6,0.6666666666666666,7,5,0.7142857142857143,15,3,False,0.5652173913043478
joint_heat_blend075_pooled_loco_kg_temporal_or_spatial_margin1p25_windows2_maxmargin0p5,blend075_pooled_loco,temporal_or_spatial,1.25,2.0,0.5,37,14,10,0.7142857142857143,23,13,0.5652173913043478,0.639751552795031,9,6,0.6666666666666666,7,5,0.7142857142857143,15,3,False,0.5652173913043478
joint_heat_blend075_pooled_loco_kg_temporal_or_spatial_margin1p25_windows2_maxmargin1p0,blend075_pooled_loco,temporal_or_spatial,1.25,2.0,1.0,37,14,10,0.7142857142857143,23,13,0.5652173913043478,0.639751552795031,9,6,0.6666666666666666,7,5,0.7142857142857143,15,3,False,0.5652173913043478
joint_heat_blend025_pooled_loco_kg_temporal_near_threshold_margin1p0_windows2_maxmargin0p0,blend025_pooled_loco,temporal_near_threshold,1.0,2.0,0.0,37,14,9,0.6428571428571429,23,13,0.5652173913043478,0.6040372670807453,9,7,0.7777777777777778,7,5,0.7142857142857143,11,1,False,0.5652173913043478
joint_heat_blend025_pooled_loco_kg_temporal_near_threshold_margin1p0_windows2_maxmargin0p5,blend025_pooled_loco,temporal_near_threshold,1.0,2.0,0.5,37,14,9,0.6428571428571429,23,13,0.5652173913043478,0.6040372670807453,9,7,0.7777777777777778,7,5,0.7142857142857143,11,1,False,0.5652173913043478
joint_heat_blend025_pooled_loco_kg_temporal_near_threshold_margin1p0_windows2_maxmargin1p0,blend025_pooled_loco,temporal_near_threshold,1.0,2.0,1.0,37,14,9,0.6428571428571429,23,13,0.5652173913043478,0.6040372670807453,9,7,0.7777777777777778,7,5,0.7142857142857143,11,1,False,0.5652173913043478
joint_heat_blend025_pooled_loco_kg_temporal_near_threshold_margin1p25_windows2_maxmargin0p0,blend025_pooled_loco,temporal_near_threshold,1.25,2.0,0.0,37,14,9,0.6428571428571429,23,13,0.5652173913043478,0.6040372670807453,9,7,0.7777777777777778,7,5,0.7142857142857143,12,1,False,0.5652173913043478
joint_heat_blend025_pooled_loco_kg_temporal_near_threshold_margin1p25_windows2_maxmargin0p5,blend025_pooled_loco,temporal_near_threshold,1.25,2.0,0.5,37,14,9,0.6428571428571429,23,13,0.5652173913043478,0.6040372670807453,9,7,0.7777777777777778,7,5,0.7142857142857143,12,1,False,0.5652173913043478
joint_heat_blend025_pooled_loco_kg_temporal_near_threshold_margin1p25_windows2_maxmargin1p0,blend025_pooled_loco,temporal_near_threshold,1.25,2.0,1.0,37,14,9,0.6428571428571429,23,13,0.5652173913043478,0.6040372670807453,9,7,0.7777777777777778,7,5,0.7142857142857143,12,1,False,0.5652173913043478
joint_heat_blend050_pooled_loco_kg_temporal_near_threshold_margin1p25_windows2_maxmargin0p0,blend050_pooled_loco,temporal_near_threshold,1.25,2.0,0.0,37,14,9,0.6428571428571429,23,13,0.5652173913043478,0.6040372670807453,9,7,0.7777777777777778,7,5,0.7142857142857143,15,1,False,0.5652173913043478
joint_heat_blend050_pooled_loco_kg_temporal_near_threshold_margin1p25_windows2_maxmargin0p5,blend050_pooled_loco,temporal_near_threshold,1.25,2.0,0.5,37,14,9,0.6428571428571429,23,13,0.5652173913043478,0.6040372670807453,9,7,0.7777777777777778,7,5,0.7142857142857143,15,1,False,0.5652173913043478
joint_heat_blend050_pooled_loco_kg_temporal_near_threshold_margin1p25_windows2_maxmargin1p0,blend050_pooled_loco,temporal_near_threshold,1.25,2.0,1.0,37,14,9,0.6428571428571429,23,13,0.5652173913043478,0.6040372670807453,9,7,0.7777777777777778,7,5,0.7142857142857143,15,1,False,0.5652173913043478
joint_heat_blend050_pooled_loco_kg_temporal_near_threshold_margin1p5_windows2_maxmargin0p0,blend050_pooled_loco,temporal_near_threshold,1.5,2.0,0.0,37,14,9,0.6428571428571429,23,13,0.5652173913043478,0.6040372670807453,9,7,0.7777777777777778,7,5,0.7142857142857143,15,1,False,0.5652173913043478
joint_heat_blend050_pooled_loco_kg_temporal_near_threshold_margin1p5_windows2_maxmargin0p5,blend050_pooled_loco,temporal_near_threshold,1.5,2.0,0.5,37,14,9,0.6428571428571429,23,13,0.5652173913043478,0.6040372670807453,9,7,0.7777777777777778,7,5,0.7142857142857143,15,1,False,0.5652173913043478
joint_heat_blend050_pooled_loco_kg_temporal_near_threshold_margin1p5_windows2_maxmargin1p0,blend050_pooled_loco,temporal_near_threshold,1.5,2.0,1.0,37,14,9,0.6428571428571429,23,13,0.5652173913043478,0.6040372670807453,9,7,0.7777777777777778,7,5,0.7142857142857143,15,1,False,0.5652173913043478
joint_heat_region_median_loco_kg_temporal_or_spatial_margin1p25_windows2_maxmargin0p0,region_median_loco,temporal_or_spatial,1.25,2.0,0.0,37,14,9,0.6428571428571429,23,13,0.5652173913043478,0.6040372670807453,9,6,0.6666666666666666,7,5,0.7142857142857143,9,3,False,0.5652173913043478
joint_heat_region_median_loco_kg_temporal_or_spatial_margin1p25_windows2_maxmargin0p5,region_median_loco,temporal_or_spatial,1.25,2.0,0.5,37,14,9,0.6428571428571429,23,13,0.5652173913043478,0.6040372670807453,9,6,0.6666666666666666,7,5,0.7142857142857143,9,3,False,0.5652173913043478
joint_heat_region_median_loco_kg_temporal_or_spatial_margin1p25_windows2_maxmargin1p0,region_median_loco,temporal_or_spatial,1.25,2.0,1.0,37,14,9,0.6428571428571429,23,13,0.5652173913043478,0.6040372670807453,9,6,0.6666666666666666,7,5,0.7142857142857143,9,3,False,0.5652173913043478
joint_heat_pooled_median_loco_kg_temporal_or_spatial_margin1p0_windows2_maxmargin0p0,pooled_median_loco,temporal_or_spatial,1.0,2.0,0.0,37,14,9,0.6428571428571429,23,13,0.5652173913043478,0.6040372670807453,9,6,0.6666666666666666,7,5,0.7142857142857143,11,3,False,0.5652173913043478
joint_heat_pooled_median_loco_kg_temporal_or_spatial_margin1p0_windows2_maxmargin0p5,pooled_median_loco,temporal_or_spatial,1.0,2.0,0.5,37,14,9,0.6428571428571429,23,13,0.5652173913043478,0.6040372670807453,9,6,0.6666666666666666,7,5,0.7142857142857143,11,3,False,0.5652173913043478
joint_heat_pooled_median_loco_kg_temporal_or_spatial_margin1p0_windows2_maxmargin1p0,pooled_median_loco,temporal_or_spatial,1.0,2.0,1.0,37,14,9,0.6428571428571429,23,13,0.5652173913043478,0.6040372670807453,9,6,0.6666666666666666,7,5,0.7142857142857143,11,3,False,0.5652173913043478
joint_heat_pooled_median_loco_kg_temporal_or_spatial_margin1p0_windows3_maxmargin1p0,pooled_median_loco,temporal_or_spatial,1.0,3.0,1.0,37,14,9,0.6428571428571429,23,13,0.5652173913043478,0.6040372670807453,9,6,0.6666666666666666,7,5,0.7142857142857143,11,3,False,0.5652173913043478
joint_heat_ridge_state_loco_lambda100_kg_temporal_or_spatial_margin1p5_windows2_maxmargin0p0,ridge_state_loco_lambda100,temporal_or_spatial,1.5,2.0,0.0,37,14,9,0.6428571428571429,23,13,0.5652173913043478,0.6040372670807453,9,6,0.6666666666666666,7,5,0.7142857142857143,15,3,False,0.5652173913043478
joint_heat_ridge_state_loco_lambda100_kg_temporal_or_spatial_margin1p5_windows2_maxmargin0p5,ridge_state_loco_lambda100,temporal_or_spatial,1.5,2.0,0.5,37,14,9,0.6428571428571429,23,13,0.5652173913043478,0.6040372670807453,9,6,0.6666666666666666,7,5,0.7142857142857143,15,3,False,0.5652173913043478
joint_heat_ridge_state_loco_lambda100_kg_temporal_or_spatial_margin1p5_windows2_maxmargin1p0,ridge_state_loco_lambda100,temporal_or_spatial,1.5,2.0,1.0,37,14,9,0.6428571428571429,23,13,0.5652173913043478,0.6040372670807453,9,6,0.6666666666666666,7,5,0.7142857142857143,15,3,False,0.5652173913043478
joint_heat_ridge_state_loco_lambda10_kg_temporal_or_spatial_margin1p5_windows2_maxmargin0p0,ridge_state_loco_lambda10,temporal_or_spatial,1.5,2.0,0.0,37,14,9,0.6428571428571429,23,13,0.5652173913043478,0.6040372670807453,9,6,0.6666666666666666,7,5,0.7142857142857143,17,3,False,0.5652173913043478
joint_heat_ridge_state_loco_lambda10_kg_temporal_or_spatial_margin1p5_windows2_maxmargin0p5,ridge_state_loco_lambda10,temporal_or_spatial,1.5,2.0,0.5,37,14,9,0.6428571428571429,23,13,0.5652173913043478,0.6040372670807453,9,6,0.6666666666666666,7,5,0.7142857142857143,17,3,False,0.5652173913043478
joint_heat_ridge_state_loco_lambda10_kg_temporal_or_spatial_margin1p5_windows2_maxmargin1p0,ridge_state_loco_lambda10,temporal_or_spatial,1.5,2.0,1.0,37,14,9,0.6428571428571429,23,13,0.5652173913043478,0.6040372670807453,9,6,0.6666666666666666,7,5,0.7142857142857143,17,3,False,0.5652173913043478
joint_heat_raw_spatial_p95_kg_temporal_or_spatial_margin2p5_windows2_maxmargin0p0,raw_spatial_p95,temporal_or_spatial,2.5,2.0,0.0,37,14,9,0.6428571428571429,23,13,0.5652173913043478,0.6040372670807453,9,6,0.6666666666666666,7,5,0.7142857142857143,20,3,False,0.5652173913043478
joint_heat_raw_spatial_p95_kg_temporal_or_spatial_margin2p5_windows2_maxmargin0p5,raw_spatial_p95,temporal_or_spatial,2.5,2.0,0.5,37,14,9,0.6428571428571429,23,13,0.5652173913043478,0.6040372670807453,9,6,0.6666666666666666,7,5,0.7142857142857143,20,3,False,0.5652173913043478
joint_heat_raw_spatial_p95_kg_temporal_or_spatial_margin2p5_windows2_maxmargin1p0,raw_spatial_p95,temporal_or_spatial,2.5,2.0,1.0,37,14,9,0.6428571428571429,23,13,0.5652173913043478,0.6040372670807453,9,6,0.6666666666666666,7,5,0.7142857142857143,20,3,False,0.5652173913043478
joint_heat_raw_spatial_p95_kg_temporal_or_spatial_margin2p5_windows3_maxmargin1p0,raw_spatial_p95,temporal_or_spatial,2.5,3.0,1.0,37,14,9,0.6428571428571429,23,13,0.5652173913043478,0.6040372670807453,9,6,0.6666666666666666,7,5,0.7142857142857143,20,3,False,0.5652173913043478
joint_heat_pooled_median_loco_kg_temporal_near_threshold_margin1p0_windows2_maxmargin0p0,pooled_median_loco,temporal_near_threshold,1.0,2.0,0.0,37,14,8,0.5714285714285714,23,13,0.5652173913043478,0.5683229813664596,9,6,0.6666666666666666,7,5,0.7142857142857143,10,1,False,0.5652173913043478
joint_heat_pooled_median_loco_kg_temporal_near_threshold_margin1p0_windows2_maxmargin0p5,pooled_median_loco,temporal_near_threshold,1.0,2.0,0.5,37,14,8,0.5714285714285714,23,13,0.5652173913043478,0.5683229813664596,9,6,0.6666666666666666,7,5,0.7142857142857143,10,1,False,0.5652173913043478
joint_heat_pooled_median_loco_kg_temporal_near_threshold_margin1p0_windows2_maxmargin1p0,pooled_median_loco,temporal_near_threshold,1.0,2.0,1.0,37,14,8,0.5714285714285714,23,13,0.5652173913043478,0.5683229813664596,9,6,0.6666666666666666,7,5,0.7142857142857143,10,1,False,0.5652173913043478
joint_heat_ridge_state_loco_lambda100_kg_temporal_near_threshold_margin1p5_windows2_maxmargin0p0,ridge_state_loco_lambda100,temporal_near_threshold,1.5,2.0,0.0,37,14,8,0.5714285714285714,23,13,0.5652173913043478,0.5683229813664596,9,6,0.6666666666666666,7,5,0.7142857142857143,14,1,False,0.5652173913043478
joint_heat_ridge_state_loco_lambda100_kg_temporal_near_threshold_margin1p5_windows2_maxmargin0p5,ridge_state_loco_lambda100,temporal_near_threshold,1.5,2.0,0.5,37,14,8,0.5714285714285714,23,13,0.5652173913043478,0.5683229813664596,9,6,0.6666666666666666,7,5,0.7142857142857143,14,1,False,0.5652173913043478
joint_heat_ridge_state_loco_lambda100_kg_temporal_near_threshold_margin1p5_windows2_maxmargin1p0,ridge_state_loco_lambda100,temporal_near_threshold,1.5,2.0,1.0,37,14,8,0.5714285714285714,23,13,0.5652173913043478,0.5683229813664596,9,6,0.6666666666666666,7,5,0.7142857142857143,14,1,False,0.5652173913043478
joint_heat_ridge_state_loco_lambda10_kg_temporal_near_threshold_margin1p5_windows2_maxmargin0p0,ridge_state_loco_lambda10,temporal_near_threshold,1.5,2.0,0.0,37,14,8,0.5714285714285714,23,13,0.5652173913043478,0.5683229813664596,9,6,0.6666666666666666,7,5,0.7142857142857143,16,1,False,0.5652173913043478
joint_heat_ridge_state_loco_lambda10_kg_temporal_near_threshold_margin1p5_windows2_maxmargin0p5,ridge_state_loco_lambda10,temporal_near_threshold,1.5,2.0,0.5,37,14,8,0.5714285714285714,23,13,0.5652173913043478,0.5683229813664596,9,6,0.6666666666666666,7,5,0.7142857142857143,16,1,False,0.5652173913043478
joint_heat_ridge_state_loco_lambda10_kg_temporal_near_threshold_margin1p5_windows2_maxmargin1p0,ridge_state_loco_lambda10,temporal_near_threshold,1.5,2.0,1.0,37,14,8,0.5714285714285714,23,13,0.5652173913043478,0.5683229813664596,9,6,0.6666666666666666,7,5,0.7142857142857143,16,1,False,0.5652173913043478
joint_heat_raw_spatial_p95_kg_temporal_near_threshold_margin2p5_windows2_maxmargin0p0,raw_spatial_p95,temporal_near_threshold,2.5,2.0,0.0,37,14,8,0.5714285714285714,23,13,0.5652173913043478,0.5683229813664596,9,6,0.6666666666666666,7,5,0.7142857142857143,19,1,False,0.5652173913043478
joint_heat_raw_spatial_p95_kg_temporal_near_threshold_margin2p5_windows2_maxmargin0p5,raw_spatial_p95,temporal_near_threshold,2.5,2.0,0.5,37,14,8,0.5714285714285714,23,13,0.5652173913043478,0.5683229813664596,9,6,0.6666666666666666,7,5,0.7142857142857143,19,1,False,0.5652173913043478
joint_heat_raw_spatial_p95_kg_temporal_near_threshold_margin2p5_windows2_maxmargin1p0,raw_spatial_p95,temporal_near_threshold,2.5,2.0,1.0,37,14,8,0.5714285714285714,23,13,0.5652173913043478,0.5683229813664596,9,6,0.6666666666666666,7,5,0.7142857142857143,19,1,False,0.5652173913043478
joint_heat_ridge_state_loco_lambda1_kg_temporal_near_threshold_margin1p0_windows2_maxmargin0p0,ridge_state_loco_lambda1,temporal_near_threshold,1.0,2.0,0.0,37,14,8,0.5714285714285714,23,19,0.8260869565217391,0.6987577639751552,9,5,0.5555555555555556,7,6,0.8571428571428571,6,1,False,0.5555555555555556
joint_heat_ridge_state_loco_lambda1_kg_temporal_near_threshold_margin1p0_windows2_maxmargin0p5,ridge_state_loco_lambda1,temporal_near_threshold,1.0,2.0,0.5,37,14,8,0.5714285714285714,23,19,0.8260869565217391,0.6987577639751552,9,5,0.5555555555555556,7,6,0.8571428571428571,6,1,False,0.5555555555555556
joint_heat_ridge_state_loco_lambda1_kg_temporal_near_threshold_margin1p0_windows2_maxmargin1p0,ridge_state_loco_lambda1,temporal_near_threshold,1.0,2.0,1.0,37,14,8,0.5714285714285714,23,19,0.8260869565217391,0.6987577639751552,9,5,0.5555555555555556,7,6,0.8571428571428571,6,1,False,0.5555555555555556
joint_heat_ridge_state_loco_lambda1_kg_temporal_or_spatial_margin1p0_windows2_maxmargin0p0,ridge_state_loco_lambda1,temporal_or_spatial,1.0,2.0,0.0,37,14,8,0.5714285714285714,23,19,0.8260869565217391,0.6987577639751552,9,5,0.5555555555555556,7,6,0.8571428571428571,6,3,False,0.5555555555555556
joint_heat_ridge_state_loco_lambda1_kg_temporal_or_spatial_margin1p0_windows2_maxmargin0p5,ridge_state_loco_lambda1,temporal_or_spatial,1.0,2.0,0.5,37,14,8,0.5714285714285714,23,19,0.8260869565217391,0.6987577639751552,9,5,0.5555555555555556,7,6,0.8571428571428571,6,3,False,0.5555555555555556
joint_heat_ridge_state_loco_lambda1_kg_temporal_or_spatial_margin1p25_windows2_maxmargin1p0,ridge_state_loco_lambda1,temporal_or_spatial,1.25,2.0,1.0,37,14,9,0.6428571428571429,23,17,0.7391304347826086,0.6909937888198758,9,5,0.5555555555555556,7,5,0.7142857142857143,9,3,False,0.5555555555555556
joint_heat_ridge_state_loco_lambda1_kg_temporal_or_spatial_margin1p0_windows2_maxmargin1p0,ridge_state_loco_lambda1,temporal_or_spatial,1.0,2.0,1.0,37,14,8,0.5714285714285714,23,18,0.782608695652174,0.6770186335403727,9,5,0.5555555555555556,7,6,0.8571428571428571,7,3,False,0.5555555555555556
joint_heat_ridge_state_loco_lambda1_kg_temporal_near_threshold_margin1p25_windows2_maxmargin0p0,ridge_state_loco_lambda1,temporal_near_threshold,1.25,2.0,0.0,37,14,8,0.5714285714285714,23,17,0.7391304347826086,0.65527950310559,9,5,0.5555555555555556,7,5,0.7142857142857143,8,1,False,0.5555555555555556
joint_heat_ridge_state_loco_lambda1_kg_temporal_near_threshold_margin1p25_windows2_maxmargin0p5,ridge_state_loco_lambda1,temporal_near_threshold,1.25,2.0,0.5,37,14,8,0.5714285714285714,23,17,0.7391304347826086,0.65527950310559,9,5,0.5555555555555556,7,5,0.7142857142857143,8,1,False,0.5555555555555556
joint_heat_ridge_state_loco_lambda1_kg_temporal_near_threshold_margin1p25_windows2_maxmargin1p0,ridge_state_loco_lambda1,temporal_near_threshold,1.25,2.0,1.0,37,14,8,0.5714285714285714,23,17,0.7391304347826086,0.65527950310559,9,5,0.5555555555555556,7,5,0.7142857142857143,8,1,False,0.5555555555555556
joint_heat_ridge_state_loco_lambda1_kg_temporal_or_spatial_margin1p25_windows2_maxmargin0p0,ridge_state_loco_lambda1,temporal_or_spatial,1.25,2.0,0.0,37,14,8,0.5714285714285714,23,17,0.7391304347826086,0.65527950310559,9,5,0.5555555555555556,7,5,0.7142857142857143,8,3,False,0.5555555555555556
joint_heat_ridge_state_loco_lambda1_kg_temporal_or_spatial_margin1p25_windows2_maxmargin0p5,ridge_state_loco_lambda1,temporal_or_spatial,1.25,2.0,0.5,37,14,8,0.5714285714285714,23,17,0.7391304347826086,0.65527950310559,9,5,0.5555555555555556,7,5,0.7142857142857143,8,3,False,0.5555555555555556
joint_heat_region_median_loco_kg_temporal_near_threshold_margin1p0_windows2_maxmargin0p0,region_median_loco,temporal_near_threshold,1.0,2.0,0.0,37,14,9,0.6428571428571429,23,15,0.6521739130434783,0.6475155279503106,9,5,0.5555555555555556,7,5,0.7142857142857143,7,1,False,0.5555555555555556
joint_heat_region_median_loco_kg_temporal_near_threshold_margin1p0_windows2_maxmargin0p5,region_median_loco,temporal_near_threshold,1.0,2.0,0.5,37,14,9,0.6428571428571429,23,15,0.6521739130434783,0.6475155279503106,9,5,0.5555555555555556,7,5,0.7142857142857143,7,1,False,0.5555555555555556
joint_heat_region_median_loco_kg_temporal_near_threshold_margin1p0_windows2_maxmargin1p0,region_median_loco,temporal_near_threshold,1.0,2.0,1.0,37,14,9,0.6428571428571429,23,15,0.6521739130434783,0.6475155279503106,9,5,0.5555555555555556,7,5,0.7142857142857143,7,1,False,0.5555555555555556
joint_heat_region_median_loco_kg_temporal_or_spatial_margin1p0_windows2_maxmargin0p0,region_median_loco,temporal_or_spatial,1.0,2.0,0.0,37,14,9,0.6428571428571429,23,15,0.6521739130434783,0.6475155279503106,9,5,0.5555555555555556,7,5,0.7142857142857143,7,3,False,0.5555555555555556
joint_heat_region_median_loco_kg_temporal_or_spatial_margin1p0_windows2_maxmargin0p5,region_median_loco,temporal_or_spatial,1.0,2.0,0.5,37,14,9,0.6428571428571429,23,15,0.6521739130434783,0.6475155279503106,9,5,0.5555555555555556,7,5,0.7142857142857143,7,3,False,0.5555555555555556
joint_heat_region_median_loco_kg_temporal_or_spatial_margin1p0_windows2_maxmargin1p0,region_median_loco,temporal_or_spatial,1.0,2.0,1.0,37,14,9,0.6428571428571429,23,15,0.6521739130434783,0.6475155279503106,9,5,0.5555555555555556,7,5,0.7142857142857143,7,3,False,0.5555555555555556
joint_heat_region_median_loco_kg_temporal_near_threshold_margin1p25_windows3_maxmargin0p0,region_median_loco,temporal_near_threshold,1.25,3.0,0.0,37,14,8,0.5714285714285714,23,16,0.6956521739130435,0.6335403726708074,9,5,0.5555555555555556,7,6,0.8571428571428571,5,1,False,0.5555555555555556
joint_heat_region_median_loco_kg_temporal_near_threshold_margin1p25_windows3_maxmargin0p5,region_median_loco,temporal_near_threshold,1.25,3.0,0.5,37,14,8,0.5714285714285714,23,16,0.6956521739130435,0.6335403726708074,9,5,0.5555555555555556,7,6,0.8571428571428571,5,1,False,0.5555555555555556
joint_heat_region_median_loco_kg_temporal_near_threshold_margin1p25_windows3_maxmargin1p0,region_median_loco,temporal_near_threshold,1.25,3.0,1.0,37,14,8,0.5714285714285714,23,16,0.6956521739130435,0.6335403726708074,9,5,0.5555555555555556,7,6,0.8571428571428571,5,1,False,0.5555555555555556
joint_heat_blend025_pooled_loco_kg_temporal_or_spatial_margin1p0_windows3_maxmargin0p0,blend025_pooled_loco,temporal_or_spatial,1.0,3.0,0.0,37,14,8,0.5714285714285714,23,16,0.6956521739130435,0.6335403726708074,9,5,0.5555555555555556,7,6,0.8571428571428571,6,3,False,0.5555555555555556
joint_heat_blend025_pooled_loco_kg_temporal_or_spatial_margin1p0_windows3_maxmargin0p5,blend025_pooled_loco,temporal_or_spatial,1.0,3.0,0.5,37,14,8,0.5714285714285714,23,16,0.6956521739130435,0.6335403726708074,9,5,0.5555555555555556,7,6,0.8571428571428571,6,3,False,0.5555555555555556
joint_heat_pooled_median_loco_kg_temporal_or_spatial_margin0p75_windows3_maxmargin0p0,pooled_median_loco,temporal_or_spatial,0.75,3.0,0.0,37,14,8,0.5714285714285714,23,16,0.6956521739130435,0.6335403726708074,9,5,0.5555555555555556,7,6,0.8571428571428571,6,3,False,0.5555555555555556
joint_heat_pooled_median_loco_kg_temporal_or_spatial_margin0p75_windows3_maxmargin0p5,pooled_median_loco,temporal_or_spatial,0.75,3.0,0.5,37,14,8,0.5714285714285714,23,16,0.6956521739130435,0.6335403726708074,9,5,0.5555555555555556,7,6,0.8571428571428571,6,3,False,0.5555555555555556
joint_heat_ridge_state_loco_lambda100_kg_temporal_or_spatial_margin1p5_windows3_maxmargin0p0,ridge_state_loco_lambda100,temporal_or_spatial,1.5,3.0,0.0,37,14,8,0.5714285714285714,23,16,0.6956521739130435,0.6335403726708074,9,5,0.5555555555555556,7,6,0.8571428571428571,11,3,False,0.5555555555555556
joint_heat_ridge_state_loco_lambda100_kg_temporal_or_spatial_margin1p5_windows3_maxmargin0p5,ridge_state_loco_lambda100,temporal_or_spatial,1.5,3.0,0.5,37,14,8,0.5714285714285714,23,16,0.6956521739130435,0.6335403726708074,9,5,0.5555555555555556,7,6,0.8571428571428571,11,3,False,0.5555555555555556
joint_heat_ridge_state_loco_lambda10_kg_temporal_or_spatial_margin1p5_windows3_maxmargin0p0,ridge_state_loco_lambda10,temporal_or_spatial,1.5,3.0,0.0,37,14,8,0.5714285714285714,23,16,0.6956521739130435,0.6335403726708074,9,5,0.5555555555555556,7,6,0.8571428571428571,13,3,False,0.5555555555555556
joint_heat_ridge_state_loco_lambda10_kg_temporal_or_spatial_margin1p5_windows3_maxmargin0p5,ridge_state_loco_lambda10,temporal_or_spatial,1.5,3.0,0.5,37,14,8,0.5714285714285714,23,16,0.6956521739130435,0.6335403726708074,9,5,0.5555555555555556,7,6,0.8571428571428571,13,3,False,0.5555555555555556
joint_heat_region_median_loco_kg_temporal_near_threshold_margin0p5_windows2_maxmargin0p0,region_median_loco,temporal_near_threshold,0.5,2.0,0.0,37,14,8,0.5714285714285714,23,16,0.6956521739130435,0.6335403726708074,9,5,0.5555555555555556,7,5,0.7142857142857143,4,1,False,0.5555555555555556
joint_heat_region_median_loco_kg_temporal_near_threshold_margin0p5_windows2_maxmargin0p5,region_median_loco,temporal_near_threshold,0.5,2.0,0.5,37,14,8,0.5714285714285714,23,16,0.6956521739130435,0.6335403726708074,9,5,0.5555555555555556,7,5,0.7142857142857143,4,1,False,0.5555555555555556
joint_heat_region_median_loco_kg_temporal_near_threshold_margin0p5_windows2_maxmargin1p0,region_median_loco,temporal_near_threshold,0.5,2.0,1.0,37,14,8,0.5714285714285714,23,16,0.6956521739130435,0.6335403726708074,9,5,0.5555555555555556,7,5,0.7142857142857143,4,1,False,0.5555555555555556
joint_heat_region_median_loco_kg_temporal_or_spatial_margin0p5_windows2_maxmargin0p0,region_median_loco,temporal_or_spatial,0.5,2.0,0.0,37,14,8,0.5714285714285714,23,16,0.6956521739130435,0.6335403726708074,9,5,0.5555555555555556,7,5,0.7142857142857143,4,3,False,0.5555555555555556
joint_heat_region_median_loco_kg_temporal_or_spatial_margin0p5_windows2_maxmargin0p5,region_median_loco,temporal_or_spatial,0.5,2.0,0.5,37,14,8,0.5714285714285714,23,16,0.6956521739130435,0.6335403726708074,9,5,0.5555555555555556,7,5,0.7142857142857143,4,3,False,0.5555555555555556
joint_heat_region_median_loco_kg_temporal_or_spatial_margin0p5_windows2_maxmargin1p0,region_median_loco,temporal_or_spatial,0.5,2.0,1.0,37,14,8,0.5714285714285714,23,16,0.6956521739130435,0.6335403726708074,9,5,0.5555555555555556,7,5,0.7142857142857143,4,3,False,0.5555555555555556
joint_heat_maximum_pooled_loco_kg_temporal_near_threshold_margin1p25_windows2_maxmargin0p0,maximum_pooled_loco,temporal_near_threshold,1.25,2.0,0.0,37,14,9,0.6428571428571429,23,14,0.6086956521739131,0.6257763975155279,9,5,0.5555555555555556,7,5,0.7142857142857143,12,1,False,0.5555555555555556
joint_heat_maximum_pooled_loco_kg_temporal_near_threshold_margin1p25_windows2_maxmargin0p5,maximum_pooled_loco,temporal_near_threshold,1.25,2.0,0.5,37,14,9,0.6428571428571429,23,14,0.6086956521739131,0.6257763975155279,9,5,0.5555555555555556,7,5,0.7142857142857143,12,1,False,0.5555555555555556
joint_heat_maximum_pooled_loco_kg_temporal_near_threshold_margin1p25_windows2_maxmargin1p0,maximum_pooled_loco,temporal_near_threshold,1.25,2.0,1.0,37,14,9,0.6428571428571429,23,14,0.6086956521739131,0.6257763975155279,9,5,0.5555555555555556,7,5,0.7142857142857143,12,1,False,0.5555555555555556
joint_heat_maximum_pooled_loco_kg_temporal_or_spatial_margin1p25_windows2_maxmargin0p0,maximum_pooled_loco,temporal_or_spatial,1.25,2.0,0.0,37,14,9,0.6428571428571429,23,14,0.6086956521739131,0.6257763975155279,9,5,0.5555555555555556,7,5,0.7142857142857143,12,3,False,0.5555555555555556
joint_heat_maximum_pooled_loco_kg_temporal_or_spatial_margin1p25_windows2_maxmargin0p5,maximum_pooled_loco,temporal_or_spatial,1.25,2.0,0.5,37,14,9,0.6428571428571429,23,14,0.6086956521739131,0.6257763975155279,9,5,0.5555555555555556,7,5,0.7142857142857143,12,3,False,0.5555555555555556
joint_heat_region_median_loco_kg_temporal_or_spatial_margin1p25_windows3_maxmargin0p0,region_median_loco,temporal_or_spatial,1.25,3.0,0.0,37,14,8,0.5714285714285714,23,15,0.6521739130434783,0.6118012422360248,9,5,0.5555555555555556,7,6,0.8571428571428571,6,3,False,0.5555555555555556
joint_heat_region_median_loco_kg_temporal_or_spatial_margin1p25_windows3_maxmargin0p5,region_median_loco,temporal_or_spatial,1.25,3.0,0.5,37,14,8,0.5714285714285714,23,15,0.6521739130434783,0.6118012422360248,9,5,0.5555555555555556,7,6,0.8571428571428571,6,3,False,0.5555555555555556
joint_heat_region_median_loco_kg_temporal_near_threshold_margin0p75_windows2_maxmargin0p0,region_median_loco,temporal_near_threshold,0.75,2.0,0.0,37,14,8,0.5714285714285714,23,15,0.6521739130434783,0.6118012422360248,9,5,0.5555555555555556,7,5,0.7142857142857143,5,1,False,0.5555555555555556
joint_heat_region_median_loco_kg_temporal_near_threshold_margin0p75_windows2_maxmargin0p5,region_median_loco,temporal_near_threshold,0.75,2.0,0.5,37,14,8,0.5714285714285714,23,15,0.6521739130434783,0.6118012422360248,9,5,0.5555555555555556,7,5,0.7142857142857143,5,1,False,0.5555555555555556
joint_heat_region_median_loco_kg_temporal_near_threshold_margin0p75_windows2_maxmargin1p0,region_median_loco,temporal_near_threshold,0.75,2.0,1.0,37,14,8,0.5714285714285714,23,15,0.6521739130434783,0.6118012422360248,9,5,0.5555555555555556,7,5,0.7142857142857143,5,1,False,0.5555555555555556
joint_heat_region_median_loco_kg_temporal_or_spatial_margin0p75_windows2_maxmargin0p0,region_median_loco,temporal_or_spatial,0.75,2.0,0.0,37,14,8,0.5714285714285714,23,15,0.6521739130434783,0.6118012422360248,9,5,0.5555555555555556,7,5,0.7142857142857143,5,3,False,0.5555555555555556
joint_heat_region_median_loco_kg_temporal_or_spatial_margin0p75_windows2_maxmargin0p5,region_median_loco,temporal_or_spatial,0.75,2.0,0.5,37,14,8,0.5714285714285714,23,15,0.6521739130434783,0.6118012422360248,9,5,0.5555555555555556,7,5,0.7142857142857143,5,3,False,0.5555555555555556
joint_heat_region_median_loco_kg_temporal_or_spatial_margin0p75_windows2_maxmargin1p0,region_median_loco,temporal_or_spatial,0.75,2.0,1.0,37,14,8,0.5714285714285714,23,15,0.6521739130434783,0.6118012422360248,9,5,0.5555555555555556,7,5,0.7142857142857143,5,3,False,0.5555555555555556
joint_heat_blend050_pooled_loco_kg_temporal_or_spatial_margin1p0_windows2_maxmargin0p0,blend050_pooled_loco,temporal_or_spatial,1.0,2.0,0.0,37,14,9,0.6428571428571429,23,13,0.5652173913043478,0.6040372670807453,9,5,0.5555555555555556,7,5,0.7142857142857143,13,3,False,0.5555555555555556
joint_heat_blend050_pooled_loco_kg_temporal_or_spatial_margin1p0_windows2_maxmargin0p5,blend050_pooled_loco,temporal_or_spatial,1.0,2.0,0.5,37,14,9,0.6428571428571429,23,13,0.5652173913043478,0.6040372670807453,9,5,0.5555555555555556,7,5,0.7142857142857143,13,3,False,0.5555555555555556
joint_heat_maximum_pooled_loco_kg_temporal_or_spatial_margin1p25_windows2_maxmargin1p0,maximum_pooled_loco,temporal_or_spatial,1.25,2.0,1.0,37,14,9,0.6428571428571429,23,13,0.5652173913043478,0.6040372670807453,9,5,0.5555555555555556,7,5,0.7142857142857143,13,3,False,0.5555555555555556
joint_heat_blend050_pooled_loco_kg_temporal_or_spatial_margin1p0_windows2_maxmargin1p0,blend050_pooled_loco,temporal_or_spatial,1.0,2.0,1.0,37,14,9,0.6428571428571429,23,13,0.5652173913043478,0.6040372670807453,9,5,0.5555555555555556,7,5,0.7142857142857143,14,3,False,0.5555555555555556
joint_heat_pooled_median_loco_kg_temporal_or_spatial_margin0p75_windows2_maxmargin0p0,pooled_median_loco,temporal_or_spatial,0.75,2.0,0.0,37,14,8,0.5714285714285714,23,14,0.6086956521739131,0.5900621118012422,9,5,0.5555555555555556,7,5,0.7142857142857143,8,3,False,0.5555555555555556
joint_heat_pooled_median_loco_kg_temporal_or_spatial_margin0p75_windows2_maxmargin0p5,pooled_median_loco,temporal_or_spatial,0.75,2.0,0.5,37,14,8,0.5714285714285714,23,14,0.6086956521739131,0.5900621118012422,9,5,0.5555555555555556,7,5,0.7142857142857143,8,3,False,0.5555555555555556
joint_heat_pooled_median_loco_kg_temporal_or_spatial_margin0p75_windows2_maxmargin1p0,pooled_median_loco,temporal_or_spatial,0.75,2.0,1.0,37,14,8,0.5714285714285714,23,14,0.6086956521739131,0.5900621118012422,9,5,0.5555555555555556,7,5,0.7142857142857143,8,3,False,0.5555555555555556
joint_heat_pooled_median_loco_kg_temporal_or_spatial_margin0p75_windows3_maxmargin1p0,pooled_median_loco,temporal_or_spatial,0.75,3.0,1.0,37,14,8,0.5714285714285714,23,14,0.6086956521739131,0.5900621118012422,9,5,0.5555555555555556,7,5,0.7142857142857143,8,3,False,0.5555555555555556
joint_heat_blend050_pooled_loco_kg_temporal_near_threshold_margin1p0_windows2_maxmargin0p0,blend050_pooled_loco,temporal_near_threshold,1.0,2.0,0.0,37,14,8,0.5714285714285714,23,14,0.6086956521739131,0.5900621118012422,9,5,0.5555555555555556,7,5,0.7142857142857143,11,1,False,0.5555555555555556
joint_heat_blend050_pooled_loco_kg_temporal_near_threshold_margin1p0_windows2_maxmargin0p5,blend050_pooled_loco,temporal_near_threshold,1.0,2.0,0.5,37,14,8,0.5714285714285714,23,14,0.6086956521739131,0.5900621118012422,9,5,0.5555555555555556,7,5,0.7142857142857143,11,1,False,0.5555555555555556
joint_heat_blend050_pooled_loco_kg_temporal_near_threshold_margin1p0_windows2_maxmargin1p0,blend050_pooled_loco,temporal_near_threshold,1.0,2.0,1.0,37,14,8,0.5714285714285714,23,14,0.6086956521739131,0.5900621118012422,9,5,0.5555555555555556,7,5,0.7142857142857143,11,1,False,0.5555555555555556
joint_heat_lead_median_loco_kg_temporal_or_spatial_margin1p25_windows3_maxmargin0p0,lead_median_loco,temporal_or_spatial,1.25,3.0,0.0,37,14,8,0.5714285714285714,23,13,0.5652173913043478,0.5683229813664596,9,5,0.5555555555555556,7,5,0.7142857142857143,8,3,False,0.5555555555555556
joint_heat_lead_median_loco_kg_temporal_or_spatial_margin1p25_windows3_maxmargin0p5,lead_median_loco,temporal_or_spatial,1.25,3.0,0.5,37,14,8,0.5714285714285714,23,13,0.5652173913043478,0.5683229813664596,9,5,0.5555555555555556,7,5,0.7142857142857143,8,3,False,0.5555555555555556
joint_heat_region_lead_shrinkage_loco_kg_temporal_or_spatial_margin1p25_windows3_maxmargin0p0,region_lead_shrinkage_loco,temporal_or_spatial,1.25,3.0,0.0,37,14,8,0.5714285714285714,23,13,0.5652173913043478,0.5683229813664596,9,5,0.5555555555555556,7,5,0.7142857142857143,8,3,False,0.5555555555555556
joint_heat_region_lead_shrinkage_loco_kg_temporal_or_spatial_margin1p25_windows3_maxmargin0p5,region_lead_shrinkage_loco,temporal_or_spatial,1.25,3.0,0.5,37,14,8,0.5714285714285714,23,13,0.5652173913043478,0.5683229813664596,9,5,0.5555555555555556,7,5,0.7142857142857143,8,3,False,0.5555555555555556
joint_heat_region_lead_shrinkage_loco_kg_temporal_or_spatial_margin1p5_windows3_maxmargin0p0,region_lead_shrinkage_loco,temporal_or_spatial,1.5,3.0,0.0,37,14,8,0.5714285714285714,23,13,0.5652173913043478,0.5683229813664596,9,5,0.5555555555555556,7,5,0.7142857142857143,8,3,False,0.5555555555555556
joint_heat_region_lead_shrinkage_loco_kg_temporal_or_spatial_margin1p5_windows3_maxmargin0p5,region_lead_shrinkage_loco,temporal_or_spatial,1.5,3.0,0.5,37,14,8,0.5714285714285714,23,13,0.5652173913043478,0.5683229813664596,9,5,0.5555555555555556,7,5,0.7142857142857143,8,3,False,0.5555555555555556
joint_heat_region_median_loco_kg_temporal_or_spatial_margin1p25_windows3_maxmargin1p0,region_median_loco,temporal_or_spatial,1.25,3.0,1.0,37,14,8,0.5714285714285714,23,13,0.5652173913043478,0.5683229813664596,9,5,0.5555555555555556,7,5,0.7142857142857143,8,3,False,0.5555555555555556
joint_heat_blend025_pooled_loco_kg_temporal_or_spatial_margin1p0_windows3_maxmargin1p0,blend025_pooled_loco,temporal_or_spatial,1.0,3.0,1.0,37,14,8,0.5714285714285714,23,13,0.5652173913043478,0.5683229813664596,9,5,0.5555555555555556,7,5,0.7142857142857143,10,3,False,0.5555555555555556
joint_heat_ridge_state_loco_lambda1_kg_temporal_near_threshold_margin2p0_windows3_maxmargin0p0,ridge_state_loco_lambda1,temporal_near_threshold,2.0,3.0,0.0,37,14,8,0.5714285714285714,23,13,0.5652173913043478,0.5683229813664596,9,5,0.5555555555555556,7,5,0.7142857142857143,13,1,False,0.5555555555555556
joint_heat_ridge_state_loco_lambda1_kg_temporal_near_threshold_margin2p0_windows3_maxmargin0p5,ridge_state_loco_lambda1,temporal_near_threshold,2.0,3.0,0.5,37,14,8,0.5714285714285714,23,13,0.5652173913043478,0.5683229813664596,9,5,0.5555555555555556,7,5,0.7142857142857143,13,1,False,0.5555555555555556
joint_heat_ridge_state_loco_lambda1_kg_temporal_near_threshold_margin2p0_windows3_maxmargin1p0,ridge_state_loco_lambda1,temporal_near_threshold,2.0,3.0,1.0,37,14,8,0.5714285714285714,23,13,0.5652173913043478,0.5683229813664596,9,5,0.5555555555555556,7,5,0.7142857142857143,13,1,False,0.5555555555555556
joint_heat_ridge_state_loco_lambda100_kg_temporal_or_spatial_margin1p5_windows3_maxmargin1p0,ridge_state_loco_lambda100,temporal_or_spatial,1.5,3.0,1.0,37,14,8,0.5714285714285714,23,13,0.5652173913043478,0.5683229813664596,9,5,0.5555555555555556,7,5,0.7142857142857143,14,3,False,0.5555555555555556
joint_heat_ridge_state_loco_lambda10_kg_temporal_or_spatial_margin1p5_windows3_maxmargin1p0,ridge_state_loco_lambda10,temporal_or_spatial,1.5,3.0,1.0,37,14,8,0.5714285714285714,23,13,0.5652173913043478,0.5683229813664596,9,5,0.5555555555555556,7,5,0.7142857142857143,16,3,False,0.5555555555555556
joint_heat_region_lead_shrinkage_loco_kg_temporal_near_threshold_margin1p25_windows2_maxmargin0p0,region_lead_shrinkage_loco,temporal_near_threshold,1.25,2.0,0.0,37,14,14,1.0,23,12,0.5217391304347826,0.7608695652173914,9,9,1.0,7,5,0.7142857142857143,15,1,False,0.5217391304347826
joint_heat_region_lead_shrinkage_loco_kg_temporal_near_threshold_margin1p25_windows2_maxmargin0p5,region_lead_shrinkage_loco,temporal_near_threshold,1.25,2.0,0.5,37,14,14,1.0,23,12,0.5217391304347826,0.7608695652173914,9,9,1.0,7,5,0.7142857142857143,15,1,False,0.5217391304347826
joint_heat_region_lead_shrinkage_loco_kg_temporal_near_threshold_margin1p25_windows2_maxmargin1p0,region_lead_shrinkage_loco,temporal_near_threshold,1.25,2.0,1.0,37,14,14,1.0,23,12,0.5217391304347826,0.7608695652173914,9,9,1.0,7,5,0.7142857142857143,15,1,False,0.5217391304347826
joint_heat_region_lead_shrinkage_loco_kg_temporal_or_spatial_margin1p25_windows2_maxmargin0p0,region_lead_shrinkage_loco,temporal_or_spatial,1.25,2.0,0.0,37,14,14,1.0,23,12,0.5217391304347826,0.7608695652173914,9,9,1.0,7,5,0.7142857142857143,15,3,False,0.5217391304347826
joint_heat_region_lead_shrinkage_loco_kg_temporal_or_spatial_margin1p25_windows2_maxmargin0p5,region_lead_shrinkage_loco,temporal_or_spatial,1.25,2.0,0.5,37,14,14,1.0,23,12,0.5217391304347826,0.7608695652173914,9,9,1.0,7,5,0.7142857142857143,15,3,False,0.5217391304347826
joint_heat_region_lead_shrinkage_loco_kg_temporal_or_spatial_margin1p25_windows2_maxmargin1p0,region_lead_shrinkage_loco,temporal_or_spatial,1.25,2.0,1.0,37,14,14,1.0,23,12,0.5217391304347826,0.7608695652173914,9,9,1.0,7,5,0.7142857142857143,15,3,False,0.5217391304347826
joint_heat_pooled_median_loco_kg_temporal_near_threshold_margin1p5_windows2_maxmargin0p0,pooled_median_loco,temporal_near_threshold,1.5,2.0,0.0,37,14,14,1.0,23,12,0.5217391304347826,0.7608695652173914,9,9,1.0,7,5,0.7142857142857143,18,1,False,0.5217391304347826
joint_heat_pooled_median_loco_kg_temporal_near_threshold_margin1p5_windows2_maxmargin0p5,pooled_median_loco,temporal_near_threshold,1.5,2.0,0.5,37,14,14,1.0,23,12,0.5217391304347826,0.7608695652173914,9,9,1.0,7,5,0.7142857142857143,18,1,False,0.5217391304347826
joint_heat_pooled_median_loco_kg_temporal_near_threshold_margin1p5_windows2_maxmargin1p0,pooled_median_loco,temporal_near_threshold,1.5,2.0,1.0,37,14,14,1.0,23,12,0.5217391304347826,0.7608695652173914,9,9,1.0,7,5,0.7142857142857143,18,1,False,0.5217391304347826
joint_heat_pooled_median_loco_kg_temporal_or_spatial_margin1p5_windows2_maxmargin0p0,pooled_median_loco,temporal_or_spatial,1.5,2.0,0.0,37,14,14,1.0,23,12,0.5217391304347826,0.7608695652173914,9,9,1.0,7,5,0.7142857142857143,18,3,False,0.5217391304347826
joint_heat_pooled_median_loco_kg_temporal_or_spatial_margin1p5_windows2_maxmargin0p5,pooled_median_loco,temporal_or_spatial,1.5,2.0,0.5,37,14,14,1.0,23,12,0.5217391304347826,0.7608695652173914,9,9,1.0,7,5,0.7142857142857143,18,3,False,0.5217391304347826
joint_heat_pooled_median_loco_kg_temporal_or_spatial_margin1p5_windows2_maxmargin1p0,pooled_median_loco,temporal_or_spatial,1.5,2.0,1.0,37,14,14,1.0,23,12,0.5217391304347826,0.7608695652173914,9,9,1.0,7,5,0.7142857142857143,18,3,False,0.5217391304347826
joint_heat_blend050_pooled_loco_kg_temporal_near_threshold_margin2p0_windows2_maxmargin0p0,blend050_pooled_loco,temporal_near_threshold,2.0,2.0,0.0,37,14,14,1.0,23,12,0.5217391304347826,0.7608695652173914,9,9,1.0,7,5,0.7142857142857143,21,1,False,0.5217391304347826
joint_heat_blend050_pooled_loco_kg_temporal_near_threshold_margin2p0_windows2_maxmargin0p5,blend050_pooled_loco,temporal_near_threshold,2.0,2.0,0.5,37,14,14,1.0,23,12,0.5217391304347826,0.7608695652173914,9,9,1.0,7,5,0.7142857142857143,21,1,False,0.5217391304347826
joint_heat_blend050_pooled_loco_kg_temporal_near_threshold_margin2p0_windows2_maxmargin1p0,blend050_pooled_loco,temporal_near_threshold,2.0,2.0,1.0,37,14,14,1.0,23,12,0.5217391304347826,0.7608695652173914,9,9,1.0,7,5,0.7142857142857143,21,1,False,0.5217391304347826
joint_heat_ridge_state_loco_lambda100_kg_temporal_near_threshold_margin2p0_windows2_maxmargin0p0,ridge_state_loco_lambda100,temporal_near_threshold,2.0,2.0,0.0,37,14,14,1.0,23,12,0.5217391304347826,0.7608695652173914,9,9,1.0,7,5,0.7142857142857143,23,1,False,0.5217391304347826
joint_heat_ridge_state_loco_lambda100_kg_temporal_near_threshold_margin2p0_windows2_maxmargin0p5,ridge_state_loco_lambda100,temporal_near_threshold,2.0,2.0,0.5,37,14,14,1.0,23,12,0.5217391304347826,0.7608695652173914,9,9,1.0,7,5,0.7142857142857143,23,1,False,0.5217391304347826
joint_heat_ridge_state_loco_lambda100_kg_temporal_near_threshold_margin2p0_windows2_maxmargin1p0,ridge_state_loco_lambda100,temporal_near_threshold,2.0,2.0,1.0,37,14,14,1.0,23,12,0.5217391304347826,0.7608695652173914,9,9,1.0,7,5,0.7142857142857143,23,1,False,0.5217391304347826
joint_heat_ridge_state_loco_lambda100_kg_temporal_or_spatial_margin2p0_windows2_maxmargin0p0,ridge_state_loco_lambda100,temporal_or_spatial,2.0,2.0,0.0,37,14,14,1.0,23,12,0.5217391304347826,0.7608695652173914,9,9,1.0,7,5,0.7142857142857143,23,3,False,0.5217391304347826
joint_heat_ridge_state_loco_lambda100_kg_temporal_or_spatial_margin2p0_windows2_maxmargin0p5,ridge_state_loco_lambda100,temporal_or_spatial,2.0,2.0,0.5,37,14,14,1.0,23,12,0.5217391304347826,0.7608695652173914,9,9,1.0,7,5,0.7142857142857143,23,3,False,0.5217391304347826
joint_heat_ridge_state_loco_lambda100_kg_temporal_or_spatial_margin2p0_windows2_maxmargin1p0,ridge_state_loco_lambda100,temporal_or_spatial,2.0,2.0,1.0,37,14,14,1.0,23,12,0.5217391304347826,0.7608695652173914,9,9,1.0,7,5,0.7142857142857143,23,3,False,0.5217391304347826
joint_heat_ridge_state_loco_lambda10_kg_temporal_near_threshold_margin2p0_windows2_maxmargin0p0,ridge_state_loco_lambda10,temporal_near_threshold,2.0,2.0,0.0,37,14,14,1.0,23,12,0.5217391304347826,0.7608695652173914,9,9,1.0,7,5,0.7142857142857143,25,1,False,0.5217391304347826
joint_heat_ridge_state_loco_lambda10_kg_temporal_near_threshold_margin2p0_windows2_maxmargin0p5,ridge_state_loco_lambda10,temporal_near_threshold,2.0,2.0,0.5,37,14,14,1.0,23,12,0.5217391304347826,0.7608695652173914,9,9,1.0,7,5,0.7142857142857143,25,1,False,0.5217391304347826
joint_heat_ridge_state_loco_lambda10_kg_temporal_near_threshold_margin2p0_windows2_maxmargin1p0,ridge_state_loco_lambda10,temporal_near_threshold,2.0,2.0,1.0,37,14,14,1.0,23,12,0.5217391304347826,0.7608695652173914,9,9,1.0,7,5,0.7142857142857143,25,1,False,0.5217391304347826
joint_heat_ridge_state_loco_lambda10_kg_temporal_or_spatial_margin2p0_windows2_maxmargin0p0,ridge_state_loco_lambda10,temporal_or_spatial,2.0,2.0,0.0,37,14,14,1.0,23,12,0.5217391304347826,0.7608695652173914,9,9,1.0,7,5,0.7142857142857143,25,3,False,0.5217391304347826
joint_heat_ridge_state_loco_lambda10_kg_temporal_or_spatial_margin2p0_windows2_maxmargin0p5,ridge_state_loco_lambda10,temporal_or_spatial,2.0,2.0,0.5,37,14,14,1.0,23,12,0.5217391304347826,0.7608695652173914,9,9,1.0,7,5,0.7142857142857143,25,3,False,0.5217391304347826
joint_heat_ridge_state_loco_lambda10_kg_temporal_or_spatial_margin2p0_windows2_maxmargin1p0,ridge_state_loco_lambda10,temporal_or_spatial,2.0,2.0,1.0,37,14,14,1.0,23,12,0.5217391304347826,0.7608695652173914,9,9,1.0,7,5,0.7142857142857143,25,3,False,0.5217391304347826
joint_heat_blend025_pooled_loco_kg_temporal_near_threshold_margin1p5_windows2_maxmargin0p0,blend025_pooled_loco,temporal_near_threshold,1.5,2.0,0.0,37,14,12,0.8571428571428571,23,12,0.5217391304347826,0.6894409937888198,9,8,0.8888888888888888,7,5,0.7142857142857143,16,1,False,0.5217391304347826
joint_heat_blend025_pooled_loco_kg_temporal_near_threshold_margin1p5_windows2_maxmargin0p5,blend025_pooled_loco,temporal_near_threshold,1.5,2.0,0.5,37,14,12,0.8571428571428571,23,12,0.5217391304347826,0.6894409937888198,9,8,0.8888888888888888,7,5,0.7142857142857143,16,1,False,0.5217391304347826
joint_heat_blend025_pooled_loco_kg_temporal_near_threshold_margin1p5_windows2_maxmargin1p0,blend025_pooled_loco,temporal_near_threshold,1.5,2.0,1.0,37,14,12,0.8571428571428571,23,12,0.5217391304347826,0.6894409937888198,9,8,0.8888888888888888,7,5,0.7142857142857143,16,1,False,0.5217391304347826
joint_heat_maximum_pooled_loco_kg_temporal_near_threshold_margin2p0_windows2_maxmargin0p0,maximum_pooled_loco,temporal_near_threshold,2.0,2.0,0.0,37,14,12,0.8571428571428571,23,12,0.5217391304347826,0.6894409937888198,9,8,0.8888888888888888,7,5,0.7142857142857143,18,1,False,0.5217391304347826
joint_heat_maximum_pooled_loco_kg_temporal_near_threshold_margin2p0_windows2_maxmargin0p5,maximum_pooled_loco,temporal_near_threshold,2.0,2.0,0.5,37,14,12,0.8571428571428571,23,12,0.5217391304347826,0.6894409937888198,9,8,0.8888888888888888,7,5,0.7142857142857143,18,1,False,0.5217391304347826
joint_heat_maximum_pooled_loco_kg_temporal_near_threshold_margin2p0_windows2_maxmargin1p0,maximum_pooled_loco,temporal_near_threshold,2.0,2.0,1.0,37,14,12,0.8571428571428571,23,12,0.5217391304347826,0.6894409937888198,9,8,0.8888888888888888,7,5,0.7142857142857143,18,1,False,0.5217391304347826
joint_heat_maximum_pooled_loco_kg_temporal_or_spatial_margin2p0_windows2_maxmargin0p0,maximum_pooled_loco,temporal_or_spatial,2.0,2.0,0.0,37,14,12,0.8571428571428571,23,12,0.5217391304347826,0.6894409937888198,9,8,0.8888888888888888,7,5,0.7142857142857143,18,3,False,0.5217391304347826
joint_heat_maximum_pooled_loco_kg_temporal_or_spatial_margin2p0_windows2_maxmargin0p5,maximum_pooled_loco,temporal_or_spatial,2.0,2.0,0.5,37,14,12,0.8571428571428571,23,12,0.5217391304347826,0.6894409937888198,9,8,0.8888888888888888,7,5,0.7142857142857143,18,3,False,0.5217391304347826
joint_heat_maximum_pooled_loco_kg_temporal_or_spatial_margin2p0_windows2_maxmargin1p0,maximum_pooled_loco,temporal_or_spatial,2.0,2.0,1.0,37,14,12,0.8571428571428571,23,12,0.5217391304347826,0.6894409937888198,9,8,0.8888888888888888,7,5,0.7142857142857143,18,3,False,0.5217391304347826
joint_heat_blend075_pooled_loco_kg_temporal_near_threshold_margin2p0_windows2_maxmargin0p0,blend075_pooled_loco,temporal_near_threshold,2.0,2.0,0.0,37,14,12,0.8571428571428571,23,12,0.5217391304347826,0.6894409937888198,9,8,0.8888888888888888,7,5,0.7142857142857143,19,1,False,0.5217391304347826
joint_heat_blend075_pooled_loco_kg_temporal_near_threshold_margin2p0_windows2_maxmargin0p5,blend075_pooled_loco,temporal_near_threshold,2.0,2.0,0.5,37,14,12,0.8571428571428571,23,12,0.5217391304347826,0.6894409937888198,9,8,0.8888888888888888,7,5,0.7142857142857143,19,1,False,0.5217391304347826
joint_heat_blend075_pooled_loco_kg_temporal_near_threshold_margin2p0_windows2_maxmargin1p0,blend075_pooled_loco,temporal_near_threshold,2.0,2.0,1.0,37,14,12,0.8571428571428571,23,12,0.5217391304347826,0.6894409937888198,9,8,0.8888888888888888,7,5,0.7142857142857143,19,1,False,0.5217391304347826
joint_heat_ridge_state_loco_lambda10_kg_temporal_near_threshold_margin2p5_windows3_maxmargin0p0,ridge_state_loco_lambda10,temporal_near_threshold,2.5,3.0,0.0,37,14,12,0.8571428571428571,23,12,0.5217391304347826,0.6894409937888198,9,8,0.8888888888888888,7,5,0.7142857142857143,24,1,False,0.5217391304347826
joint_heat_ridge_state_loco_lambda10_kg_temporal_near_threshold_margin2p5_windows3_maxmargin0p5,ridge_state_loco_lambda10,temporal_near_threshold,2.5,3.0,0.5,37,14,12,0.8571428571428571,23,12,0.5217391304347826,0.6894409937888198,9,8,0.8888888888888888,7,5,0.7142857142857143,24,1,False,0.5217391304347826
joint_heat_ridge_state_loco_lambda10_kg_temporal_near_threshold_margin2p5_windows3_maxmargin1p0,ridge_state_loco_lambda10,temporal_near_threshold,2.5,3.0,1.0,37,14,12,0.8571428571428571,23,12,0.5217391304347826,0.6894409937888198,9,8,0.8888888888888888,7,5,0.7142857142857143,24,1,False,0.5217391304347826
joint_heat_lead_median_loco_kg_temporal_or_spatial_margin2p0_windows3_maxmargin0p0,lead_median_loco,temporal_or_spatial,2.0,3.0,0.0,37,14,11,0.7857142857142857,23,12,0.5217391304347826,0.6537267080745341,9,7,0.7777777777777778,7,5,0.7142857142857143,14,3,False,0.5217391304347826
joint_heat_lead_median_loco_kg_temporal_or_spatial_margin2p0_windows3_maxmargin0p5,lead_median_loco,temporal_or_spatial,2.0,3.0,0.5,37,14,11,0.7857142857142857,23,12,0.5217391304347826,0.6537267080745341,9,7,0.7777777777777778,7,5,0.7142857142857143,14,3,False,0.5217391304347826
joint_heat_lead_median_loco_kg_temporal_or_spatial_margin2p0_windows3_maxmargin1p0,lead_median_loco,temporal_or_spatial,2.0,3.0,1.0,37,14,11,0.7857142857142857,23,12,0.5217391304347826,0.6537267080745341,9,7,0.7777777777777778,7,5,0.7142857142857143,14,3,False,0.5217391304347826
joint_heat_region_lead_shrinkage_loco_kg_temporal_or_spatial_margin2p0_windows3_maxmargin0p0,region_lead_shrinkage_loco,temporal_or_spatial,2.0,3.0,0.0,37,14,11,0.7857142857142857,23,12,0.5217391304347826,0.6537267080745341,9,7,0.7777777777777778,7,5,0.7142857142857143,14,3,False,0.5217391304347826
joint_heat_region_lead_shrinkage_loco_kg_temporal_or_spatial_margin2p0_windows3_maxmargin0p5,region_lead_shrinkage_loco,temporal_or_spatial,2.0,3.0,0.5,37,14,11,0.7857142857142857,23,12,0.5217391304347826,0.6537267080745341,9,7,0.7777777777777778,7,5,0.7142857142857143,14,3,False,0.5217391304347826
joint_heat_region_lead_shrinkage_loco_kg_temporal_or_spatial_margin2p0_windows3_maxmargin1p0,region_lead_shrinkage_loco,temporal_or_spatial,2.0,3.0,1.0,37,14,11,0.7857142857142857,23,12,0.5217391304347826,0.6537267080745341,9,7,0.7777777777777778,7,5,0.7142857142857143,14,3,False,0.5217391304347826
joint_heat_pooled_median_loco_kg_temporal_or_spatial_margin1p25_windows2_maxmargin0p0,pooled_median_loco,temporal_or_spatial,1.25,2.0,0.0,37,14,11,0.7857142857142857,23,12,0.5217391304347826,0.6537267080745341,9,7,0.7777777777777778,7,5,0.7142857142857143,15,3,False,0.5217391304347826
joint_heat_pooled_median_loco_kg_temporal_or_spatial_margin1p25_windows2_maxmargin0p5,pooled_median_loco,temporal_or_spatial,1.25,2.0,0.5,37,14,11,0.7857142857142857,23,12,0.5217391304347826,0.6537267080745341,9,7,0.7777777777777778,7,5,0.7142857142857143,15,3,False,0.5217391304347826
joint_heat_pooled_median_loco_kg_temporal_or_spatial_margin1p25_windows2_maxmargin1p0,pooled_median_loco,temporal_or_spatial,1.25,2.0,1.0,37,14,11,0.7857142857142857,23,12,0.5217391304347826,0.6537267080745341,9,7,0.7777777777777778,7,5,0.7142857142857143,15,3,False,0.5217391304347826
joint_heat_pooled_median_loco_kg_temporal_or_spatial_margin1p25_windows3_maxmargin0p0,pooled_median_loco,temporal_or_spatial,1.25,3.0,0.0,37,14,11,0.7857142857142857,23,12,0.5217391304347826,0.6537267080745341,9,7,0.7777777777777778,7,5,0.7142857142857143,15,3,False,0.5217391304347826
joint_heat_pooled_median_loco_kg_temporal_or_spatial_margin1p25_windows3_maxmargin0p5,pooled_median_loco,temporal_or_spatial,1.25,3.0,0.5,37,14,11,0.7857142857142857,23,12,0.5217391304347826,0.6537267080745341,9,7,0.7777777777777778,7,5,0.7142857142857143,15,3,False,0.5217391304347826
joint_heat_pooled_median_loco_kg_temporal_or_spatial_margin1p25_windows3_maxmargin1p0,pooled_median_loco,temporal_or_spatial,1.25,3.0,1.0,37,14,11,0.7857142857142857,23,12,0.5217391304347826,0.6537267080745341,9,7,0.7777777777777778,7,5,0.7142857142857143,15,3,False,0.5217391304347826
joint_heat_pooled_median_loco_kg_temporal_or_spatial_margin1p5_windows3_maxmargin0p0,pooled_median_loco,temporal_or_spatial,1.5,3.0,0.0,37,14,11,0.7857142857142857,23,12,0.5217391304347826,0.6537267080745341,9,7,0.7777777777777778,7,5,0.7142857142857143,15,3,False,0.5217391304347826
joint_heat_pooled_median_loco_kg_temporal_or_spatial_margin1p5_windows3_maxmargin0p5,pooled_median_loco,temporal_or_spatial,1.5,3.0,0.5,37,14,11,0.7857142857142857,23,12,0.5217391304347826,0.6537267080745341,9,7,0.7777777777777778,7,5,0.7142857142857143,15,3,False,0.5217391304347826
joint_heat_pooled_median_loco_kg_temporal_or_spatial_margin1p5_windows3_maxmargin1p0,pooled_median_loco,temporal_or_spatial,1.5,3.0,1.0,37,14,11,0.7857142857142857,23,12,0.5217391304347826,0.6537267080745341,9,7,0.7777777777777778,7,5,0.7142857142857143,15,3,False,0.5217391304347826
joint_heat_maximum_pooled_loco_kg_temporal_or_spatial_margin2p0_windows3_maxmargin1p0,maximum_pooled_loco,temporal_or_spatial,2.0,3.0,1.0,37,14,11,0.7857142857142857,23,12,0.5217391304347826,0.6537267080745341,9,7,0.7777777777777778,7,5,0.7142857142857143,17,3,False,0.5217391304347826
joint_heat_blend075_pooled_loco_kg_temporal_near_threshold_margin2p0_windows3_maxmargin0p0,blend075_pooled_loco,temporal_near_threshold,2.0,3.0,0.0,37,14,11,0.7857142857142857,23,12,0.5217391304347826,0.6537267080745341,9,7,0.7777777777777778,7,5,0.7142857142857143,18,1,False,0.5217391304347826
joint_heat_blend075_pooled_loco_kg_temporal_near_threshold_margin2p0_windows3_maxmargin0p5,blend075_pooled_loco,temporal_near_threshold,2.0,3.0,0.5,37,14,11,0.7857142857142857,23,12,0.5217391304347826,0.6537267080745341,9,7,0.7777777777777778,7,5,0.7142857142857143,18,1,False,0.5217391304347826
joint_heat_blend075_pooled_loco_kg_temporal_near_threshold_margin2p0_windows3_maxmargin1p0,blend075_pooled_loco,temporal_near_threshold,2.0,3.0,1.0,37,14,11,0.7857142857142857,23,12,0.5217391304347826,0.6537267080745341,9,7,0.7777777777777778,7,5,0.7142857142857143,18,1,False,0.5217391304347826
joint_heat_ridge_state_loco_lambda100_kg_temporal_or_spatial_margin2p0_windows3_maxmargin0p0,ridge_state_loco_lambda100,temporal_or_spatial,2.0,3.0,0.0,37,14,11,0.7857142857142857,23,12,0.5217391304347826,0.6537267080745341,9,7,0.7777777777777778,7,5,0.7142857142857143,20,3,False,0.5217391304347826
joint_heat_ridge_state_loco_lambda100_kg_temporal_or_spatial_margin2p0_windows3_maxmargin0p5,ridge_state_loco_lambda100,temporal_or_spatial,2.0,3.0,0.5,37,14,11,0.7857142857142857,23,12,0.5217391304347826,0.6537267080745341,9,7,0.7777777777777778,7,5,0.7142857142857143,20,3,False,0.5217391304347826
joint_heat_ridge_state_loco_lambda100_kg_temporal_or_spatial_margin2p0_windows3_maxmargin1p0,ridge_state_loco_lambda100,temporal_or_spatial,2.0,3.0,1.0,37,14,11,0.7857142857142857,23,12,0.5217391304347826,0.6537267080745341,9,7,0.7777777777777778,7,5,0.7142857142857143,20,3,False,0.5217391304347826
joint_heat_ridge_state_loco_lambda10_kg_temporal_or_spatial_margin2p0_windows3_maxmargin0p0,ridge_state_loco_lambda10,temporal_or_spatial,2.0,3.0,0.0,37,14,11,0.7857142857142857,23,12,0.5217391304347826,0.6537267080745341,9,7,0.7777777777777778,7,5,0.7142857142857143,22,3,False,0.5217391304347826
joint_heat_ridge_state_loco_lambda10_kg_temporal_or_spatial_margin2p0_windows3_maxmargin0p5,ridge_state_loco_lambda10,temporal_or_spatial,2.0,3.0,0.5,37,14,11,0.7857142857142857,23,12,0.5217391304347826,0.6537267080745341,9,7,0.7777777777777778,7,5,0.7142857142857143,22,3,False,0.5217391304347826
joint_heat_ridge_state_loco_lambda10_kg_temporal_or_spatial_margin2p0_windows3_maxmargin1p0,ridge_state_loco_lambda10,temporal_or_spatial,2.0,3.0,1.0,37,14,11,0.7857142857142857,23,12,0.5217391304347826,0.6537267080745341,9,7,0.7777777777777778,7,5,0.7142857142857143,22,3,False,0.5217391304347826
joint_heat_lead_median_loco_kg_temporal_near_threshold_margin2p0_windows3_maxmargin0p0,lead_median_loco,temporal_near_threshold,2.0,3.0,0.0,37,14,10,0.7142857142857143,23,12,0.5217391304347826,0.6180124223602484,9,7,0.7777777777777778,7,5,0.7142857142857143,13,1,False,0.5217391304347826
joint_heat_lead_median_loco_kg_temporal_near_threshold_margin2p0_windows3_maxmargin0p5,lead_median_loco,temporal_near_threshold,2.0,3.0,0.5,37,14,10,0.7142857142857143,23,12,0.5217391304347826,0.6180124223602484,9,7,0.7777777777777778,7,5,0.7142857142857143,13,1,False,0.5217391304347826
joint_heat_lead_median_loco_kg_temporal_near_threshold_margin2p0_windows3_maxmargin1p0,lead_median_loco,temporal_near_threshold,2.0,3.0,1.0,37,14,10,0.7142857142857143,23,12,0.5217391304347826,0.6180124223602484,9,7,0.7777777777777778,7,5,0.7142857142857143,13,1,False,0.5217391304347826
joint_heat_region_lead_shrinkage_loco_kg_temporal_near_threshold_margin2p0_windows3_maxmargin0p0,region_lead_shrinkage_loco,temporal_near_threshold,2.0,3.0,0.0,37,14,10,0.7142857142857143,23,12,0.5217391304347826,0.6180124223602484,9,7,0.7777777777777778,7,5,0.7142857142857143,13,1,False,0.5217391304347826
joint_heat_region_lead_shrinkage_loco_kg_temporal_near_threshold_margin2p0_windows3_maxmargin0p5,region_lead_shrinkage_loco,temporal_near_threshold,2.0,3.0,0.5,37,14,10,0.7142857142857143,23,12,0.5217391304347826,0.6180124223602484,9,7,0.7777777777777778,7,5,0.7142857142857143,13,1,False,0.5217391304347826
joint_heat_region_lead_shrinkage_loco_kg_temporal_near_threshold_margin2p0_windows3_maxmargin1p0,region_lead_shrinkage_loco,temporal_near_threshold,2.0,3.0,1.0,37,14,10,0.7142857142857143,23,12,0.5217391304347826,0.6180124223602484,9,7,0.7777777777777778,7,5,0.7142857142857143,13,1,False,0.5217391304347826
joint_heat_region_lead_shrinkage_loco_kg_temporal_near_threshold_margin2p5_windows3_maxmargin0p0,region_lead_shrinkage_loco,temporal_near_threshold,2.5,3.0,0.0,37,14,10,0.7142857142857143,23,12,0.5217391304347826,0.6180124223602484,9,7,0.7777777777777778,7,5,0.7142857142857143,13,1,False,0.5217391304347826
joint_heat_region_lead_shrinkage_loco_kg_temporal_near_threshold_margin2p5_windows3_maxmargin0p5,region_lead_shrinkage_loco,temporal_near_threshold,2.5,3.0,0.5,37,14,10,0.7142857142857143,23,12,0.5217391304347826,0.6180124223602484,9,7,0.7777777777777778,7,5,0.7142857142857143,13,1,False,0.5217391304347826
joint_heat_region_lead_shrinkage_loco_kg_temporal_near_threshold_margin2p5_windows3_maxmargin1p0,region_lead_shrinkage_loco,temporal_near_threshold,2.5,3.0,1.0,37,14,10,0.7142857142857143,23,12,0.5217391304347826,0.6180124223602484,9,7,0.7777777777777778,7,5,0.7142857142857143,13,1,False,0.5217391304347826
joint_heat_region_median_loco_kg_temporal_near_threshold_margin1p5_windows2_maxmargin0p0,region_median_loco,temporal_near_threshold,1.5,2.0,0.0,37,14,10,0.7142857142857143,23,12,0.5217391304347826,0.6180124223602484,9,7,0.7777777777777778,7,5,0.7142857142857143,13,1,False,0.5217391304347826
joint_heat_region_median_loco_kg_temporal_near_threshold_margin1p5_windows2_maxmargin0p5,region_median_loco,temporal_near_threshold,1.5,2.0,0.5,37,14,10,0.7142857142857143,23,12,0.5217391304347826,0.6180124223602484,9,7,0.7777777777777778,7,5,0.7142857142857143,13,1,False,0.5217391304347826
joint_heat_region_median_loco_kg_temporal_near_threshold_margin1p5_windows2_maxmargin1p0,region_median_loco,temporal_near_threshold,1.5,2.0,1.0,37,14,10,0.7142857142857143,23,12,0.5217391304347826,0.6180124223602484,9,7,0.7777777777777778,7,5,0.7142857142857143,13,1,False,0.5217391304347826
joint_heat_region_median_loco_kg_temporal_near_threshold_margin1p5_windows3_maxmargin0p0,region_median_loco,temporal_near_threshold,1.5,3.0,0.0,37,14,10,0.7142857142857143,23,12,0.5217391304347826,0.6180124223602484,9,7,0.7777777777777778,7,5,0.7142857142857143,13,1,False,0.5217391304347826
joint_heat_region_median_loco_kg_temporal_near_threshold_margin1p5_windows3_maxmargin0p5,region_median_loco,temporal_near_threshold,1.5,3.0,0.5,37,14,10,0.7142857142857143,23,12,0.5217391304347826,0.6180124223602484,9,7,0.7777777777777778,7,5,0.7142857142857143,13,1,False,0.5217391304347826
joint_heat_region_median_loco_kg_temporal_near_threshold_margin1p5_windows3_maxmargin1p0,region_median_loco,temporal_near_threshold,1.5,3.0,1.0,37,14,10,0.7142857142857143,23,12,0.5217391304347826,0.6180124223602484,9,7,0.7777777777777778,7,5,0.7142857142857143,13,1,False,0.5217391304347826
joint_heat_blend025_pooled_loco_kg_temporal_near_threshold_margin1p5_windows3_maxmargin0p0,blend025_pooled_loco,temporal_near_threshold,1.5,3.0,0.0,37,14,10,0.7142857142857143,23,12,0.5217391304347826,0.6180124223602484,9,7,0.7777777777777778,7,5,0.7142857142857143,14,1,False,0.5217391304347826
joint_heat_blend025_pooled_loco_kg_temporal_near_threshold_margin1p5_windows3_maxmargin0p5,blend025_pooled_loco,temporal_near_threshold,1.5,3.0,0.5,37,14,10,0.7142857142857143,23,12,0.5217391304347826,0.6180124223602484,9,7,0.7777777777777778,7,5,0.7142857142857143,14,1,False,0.5217391304347826
joint_heat_blend025_pooled_loco_kg_temporal_near_threshold_margin1p5_windows3_maxmargin1p0,blend025_pooled_loco,temporal_near_threshold,1.5,3.0,1.0,37,14,10,0.7142857142857143,23,12,0.5217391304347826,0.6180124223602484,9,7,0.7777777777777778,7,5,0.7142857142857143,14,1,False,0.5217391304347826
joint_heat_pooled_median_loco_kg_temporal_near_threshold_margin1p25_windows2_maxmargin0p0,pooled_median_loco,temporal_near_threshold,1.25,2.0,0.0,37,14,10,0.7142857142857143,23,12,0.5217391304347826,0.6180124223602484,9,7,0.7777777777777778,7,5,0.7142857142857143,14,1,False,0.5217391304347826
joint_heat_pooled_median_loco_kg_temporal_near_threshold_margin1p25_windows2_maxmargin0p5,pooled_median_loco,temporal_near_threshold,1.25,2.0,0.5,37,14,10,0.7142857142857143,23,12,0.5217391304347826,0.6180124223602484,9,7,0.7777777777777778,7,5,0.7142857142857143,14,1,False,0.5217391304347826
joint_heat_pooled_median_loco_kg_temporal_near_threshold_margin1p25_windows2_maxmargin1p0,pooled_median_loco,temporal_near_threshold,1.25,2.0,1.0,37,14,10,0.7142857142857143,23,12,0.5217391304347826,0.6180124223602484,9,7,0.7777777777777778,7,5,0.7142857142857143,14,1,False,0.5217391304347826
joint_heat_pooled_median_loco_kg_temporal_near_threshold_margin1p25_windows3_maxmargin0p0,pooled_median_loco,temporal_near_threshold,1.25,3.0,0.0,37,14,10,0.7142857142857143,23,12,0.5217391304347826,0.6180124223602484,9,7,0.7777777777777778,7,5,0.7142857142857143,14,1,False,0.5217391304347826
joint_heat_pooled_median_loco_kg_temporal_near_threshold_margin1p25_windows3_maxmargin0p5,pooled_median_loco,temporal_near_threshold,1.25,3.0,0.5,37,14,10,0.7142857142857143,23,12,0.5217391304347826,0.6180124223602484,9,7,0.7777777777777778,7,5,0.7142857142857143,14,1,False,0.5217391304347826
joint_heat_pooled_median_loco_kg_temporal_near_threshold_margin1p25_windows3_maxmargin1p0,pooled_median_loco,temporal_near_threshold,1.25,3.0,1.0,37,14,10,0.7142857142857143,23,12,0.5217391304347826,0.6180124223602484,9,7,0.7777777777777778,7,5,0.7142857142857143,14,1,False,0.5217391304347826
joint_heat_pooled_median_loco_kg_temporal_near_threshold_margin1p5_windows3_maxmargin0p0,pooled_median_loco,temporal_near_threshold,1.5,3.0,0.0,37,14,10,0.7142857142857143,23,12,0.5217391304347826,0.6180124223602484,9,7,0.7777777777777778,7,5,0.7142857142857143,14,1,False,0.5217391304347826
joint_heat_pooled_median_loco_kg_temporal_near_threshold_margin1p5_windows3_maxmargin0p5,pooled_median_loco,temporal_near_threshold,1.5,3.0,0.5,37,14,10,0.7142857142857143,23,12,0.5217391304347826,0.6180124223602484,9,7,0.7777777777777778,7,5,0.7142857142857143,14,1,False,0.5217391304347826
joint_heat_pooled_median_loco_kg_temporal_near_threshold_margin1p5_windows3_maxmargin1p0,pooled_median_loco,temporal_near_threshold,1.5,3.0,1.0,37,14,10,0.7142857142857143,23,12,0.5217391304347826,0.6180124223602484,9,7,0.7777777777777778,7,5,0.7142857142857143,14,1,False,0.5217391304347826
joint_heat_blend025_pooled_loco_kg_temporal_or_spatial_margin1p25_windows2_maxmargin0p0,blend025_pooled_loco,temporal_or_spatial,1.25,2.0,0.0,37,14,10,0.7142857142857143,23,12,0.5217391304347826,0.6180124223602484,9,7,0.7777777777777778,7,5,0.7142857142857143,14,3,False,0.5217391304347826
joint_heat_blend025_pooled_loco_kg_temporal_or_spatial_margin1p25_windows2_maxmargin0p5,blend025_pooled_loco,temporal_or_spatial,1.25,2.0,0.5,37,14,10,0.7142857142857143,23,12,0.5217391304347826,0.6180124223602484,9,7,0.7777777777777778,7,5,0.7142857142857143,14,3,False,0.5217391304347826
joint_heat_blend025_pooled_loco_kg_temporal_or_spatial_margin1p25_windows2_maxmargin1p0,blend025_pooled_loco,temporal_or_spatial,1.25,2.0,1.0,37,14,10,0.7142857142857143,23,12,0.5217391304347826,0.6180124223602484,9,7,0.7777777777777778,7,5,0.7142857142857143,14,3,False,0.5217391304347826
joint_heat_blend050_pooled_loco_kg_temporal_near_threshold_margin2p0_windows3_maxmargin0p0,blend050_pooled_loco,temporal_near_threshold,2.0,3.0,0.0,37,14,10,0.7142857142857143,23,12,0.5217391304347826,0.6180124223602484,9,7,0.7777777777777778,7,5,0.7142857142857143,17,1,False,0.5217391304347826
joint_heat_blend050_pooled_loco_kg_temporal_near_threshold_margin2p0_windows3_maxmargin0p5,blend050_pooled_loco,temporal_near_threshold,2.0,3.0,0.5,37,14,10,0.7142857142857143,23,12,0.5217391304347826,0.6180124223602484,9,7,0.7777777777777778,7,5,0.7142857142857143,17,1,False,0.5217391304347826
joint_heat_blend050_pooled_loco_kg_temporal_near_threshold_margin2p0_windows3_maxmargin1p0,blend050_pooled_loco,temporal_near_threshold,2.0,3.0,1.0,37,14,10,0.7142857142857143,23,12,0.5217391304347826,0.6180124223602484,9,7,0.7777777777777778,7,5,0.7142857142857143,17,1,False,0.5217391304347826
joint_heat_blend050_pooled_loco_kg_temporal_or_spatial_margin1p25_windows2_maxmargin0p0,blend050_pooled_loco,temporal_or_spatial,1.25,2.0,0.0,37,14,10,0.7142857142857143,23,12,0.5217391304347826,0.6180124223602484,9,7,0.7777777777777778,7,5,0.7142857142857143,17,3,False,0.5217391304347826
joint_heat_blend050_pooled_loco_kg_temporal_or_spatial_margin1p25_windows2_maxmargin0p5,blend050_pooled_loco,temporal_or_spatial,1.25,2.0,0.5,37,14,10,0.7142857142857143,23,12,0.5217391304347826,0.6180124223602484,9,7,0.7777777777777778,7,5,0.7142857142857143,17,3,False,0.5217391304347826
joint_heat_blend050_pooled_loco_kg_temporal_or_spatial_margin1p25_windows2_maxmargin1p0,blend050_pooled_loco,temporal_or_spatial,1.25,2.0,1.0,37,14,10,0.7142857142857143,23,12,0.5217391304347826,0.6180124223602484,9,7,0.7777777777777778,7,5,0.7142857142857143,17,3,False,0.5217391304347826
joint_heat_blend050_pooled_loco_kg_temporal_or_spatial_margin1p5_windows2_maxmargin0p0,blend050_pooled_loco,temporal_or_spatial,1.5,2.0,0.0,37,14,10,0.7142857142857143,23,12,0.5217391304347826,0.6180124223602484,9,7,0.7777777777777778,7,5,0.7142857142857143,17,3,False,0.5217391304347826
joint_heat_blend050_pooled_loco_kg_temporal_or_spatial_margin1p5_windows2_maxmargin0p5,blend050_pooled_loco,temporal_or_spatial,1.5,2.0,0.5,37,14,10,0.7142857142857143,23,12,0.5217391304347826,0.6180124223602484,9,7,0.7777777777777778,7,5,0.7142857142857143,17,3,False,0.5217391304347826
joint_heat_blend050_pooled_loco_kg_temporal_or_spatial_margin1p5_windows2_maxmargin1p0,blend050_pooled_loco,temporal_or_spatial,1.5,2.0,1.0,37,14,10,0.7142857142857143,23,12,0.5217391304347826,0.6180124223602484,9,7,0.7777777777777778,7,5,0.7142857142857143,17,3,False,0.5217391304347826
joint_heat_blend075_pooled_loco_kg_temporal_or_spatial_margin1p5_windows2_maxmargin0p0,blend075_pooled_loco,temporal_or_spatial,1.5,2.0,0.0,37,14,10,0.7142857142857143,23,12,0.5217391304347826,0.6180124223602484,9,7,0.7777777777777778,7,5,0.7142857142857143,17,3,False,0.5217391304347826
joint_heat_blend075_pooled_loco_kg_temporal_or_spatial_margin1p5_windows2_maxmargin0p5,blend075_pooled_loco,temporal_or_spatial,1.5,2.0,0.5,37,14,10,0.7142857142857143,23,12,0.5217391304347826,0.6180124223602484,9,7,0.7777777777777778,7,5,0.7142857142857143,17,3,False,0.5217391304347826
joint_heat_blend075_pooled_loco_kg_temporal_or_spatial_margin1p5_windows2_maxmargin1p0,blend075_pooled_loco,temporal_or_spatial,1.5,2.0,1.0,37,14,10,0.7142857142857143,23,12,0.5217391304347826,0.6180124223602484,9,7,0.7777777777777778,7,5,0.7142857142857143,17,3,False,0.5217391304347826
joint_heat_ridge_state_loco_lambda100_kg_temporal_near_threshold_margin2p0_windows3_maxmargin0p0,ridge_state_loco_lambda100,temporal_near_threshold,2.0,3.0,0.0,37,14,10,0.7142857142857143,23,12,0.5217391304347826,0.6180124223602484,9,7,0.7777777777777778,7,5,0.7142857142857143,19,1,False,0.5217391304347826
joint_heat_ridge_state_loco_lambda100_kg_temporal_near_threshold_margin2p0_windows3_maxmargin0p5,ridge_state_loco_lambda100,temporal_near_threshold,2.0,3.0,0.5,37,14,10,0.7142857142857143,23,12,0.5217391304347826,0.6180124223602484,9,7,0.7777777777777778,7,5,0.7142857142857143,19,1,False,0.5217391304347826
joint_heat_ridge_state_loco_lambda100_kg_temporal_near_threshold_margin2p0_windows3_maxmargin1p0,ridge_state_loco_lambda100,temporal_near_threshold,2.0,3.0,1.0,37,14,10,0.7142857142857143,23,12,0.5217391304347826,0.6180124223602484,9,7,0.7777777777777778,7,5,0.7142857142857143,19,1,False,0.5217391304347826
joint_heat_ridge_state_loco_lambda10_kg_temporal_near_threshold_margin2p0_windows3_maxmargin0p0,ridge_state_loco_lambda10,temporal_near_threshold,2.0,3.0,0.0,37,14,10,0.7142857142857143,23,12,0.5217391304347826,0.6180124223602484,9,7,0.7777777777777778,7,5,0.7142857142857143,21,1,False,0.5217391304347826
joint_heat_ridge_state_loco_lambda10_kg_temporal_near_threshold_margin2p0_windows3_maxmargin0p5,ridge_state_loco_lambda10,temporal_near_threshold,2.0,3.0,0.5,37,14,10,0.7142857142857143,23,12,0.5217391304347826,0.6180124223602484,9,7,0.7777777777777778,7,5,0.7142857142857143,21,1,False,0.5217391304347826
joint_heat_ridge_state_loco_lambda10_kg_temporal_near_threshold_margin2p0_windows3_maxmargin1p0,ridge_state_loco_lambda10,temporal_near_threshold,2.0,3.0,1.0,37,14,10,0.7142857142857143,23,12,0.5217391304347826,0.6180124223602484,9,7,0.7777777777777778,7,5,0.7142857142857143,21,1,False,0.5217391304347826
joint_heat_lead_median_loco_kg_temporal_or_spatial_margin1p5_windows3_maxmargin0p0,lead_median_loco,temporal_or_spatial,1.5,3.0,0.0,37,14,9,0.6428571428571429,23,12,0.5217391304347826,0.5822981366459627,9,6,0.6666666666666666,7,5,0.7142857142857143,11,3,False,0.5217391304347826
joint_heat_lead_median_loco_kg_temporal_or_spatial_margin1p5_windows3_maxmargin0p5,lead_median_loco,temporal_or_spatial,1.5,3.0,0.5,37,14,9,0.6428571428571429,23,12,0.5217391304347826,0.5822981366459627,9,6,0.6666666666666666,7,5,0.7142857142857143,11,3,False,0.5217391304347826
joint_heat_lead_median_loco_kg_temporal_or_spatial_margin1p5_windows3_maxmargin1p0,lead_median_loco,temporal_or_spatial,1.5,3.0,1.0,37,14,9,0.6428571428571429,23,12,0.5217391304347826,0.5822981366459627,9,6,0.6666666666666666,7,5,0.7142857142857143,11,3,False,0.5217391304347826
joint_heat_blend025_pooled_loco_kg_temporal_or_spatial_margin1p25_windows3_maxmargin1p0,blend025_pooled_loco,temporal_or_spatial,1.25,3.0,1.0,37,14,9,0.6428571428571429,23,12,0.5217391304347826,0.5822981366459627,9,6,0.6666666666666666,7,5,0.7142857142857143,13,3,False,0.5217391304347826
joint_heat_blend050_pooled_loco_kg_temporal_or_spatial_margin1p25_windows3_maxmargin1p0,blend050_pooled_loco,temporal_or_spatial,1.25,3.0,1.0,37,14,9,0.6428571428571429,23,12,0.5217391304347826,0.5822981366459627,9,6,0.6666666666666666,7,5,0.7142857142857143,16,3,False,0.5217391304347826
joint_heat_blend050_pooled_loco_kg_temporal_or_spatial_margin1p5_windows3_maxmargin1p0,blend050_pooled_loco,temporal_or_spatial,1.5,3.0,1.0,37,14,9,0.6428571428571429,23,12,0.5217391304347826,0.5822981366459627,9,6,0.6666666666666666,7,5,0.7142857142857143,16,3,False,0.5217391304347826
joint_heat_blend075_pooled_loco_kg_temporal_or_spatial_margin1p5_windows3_maxmargin1p0,blend075_pooled_loco,temporal_or_spatial,1.5,3.0,1.0,37,14,9,0.6428571428571429,23,12,0.5217391304347826,0.5822981366459627,9,6,0.6666666666666666,7,5,0.7142857142857143,16,3,False,0.5217391304347826
joint_heat_ridge_state_loco_lambda1_kg_temporal_or_spatial_margin2p0_windows3_maxmargin0p0,ridge_state_loco_lambda1,temporal_or_spatial,2.0,3.0,0.0,37,14,9,0.6428571428571429,23,12,0.5217391304347826,0.5822981366459627,9,5,0.5555555555555556,7,5,0.7142857142857143,15,3,False,0.5217391304347826
joint_heat_ridge_state_loco_lambda1_kg_temporal_or_spatial_margin2p0_windows3_maxmargin0p5,ridge_state_loco_lambda1,temporal_or_spatial,2.0,3.0,0.5,37,14,9,0.6428571428571429,23,12,0.5217391304347826,0.5822981366459627,9,5,0.5555555555555556,7,5,0.7142857142857143,15,3,False,0.5217391304347826
joint_heat_lead_median_loco_kg_temporal_near_threshold_margin1p5_windows3_maxmargin0p0,lead_median_loco,temporal_near_threshold,1.5,3.0,0.0,37,14,8,0.5714285714285714,23,12,0.5217391304347826,0.5465838509316769,9,6,0.6666666666666666,7,5,0.7142857142857143,10,1,False,0.5217391304347826
joint_heat_lead_median_loco_kg_temporal_near_threshold_margin1p5_windows3_maxmargin0p5,lead_median_loco,temporal_near_threshold,1.5,3.0,0.5,37,14,8,0.5714285714285714,23,12,0.5217391304347826,0.5465838509316769,9,6,0.6666666666666666,7,5,0.7142857142857143,10,1,False,0.5217391304347826
joint_heat_lead_median_loco_kg_temporal_near_threshold_margin1p5_windows3_maxmargin1p0,lead_median_loco,temporal_near_threshold,1.5,3.0,1.0,37,14,8,0.5714285714285714,23,12,0.5217391304347826,0.5465838509316769,9,6,0.6666666666666666,7,5,0.7142857142857143,10,1,False,0.5217391304347826
joint_heat_lead_median_loco_kg_temporal_or_spatial_margin1p25_windows3_maxmargin1p0,lead_median_loco,temporal_or_spatial,1.25,3.0,1.0,37,14,8,0.5714285714285714,23,12,0.5217391304347826,0.5465838509316769,9,5,0.5555555555555556,7,5,0.7142857142857143,9,3,False,0.5217391304347826
joint_heat_region_lead_shrinkage_loco_kg_temporal_or_spatial_margin1p25_windows3_maxmargin1p0,region_lead_shrinkage_loco,temporal_or_spatial,1.25,3.0,1.0,37,14,8,0.5714285714285714,23,12,0.5217391304347826,0.5465838509316769,9,5,0.5555555555555556,7,5,0.7142857142857143,9,3,False,0.5217391304347826
joint_heat_region_lead_shrinkage_loco_kg_temporal_or_spatial_margin1p5_windows3_maxmargin1p0,region_lead_shrinkage_loco,temporal_or_spatial,1.5,3.0,1.0,37,14,8,0.5714285714285714,23,12,0.5217391304347826,0.5465838509316769,9,5,0.5555555555555556,7,5,0.7142857142857143,9,3,False,0.5217391304347826
joint_heat_blend025_pooled_loco_kg_temporal_near_threshold_margin1p0_windows3_maxmargin0p0,blend025_pooled_loco,temporal_near_threshold,1.0,3.0,0.0,37,14,7,0.5,23,16,0.6956521739130435,0.5978260869565217,9,5,0.5555555555555556,7,6,0.8571428571428571,5,1,False,0.5
joint_heat_blend025_pooled_loco_kg_temporal_near_threshold_margin1p0_windows3_maxmargin0p5,blend025_pooled_loco,temporal_near_threshold,1.0,3.0,0.5,37,14,7,0.5,23,16,0.6956521739130435,0.5978260869565217,9,5,0.5555555555555556,7,6,0.8571428571428571,5,1,False,0.5
joint_heat_blend025_pooled_loco_kg_temporal_near_threshold_margin1p0_windows3_maxmargin1p0,blend025_pooled_loco,temporal_near_threshold,1.0,3.0,1.0,37,14,7,0.5,23,16,0.6956521739130435,0.5978260869565217,9,5,0.5555555555555556,7,6,0.8571428571428571,5,1,False,0.5
joint_heat_pooled_median_loco_kg_temporal_near_threshold_margin0p75_windows3_maxmargin0p0,pooled_median_loco,temporal_near_threshold,0.75,3.0,0.0,37,14,7,0.5,23,16,0.6956521739130435,0.5978260869565217,9,5,0.5555555555555556,7,6,0.8571428571428571,5,1,False,0.5
joint_heat_pooled_median_loco_kg_temporal_near_threshold_margin0p75_windows3_maxmargin0p5,pooled_median_loco,temporal_near_threshold,0.75,3.0,0.5,37,14,7,0.5,23,16,0.6956521739130435,0.5978260869565217,9,5,0.5555555555555556,7,6,0.8571428571428571,5,1,False,0.5
joint_heat_pooled_median_loco_kg_temporal_near_threshold_margin0p75_windows3_maxmargin1p0,pooled_median_loco,temporal_near_threshold,0.75,3.0,1.0,37,14,7,0.5,23,16,0.6956521739130435,0.5978260869565217,9,5,0.5555555555555556,7,6,0.8571428571428571,5,1,False,0.5
joint_heat_ridge_state_loco_lambda100_kg_temporal_near_threshold_margin1p5_windows3_maxmargin0p0,ridge_state_loco_lambda100,temporal_near_threshold,1.5,3.0,0.0,37,14,7,0.5,23,16,0.6956521739130435,0.5978260869565217,9,5,0.5555555555555556,7,6,0.8571428571428571,10,1,False,0.5
joint_heat_ridge_state_loco_lambda100_kg_temporal_near_threshold_margin1p5_windows3_maxmargin0p5,ridge_state_loco_lambda100,temporal_near_threshold,1.5,3.0,0.5,37,14,7,0.5,23,16,0.6956521739130435,0.5978260869565217,9,5,0.5555555555555556,7,6,0.8571428571428571,10,1,False,0.5
joint_heat_ridge_state_loco_lambda100_kg_temporal_near_threshold_margin1p5_windows3_maxmargin1p0,ridge_state_loco_lambda100,temporal_near_threshold,1.5,3.0,1.0,37,14,7,0.5,23,16,0.6956521739130435,0.5978260869565217,9,5,0.5555555555555556,7,6,0.8571428571428571,10,1,False,0.5
joint_heat_ridge_state_loco_lambda10_kg_temporal_near_threshold_margin1p5_windows3_maxmargin0p0,ridge_state_loco_lambda10,temporal_near_threshold,1.5,3.0,0.0,37,14,7,0.5,23,16,0.6956521739130435,0.5978260869565217,9,5,0.5555555555555556,7,6,0.8571428571428571,12,1,False,0.5
joint_heat_ridge_state_loco_lambda10_kg_temporal_near_threshold_margin1p5_windows3_maxmargin0p5,ridge_state_loco_lambda10,temporal_near_threshold,1.5,3.0,0.5,37,14,7,0.5,23,16,0.6956521739130435,0.5978260869565217,9,5,0.5555555555555556,7,6,0.8571428571428571,12,1,False,0.5
joint_heat_ridge_state_loco_lambda10_kg_temporal_near_threshold_margin1p5_windows3_maxmargin1p0,ridge_state_loco_lambda10,temporal_near_threshold,1.5,3.0,1.0,37,14,7,0.5,23,16,0.6956521739130435,0.5978260869565217,9,5,0.5555555555555556,7,6,0.8571428571428571,12,1,False,0.5
joint_heat_pooled_median_loco_kg_temporal_near_threshold_margin0p75_windows2_maxmargin0p0,pooled_median_loco,temporal_near_threshold,0.75,2.0,0.0,37,14,7,0.5,23,14,0.6086956521739131,0.5543478260869565,9,5,0.5555555555555556,7,5,0.7142857142857143,7,1,False,0.5
joint_heat_pooled_median_loco_kg_temporal_near_threshold_margin0p75_windows2_maxmargin0p5,pooled_median_loco,temporal_near_threshold,0.75,2.0,0.5,37,14,7,0.5,23,14,0.6086956521739131,0.5543478260869565,9,5,0.5555555555555556,7,5,0.7142857142857143,7,1,False,0.5
joint_heat_pooled_median_loco_kg_temporal_near_threshold_margin0p75_windows2_maxmargin1p0,pooled_median_loco,temporal_near_threshold,0.75,2.0,1.0,37,14,7,0.5,23,14,0.6086956521739131,0.5543478260869565,9,5,0.5555555555555556,7,5,0.7142857142857143,7,1,False,0.5
joint_heat_lead_median_loco_kg_temporal_near_threshold_margin1p25_windows3_maxmargin0p0,lead_median_loco,temporal_near_threshold,1.25,3.0,0.0,37,14,7,0.5,23,13,0.5652173913043478,0.5326086956521738,9,5,0.5555555555555556,7,5,0.7142857142857143,7,1,False,0.5
joint_heat_lead_median_loco_kg_temporal_near_threshold_margin1p25_windows3_maxmargin0p5,lead_median_loco,temporal_near_threshold,1.25,3.0,0.5,37,14,7,0.5,23,13,0.5652173913043478,0.5326086956521738,9,5,0.5555555555555556,7,5,0.7142857142857143,7,1,False,0.5
joint_heat_lead_median_loco_kg_temporal_near_threshold_margin1p25_windows3_maxmargin1p0,lead_median_loco,temporal_near_threshold,1.25,3.0,1.0,37,14,7,0.5,23,13,0.5652173913043478,0.5326086956521738,9,5,0.5555555555555556,7,5,0.7142857142857143,7,1,False,0.5
joint_heat_region_lead_shrinkage_loco_kg_temporal_near_threshold_margin1p25_windows3_maxmargin0p0,region_lead_shrinkage_loco,temporal_near_threshold,1.25,3.0,0.0,37,14,7,0.5,23,13,0.5652173913043478,0.5326086956521738,9,5,0.5555555555555556,7,5,0.7142857142857143,7,1,False,0.5
joint_heat_region_lead_shrinkage_loco_kg_temporal_near_threshold_margin1p25_windows3_maxmargin0p5,region_lead_shrinkage_loco,temporal_near_threshold,1.25,3.0,0.5,37,14,7,0.5,23,13,0.5652173913043478,0.5326086956521738,9,5,0.5555555555555556,7,5,0.7142857142857143,7,1,False,0.5
joint_heat_region_lead_shrinkage_loco_kg_temporal_near_threshold_margin1p25_windows3_maxmargin1p0,region_lead_shrinkage_loco,temporal_near_threshold,1.25,3.0,1.0,37,14,7,0.5,23,13,0.5652173913043478,0.5326086956521738,9,5,0.5555555555555556,7,5,0.7142857142857143,7,1,False,0.5
joint_heat_region_lead_shrinkage_loco_kg_temporal_near_threshold_margin1p5_windows3_maxmargin0p0,region_lead_shrinkage_loco,temporal_near_threshold,1.5,3.0,0.0,37,14,7,0.5,23,13,0.5652173913043478,0.5326086956521738,9,5,0.5555555555555556,7,5,0.7142857142857143,7,1,False,0.5
joint_heat_region_lead_shrinkage_loco_kg_temporal_near_threshold_margin1p5_windows3_maxmargin0p5,region_lead_shrinkage_loco,temporal_near_threshold,1.5,3.0,0.5,37,14,7,0.5,23,13,0.5652173913043478,0.5326086956521738,9,5,0.5555555555555556,7,5,0.7142857142857143,7,1,False,0.5
joint_heat_region_lead_shrinkage_loco_kg_temporal_near_threshold_margin1p5_windows3_maxmargin1p0,region_lead_shrinkage_loco,temporal_near_threshold,1.5,3.0,1.0,37,14,7,0.5,23,13,0.5652173913043478,0.5326086956521738,9,5,0.5555555555555556,7,5,0.7142857142857143,7,1,False,0.5
joint_heat_blend050_pooled_loco_kg_temporal_or_spatial_margin2p0_windows2_maxmargin0p0,blend050_pooled_loco,temporal_or_spatial,2.0,2.0,0.0,37,14,14,1.0,23,11,0.4782608695652174,0.7391304347826086,9,9,1.0,7,5,0.7142857142857143,22,3,False,0.4782608695652174
joint_heat_blend050_pooled_loco_kg_temporal_or_spatial_margin2p0_windows2_maxmargin0p5,blend050_pooled_loco,temporal_or_spatial,2.0,2.0,0.5,37,14,14,1.0,23,11,0.4782608695652174,0.7391304347826086,9,9,1.0,7,5,0.7142857142857143,22,3,False,0.4782608695652174
joint_heat_blend050_pooled_loco_kg_temporal_or_spatial_margin2p0_windows2_maxmargin1p0,blend050_pooled_loco,temporal_or_spatial,2.0,2.0,1.0,37,14,14,1.0,23,11,0.4782608695652174,0.7391304347826086,9,9,1.0,7,5,0.7142857142857143,22,3,False,0.4782608695652174
joint_heat_ridge_state_loco_lambda10_kg_temporal_or_spatial_margin2p5_windows3_maxmargin0p0,ridge_state_loco_lambda10,temporal_or_spatial,2.5,3.0,0.0,37,14,13,0.9285714285714286,23,11,0.4782608695652174,0.7034161490683231,9,8,0.8888888888888888,7,5,0.7142857142857143,26,3,False,0.4782608695652174
joint_heat_ridge_state_loco_lambda10_kg_temporal_or_spatial_margin2p5_windows3_maxmargin0p5,ridge_state_loco_lambda10,temporal_or_spatial,2.5,3.0,0.5,37,14,13,0.9285714285714286,23,11,0.4782608695652174,0.7034161490683231,9,8,0.8888888888888888,7,5,0.7142857142857143,26,3,False,0.4782608695652174
joint_heat_ridge_state_loco_lambda10_kg_temporal_or_spatial_margin2p5_windows3_maxmargin1p0,ridge_state_loco_lambda10,temporal_or_spatial,2.5,3.0,1.0,37,14,13,0.9285714285714286,23,11,0.4782608695652174,0.7034161490683231,9,8,0.8888888888888888,7,5,0.7142857142857143,26,3,False,0.4782608695652174
joint_heat_blend025_pooled_loco_kg_temporal_or_spatial_margin1p5_windows2_maxmargin0p0,blend025_pooled_loco,temporal_or_spatial,1.5,2.0,0.0,37,14,12,0.8571428571428571,23,11,0.4782608695652174,0.6677018633540373,9,8,0.8888888888888888,7,5,0.7142857142857143,17,3,False,0.4782608695652174
joint_heat_blend025_pooled_loco_kg_temporal_or_spatial_margin1p5_windows2_maxmargin0p5,blend025_pooled_loco,temporal_or_spatial,1.5,2.0,0.5,37,14,12,0.8571428571428571,23,11,0.4782608695652174,0.6677018633540373,9,8,0.8888888888888888,7,5,0.7142857142857143,17,3,False,0.4782608695652174
joint_heat_blend025_pooled_loco_kg_temporal_or_spatial_margin1p5_windows2_maxmargin1p0,blend025_pooled_loco,temporal_or_spatial,1.5,2.0,1.0,37,14,12,0.8571428571428571,23,11,0.4782608695652174,0.6677018633540373,9,8,0.8888888888888888,7,5,0.7142857142857143,17,3,False,0.4782608695652174
joint_heat_blend075_pooled_loco_kg_temporal_or_spatial_margin2p0_windows2_maxmargin0p0,blend075_pooled_loco,temporal_or_spatial,2.0,2.0,0.0,37,14,12,0.8571428571428571,23,11,0.4782608695652174,0.6677018633540373,9,8,0.8888888888888888,7,5,0.7142857142857143,20,3,False,0.4782608695652174
joint_heat_blend075_pooled_loco_kg_temporal_or_spatial_margin2p0_windows2_maxmargin0p5,blend075_pooled_loco,temporal_or_spatial,2.0,2.0,0.5,37,14,12,0.8571428571428571,23,11,0.4782608695652174,0.6677018633540373,9,8,0.8888888888888888,7,5,0.7142857142857143,20,3,False,0.4782608695652174
joint_heat_blend075_pooled_loco_kg_temporal_or_spatial_margin2p0_windows2_maxmargin1p0,blend075_pooled_loco,temporal_or_spatial,2.0,2.0,1.0,37,14,12,0.8571428571428571,23,11,0.4782608695652174,0.6677018633540373,9,8,0.8888888888888888,7,5,0.7142857142857143,20,3,False,0.4782608695652174
joint_heat_region_lead_shrinkage_loco_kg_temporal_or_spatial_margin2p5_windows3_maxmargin0p0,region_lead_shrinkage_loco,temporal_or_spatial,2.5,3.0,0.0,37,14,11,0.7857142857142857,23,11,0.4782608695652174,0.6319875776397516,9,7,0.7777777777777778,7,5,0.7142857142857143,15,3,False,0.4782608695652174
joint_heat_region_lead_shrinkage_loco_kg_temporal_or_spatial_margin2p5_windows3_maxmargin0p5,region_lead_shrinkage_loco,temporal_or_spatial,2.5,3.0,0.5,37,14,11,0.7857142857142857,23,11,0.4782608695652174,0.6319875776397516,9,7,0.7777777777777778,7,5,0.7142857142857143,15,3,False,0.4782608695652174
joint_heat_region_lead_shrinkage_loco_kg_temporal_or_spatial_margin2p5_windows3_maxmargin1p0,region_lead_shrinkage_loco,temporal_or_spatial,2.5,3.0,1.0,37,14,11,0.7857142857142857,23,11,0.4782608695652174,0.6319875776397516,9,7,0.7777777777777778,7,5,0.7142857142857143,15,3,False,0.4782608695652174
joint_heat_blend025_pooled_loco_kg_temporal_or_spatial_margin1p5_windows3_maxmargin0p0,blend025_pooled_loco,temporal_or_spatial,1.5,3.0,0.0,37,14,11,0.7857142857142857,23,11,0.4782608695652174,0.6319875776397516,9,7,0.7777777777777778,7,5,0.7142857142857143,16,3,False,0.4782608695652174
joint_heat_blend025_pooled_loco_kg_temporal_or_spatial_margin1p5_windows3_maxmargin0p5,blend025_pooled_loco,temporal_or_spatial,1.5,3.0,0.5,37,14,11,0.7857142857142857,23,11,0.4782608695652174,0.6319875776397516,9,7,0.7777777777777778,7,5,0.7142857142857143,16,3,False,0.4782608695652174
joint_heat_blend025_pooled_loco_kg_temporal_or_spatial_margin1p5_windows3_maxmargin1p0,blend025_pooled_loco,temporal_or_spatial,1.5,3.0,1.0,37,14,11,0.7857142857142857,23,11,0.4782608695652174,0.6319875776397516,9,7,0.7777777777777778,7,5,0.7142857142857143,16,3,False,0.4782608695652174
joint_heat_blend050_pooled_loco_kg_temporal_or_spatial_margin2p0_windows3_maxmargin0p0,blend050_pooled_loco,temporal_or_spatial,2.0,3.0,0.0,37,14,11,0.7857142857142857,23,11,0.4782608695652174,0.6319875776397516,9,7,0.7777777777777778,7,5,0.7142857142857143,19,3,False,0.4782608695652174
joint_heat_blend050_pooled_loco_kg_temporal_or_spatial_margin2p0_windows3_maxmargin0p5,blend050_pooled_loco,temporal_or_spatial,2.0,3.0,0.5,37,14,11,0.7857142857142857,23,11,0.4782608695652174,0.6319875776397516,9,7,0.7777777777777778,7,5,0.7142857142857143,19,3,False,0.4782608695652174
joint_heat_blend050_pooled_loco_kg_temporal_or_spatial_margin2p0_windows3_maxmargin1p0,blend050_pooled_loco,temporal_or_spatial,2.0,3.0,1.0,37,14,11,0.7857142857142857,23,11,0.4782608695652174,0.6319875776397516,9,7,0.7777777777777778,7,5,0.7142857142857143,19,3,False,0.4782608695652174
joint_heat_blend075_pooled_loco_kg_temporal_or_spatial_margin2p0_windows3_maxmargin0p0,blend075_pooled_loco,temporal_or_spatial,2.0,3.0,0.0,37,14,11,0.7857142857142857,23,11,0.4782608695652174,0.6319875776397516,9,7,0.7777777777777778,7,5,0.7142857142857143,19,3,False,0.4782608695652174
joint_heat_blend075_pooled_loco_kg_temporal_or_spatial_margin2p0_windows3_maxmargin0p5,blend075_pooled_loco,temporal_or_spatial,2.0,3.0,0.5,37,14,11,0.7857142857142857,23,11,0.4782608695652174,0.6319875776397516,9,7,0.7777777777777778,7,5,0.7142857142857143,19,3,False,0.4782608695652174
joint_heat_blend075_pooled_loco_kg_temporal_or_spatial_margin2p0_windows3_maxmargin1p0,blend075_pooled_loco,temporal_or_spatial,2.0,3.0,1.0,37,14,11,0.7857142857142857,23,11,0.4782608695652174,0.6319875776397516,9,7,0.7777777777777778,7,5,0.7142857142857143,19,3,False,0.4782608695652174
joint_heat_region_median_loco_kg_temporal_or_spatial_margin1p5_windows2_maxmargin0p0,region_median_loco,temporal_or_spatial,1.5,2.0,0.0,37,14,10,0.7142857142857143,23,11,0.4782608695652174,0.5962732919254659,9,7,0.7777777777777778,7,5,0.7142857142857143,14,3,False,0.4782608695652174
joint_heat_region_median_loco_kg_temporal_or_spatial_margin1p5_windows2_maxmargin0p5,region_median_loco,temporal_or_spatial,1.5,2.0,0.5,37,14,10,0.7142857142857143,23,11,0.4782608695652174,0.5962732919254659,9,7,0.7777777777777778,7,5,0.7142857142857143,14,3,False,0.4782608695652174
joint_heat_region_median_loco_kg_temporal_or_spatial_margin1p5_windows2_maxmargin1p0,region_median_loco,temporal_or_spatial,1.5,2.0,1.0,37,14,10,0.7142857142857143,23,11,0.4782608695652174,0.5962732919254659,9,7,0.7777777777777778,7,5,0.7142857142857143,14,3,False,0.4782608695652174
joint_heat_region_median_loco_kg_temporal_or_spatial_margin1p5_windows3_maxmargin0p0,region_median_loco,temporal_or_spatial,1.5,3.0,0.0,37,14,10,0.7142857142857143,23,11,0.4782608695652174,0.5962732919254659,9,7,0.7777777777777778,7,5,0.7142857142857143,14,3,False,0.4782608695652174
joint_heat_region_median_loco_kg_temporal_or_spatial_margin1p5_windows3_maxmargin0p5,region_median_loco,temporal_or_spatial,1.5,3.0,0.5,37,14,10,0.7142857142857143,23,11,0.4782608695652174,0.5962732919254659,9,7,0.7777777777777778,7,5,0.7142857142857143,14,3,False,0.4782608695652174
joint_heat_region_median_loco_kg_temporal_or_spatial_margin1p5_windows3_maxmargin1p0,region_median_loco,temporal_or_spatial,1.5,3.0,1.0,37,14,10,0.7142857142857143,23,11,0.4782608695652174,0.5962732919254659,9,7,0.7777777777777778,7,5,0.7142857142857143,14,3,False,0.4782608695652174
joint_heat_ridge_state_loco_lambda1_kg_temporal_or_spatial_margin2p0_windows3_maxmargin1p0,ridge_state_loco_lambda1,temporal_or_spatial,2.0,3.0,1.0,37,14,9,0.6428571428571429,23,11,0.4782608695652174,0.5605590062111802,9,5,0.5555555555555556,7,5,0.7142857142857143,16,3,False,0.4782608695652174
joint_heat_ridge_state_loco_lambda1_kg_spatial_hotspot_margin1p5_windows2_maxmargin0p5,ridge_state_loco_lambda1,spatial_hotspot,1.5,2.0,0.5,37,14,8,0.5714285714285714,23,20,0.8695652173913043,0.7204968944099379,9,4,0.4444444444444444,7,7,1.0,5,1,False,0.4444444444444444
joint_heat_ridge_state_loco_lambda1_kg_spatial_hotspot_margin1p5_windows3_maxmargin0p5,ridge_state_loco_lambda1,spatial_hotspot,1.5,3.0,0.5,37,14,8,0.5714285714285714,23,20,0.8695652173913043,0.7204968944099379,9,4,0.4444444444444444,7,7,1.0,5,1,False,0.4444444444444444
joint_heat_blend050_pooled_loco_kg_spatial_hotspot_margin0p25_windows2_maxmargin0p5,blend050_pooled_loco,spatial_hotspot,0.25,2.0,0.5,37,14,7,0.5,23,21,0.9130434782608695,0.7065217391304348,9,4,0.4444444444444444,7,7,1.0,2,1,False,0.4444444444444444
joint_heat_blend050_pooled_loco_kg_spatial_hotspot_margin0p25_windows2_maxmargin1p0,blend050_pooled_loco,spatial_hotspot,0.25,2.0,1.0,37,14,7,0.5,23,21,0.9130434782608695,0.7065217391304348,9,4,0.4444444444444444,7,7,1.0,2,1,False,0.4444444444444444
joint_heat_blend050_pooled_loco_kg_spatial_hotspot_margin0p25_windows3_maxmargin0p5,blend050_pooled_loco,spatial_hotspot,0.25,3.0,0.5,37,14,7,0.5,23,21,0.9130434782608695,0.7065217391304348,9,4,0.4444444444444444,7,7,1.0,2,1,False,0.4444444444444444
joint_heat_blend050_pooled_loco_kg_spatial_hotspot_margin0p25_windows3_maxmargin1p0,blend050_pooled_loco,spatial_hotspot,0.25,3.0,1.0,37,14,7,0.5,23,21,0.9130434782608695,0.7065217391304348,9,4,0.4444444444444444,7,7,1.0,2,1,False,0.4444444444444444
joint_heat_blend050_pooled_loco_kg_temporal_or_spatial_margin0p25_windows2_maxmargin0p0,blend050_pooled_loco,temporal_or_spatial,0.25,2.0,0.0,37,14,7,0.5,23,21,0.9130434782608695,0.7065217391304348,9,4,0.4444444444444444,7,7,1.0,2,3,False,0.4444444444444444
joint_heat_blend050_pooled_loco_kg_temporal_or_spatial_margin0p25_windows2_maxmargin0p5,blend050_pooled_loco,temporal_or_spatial,0.25,2.0,0.5,37,14,7,0.5,23,21,0.9130434782608695,0.7065217391304348,9,4,0.4444444444444444,7,7,1.0,2,3,False,0.4444444444444444
joint_heat_blend050_pooled_loco_kg_temporal_or_spatial_margin0p25_windows2_maxmargin1p0,blend050_pooled_loco,temporal_or_spatial,0.25,2.0,1.0,37,14,7,0.5,23,21,0.9130434782608695,0.7065217391304348,9,4,0.4444444444444444,7,7,1.0,2,3,False,0.4444444444444444
joint_heat_blend050_pooled_loco_kg_temporal_or_spatial_margin0p25_windows3_maxmargin0p0,blend050_pooled_loco,temporal_or_spatial,0.25,3.0,0.0,37,14,7,0.5,23,21,0.9130434782608695,0.7065217391304348,9,4,0.4444444444444444,7,7,1.0,2,3,False,0.4444444444444444
joint_heat_blend050_pooled_loco_kg_temporal_or_spatial_margin0p25_windows3_maxmargin0p5,blend050_pooled_loco,temporal_or_spatial,0.25,3.0,0.5,37,14,7,0.5,23,21,0.9130434782608695,0.7065217391304348,9,4,0.4444444444444444,7,7,1.0,2,3,False,0.4444444444444444
joint_heat_blend050_pooled_loco_kg_temporal_or_spatial_margin0p25_windows3_maxmargin1p0,blend050_pooled_loco,temporal_or_spatial,0.25,3.0,1.0,37,14,7,0.5,23,21,0.9130434782608695,0.7065217391304348,9,4,0.4444444444444444,7,7,1.0,2,3,False,0.4444444444444444
joint_heat_ridge_state_loco_lambda1_kg_spatial_hotspot_margin0p75_windows2_maxmargin0p5,ridge_state_loco_lambda1,spatial_hotspot,0.75,2.0,0.5,37,14,7,0.5,23,21,0.9130434782608695,0.7065217391304348,9,4,0.4444444444444444,7,7,1.0,3,1,False,0.4444444444444444
joint_heat_ridge_state_loco_lambda1_kg_spatial_hotspot_margin0p75_windows3_maxmargin0p5,ridge_state_loco_lambda1,spatial_hotspot,0.75,3.0,0.5,37,14,7,0.5,23,21,0.9130434782608695,0.7065217391304348,9,4,0.4444444444444444,7,7,1.0,3,1,False,0.4444444444444444
joint_heat_ridge_state_loco_lambda1_kg_spatial_hotspot_margin1p0_windows2_maxmargin0p5,ridge_state_loco_lambda1,spatial_hotspot,1.0,2.0,0.5,37,14,7,0.5,23,21,0.9130434782608695,0.7065217391304348,9,4,0.4444444444444444,7,7,1.0,3,1,False,0.4444444444444444
joint_heat_ridge_state_loco_lambda1_kg_spatial_hotspot_margin1p0_windows3_maxmargin0p5,ridge_state_loco_lambda1,spatial_hotspot,1.0,3.0,0.5,37,14,7,0.5,23,21,0.9130434782608695,0.7065217391304348,9,4,0.4444444444444444,7,7,1.0,3,1,False,0.4444444444444444
joint_heat_ridge_state_loco_lambda1_kg_spatial_hotspot_margin1p25_windows2_maxmargin0p5,ridge_state_loco_lambda1,spatial_hotspot,1.25,2.0,0.5,37,14,7,0.5,23,21,0.9130434782608695,0.7065217391304348,9,4,0.4444444444444444,7,7,1.0,3,1,False,0.4444444444444444
joint_heat_ridge_state_loco_lambda1_kg_spatial_hotspot_margin1p25_windows3_maxmargin0p5,ridge_state_loco_lambda1,spatial_hotspot,1.25,3.0,0.5,37,14,7,0.5,23,21,0.9130434782608695,0.7065217391304348,9,4,0.4444444444444444,7,7,1.0,3,1,False,0.4444444444444444
joint_heat_ridge_state_loco_lambda1_kg_temporal_near_threshold_margin0p75_windows3_maxmargin0p0,ridge_state_loco_lambda1,temporal_near_threshold,0.75,3.0,0.0,37,14,7,0.5,23,21,0.9130434782608695,0.7065217391304348,9,4,0.4444444444444444,7,7,1.0,3,1,False,0.4444444444444444
joint_heat_ridge_state_loco_lambda1_kg_temporal_near_threshold_margin0p75_windows3_maxmargin0p5,ridge_state_loco_lambda1,temporal_near_threshold,0.75,3.0,0.5,37,14,7,0.5,23,21,0.9130434782608695,0.7065217391304348,9,4,0.4444444444444444,7,7,1.0,3,1,False,0.4444444444444444
joint_heat_ridge_state_loco_lambda1_kg_temporal_near_threshold_margin0p75_windows3_maxmargin1p0,ridge_state_loco_lambda1,temporal_near_threshold,0.75,3.0,1.0,37,14,7,0.5,23,21,0.9130434782608695,0.7065217391304348,9,4,0.4444444444444444,7,7,1.0,3,1,False,0.4444444444444444
joint_heat_ridge_state_loco_lambda1_kg_temporal_near_threshold_margin1p0_windows3_maxmargin0p0,ridge_state_loco_lambda1,temporal_near_threshold,1.0,3.0,0.0,37,14,7,0.5,23,21,0.9130434782608695,0.7065217391304348,9,4,0.4444444444444444,7,7,1.0,3,1,False,0.4444444444444444
joint_heat_ridge_state_loco_lambda1_kg_temporal_near_threshold_margin1p0_windows3_maxmargin0p5,ridge_state_loco_lambda1,temporal_near_threshold,1.0,3.0,0.5,37,14,7,0.5,23,21,0.9130434782608695,0.7065217391304348,9,4,0.4444444444444444,7,7,1.0,3,1,False,0.4444444444444444
joint_heat_ridge_state_loco_lambda1_kg_temporal_near_threshold_margin1p0_windows3_maxmargin1p0,ridge_state_loco_lambda1,temporal_near_threshold,1.0,3.0,1.0,37,14,7,0.5,23,21,0.9130434782608695,0.7065217391304348,9,4,0.4444444444444444,7,7,1.0,3,1,False,0.4444444444444444
joint_heat_ridge_state_loco_lambda1_kg_temporal_near_threshold_margin1p25_windows3_maxmargin0p0,ridge_state_loco_lambda1,temporal_near_threshold,1.25,3.0,0.0,37,14,7,0.5,23,21,0.9130434782608695,0.7065217391304348,9,4,0.4444444444444444,7,7,1.0,3,1,False,0.4444444444444444
joint_heat_ridge_state_loco_lambda1_kg_temporal_near_threshold_margin1p25_windows3_maxmargin0p5,ridge_state_loco_lambda1,temporal_near_threshold,1.25,3.0,0.5,37,14,7,0.5,23,21,0.9130434782608695,0.7065217391304348,9,4,0.4444444444444444,7,7,1.0,3,1,False,0.4444444444444444
joint_heat_ridge_state_loco_lambda1_kg_temporal_near_threshold_margin1p25_windows3_maxmargin1p0,ridge_state_loco_lambda1,temporal_near_threshold,1.25,3.0,1.0,37,14,7,0.5,23,21,0.9130434782608695,0.7065217391304348,9,4,0.4444444444444444,7,7,1.0,3,1,False,0.4444444444444444
joint_heat_ridge_state_loco_lambda1_kg_temporal_and_spatial_margin0p75_windows2_maxmargin0p5,ridge_state_loco_lambda1,temporal_and_spatial,0.75,2.0,0.5,37,14,7,0.5,23,21,0.9130434782608695,0.7065217391304348,9,4,0.4444444444444444,7,7,1.0,3,2,False,0.4444444444444444
joint_heat_ridge_state_loco_lambda1_kg_temporal_and_spatial_margin0p75_windows3_maxmargin0p5,ridge_state_loco_lambda1,temporal_and_spatial,0.75,3.0,0.5,37,14,7,0.5,23,21,0.9130434782608695,0.7065217391304348,9,4,0.4444444444444444,7,7,1.0,3,2,False,0.4444444444444444
joint_heat_ridge_state_loco_lambda1_kg_temporal_and_spatial_margin0p75_windows3_maxmargin1p0,ridge_state_loco_lambda1,temporal_and_spatial,0.75,3.0,1.0,37,14,7,0.5,23,21,0.9130434782608695,0.7065217391304348,9,4,0.4444444444444444,7,7,1.0,3,2,False,0.4444444444444444
joint_heat_ridge_state_loco_lambda1_kg_temporal_and_spatial_margin1p0_windows2_maxmargin0p5,ridge_state_loco_lambda1,temporal_and_spatial,1.0,2.0,0.5,37,14,7,0.5,23,21,0.9130434782608695,0.7065217391304348,9,4,0.4444444444444444,7,7,1.0,3,2,False,0.4444444444444444
joint_heat_ridge_state_loco_lambda1_kg_temporal_and_spatial_margin1p0_windows3_maxmargin0p5,ridge_state_loco_lambda1,temporal_and_spatial,1.0,3.0,0.5,37,14,7,0.5,23,21,0.9130434782608695,0.7065217391304348,9,4,0.4444444444444444,7,7,1.0,3,2,False,0.4444444444444444
joint_heat_ridge_state_loco_lambda1_kg_temporal_and_spatial_margin1p0_windows3_maxmargin1p0,ridge_state_loco_lambda1,temporal_and_spatial,1.0,3.0,1.0,37,14,7,0.5,23,21,0.9130434782608695,0.7065217391304348,9,4,0.4444444444444444,7,7,1.0,3,2,False,0.4444444444444444
joint_heat_ridge_state_loco_lambda1_kg_temporal_and_spatial_margin1p25_windows2_maxmargin0p5,ridge_state_loco_lambda1,temporal_and_spatial,1.25,2.0,0.5,37,14,7,0.5,23,21,0.9130434782608695,0.7065217391304348,9,4,0.4444444444444444,7,7,1.0,3,2,False,0.4444444444444444
joint_heat_ridge_state_loco_lambda1_kg_temporal_and_spatial_margin1p25_windows3_maxmargin0p5,ridge_state_loco_lambda1,temporal_and_spatial,1.25,3.0,0.5,37,14,7,0.5,23,21,0.9130434782608695,0.7065217391304348,9,4,0.4444444444444444,7,7,1.0,3,2,False,0.4444444444444444
joint_heat_ridge_state_loco_lambda1_kg_temporal_and_spatial_margin1p25_windows3_maxmargin1p0,ridge_state_loco_lambda1,temporal_and_spatial,1.25,3.0,1.0,37,14,7,0.5,23,21,0.9130434782608695,0.7065217391304348,9,4,0.4444444444444444,7,7,1.0,3,2,False,0.4444444444444444
joint_heat_ridge_state_loco_lambda1_kg_temporal_or_spatial_margin0p75_windows3_maxmargin0p0,ridge_state_loco_lambda1,temporal_or_spatial,0.75,3.0,0.0,37,14,7,0.5,23,21,0.9130434782608695,0.7065217391304348,9,4,0.4444444444444444,7,7,1.0,3,3,False,0.4444444444444444
joint_heat_ridge_state_loco_lambda1_kg_temporal_or_spatial_margin0p75_windows3_maxmargin0p5,ridge_state_loco_lambda1,temporal_or_spatial,0.75,3.0,0.5,37,14,7,0.5,23,21,0.9130434782608695,0.7065217391304348,9,4,0.4444444444444444,7,7,1.0,3,3,False,0.4444444444444444
joint_heat_ridge_state_loco_lambda1_kg_temporal_or_spatial_margin1p0_windows3_maxmargin0p0,ridge_state_loco_lambda1,temporal_or_spatial,1.0,3.0,0.0,37,14,7,0.5,23,21,0.9130434782608695,0.7065217391304348,9,4,0.4444444444444444,7,7,1.0,3,3,False,0.4444444444444444
joint_heat_ridge_state_loco_lambda1_kg_temporal_or_spatial_margin1p0_windows3_maxmargin0p5,ridge_state_loco_lambda1,temporal_or_spatial,1.0,3.0,0.5,37,14,7,0.5,23,21,0.9130434782608695,0.7065217391304348,9,4,0.4444444444444444,7,7,1.0,3,3,False,0.4444444444444444
joint_heat_ridge_state_loco_lambda1_kg_temporal_or_spatial_margin1p25_windows3_maxmargin0p0,ridge_state_loco_lambda1,temporal_or_spatial,1.25,3.0,0.0,37,14,7,0.5,23,21,0.9130434782608695,0.7065217391304348,9,4,0.4444444444444444,7,7,1.0,3,3,False,0.4444444444444444
joint_heat_ridge_state_loco_lambda1_kg_temporal_or_spatial_margin1p25_windows3_maxmargin0p5,ridge_state_loco_lambda1,temporal_or_spatial,1.25,3.0,0.5,37,14,7,0.5,23,21,0.9130434782608695,0.7065217391304348,9,4,0.4444444444444444,7,7,1.0,3,3,False,0.4444444444444444
joint_heat_ridge_state_loco_lambda1_kg_spatial_hotspot_margin2p0_windows2_maxmargin0p5,ridge_state_loco_lambda1,spatial_hotspot,2.0,2.0,0.5,37,14,8,0.5714285714285714,23,19,0.8260869565217391,0.6987577639751552,9,4,0.4444444444444444,7,7,1.0,6,1,False,0.4444444444444444
joint_heat_ridge_state_loco_lambda1_kg_spatial_hotspot_margin2p0_windows3_maxmargin0p5,ridge_state_loco_lambda1,spatial_hotspot,2.0,3.0,0.5,37,14,8,0.5714285714285714,23,19,0.8260869565217391,0.6987577639751552,9,4,0.4444444444444444,7,7,1.0,6,1,False,0.4444444444444444
joint_heat_ridge_state_loco_lambda1_kg_spatial_hotspot_margin2p5_windows2_maxmargin0p5,ridge_state_loco_lambda1,spatial_hotspot,2.5,2.0,0.5,37,14,8,0.5714285714285714,23,19,0.8260869565217391,0.6987577639751552,9,4,0.4444444444444444,7,7,1.0,6,1,False,0.4444444444444444
joint_heat_ridge_state_loco_lambda1_kg_spatial_hotspot_margin2p5_windows3_maxmargin0p5,ridge_state_loco_lambda1,spatial_hotspot,2.5,3.0,0.5,37,14,8,0.5714285714285714,23,19,0.8260869565217391,0.6987577639751552,9,4,0.4444444444444444,7,7,1.0,6,1,False,0.4444444444444444
joint_heat_ridge_state_loco_lambda1_kg_temporal_and_spatial_margin2p5_windows2_maxmargin0p5,ridge_state_loco_lambda1,temporal_and_spatial,2.5,2.0,0.5,37,14,8,0.5714285714285714,23,19,0.8260869565217391,0.6987577639751552,9,4,0.4444444444444444,7,7,1.0,6,2,False,0.4444444444444444
joint_heat_blend050_pooled_loco_kg_spatial_hotspot_margin0p5_windows2_maxmargin0p5,blend050_pooled_loco,spatial_hotspot,0.5,2.0,0.5,37,14,7,0.5,23,20,0.8695652173913043,0.6847826086956521,9,4,0.4444444444444444,7,7,1.0,3,1,False,0.4444444444444444
joint_heat_blend050_pooled_loco_kg_spatial_hotspot_margin0p5_windows3_maxmargin0p5,blend050_pooled_loco,spatial_hotspot,0.5,3.0,0.5,37,14,7,0.5,23,20,0.8695652173913043,0.6847826086956521,9,4,0.4444444444444444,7,7,1.0,3,1,False,0.4444444444444444
joint_heat_blend050_pooled_loco_kg_spatial_hotspot_margin0p75_windows2_maxmargin0p5,blend050_pooled_loco,spatial_hotspot,0.75,2.0,0.5,37,14,7,0.5,23,20,0.8695652173913043,0.6847826086956521,9,4,0.4444444444444444,7,7,1.0,3,1,False,0.4444444444444444
joint_heat_blend050_pooled_loco_kg_spatial_hotspot_margin0p75_windows3_maxmargin0p5,blend050_pooled_loco,spatial_hotspot,0.75,3.0,0.5,37,14,7,0.5,23,20,0.8695652173913043,0.6847826086956521,9,4,0.4444444444444444,7,7,1.0,3,1,False,0.4444444444444444
joint_heat_blend075_pooled_loco_kg_spatial_hotspot_margin0p25_windows2_maxmargin0p5,blend075_pooled_loco,spatial_hotspot,0.25,2.0,0.5,37,14,7,0.5,23,20,0.8695652173913043,0.6847826086956521,9,4,0.4444444444444444,7,7,1.0,3,1,False,0.4444444444444444
joint_heat_blend075_pooled_loco_kg_spatial_hotspot_margin0p25_windows2_maxmargin1p0,blend075_pooled_loco,spatial_hotspot,0.25,2.0,1.0,37,14,7,0.5,23,20,0.8695652173913043,0.6847826086956521,9,4,0.4444444444444444,7,7,1.0,3,1,False,0.4444444444444444
joint_heat_blend075_pooled_loco_kg_spatial_hotspot_margin0p25_windows3_maxmargin0p5,blend075_pooled_loco,spatial_hotspot,0.25,3.0,0.5,37,14,7,0.5,23,20,0.8695652173913043,0.6847826086956521,9,4,0.4444444444444444,7,7,1.0,3,1,False,0.4444444444444444
joint_heat_blend075_pooled_loco_kg_spatial_hotspot_margin0p25_windows3_maxmargin1p0,blend075_pooled_loco,spatial_hotspot,0.25,3.0,1.0,37,14,7,0.5,23,20,0.8695652173913043,0.6847826086956521,9,4,0.4444444444444444,7,7,1.0,3,1,False,0.4444444444444444
joint_heat_blend075_pooled_loco_kg_temporal_near_threshold_margin0p25_windows2_maxmargin0p0,blend075_pooled_loco,temporal_near_threshold,0.25,2.0,0.0,37,14,7,0.5,23,20,0.8695652173913043,0.6847826086956521,9,4,0.4444444444444444,7,7,1.0,3,1,False,0.4444444444444444
joint_heat_blend075_pooled_loco_kg_temporal_near_threshold_margin0p25_windows2_maxmargin0p5,blend075_pooled_loco,temporal_near_threshold,0.25,2.0,0.5,37,14,7,0.5,23,20,0.8695652173913043,0.6847826086956521,9,4,0.4444444444444444,7,7,1.0,3,1,False,0.4444444444444444
joint_heat_blend075_pooled_loco_kg_temporal_near_threshold_margin0p25_windows2_maxmargin1p0,blend075_pooled_loco,temporal_near_threshold,0.25,2.0,1.0,37,14,7,0.5,23,20,0.8695652173913043,0.6847826086956521,9,4,0.4444444444444444,7,7,1.0,3,1,False,0.4444444444444444
joint_heat_blend075_pooled_loco_kg_temporal_near_threshold_margin0p25_windows3_maxmargin0p0,blend075_pooled_loco,temporal_near_threshold,0.25,3.0,0.0,37,14,7,0.5,23,20,0.8695652173913043,0.6847826086956521,9,4,0.4444444444444444,7,7,1.0,3,1,False,0.4444444444444444
joint_heat_blend075_pooled_loco_kg_temporal_near_threshold_margin0p25_windows3_maxmargin0p5,blend075_pooled_loco,temporal_near_threshold,0.25,3.0,0.5,37,14,7,0.5,23,20,0.8695652173913043,0.6847826086956521,9,4,0.4444444444444444,7,7,1.0,3,1,False,0.4444444444444444
joint_heat_blend075_pooled_loco_kg_temporal_near_threshold_margin0p25_windows3_maxmargin1p0,blend075_pooled_loco,temporal_near_threshold,0.25,3.0,1.0,37,14,7,0.5,23,20,0.8695652173913043,0.6847826086956521,9,4,0.4444444444444444,7,7,1.0,3,1,False,0.4444444444444444
joint_heat_blend075_pooled_loco_kg_temporal_near_threshold_margin0p5_windows3_maxmargin0p0,blend075_pooled_loco,temporal_near_threshold,0.5,3.0,0.0,37,14,7,0.5,23,20,0.8695652173913043,0.6847826086956521,9,4,0.4444444444444444,7,7,1.0,3,1,False,0.4444444444444444
joint_heat_blend075_pooled_loco_kg_temporal_near_threshold_margin0p5_windows3_maxmargin0p5,blend075_pooled_loco,temporal_near_threshold,0.5,3.0,0.5,37,14,7,0.5,23,20,0.8695652173913043,0.6847826086956521,9,4,0.4444444444444444,7,7,1.0,3,1,False,0.4444444444444444
joint_heat_blend075_pooled_loco_kg_temporal_near_threshold_margin0p5_windows3_maxmargin1p0,blend075_pooled_loco,temporal_near_threshold,0.5,3.0,1.0,37,14,7,0.5,23,20,0.8695652173913043,0.6847826086956521,9,4,0.4444444444444444,7,7,1.0,3,1,False,0.4444444444444444
joint_heat_blend050_pooled_loco_kg_temporal_and_spatial_margin2p0_windows2_maxmargin0p5,blend050_pooled_loco,temporal_and_spatial,2.0,2.0,0.5,37,14,7,0.5,23,20,0.8695652173913043,0.6847826086956521,9,4,0.4444444444444444,7,7,1.0,3,2,False,0.4444444444444444
joint_heat_blend075_pooled_loco_kg_temporal_and_spatial_margin0p25_windows2_maxmargin0p5,blend075_pooled_loco,temporal_and_spatial,0.25,2.0,0.5,37,14,7,0.5,23,20,0.8695652173913043,0.6847826086956521,9,4,0.4444444444444444,7,7,1.0,3,2,False,0.4444444444444444
joint_heat_blend075_pooled_loco_kg_temporal_and_spatial_margin0p25_windows2_maxmargin1p0,blend075_pooled_loco,temporal_and_spatial,0.25,2.0,1.0,37,14,7,0.5,23,20,0.8695652173913043,0.6847826086956521,9,4,0.4444444444444444,7,7,1.0,3,2,False,0.4444444444444444
joint_heat_blend075_pooled_loco_kg_temporal_and_spatial_margin0p25_windows3_maxmargin0p5,blend075_pooled_loco,temporal_and_spatial,0.25,3.0,0.5,37,14,7,0.5,23,20,0.8695652173913043,0.6847826086956521,9,4,0.4444444444444444,7,7,1.0,3,2,False,0.4444444444444444
joint_heat_blend075_pooled_loco_kg_temporal_and_spatial_margin0p25_windows3_maxmargin1p0,blend075_pooled_loco,temporal_and_spatial,0.25,3.0,1.0,37,14,7,0.5,23,20,0.8695652173913043,0.6847826086956521,9,4,0.4444444444444444,7,7,1.0,3,2,False,0.4444444444444444
joint_heat_blend075_pooled_loco_kg_temporal_and_spatial_margin0p5_windows2_maxmargin0p5,blend075_pooled_loco,temporal_and_spatial,0.5,2.0,0.5,37,14,7,0.5,23,20,0.8695652173913043,0.6847826086956521,9,4,0.4444444444444444,7,7,1.0,3,2,False,0.4444444444444444
joint_heat_blend075_pooled_loco_kg_temporal_and_spatial_margin0p5_windows3_maxmargin0p5,blend075_pooled_loco,temporal_and_spatial,0.5,3.0,0.5,37,14,7,0.5,23,20,0.8695652173913043,0.6847826086956521,9,4,0.4444444444444444,7,7,1.0,3,2,False,0.4444444444444444
joint_heat_blend075_pooled_loco_kg_temporal_and_spatial_margin0p5_windows3_maxmargin1p0,blend075_pooled_loco,temporal_and_spatial,0.5,3.0,1.0,37,14,7,0.5,23,20,0.8695652173913043,0.6847826086956521,9,4,0.4444444444444444,7,7,1.0,3,2,False,0.4444444444444444
joint_heat_blend075_pooled_loco_kg_temporal_and_spatial_margin0p75_windows2_maxmargin0p5,blend075_pooled_loco,temporal_and_spatial,0.75,2.0,0.5,37,14,7,0.5,23,20,0.8695652173913043,0.6847826086956521,9,4,0.4444444444444444,7,7,1.0,3,2,False,0.4444444444444444
joint_heat_blend075_pooled_loco_kg_temporal_and_spatial_margin0p75_windows3_maxmargin0p5,blend075_pooled_loco,temporal_and_spatial,0.75,3.0,0.5,37,14,7,0.5,23,20,0.8695652173913043,0.6847826086956521,9,4,0.4444444444444444,7,7,1.0,3,2,False,0.4444444444444444
joint_heat_blend075_pooled_loco_kg_temporal_and_spatial_margin1p0_windows2_maxmargin0p5,blend075_pooled_loco,temporal_and_spatial,1.0,2.0,0.5,37,14,7,0.5,23,20,0.8695652173913043,0.6847826086956521,9,4,0.4444444444444444,7,7,1.0,3,2,False,0.4444444444444444
joint_heat_blend075_pooled_loco_kg_temporal_and_spatial_margin1p0_windows3_maxmargin0p5,blend075_pooled_loco,temporal_and_spatial,1.0,3.0,0.5,37,14,7,0.5,23,20,0.8695652173913043,0.6847826086956521,9,4,0.4444444444444444,7,7,1.0,3,2,False,0.4444444444444444
joint_heat_blend075_pooled_loco_kg_temporal_and_spatial_margin1p25_windows2_maxmargin0p5,blend075_pooled_loco,temporal_and_spatial,1.25,2.0,0.5,37,14,7,0.5,23,20,0.8695652173913043,0.6847826086956521,9,4,0.4444444444444444,7,7,1.0,3,2,False,0.4444444444444444
joint_heat_blend075_pooled_loco_kg_temporal_and_spatial_margin1p25_windows3_maxmargin0p5,blend075_pooled_loco,temporal_and_spatial,1.25,3.0,0.5,37,14,7,0.5,23,20,0.8695652173913043,0.6847826086956521,9,4,0.4444444444444444,7,7,1.0,3,2,False,0.4444444444444444
joint_heat_blend075_pooled_loco_kg_temporal_and_spatial_margin1p5_windows2_maxmargin0p5,blend075_pooled_loco,temporal_and_spatial,1.5,2.0,0.5,37,14,7,0.5,23,20,0.8695652173913043,0.6847826086956521,9,4,0.4444444444444444,7,7,1.0,3,2,False,0.4444444444444444
joint_heat_blend075_pooled_loco_kg_temporal_and_spatial_margin1p5_windows3_maxmargin0p5,blend075_pooled_loco,temporal_and_spatial,1.5,3.0,0.5,37,14,7,0.5,23,20,0.8695652173913043,0.6847826086956521,9,4,0.4444444444444444,7,7,1.0,3,2,False,0.4444444444444444
joint_heat_blend075_pooled_loco_kg_temporal_and_spatial_margin2p0_windows2_maxmargin0p5,blend075_pooled_loco,temporal_and_spatial,2.0,2.0,0.5,37,14,7,0.5,23,20,0.8695652173913043,0.6847826086956521,9,4,0.4444444444444444,7,7,1.0,3,2,False,0.4444444444444444
joint_heat_blend075_pooled_loco_kg_temporal_and_spatial_margin2p0_windows3_maxmargin0p5,blend075_pooled_loco,temporal_and_spatial,2.0,3.0,0.5,37,14,7,0.5,23,20,0.8695652173913043,0.6847826086956521,9,4,0.4444444444444444,7,7,1.0,3,2,False,0.4444444444444444
joint_heat_blend075_pooled_loco_kg_temporal_and_spatial_margin2p5_windows3_maxmargin0p5,blend075_pooled_loco,temporal_and_spatial,2.5,3.0,0.5,37,14,7,0.5,23,20,0.8695652173913043,0.6847826086956521,9,4,0.4444444444444444,7,7,1.0,3,2,False,0.4444444444444444
joint_heat_blend050_pooled_loco_kg_temporal_or_spatial_margin0p5_windows3_maxmargin0p0,blend050_pooled_loco,temporal_or_spatial,0.5,3.0,0.0,37,14,7,0.5,23,20,0.8695652173913043,0.6847826086956521,9,4,0.4444444444444444,7,7,1.0,3,3,False,0.4444444444444444
joint_heat_blend050_pooled_loco_kg_temporal_or_spatial_margin0p5_windows3_maxmargin0p5,blend050_pooled_loco,temporal_or_spatial,0.5,3.0,0.5,37,14,7,0.5,23,20,0.8695652173913043,0.6847826086956521,9,4,0.4444444444444444,7,7,1.0,3,3,False,0.4444444444444444
joint_heat_blend075_pooled_loco_kg_temporal_or_spatial_margin0p25_windows2_maxmargin0p0,blend075_pooled_loco,temporal_or_spatial,0.25,2.0,0.0,37,14,7,0.5,23,20,0.8695652173913043,0.6847826086956521,9,4,0.4444444444444444,7,7,1.0,3,3,False,0.4444444444444444
joint_heat_blend075_pooled_loco_kg_temporal_or_spatial_margin0p25_windows2_maxmargin0p5,blend075_pooled_loco,temporal_or_spatial,0.25,2.0,0.5,37,14,7,0.5,23,20,0.8695652173913043,0.6847826086956521,9,4,0.4444444444444444,7,7,1.0,3,3,False,0.4444444444444444
joint_heat_blend075_pooled_loco_kg_temporal_or_spatial_margin0p25_windows2_maxmargin1p0,blend075_pooled_loco,temporal_or_spatial,0.25,2.0,1.0,37,14,7,0.5,23,20,0.8695652173913043,0.6847826086956521,9,4,0.4444444444444444,7,7,1.0,3,3,False,0.4444444444444444
joint_heat_blend075_pooled_loco_kg_temporal_or_spatial_margin0p25_windows3_maxmargin0p0,blend075_pooled_loco,temporal_or_spatial,0.25,3.0,0.0,37,14,7,0.5,23,20,0.8695652173913043,0.6847826086956521,9,4,0.4444444444444444,7,7,1.0,3,3,False,0.4444444444444444
joint_heat_blend075_pooled_loco_kg_temporal_or_spatial_margin0p25_windows3_maxmargin0p5,blend075_pooled_loco,temporal_or_spatial,0.25,3.0,0.5,37,14,7,0.5,23,20,0.8695652173913043,0.6847826086956521,9,4,0.4444444444444444,7,7,1.0,3,3,False,0.4444444444444444
joint_heat_blend075_pooled_loco_kg_temporal_or_spatial_margin0p25_windows3_maxmargin1p0,blend075_pooled_loco,temporal_or_spatial,0.25,3.0,1.0,37,14,7,0.5,23,20,0.8695652173913043,0.6847826086956521,9,4,0.4444444444444444,7,7,1.0,3,3,False,0.4444444444444444
joint_heat_ridge_state_loco_lambda1_kg_temporal_and_spatial_margin1p5_windows2_maxmargin0p5,ridge_state_loco_lambda1,temporal_and_spatial,1.5,2.0,0.5,37,14,7,0.5,23,20,0.8695652173913043,0.6847826086956521,9,4,0.4444444444444444,7,7,1.0,4,2,False,0.4444444444444444
joint_heat_ridge_state_loco_lambda1_kg_temporal_and_spatial_margin1p5_windows3_maxmargin0p5,ridge_state_loco_lambda1,temporal_and_spatial,1.5,3.0,0.5,37,14,7,0.5,23,20,0.8695652173913043,0.6847826086956521,9,4,0.4444444444444444,7,7,1.0,4,2,False,0.4444444444444444
joint_heat_ridge_state_loco_lambda1_kg_temporal_and_spatial_margin2p0_windows3_maxmargin0p5,ridge_state_loco_lambda1,temporal_and_spatial,2.0,3.0,0.5,37,14,7,0.5,23,20,0.8695652173913043,0.6847826086956521,9,4,0.4444444444444444,7,7,1.0,4,2,False,0.4444444444444444
joint_heat_ridge_state_loco_lambda100_kg_spatial_hotspot_margin1p5_windows2_maxmargin0p5,ridge_state_loco_lambda100,spatial_hotspot,1.5,2.0,0.5,37,14,7,0.5,23,20,0.8695652173913043,0.6847826086956521,9,4,0.4444444444444444,7,7,1.0,5,1,False,0.4444444444444444
joint_heat_ridge_state_loco_lambda100_kg_spatial_hotspot_margin1p5_windows3_maxmargin0p5,ridge_state_loco_lambda100,spatial_hotspot,1.5,3.0,0.5,37,14,7,0.5,23,20,0.8695652173913043,0.6847826086956521,9,4,0.4444444444444444,7,7,1.0,5,1,False,0.4444444444444444
joint_heat_ridge_state_loco_lambda100_kg_spatial_hotspot_margin2p0_windows2_maxmargin0p5,ridge_state_loco_lambda100,spatial_hotspot,2.0,2.0,0.5,37,14,7,0.5,23,20,0.8695652173913043,0.6847826086956521,9,4,0.4444444444444444,7,7,1.0,5,1,False,0.4444444444444444
joint_heat_ridge_state_loco_lambda100_kg_spatial_hotspot_margin2p0_windows3_maxmargin0p5,ridge_state_loco_lambda100,spatial_hotspot,2.0,3.0,0.5,37,14,7,0.5,23,20,0.8695652173913043,0.6847826086956521,9,4,0.4444444444444444,7,7,1.0,5,1,False,0.4444444444444444
joint_heat_ridge_state_loco_lambda100_kg_temporal_and_spatial_margin2p0_windows2_maxmargin0p5,ridge_state_loco_lambda100,temporal_and_spatial,2.0,2.0,0.5,37,14,7,0.5,23,20,0.8695652173913043,0.6847826086956521,9,4,0.4444444444444444,7,7,1.0,5,2,False,0.4444444444444444
joint_heat_ridge_state_loco_lambda100_kg_temporal_and_spatial_margin2p5_windows2_maxmargin0p5,ridge_state_loco_lambda100,temporal_and_spatial,2.5,2.0,0.5,37,14,7,0.5,23,20,0.8695652173913043,0.6847826086956521,9,4,0.4444444444444444,7,7,1.0,5,2,False,0.4444444444444444
joint_heat_ridge_state_loco_lambda10_kg_spatial_hotspot_margin1p25_windows2_maxmargin0p5,ridge_state_loco_lambda10,spatial_hotspot,1.25,2.0,0.5,37,14,7,0.5,23,20,0.8695652173913043,0.6847826086956521,9,4,0.4444444444444444,7,7,1.0,7,1,False,0.4444444444444444
joint_heat_ridge_state_loco_lambda10_kg_spatial_hotspot_margin1p25_windows3_maxmargin0p5,ridge_state_loco_lambda10,spatial_hotspot,1.25,3.0,0.5,37,14,7,0.5,23,20,0.8695652173913043,0.6847826086956521,9,4,0.4444444444444444,7,7,1.0,7,1,False,0.4444444444444444
joint_heat_ridge_state_loco_lambda10_kg_spatial_hotspot_margin1p5_windows2_maxmargin0p5,ridge_state_loco_lambda10,spatial_hotspot,1.5,2.0,0.5,37,14,7,0.5,23,20,0.8695652173913043,0.6847826086956521,9,4,0.4444444444444444,7,7,1.0,7,1,False,0.4444444444444444
joint_heat_ridge_state_loco_lambda10_kg_spatial_hotspot_margin1p5_windows3_maxmargin0p5,ridge_state_loco_lambda10,spatial_hotspot,1.5,3.0,0.5,37,14,7,0.5,23,20,0.8695652173913043,0.6847826086956521,9,4,0.4444444444444444,7,7,1.0,7,1,False,0.4444444444444444
joint_heat_ridge_state_loco_lambda10_kg_spatial_hotspot_margin2p0_windows2_maxmargin0p5,ridge_state_loco_lambda10,spatial_hotspot,2.0,2.0,0.5,37,14,7,0.5,23,20,0.8695652173913043,0.6847826086956521,9,4,0.4444444444444444,7,7,1.0,7,1,False,0.4444444444444444
joint_heat_ridge_state_loco_lambda10_kg_spatial_hotspot_margin2p0_windows3_maxmargin0p5,ridge_state_loco_lambda10,spatial_hotspot,2.0,3.0,0.5,37,14,7,0.5,23,20,0.8695652173913043,0.6847826086956521,9,4,0.4444444444444444,7,7,1.0,7,1,False,0.4444444444444444
joint_heat_ridge_state_loco_lambda10_kg_temporal_and_spatial_margin2p0_windows2_maxmargin0p5,ridge_state_loco_lambda10,temporal_and_spatial,2.0,2.0,0.5,37,14,7,0.5,23,20,0.8695652173913043,0.6847826086956521,9,4,0.4444444444444444,7,7,1.0,7,2,False,0.4444444444444444
joint_heat_raw_spatial_p95_kg_spatial_hotspot_margin2p5_windows2_maxmargin0p5,raw_spatial_p95,spatial_hotspot,2.5,2.0,0.5,37,14,7,0.5,23,20,0.8695652173913043,0.6847826086956521,9,4,0.4444444444444444,7,7,1.0,9,1,False,0.4444444444444444
joint_heat_raw_spatial_p95_kg_spatial_hotspot_margin2p5_windows3_maxmargin0p5,raw_spatial_p95,spatial_hotspot,2.5,3.0,0.5,37,14,7,0.5,23,20,0.8695652173913043,0.6847826086956521,9,4,0.4444444444444444,7,7,1.0,9,1,False,0.4444444444444444
joint_heat_region_median_loco_kg_spatial_hotspot_margin2p0_windows2_maxmargin0p0,region_median_loco,spatial_hotspot,2.0,2.0,0.0,37,14,8,0.5714285714285714,23,18,0.782608695652174,0.6770186335403727,9,4,0.4444444444444444,7,6,0.8571428571428571,2,1,False,0.4444444444444444
joint_heat_region_median_loco_kg_spatial_hotspot_margin2p0_windows3_maxmargin0p0,region_median_loco,spatial_hotspot,2.0,3.0,0.0,37,14,8,0.5714285714285714,23,18,0.782608695652174,0.6770186335403727,9,4,0.4444444444444444,7,6,0.8571428571428571,2,1,False,0.4444444444444444
joint_heat_region_median_loco_kg_spatial_hotspot_margin2p5_windows2_maxmargin0p0,region_median_loco,spatial_hotspot,2.5,2.0,0.0,37,14,8,0.5714285714285714,23,18,0.782608695652174,0.6770186335403727,9,4,0.4444444444444444,7,6,0.8571428571428571,2,1,False,0.4444444444444444
joint_heat_region_median_loco_kg_spatial_hotspot_margin2p5_windows3_maxmargin0p0,region_median_loco,spatial_hotspot,2.5,3.0,0.0,37,14,8,0.5714285714285714,23,18,0.782608695652174,0.6770186335403727,9,4,0.4444444444444444,7,6,0.8571428571428571,2,1,False,0.4444444444444444
joint_heat_maximum_pooled_loco_kg_spatial_hotspot_margin0p5_windows2_maxmargin0p5,maximum_pooled_loco,spatial_hotspot,0.5,2.0,0.5,37,14,7,0.5,23,19,0.8260869565217391,0.6630434782608696,9,4,0.4444444444444444,7,7,1.0,3,1,False,0.4444444444444444
joint_heat_maximum_pooled_loco_kg_spatial_hotspot_margin0p5_windows3_maxmargin0p5,maximum_pooled_loco,spatial_hotspot,0.5,3.0,0.5,37,14,7,0.5,23,19,0.8260869565217391,0.6630434782608696,9,4,0.4444444444444444,7,7,1.0,3,1,False,0.4444444444444444
joint_heat_maximum_pooled_loco_kg_spatial_hotspot_margin0p75_windows2_maxmargin0p5,maximum_pooled_loco,spatial_hotspot,0.75,2.0,0.5,37,14,7,0.5,23,19,0.8260869565217391,0.6630434782608696,9,4,0.4444444444444444,7,7,1.0,3,1,False,0.4444444444444444
joint_heat_maximum_pooled_loco_kg_spatial_hotspot_margin0p75_windows3_maxmargin0p5,maximum_pooled_loco,spatial_hotspot,0.75,3.0,0.5,37,14,7,0.5,23,19,0.8260869565217391,0.6630434782608696,9,4,0.4444444444444444,7,7,1.0,3,1,False,0.4444444444444444
joint_heat_maximum_pooled_loco_kg_spatial_hotspot_margin1p0_windows2_maxmargin0p5,maximum_pooled_loco,spatial_hotspot,1.0,2.0,0.5,37,14,7,0.5,23,19,0.8260869565217391,0.6630434782608696,9,4,0.4444444444444444,7,7,1.0,3,1,False,0.4444444444444444
joint_heat_maximum_pooled_loco_kg_spatial_hotspot_margin1p0_windows3_maxmargin0p5,maximum_pooled_loco,spatial_hotspot,1.0,3.0,0.5,37,14,7,0.5,23,19,0.8260869565217391,0.6630434782608696,9,4,0.4444444444444444,7,7,1.0,3,1,False,0.4444444444444444
joint_heat_maximum_pooled_loco_kg_spatial_hotspot_margin1p25_windows2_maxmargin0p5,maximum_pooled_loco,spatial_hotspot,1.25,2.0,0.5,37,14,7,0.5,23,19,0.8260869565217391,0.6630434782608696,9,4,0.4444444444444444,7,7,1.0,3,1,False,0.4444444444444444
joint_heat_maximum_pooled_loco_kg_spatial_hotspot_margin1p25_windows3_maxmargin0p5,maximum_pooled_loco,spatial_hotspot,1.25,3.0,0.5,37,14,7,0.5,23,19,0.8260869565217391,0.6630434782608696,9,4,0.4444444444444444,7,7,1.0,3,1,False,0.4444444444444444
joint_heat_maximum_pooled_loco_kg_spatial_hotspot_margin1p5_windows2_maxmargin0p5,maximum_pooled_loco,spatial_hotspot,1.5,2.0,0.5,37,14,7,0.5,23,19,0.8260869565217391,0.6630434782608696,9,4,0.4444444444444444,7,7,1.0,3,1,False,0.4444444444444444
joint_heat_maximum_pooled_loco_kg_spatial_hotspot_margin1p5_windows3_maxmargin0p5,maximum_pooled_loco,spatial_hotspot,1.5,3.0,0.5,37,14,7,0.5,23,19,0.8260869565217391,0.6630434782608696,9,4,0.4444444444444444,7,7,1.0,3,1,False,0.4444444444444444
joint_heat_maximum_pooled_loco_kg_spatial_hotspot_margin2p0_windows2_maxmargin0p5,maximum_pooled_loco,spatial_hotspot,2.0,2.0,0.5,37,14,7,0.5,23,19,0.8260869565217391,0.6630434782608696,9,4,0.4444444444444444,7,7,1.0,3,1,False,0.4444444444444444
joint_heat_maximum_pooled_loco_kg_spatial_hotspot_margin2p0_windows3_maxmargin0p5,maximum_pooled_loco,spatial_hotspot,2.0,3.0,0.5,37,14,7,0.5,23,19,0.8260869565217391,0.6630434782608696,9,4,0.4444444444444444,7,7,1.0,3,1,False,0.4444444444444444
joint_heat_maximum_pooled_loco_kg_spatial_hotspot_margin2p5_windows2_maxmargin0p5,maximum_pooled_loco,spatial_hotspot,2.5,2.0,0.5,37,14,7,0.5,23,19,0.8260869565217391,0.6630434782608696,9,4,0.4444444444444444,7,7,1.0,3,1,False,0.4444444444444444
joint_heat_maximum_pooled_loco_kg_spatial_hotspot_margin2p5_windows3_maxmargin0p5,maximum_pooled_loco,spatial_hotspot,2.5,3.0,0.5,37,14,7,0.5,23,19,0.8260869565217391,0.6630434782608696,9,4,0.4444444444444444,7,7,1.0,3,1,False,0.4444444444444444
joint_heat_maximum_pooled_loco_kg_temporal_near_threshold_margin0p5_windows2_maxmargin0p0,maximum_pooled_loco,temporal_near_threshold,0.5,2.0,0.0,37,14,7,0.5,23,19,0.8260869565217391,0.6630434782608696,9,4,0.4444444444444444,7,7,1.0,3,1,False,0.4444444444444444
joint_heat_maximum_pooled_loco_kg_temporal_near_threshold_margin0p5_windows2_maxmargin0p5,maximum_pooled_loco,temporal_near_threshold,0.5,2.0,0.5,37,14,7,0.5,23,19,0.8260869565217391,0.6630434782608696,9,4,0.4444444444444444,7,7,1.0,3,1,False,0.4444444444444444
joint_heat_maximum_pooled_loco_kg_temporal_near_threshold_margin0p5_windows2_maxmargin1p0,maximum_pooled_loco,temporal_near_threshold,0.5,2.0,1.0,37,14,7,0.5,23,19,0.8260869565217391,0.6630434782608696,9,4,0.4444444444444444,7,7,1.0,3,1,False,0.4444444444444444
joint_heat_maximum_pooled_loco_kg_temporal_near_threshold_margin0p5_windows3_maxmargin0p0,maximum_pooled_loco,temporal_near_threshold,0.5,3.0,0.0,37,14,7,0.5,23,19,0.8260869565217391,0.6630434782608696,9,4,0.4444444444444444,7,7,1.0,3,1,False,0.4444444444444444
joint_heat_maximum_pooled_loco_kg_temporal_near_threshold_margin0p5_windows3_maxmargin0p5,maximum_pooled_loco,temporal_near_threshold,0.5,3.0,0.5,37,14,7,0.5,23,19,0.8260869565217391,0.6630434782608696,9,4,0.4444444444444444,7,7,1.0,3,1,False,0.4444444444444444
joint_heat_maximum_pooled_loco_kg_temporal_near_threshold_margin0p5_windows3_maxmargin1p0,maximum_pooled_loco,temporal_near_threshold,0.5,3.0,1.0,37,14,7,0.5,23,19,0.8260869565217391,0.6630434782608696,9,4,0.4444444444444444,7,7,1.0,3,1,False,0.4444444444444444
joint_heat_maximum_pooled_loco_kg_temporal_and_spatial_margin0p5_windows2_maxmargin0p5,maximum_pooled_loco,temporal_and_spatial,0.5,2.0,0.5,37,14,7,0.5,23,19,0.8260869565217391,0.6630434782608696,9,4,0.4444444444444444,7,7,1.0,3,2,False,0.4444444444444444
joint_heat_maximum_pooled_loco_kg_temporal_and_spatial_margin0p5_windows2_maxmargin1p0,maximum_pooled_loco,temporal_and_spatial,0.5,2.0,1.0,37,14,7,0.5,23,19,0.8260869565217391,0.6630434782608696,9,4,0.4444444444444444,7,7,1.0,3,2,False,0.4444444444444444
joint_heat_maximum_pooled_loco_kg_temporal_and_spatial_margin0p5_windows3_maxmargin0p5,maximum_pooled_loco,temporal_and_spatial,0.5,3.0,0.5,37,14,7,0.5,23,19,0.8260869565217391,0.6630434782608696,9,4,0.4444444444444444,7,7,1.0,3,2,False,0.4444444444444444
joint_heat_maximum_pooled_loco_kg_temporal_and_spatial_margin0p5_windows3_maxmargin1p0,maximum_pooled_loco,temporal_and_spatial,0.5,3.0,1.0,37,14,7,0.5,23,19,0.8260869565217391,0.6630434782608696,9,4,0.4444444444444444,7,7,1.0,3,2,False,0.4444444444444444
joint_heat_maximum_pooled_loco_kg_temporal_and_spatial_margin0p75_windows2_maxmargin0p5,maximum_pooled_loco,temporal_and_spatial,0.75,2.0,0.5,37,14,7,0.5,23,19,0.8260869565217391,0.6630434782608696,9,4,0.4444444444444444,7,7,1.0,3,2,False,0.4444444444444444
joint_heat_maximum_pooled_loco_kg_temporal_and_spatial_margin0p75_windows3_maxmargin0p5,maximum_pooled_loco,temporal_and_spatial,0.75,3.0,0.5,37,14,7,0.5,23,19,0.8260869565217391,0.6630434782608696,9,4,0.4444444444444444,7,7,1.0,3,2,False,0.4444444444444444
joint_heat_maximum_pooled_loco_kg_temporal_and_spatial_margin1p0_windows2_maxmargin0p5,maximum_pooled_loco,temporal_and_spatial,1.0,2.0,0.5,37,14,7,0.5,23,19,0.8260869565217391,0.6630434782608696,9,4,0.4444444444444444,7,7,1.0,3,2,False,0.4444444444444444
joint_heat_maximum_pooled_loco_kg_temporal_and_spatial_margin1p0_windows3_maxmargin0p5,maximum_pooled_loco,temporal_and_spatial,1.0,3.0,0.5,37,14,7,0.5,23,19,0.8260869565217391,0.6630434782608696,9,4,0.4444444444444444,7,7,1.0,3,2,False,0.4444444444444444
joint_heat_maximum_pooled_loco_kg_temporal_and_spatial_margin1p25_windows2_maxmargin0p5,maximum_pooled_loco,temporal_and_spatial,1.25,2.0,0.5,37,14,7,0.5,23,19,0.8260869565217391,0.6630434782608696,9,4,0.4444444444444444,7,7,1.0,3,2,False,0.4444444444444444
joint_heat_maximum_pooled_loco_kg_temporal_and_spatial_margin1p25_windows3_maxmargin0p5,maximum_pooled_loco,temporal_and_spatial,1.25,3.0,0.5,37,14,7,0.5,23,19,0.8260869565217391,0.6630434782608696,9,4,0.4444444444444444,7,7,1.0,3,2,False,0.4444444444444444
joint_heat_maximum_pooled_loco_kg_temporal_and_spatial_margin1p5_windows2_maxmargin0p5,maximum_pooled_loco,temporal_and_spatial,1.5,2.0,0.5,37,14,7,0.5,23,19,0.8260869565217391,0.6630434782608696,9,4,0.4444444444444444,7,7,1.0,3,2,False,0.4444444444444444
joint_heat_maximum_pooled_loco_kg_temporal_and_spatial_margin1p5_windows3_maxmargin0p5,maximum_pooled_loco,temporal_and_spatial,1.5,3.0,0.5,37,14,7,0.5,23,19,0.8260869565217391,0.6630434782608696,9,4,0.4444444444444444,7,7,1.0,3,2,False,0.4444444444444444
joint_heat_maximum_pooled_loco_kg_temporal_and_spatial_margin2p0_windows2_maxmargin0p5,maximum_pooled_loco,temporal_and_spatial,2.0,2.0,0.5,37,14,7,0.5,23,19,0.8260869565217391,0.6630434782608696,9,4,0.4444444444444444,7,7,1.0,3,2,False,0.4444444444444444
joint_heat_maximum_pooled_loco_kg_temporal_and_spatial_margin2p0_windows3_maxmargin0p5,maximum_pooled_loco,temporal_and_spatial,2.0,3.0,0.5,37,14,7,0.5,23,19,0.8260869565217391,0.6630434782608696,9,4,0.4444444444444444,7,7,1.0,3,2,False,0.4444444444444444
joint_heat_maximum_pooled_loco_kg_temporal_and_spatial_margin2p5_windows2_maxmargin0p5,maximum_pooled_loco,temporal_and_spatial,2.5,2.0,0.5,37,14,7,0.5,23,19,0.8260869565217391,0.6630434782608696,9,4,0.4444444444444444,7,7,1.0,3,2,False,0.4444444444444444
joint_heat_maximum_pooled_loco_kg_temporal_and_spatial_margin2p5_windows3_maxmargin0p5,maximum_pooled_loco,temporal_and_spatial,2.5,3.0,0.5,37,14,7,0.5,23,19,0.8260869565217391,0.6630434782608696,9,4,0.4444444444444444,7,7,1.0,3,2,False,0.4444444444444444
joint_heat_maximum_pooled_loco_kg_temporal_or_spatial_margin0p5_windows2_maxmargin0p0,maximum_pooled_loco,temporal_or_spatial,0.5,2.0,0.0,37,14,7,0.5,23,19,0.8260869565217391,0.6630434782608696,9,4,0.4444444444444444,7,7,1.0,3,3,False,0.4444444444444444
joint_heat_maximum_pooled_loco_kg_temporal_or_spatial_margin0p5_windows2_maxmargin0p5,maximum_pooled_loco,temporal_or_spatial,0.5,2.0,0.5,37,14,7,0.5,23,19,0.8260869565217391,0.6630434782608696,9,4,0.4444444444444444,7,7,1.0,3,3,False,0.4444444444444444
joint_heat_maximum_pooled_loco_kg_temporal_or_spatial_margin0p5_windows3_maxmargin0p0,maximum_pooled_loco,temporal_or_spatial,0.5,3.0,0.0,37,14,7,0.5,23,19,0.8260869565217391,0.6630434782608696,9,4,0.4444444444444444,7,7,1.0,3,3,False,0.4444444444444444
joint_heat_maximum_pooled_loco_kg_temporal_or_spatial_margin0p5_windows3_maxmargin0p5,maximum_pooled_loco,temporal_or_spatial,0.5,3.0,0.5,37,14,7,0.5,23,19,0.8260869565217391,0.6630434782608696,9,4,0.4444444444444444,7,7,1.0,3,3,False,0.4444444444444444
joint_heat_blend050_pooled_loco_kg_spatial_hotspot_margin1p0_windows2_maxmargin0p5,blend050_pooled_loco,spatial_hotspot,1.0,2.0,0.5,37,14,7,0.5,23,19,0.8260869565217391,0.6630434782608696,9,4,0.4444444444444444,7,7,1.0,4,1,False,0.4444444444444444
joint_heat_blend050_pooled_loco_kg_spatial_hotspot_margin1p0_windows3_maxmargin0p5,blend050_pooled_loco,spatial_hotspot,1.0,3.0,0.5,37,14,7,0.5,23,19,0.8260869565217391,0.6630434782608696,9,4,0.4444444444444444,7,7,1.0,4,1,False,0.4444444444444444
joint_heat_blend050_pooled_loco_kg_spatial_hotspot_margin1p25_windows2_maxmargin0p5,blend050_pooled_loco,spatial_hotspot,1.25,2.0,0.5,37,14,7,0.5,23,19,0.8260869565217391,0.6630434782608696,9,4,0.4444444444444444,7,7,1.0,4,1,False,0.4444444444444444
joint_heat_blend050_pooled_loco_kg_spatial_hotspot_margin1p25_windows3_maxmargin0p5,blend050_pooled_loco,spatial_hotspot,1.25,3.0,0.5,37,14,7,0.5,23,19,0.8260869565217391,0.6630434782608696,9,4,0.4444444444444444,7,7,1.0,4,1,False,0.4444444444444444
joint_heat_blend050_pooled_loco_kg_spatial_hotspot_margin1p5_windows2_maxmargin0p5,blend050_pooled_loco,spatial_hotspot,1.5,2.0,0.5,37,14,7,0.5,23,19,0.8260869565217391,0.6630434782608696,9,4,0.4444444444444444,7,7,1.0,4,1,False,0.4444444444444444
joint_heat_blend050_pooled_loco_kg_spatial_hotspot_margin1p5_windows3_maxmargin0p5,blend050_pooled_loco,spatial_hotspot,1.5,3.0,0.5,37,14,7,0.5,23,19,0.8260869565217391,0.6630434782608696,9,4,0.4444444444444444,7,7,1.0,4,1,False,0.4444444444444444
joint_heat_blend050_pooled_loco_kg_spatial_hotspot_margin2p0_windows2_maxmargin0p5,blend050_pooled_loco,spatial_hotspot,2.0,2.0,0.5,37,14,7,0.5,23,19,0.8260869565217391,0.6630434782608696,9,4,0.4444444444444444,7,7,1.0,4,1,False,0.4444444444444444
joint_heat_blend050_pooled_loco_kg_spatial_hotspot_margin2p0_windows3_maxmargin0p5,blend050_pooled_loco,spatial_hotspot,2.0,3.0,0.5,37,14,7,0.5,23,19,0.8260869565217391,0.6630434782608696,9,4,0.4444444444444444,7,7,1.0,4,1,False,0.4444444444444444
joint_heat_blend050_pooled_loco_kg_spatial_hotspot_margin2p5_windows2_maxmargin0p5,blend050_pooled_loco,spatial_hotspot,2.5,2.0,0.5,37,14,7,0.5,23,19,0.8260869565217391,0.6630434782608696,9,4,0.4444444444444444,7,7,1.0,4,1,False,0.4444444444444444
joint_heat_blend050_pooled_loco_kg_spatial_hotspot_margin2p5_windows3_maxmargin0p5,blend050_pooled_loco,spatial_hotspot,2.5,3.0,0.5,37,14,7,0.5,23,19,0.8260869565217391,0.6630434782608696,9,4,0.4444444444444444,7,7,1.0,4,1,False,0.4444444444444444
joint_heat_blend075_pooled_loco_kg_spatial_hotspot_margin0p5_windows2_maxmargin0p5,blend075_pooled_loco,spatial_hotspot,0.5,2.0,0.5,37,14,7,0.5,23,19,0.8260869565217391,0.6630434782608696,9,4,0.4444444444444444,7,7,1.0,4,1,False,0.4444444444444444
joint_heat_blend075_pooled_loco_kg_spatial_hotspot_margin0p5_windows3_maxmargin0p5,blend075_pooled_loco,spatial_hotspot,0.5,3.0,0.5,37,14,7,0.5,23,19,0.8260869565217391,0.6630434782608696,9,4,0.4444444444444444,7,7,1.0,4,1,False,0.4444444444444444
joint_heat_blend075_pooled_loco_kg_spatial_hotspot_margin0p75_windows2_maxmargin0p5,blend075_pooled_loco,spatial_hotspot,0.75,2.0,0.5,37,14,7,0.5,23,19,0.8260869565217391,0.6630434782608696,9,4,0.4444444444444444,7,7,1.0,4,1,False,0.4444444444444444
joint_heat_blend075_pooled_loco_kg_spatial_hotspot_margin0p75_windows3_maxmargin0p5,blend075_pooled_loco,spatial_hotspot,0.75,3.0,0.5,37,14,7,0.5,23,19,0.8260869565217391,0.6630434782608696,9,4,0.4444444444444444,7,7,1.0,4,1,False,0.4444444444444444
joint_heat_blend075_pooled_loco_kg_spatial_hotspot_margin1p0_windows2_maxmargin0p5,blend075_pooled_loco,spatial_hotspot,1.0,2.0,0.5,37,14,7,0.5,23,19,0.8260869565217391,0.6630434782608696,9,4,0.4444444444444444,7,7,1.0,4,1,False,0.4444444444444444
joint_heat_blend075_pooled_loco_kg_spatial_hotspot_margin1p0_windows3_maxmargin0p5,blend075_pooled_loco,spatial_hotspot,1.0,3.0,0.5,37,14,7,0.5,23,19,0.8260869565217391,0.6630434782608696,9,4,0.4444444444444444,7,7,1.0,4,1,False,0.4444444444444444
joint_heat_blend075_pooled_loco_kg_spatial_hotspot_margin1p25_windows2_maxmargin0p5,blend075_pooled_loco,spatial_hotspot,1.25,2.0,0.5,37,14,7,0.5,23,19,0.8260869565217391,0.6630434782608696,9,4,0.4444444444444444,7,7,1.0,4,1,False,0.4444444444444444
joint_heat_blend075_pooled_loco_kg_spatial_hotspot_margin1p25_windows3_maxmargin0p5,blend075_pooled_loco,spatial_hotspot,1.25,3.0,0.5,37,14,7,0.5,23,19,0.8260869565217391,0.6630434782608696,9,4,0.4444444444444444,7,7,1.0,4,1,False,0.4444444444444444
joint_heat_blend075_pooled_loco_kg_spatial_hotspot_margin1p5_windows2_maxmargin0p5,blend075_pooled_loco,spatial_hotspot,1.5,2.0,0.5,37,14,7,0.5,23,19,0.8260869565217391,0.6630434782608696,9,4,0.4444444444444444,7,7,1.0,4,1,False,0.4444444444444444
joint_heat_blend075_pooled_loco_kg_spatial_hotspot_margin1p5_windows3_maxmargin0p5,blend075_pooled_loco,spatial_hotspot,1.5,3.0,0.5,37,14,7,0.5,23,19,0.8260869565217391,0.6630434782608696,9,4,0.4444444444444444,7,7,1.0,4,1,False,0.4444444444444444
joint_heat_blend075_pooled_loco_kg_spatial_hotspot_margin2p0_windows2_maxmargin0p5,blend075_pooled_loco,spatial_hotspot,2.0,2.0,0.5,37,14,7,0.5,23,19,0.8260869565217391,0.6630434782608696,9,4,0.4444444444444444,7,7,1.0,4,1,False,0.4444444444444444
joint_heat_blend075_pooled_loco_kg_spatial_hotspot_margin2p0_windows3_maxmargin0p5,blend075_pooled_loco,spatial_hotspot,2.0,3.0,0.5,37,14,7,0.5,23,19,0.8260869565217391,0.6630434782608696,9,4,0.4444444444444444,7,7,1.0,4,1,False,0.4444444444444444
joint_heat_blend075_pooled_loco_kg_spatial_hotspot_margin2p5_windows2_maxmargin0p5,blend075_pooled_loco,spatial_hotspot,2.5,2.0,0.5,37,14,7,0.5,23,19,0.8260869565217391,0.6630434782608696,9,4,0.4444444444444444,7,7,1.0,4,1,False,0.4444444444444444
joint_heat_blend075_pooled_loco_kg_spatial_hotspot_margin2p5_windows3_maxmargin0p5,blend075_pooled_loco,spatial_hotspot,2.5,3.0,0.5,37,14,7,0.5,23,19,0.8260869565217391,0.6630434782608696,9,4,0.4444444444444444,7,7,1.0,4,1,False,0.4444444444444444
joint_heat_blend050_pooled_loco_kg_temporal_and_spatial_margin2p5_windows2_maxmargin0p5,blend050_pooled_loco,temporal_and_spatial,2.5,2.0,0.5,37,14,7,0.5,23,19,0.8260869565217391,0.6630434782608696,9,4,0.4444444444444444,7,7,1.0,4,2,False,0.4444444444444444
joint_heat_blend075_pooled_loco_kg_temporal_and_spatial_margin2p5_windows2_maxmargin0p5,blend075_pooled_loco,temporal_and_spatial,2.5,2.0,0.5,37,14,7,0.5,23,19,0.8260869565217391,0.6630434782608696,9,4,0.4444444444444444,7,7,1.0,4,2,False,0.4444444444444444
joint_heat_blend075_pooled_loco_kg_temporal_or_spatial_margin0p5_windows3_maxmargin0p0,blend075_pooled_loco,temporal_or_spatial,0.5,3.0,0.0,37,14,7,0.5,23,19,0.8260869565217391,0.6630434782608696,9,4,0.4444444444444444,7,7,1.0,4,3,False,0.4444444444444444
joint_heat_blend075_pooled_loco_kg_temporal_or_spatial_margin0p5_windows3_maxmargin0p5,blend075_pooled_loco,temporal_or_spatial,0.5,3.0,0.5,37,14,7,0.5,23,19,0.8260869565217391,0.6630434782608696,9,4,0.4444444444444444,7,7,1.0,4,3,False,0.4444444444444444
joint_heat_ridge_state_loco_lambda1_kg_temporal_and_spatial_margin2p0_windows2_maxmargin0p5,ridge_state_loco_lambda1,temporal_and_spatial,2.0,2.0,0.5,37,14,7,0.5,23,19,0.8260869565217391,0.6630434782608696,9,4,0.4444444444444444,7,7,1.0,5,2,False,0.4444444444444444
joint_heat_ridge_state_loco_lambda1_kg_temporal_and_spatial_margin2p5_windows3_maxmargin0p5,ridge_state_loco_lambda1,temporal_and_spatial,2.5,3.0,0.5,37,14,7,0.5,23,19,0.8260869565217391,0.6630434782608696,9,4,0.4444444444444444,7,7,1.0,5,2,False,0.4444444444444444
joint_heat_ridge_state_loco_lambda100_kg_spatial_hotspot_margin2p5_windows2_maxmargin0p5,ridge_state_loco_lambda100,spatial_hotspot,2.5,2.0,0.5,37,14,7,0.5,23,19,0.8260869565217391,0.6630434782608696,9,4,0.4444444444444444,7,7,1.0,6,1,False,0.4444444444444444
joint_heat_ridge_state_loco_lambda100_kg_spatial_hotspot_margin2p5_windows3_maxmargin0p5,ridge_state_loco_lambda100,spatial_hotspot,2.5,3.0,0.5,37,14,7,0.5,23,19,0.8260869565217391,0.6630434782608696,9,4,0.4444444444444444,7,7,1.0,6,1,False,0.4444444444444444
joint_heat_ridge_state_loco_lambda10_kg_spatial_hotspot_margin2p5_windows2_maxmargin0p5,ridge_state_loco_lambda10,spatial_hotspot,2.5,2.0,0.5,37,14,7,0.5,23,19,0.8260869565217391,0.6630434782608696,9,4,0.4444444444444444,7,7,1.0,8,1,False,0.4444444444444444
joint_heat_ridge_state_loco_lambda10_kg_spatial_hotspot_margin2p5_windows3_maxmargin0p5,ridge_state_loco_lambda10,spatial_hotspot,2.5,3.0,0.5,37,14,7,0.5,23,19,0.8260869565217391,0.6630434782608696,9,4,0.4444444444444444,7,7,1.0,8,1,False,0.4444444444444444
joint_heat_ridge_state_loco_lambda10_kg_temporal_and_spatial_margin2p5_windows2_maxmargin0p5,ridge_state_loco_lambda10,temporal_and_spatial,2.5,2.0,0.5,37,14,7,0.5,23,19,0.8260869565217391,0.6630434782608696,9,4,0.4444444444444444,7,7,1.0,8,2,False,0.4444444444444444
joint_heat_region_median_loco_kg_none,region_median_loco,none,,,,37,14,7,0.5,23,19,0.8260869565217391,0.6630434782608696,9,4,0.4444444444444444,7,6,0.8571428571428571,0,0,False,0.4444444444444444
joint_heat_region_median_loco_kg_spatial_hotspot_margin0p25_windows2_maxmargin0p0,region_median_loco,spatial_hotspot,0.25,2.0,0.0,37,14,7,0.5,23,19,0.8260869565217391,0.6630434782608696,9,4,0.4444444444444444,7,6,0.8571428571428571,0,1,False,0.4444444444444444
joint_heat_region_median_loco_kg_spatial_hotspot_margin0p25_windows2_maxmargin0p5,region_median_loco,spatial_hotspot,0.25,2.0,0.5,37,14,7,0.5,23,19,0.8260869565217391,0.6630434782608696,9,4,0.4444444444444444,7,6,0.8571428571428571,0,1,False,0.4444444444444444
joint_heat_region_median_loco_kg_spatial_hotspot_margin0p25_windows3_maxmargin0p0,region_median_loco,spatial_hotspot,0.25,3.0,0.0,37,14,7,0.5,23,19,0.8260869565217391,0.6630434782608696,9,4,0.4444444444444444,7,6,0.8571428571428571,0,1,False,0.4444444444444444
joint_heat_region_median_loco_kg_spatial_hotspot_margin0p25_windows3_maxmargin0p5,region_median_loco,spatial_hotspot,0.25,3.0,0.5,37,14,7,0.5,23,19,0.8260869565217391,0.6630434782608696,9,4,0.4444444444444444,7,6,0.8571428571428571,0,1,False,0.4444444444444444
joint_heat_region_median_loco_kg_spatial_hotspot_margin0p5_windows2_maxmargin0p0,region_median_loco,spatial_hotspot,0.5,2.0,0.0,37,14,7,0.5,23,19,0.8260869565217391,0.6630434782608696,9,4,0.4444444444444444,7,6,0.8571428571428571,0,1,False,0.4444444444444444
joint_heat_region_median_loco_kg_spatial_hotspot_margin0p5_windows2_maxmargin0p5,region_median_loco,spatial_hotspot,0.5,2.0,0.5,37,14,7,0.5,23,19,0.8260869565217391,0.6630434782608696,9,4,0.4444444444444444,7,6,0.8571428571428571,0,1,False,0.4444444444444444
joint_heat_region_median_loco_kg_spatial_hotspot_margin0p5_windows3_maxmargin0p0,region_median_loco,spatial_hotspot,0.5,3.0,0.0,37,14,7,0.5,23,19,0.8260869565217391,0.6630434782608696,9,4,0.4444444444444444,7,6,0.8571428571428571,0,1,False,0.4444444444444444
joint_heat_region_median_loco_kg_spatial_hotspot_margin0p5_windows3_maxmargin0p5,region_median_loco,spatial_hotspot,0.5,3.0,0.5,37,14,7,0.5,23,19,0.8260869565217391,0.6630434782608696,9,4,0.4444444444444444,7,6,0.8571428571428571,0,1,False,0.4444444444444444
joint_heat_region_median_loco_kg_spatial_hotspot_margin0p75_windows2_maxmargin0p0,region_median_loco,spatial_hotspot,0.75,2.0,0.0,37,14,7,0.5,23,19,0.8260869565217391,0.6630434782608696,9,4,0.4444444444444444,7,6,0.8571428571428571,0,1,False,0.4444444444444444
joint_heat_region_median_loco_kg_spatial_hotspot_margin0p75_windows3_maxmargin0p0,region_median_loco,spatial_hotspot,0.75,3.0,0.0,37,14,7,0.5,23,19,0.8260869565217391,0.6630434782608696,9,4,0.4444444444444444,7,6,0.8571428571428571,0,1,False,0.4444444444444444
joint_heat_region_median_loco_kg_spatial_hotspot_margin1p0_windows2_maxmargin0p0,region_median_loco,spatial_hotspot,1.0,2.0,0.0,37,14,7,0.5,23,19,0.8260869565217391,0.6630434782608696,9,4,0.4444444444444444,7,6,0.8571428571428571,0,1,False,0.4444444444444444
joint_heat_region_median_loco_kg_spatial_hotspot_margin1p0_windows3_maxmargin0p0,region_median_loco,spatial_hotspot,1.0,3.0,0.0,37,14,7,0.5,23,19,0.8260869565217391,0.6630434782608696,9,4,0.4444444444444444,7,6,0.8571428571428571,0,1,False,0.4444444444444444
joint_heat_region_median_loco_kg_temporal_near_threshold_margin0p25_windows3_maxmargin0p0,region_median_loco,temporal_near_threshold,0.25,3.0,0.0,37,14,7,0.5,23,19,0.8260869565217391,0.6630434782608696,9,4,0.4444444444444444,7,6,0.8571428571428571,0,1,False,0.4444444444444444
joint_heat_region_median_loco_kg_temporal_near_threshold_margin0p25_windows3_maxmargin0p5,region_median_loco,temporal_near_threshold,0.25,3.0,0.5,37,14,7,0.5,23,19,0.8260869565217391,0.6630434782608696,9,4,0.4444444444444444,7,6,0.8571428571428571,0,1,False,0.4444444444444444
joint_heat_region_median_loco_kg_temporal_near_threshold_margin0p25_windows3_maxmargin1p0,region_median_loco,temporal_near_threshold,0.25,3.0,1.0,37,14,7,0.5,23,19,0.8260869565217391,0.6630434782608696,9,4,0.4444444444444444,7,6,0.8571428571428571,0,1,False,0.4444444444444444
joint_heat_region_median_loco_kg_temporal_and_spatial_margin0p25_windows2_maxmargin0p0,region_median_loco,temporal_and_spatial,0.25,2.0,0.0,37,14,7,0.5,23,19,0.8260869565217391,0.6630434782608696,9,4,0.4444444444444444,7,6,0.8571428571428571,0,2,False,0.4444444444444444
joint_heat_region_median_loco_kg_temporal_and_spatial_margin0p25_windows2_maxmargin0p5,region_median_loco,temporal_and_spatial,0.25,2.0,0.5,37,14,7,0.5,23,19,0.8260869565217391,0.6630434782608696,9,4,0.4444444444444444,7,6,0.8571428571428571,0,2,False,0.4444444444444444
joint_heat_region_median_loco_kg_temporal_and_spatial_margin0p25_windows3_maxmargin0p0,region_median_loco,temporal_and_spatial,0.25,3.0,0.0,37,14,7,0.5,23,19,0.8260869565217391,0.6630434782608696,9,4,0.4444444444444444,7,6,0.8571428571428571,0,2,False,0.4444444444444444
joint_heat_region_median_loco_kg_temporal_and_spatial_margin0p25_windows3_maxmargin0p5,region_median_loco,temporal_and_spatial,0.25,3.0,0.5,37,14,7,0.5,23,19,0.8260869565217391,0.6630434782608696,9,4,0.4444444444444444,7,6,0.8571428571428571,0,2,False,0.4444444444444444
joint_heat_region_median_loco_kg_temporal_and_spatial_margin0p25_windows3_maxmargin1p0,region_median_loco,temporal_and_spatial,0.25,3.0,1.0,37,14,7,0.5,23,19,0.8260869565217391,0.6630434782608696,9,4,0.4444444444444444,7,6,0.8571428571428571,0,2,False,0.4444444444444444
joint_heat_region_median_loco_kg_temporal_and_spatial_margin0p5_windows2_maxmargin0p0,region_median_loco,temporal_and_spatial,0.5,2.0,0.0,37,14,7,0.5,23,19,0.8260869565217391,0.6630434782608696,9,4,0.4444444444444444,7,6,0.8571428571428571,0,2,False,0.4444444444444444
joint_heat_region_median_loco_kg_temporal_and_spatial_margin0p5_windows2_maxmargin0p5,region_median_loco,temporal_and_spatial,0.5,2.0,0.5,37,14,7,0.5,23,19,0.8260869565217391,0.6630434782608696,9,4,0.4444444444444444,7,6,0.8571428571428571,0,2,False,0.4444444444444444
joint_heat_region_median_loco_kg_temporal_and_spatial_margin0p5_windows3_maxmargin0p0,region_median_loco,temporal_and_spatial,0.5,3.0,0.0,37,14,7,0.5,23,19,0.8260869565217391,0.6630434782608696,9,4,0.4444444444444444,7,6,0.8571428571428571,0,2,False,0.4444444444444444
joint_heat_region_median_loco_kg_temporal_and_spatial_margin0p5_windows3_maxmargin0p5,region_median_loco,temporal_and_spatial,0.5,3.0,0.5,37,14,7,0.5,23,19,0.8260869565217391,0.6630434782608696,9,4,0.4444444444444444,7,6,0.8571428571428571,0,2,False,0.4444444444444444
joint_heat_region_median_loco_kg_temporal_and_spatial_margin0p75_windows2_maxmargin0p0,region_median_loco,temporal_and_spatial,0.75,2.0,0.0,37,14,7,0.5,23,19,0.8260869565217391,0.6630434782608696,9,4,0.4444444444444444,7,6,0.8571428571428571,0,2,False,0.4444444444444444
joint_heat_region_median_loco_kg_temporal_and_spatial_margin0p75_windows3_maxmargin0p0,region_median_loco,temporal_and_spatial,0.75,3.0,0.0,37,14,7,0.5,23,19,0.8260869565217391,0.6630434782608696,9,4,0.4444444444444444,7,6,0.8571428571428571,0,2,False,0.4444444444444444
joint_heat_region_median_loco_kg_temporal_and_spatial_margin1p0_windows2_maxmargin0p0,region_median_loco,temporal_and_spatial,1.0,2.0,0.0,37,14,7,0.5,23,19,0.8260869565217391,0.6630434782608696,9,4,0.4444444444444444,7,6,0.8571428571428571,0,2,False,0.4444444444444444
joint_heat_region_median_loco_kg_temporal_and_spatial_margin1p0_windows3_maxmargin0p0,region_median_loco,temporal_and_spatial,1.0,3.0,0.0,37,14,7,0.5,23,19,0.8260869565217391,0.6630434782608696,9,4,0.4444444444444444,7,6,0.8571428571428571,0,2,False,0.4444444444444444
joint_heat_region_median_loco_kg_temporal_and_spatial_margin1p25_windows2_maxmargin0p0,region_median_loco,temporal_and_spatial,1.25,2.0,0.0,37,14,7,0.5,23,19,0.8260869565217391,0.6630434782608696,9,4,0.4444444444444444,7,6,0.8571428571428571,0,2,False,0.4444444444444444
joint_heat_region_median_loco_kg_temporal_and_spatial_margin1p25_windows3_maxmargin0p0,region_median_loco,temporal_and_spatial,1.25,3.0,0.0,37,14,7,0.5,23,19,0.8260869565217391,0.6630434782608696,9,4,0.4444444444444444,7,6,0.8571428571428571,0,2,False,0.4444444444444444
joint_heat_region_median_loco_kg_temporal_and_spatial_margin1p5_windows2_maxmargin0p0,region_median_loco,temporal_and_spatial,1.5,2.0,0.0,37,14,7,0.5,23,19,0.8260869565217391,0.6630434782608696,9,4,0.4444444444444444,7,6,0.8571428571428571,0,2,False,0.4444444444444444
joint_heat_region_median_loco_kg_temporal_and_spatial_margin1p5_windows3_maxmargin0p0,region_median_loco,temporal_and_spatial,1.5,3.0,0.0,37,14,7,0.5,23,19,0.8260869565217391,0.6630434782608696,9,4,0.4444444444444444,7,6,0.8571428571428571,0,2,False,0.4444444444444444
joint_heat_region_median_loco_kg_temporal_and_spatial_margin2p0_windows3_maxmargin0p0,region_median_loco,temporal_and_spatial,2.0,3.0,0.0,37,14,7,0.5,23,19,0.8260869565217391,0.6630434782608696,9,4,0.4444444444444444,7,6,0.8571428571428571,0,2,False,0.4444444444444444
joint_heat_region_median_loco_kg_temporal_or_spatial_margin0p25_windows3_maxmargin0p0,region_median_loco,temporal_or_spatial,0.25,3.0,0.0,37,14,7,0.5,23,19,0.8260869565217391,0.6630434782608696,9,4,0.4444444444444444,7,6,0.8571428571428571,0,3,False,0.4444444444444444
joint_heat_region_median_loco_kg_temporal_or_spatial_margin0p25_windows3_maxmargin0p5,region_median_loco,temporal_or_spatial,0.25,3.0,0.5,37,14,7,0.5,23,19,0.8260869565217391,0.6630434782608696,9,4,0.4444444444444444,7,6,0.8571428571428571,0,3,False,0.4444444444444444
joint_heat_blend025_pooled_loco_kg_spatial_hotspot_margin0p5_windows2_maxmargin0p0,blend025_pooled_loco,spatial_hotspot,0.5,2.0,0.0,37,14,7,0.5,23,19,0.8260869565217391,0.6630434782608696,9,4,0.4444444444444444,7,6,0.8571428571428571,1,1,False,0.4444444444444444
joint_heat_blend025_pooled_loco_kg_spatial_hotspot_margin0p5_windows3_maxmargin0p0,blend025_pooled_loco,spatial_hotspot,0.5,3.0,0.0,37,14,7,0.5,23,19,0.8260869565217391,0.6630434782608696,9,4,0.4444444444444444,7,6,0.8571428571428571,1,1,False,0.4444444444444444
joint_heat_blend025_pooled_loco_kg_spatial_hotspot_margin0p75_windows2_maxmargin0p0,blend025_pooled_loco,spatial_hotspot,0.75,2.0,0.0,37,14,7,0.5,23,19,0.8260869565217391,0.6630434782608696,9,4,0.4444444444444444,7,6,0.8571428571428571,1,1,False,0.4444444444444444
joint_heat_blend025_pooled_loco_kg_spatial_hotspot_margin0p75_windows3_maxmargin0p0,blend025_pooled_loco,spatial_hotspot,0.75,3.0,0.0,37,14,7,0.5,23,19,0.8260869565217391,0.6630434782608696,9,4,0.4444444444444444,7,6,0.8571428571428571,1,1,False,0.4444444444444444
joint_heat_blend025_pooled_loco_kg_spatial_hotspot_margin1p0_windows2_maxmargin0p0,blend025_pooled_loco,spatial_hotspot,1.0,2.0,0.0,37,14,7,0.5,23,19,0.8260869565217391,0.6630434782608696,9,4,0.4444444444444444,7,6,0.8571428571428571,1,1,False,0.4444444444444444
joint_heat_blend025_pooled_loco_kg_spatial_hotspot_margin1p0_windows3_maxmargin0p0,blend025_pooled_loco,spatial_hotspot,1.0,3.0,0.0,37,14,7,0.5,23,19,0.8260869565217391,0.6630434782608696,9,4,0.4444444444444444,7,6,0.8571428571428571,1,1,False,0.4444444444444444
joint_heat_pooled_median_loco_kg_spatial_hotspot_margin0p75_windows2_maxmargin0p0,pooled_median_loco,spatial_hotspot,0.75,2.0,0.0,37,14,7,0.5,23,19,0.8260869565217391,0.6630434782608696,9,4,0.4444444444444444,7,6,0.8571428571428571,1,1,False,0.4444444444444444
joint_heat_pooled_median_loco_kg_spatial_hotspot_margin0p75_windows3_maxmargin0p0,pooled_median_loco,spatial_hotspot,0.75,3.0,0.0,37,14,7,0.5,23,19,0.8260869565217391,0.6630434782608696,9,4,0.4444444444444444,7,6,0.8571428571428571,1,1,False,0.4444444444444444
joint_heat_pooled_median_loco_kg_spatial_hotspot_margin1p0_windows2_maxmargin0p0,pooled_median_loco,spatial_hotspot,1.0,2.0,0.0,37,14,7,0.5,23,19,0.8260869565217391,0.6630434782608696,9,4,0.4444444444444444,7,6,0.8571428571428571,1,1,False,0.4444444444444444
joint_heat_pooled_median_loco_kg_spatial_hotspot_margin1p0_windows3_maxmargin0p0,pooled_median_loco,spatial_hotspot,1.0,3.0,0.0,37,14,7,0.5,23,19,0.8260869565217391,0.6630434782608696,9,4,0.4444444444444444,7,6,0.8571428571428571,1,1,False,0.4444444444444444
joint_heat_pooled_median_loco_kg_spatial_hotspot_margin1p25_windows2_maxmargin0p0,pooled_median_loco,spatial_hotspot,1.25,2.0,0.0,37,14,7,0.5,23,19,0.8260869565217391,0.6630434782608696,9,4,0.4444444444444444,7,6,0.8571428571428571,1,1,False,0.4444444444444444
joint_heat_pooled_median_loco_kg_spatial_hotspot_margin1p25_windows3_maxmargin0p0,pooled_median_loco,spatial_hotspot,1.25,3.0,0.0,37,14,7,0.5,23,19,0.8260869565217391,0.6630434782608696,9,4,0.4444444444444444,7,6,0.8571428571428571,1,1,False,0.4444444444444444
joint_heat_pooled_median_loco_kg_spatial_hotspot_margin1p5_windows2_maxmargin0p0,pooled_median_loco,spatial_hotspot,1.5,2.0,0.0,37,14,7,0.5,23,19,0.8260869565217391,0.6630434782608696,9,4,0.4444444444444444,7,6,0.8571428571428571,1,1,False,0.4444444444444444
joint_heat_pooled_median_loco_kg_spatial_hotspot_margin1p5_windows3_maxmargin0p0,pooled_median_loco,spatial_hotspot,1.5,3.0,0.0,37,14,7,0.5,23,19,0.8260869565217391,0.6630434782608696,9,4,0.4444444444444444,7,6,0.8571428571428571,1,1,False,0.4444444444444444
joint_heat_blend025_pooled_loco_kg_temporal_and_spatial_margin1p5_windows2_maxmargin0p0,blend025_pooled_loco,temporal_and_spatial,1.5,2.0,0.0,37,14,7,0.5,23,19,0.8260869565217391,0.6630434782608696,9,4,0.4444444444444444,7,6,0.8571428571428571,1,2,False,0.4444444444444444
joint_heat_blend025_pooled_loco_kg_temporal_and_spatial_margin2p0_windows2_maxmargin0p0,blend025_pooled_loco,temporal_and_spatial,2.0,2.0,0.0,37,14,7,0.5,23,19,0.8260869565217391,0.6630434782608696,9,4,0.4444444444444444,7,6,0.8571428571428571,1,2,False,0.4444444444444444
joint_heat_blend025_pooled_loco_kg_temporal_and_spatial_margin2p5_windows3_maxmargin0p0,blend025_pooled_loco,temporal_and_spatial,2.5,3.0,0.0,37,14,7,0.5,23,19,0.8260869565217391,0.6630434782608696,9,4,0.4444444444444444,7,6,0.8571428571428571,1,2,False,0.4444444444444444
joint_heat_pooled_median_loco_kg_temporal_and_spatial_margin1p5_windows2_maxmargin0p0,pooled_median_loco,temporal_and_spatial,1.5,2.0,0.0,37,14,7,0.5,23,19,0.8260869565217391,0.6630434782608696,9,4,0.4444444444444444,7,6,0.8571428571428571,1,2,False,0.4444444444444444
joint_heat_pooled_median_loco_kg_temporal_and_spatial_margin2p0_windows2_maxmargin0p0,pooled_median_loco,temporal_and_spatial,2.0,2.0,0.0,37,14,7,0.5,23,19,0.8260869565217391,0.6630434782608696,9,4,0.4444444444444444,7,6,0.8571428571428571,1,2,False,0.4444444444444444
joint_heat_pooled_median_loco_kg_temporal_and_spatial_margin2p5_windows3_maxmargin0p0,pooled_median_loco,temporal_and_spatial,2.5,3.0,0.0,37,14,7,0.5,23,19,0.8260869565217391,0.6630434782608696,9,4,0.4444444444444444,7,6,0.8571428571428571,1,2,False,0.4444444444444444
joint_heat_ridge_state_loco_lambda1_kg_temporal_near_threshold_margin0p75_windows2_maxmargin0p0,ridge_state_loco_lambda1,temporal_near_threshold,0.75,2.0,0.0,37,14,7,0.5,23,19,0.8260869565217391,0.6630434782608696,9,4,0.4444444444444444,7,6,0.8571428571428571,5,1,False,0.4444444444444444
joint_heat_ridge_state_loco_lambda1_kg_temporal_near_threshold_margin0p75_windows2_maxmargin0p5,ridge_state_loco_lambda1,temporal_near_threshold,0.75,2.0,0.5,37,14,7,0.5,23,19,0.8260869565217391,0.6630434782608696,9,4,0.4444444444444444,7,6,0.8571428571428571,5,1,False,0.4444444444444444
joint_heat_ridge_state_loco_lambda1_kg_temporal_near_threshold_margin0p75_windows2_maxmargin1p0,ridge_state_loco_lambda1,temporal_near_threshold,0.75,2.0,1.0,37,14,7,0.5,23,19,0.8260869565217391,0.6630434782608696,9,4,0.4444444444444444,7,6,0.8571428571428571,5,1,False,0.4444444444444444
joint_heat_ridge_state_loco_lambda1_kg_temporal_and_spatial_margin0p75_windows2_maxmargin1p0,ridge_state_loco_lambda1,temporal_and_spatial,0.75,2.0,1.0,37,14,7,0.5,23,19,0.8260869565217391,0.6630434782608696,9,4,0.4444444444444444,7,6,0.8571428571428571,5,2,False,0.4444444444444444
joint_heat_ridge_state_loco_lambda1_kg_temporal_and_spatial_margin1p0_windows2_maxmargin1p0,ridge_state_loco_lambda1,temporal_and_spatial,1.0,2.0,1.0,37,14,7,0.5,23,19,0.8260869565217391,0.6630434782608696,9,4,0.4444444444444444,7,6,0.8571428571428571,5,2,False,0.4444444444444444
joint_heat_ridge_state_loco_lambda1_kg_temporal_or_spatial_margin0p75_windows2_maxmargin0p0,ridge_state_loco_lambda1,temporal_or_spatial,0.75,2.0,0.0,37,14,7,0.5,23,19,0.8260869565217391,0.6630434782608696,9,4,0.4444444444444444,7,6,0.8571428571428571,5,3,False,0.4444444444444444
joint_heat_ridge_state_loco_lambda1_kg_temporal_or_spatial_margin0p75_windows2_maxmargin0p5,ridge_state_loco_lambda1,temporal_or_spatial,0.75,2.0,0.5,37,14,7,0.5,23,19,0.8260869565217391,0.6630434782608696,9,4,0.4444444444444444,7,6,0.8571428571428571,5,3,False,0.4444444444444444
joint_heat_region_median_loco_kg_spatial_hotspot_margin2p0_windows2_maxmargin0p5,region_median_loco,spatial_hotspot,2.0,2.0,0.5,37,14,8,0.5714285714285714,23,17,0.7391304347826086,0.65527950310559,9,4,0.4444444444444444,7,6,0.8571428571428571,3,1,False,0.4444444444444444
joint_heat_region_median_loco_kg_spatial_hotspot_margin2p0_windows3_maxmargin0p5,region_median_loco,spatial_hotspot,2.0,3.0,0.5,37,14,8,0.5714285714285714,23,17,0.7391304347826086,0.65527950310559,9,4,0.4444444444444444,7,6,0.8571428571428571,3,1,False,0.4444444444444444
joint_heat_region_median_loco_kg_spatial_hotspot_margin2p5_windows2_maxmargin0p5,region_median_loco,spatial_hotspot,2.5,2.0,0.5,37,14,8,0.5714285714285714,23,17,0.7391304347826086,0.65527950310559,9,4,0.4444444444444444,7,6,0.8571428571428571,3,1,False,0.4444444444444444
joint_heat_region_median_loco_kg_spatial_hotspot_margin2p5_windows3_maxmargin0p5,region_median_loco,spatial_hotspot,2.5,3.0,0.5,37,14,8,0.5714285714285714,23,17,0.7391304347826086,0.65527950310559,9,4,0.4444444444444444,7,6,0.8571428571428571,3,1,False,0.4444444444444444
joint_heat_region_median_loco_kg_temporal_and_spatial_margin1p25_windows3_maxmargin1p0,region_median_loco,temporal_and_spatial,1.25,3.0,1.0,37,14,8,0.5714285714285714,23,17,0.7391304347826086,0.65527950310559,9,4,0.4444444444444444,7,6,0.8571428571428571,3,2,False,0.4444444444444444
joint_heat_ridge_state_loco_lambda1_kg_temporal_or_spatial_margin1p5_windows3_maxmargin0p0,ridge_state_loco_lambda1,temporal_or_spatial,1.5,3.0,0.0,37,14,8,0.5714285714285714,23,17,0.7391304347826086,0.65527950310559,9,4,0.4444444444444444,7,6,0.8571428571428571,8,3,False,0.4444444444444444
joint_heat_ridge_state_loco_lambda1_kg_temporal_or_spatial_margin1p5_windows3_maxmargin0p5,ridge_state_loco_lambda1,temporal_or_spatial,1.5,3.0,0.5,37,14,8,0.5714285714285714,23,17,0.7391304347826086,0.65527950310559,9,4,0.4444444444444444,7,6,0.8571428571428571,8,3,False,0.4444444444444444
joint_heat_ridge_state_loco_lambda1_kg_spatial_hotspot_margin1p25_windows2_maxmargin1p0,ridge_state_loco_lambda1,spatial_hotspot,1.25,2.0,1.0,37,14,8,0.5714285714285714,23,17,0.7391304347826086,0.65527950310559,9,4,0.4444444444444444,7,5,0.7142857142857143,8,1,False,0.4444444444444444
joint_heat_ridge_state_loco_lambda1_kg_spatial_hotspot_margin1p25_windows3_maxmargin1p0,ridge_state_loco_lambda1,spatial_hotspot,1.25,3.0,1.0,37,14,8,0.5714285714285714,23,17,0.7391304347826086,0.65527950310559,9,4,0.4444444444444444,7,5,0.7142857142857143,8,1,False,0.4444444444444444
joint_heat_ridge_state_loco_lambda1_kg_temporal_or_spatial_margin1p25_windows3_maxmargin1p0,ridge_state_loco_lambda1,temporal_or_spatial,1.25,3.0,1.0,37,14,8,0.5714285714285714,23,17,0.7391304347826086,0.65527950310559,9,4,0.4444444444444444,7,5,0.7142857142857143,8,3,False,0.4444444444444444
joint_heat_maximum_pooled_loco_kg_spatial_hotspot_margin0p5_windows2_maxmargin1p0,maximum_pooled_loco,spatial_hotspot,0.5,2.0,1.0,37,14,7,0.5,23,18,0.782608695652174,0.6413043478260869,9,4,0.4444444444444444,7,7,1.0,4,1,False,0.4444444444444444
joint_heat_maximum_pooled_loco_kg_spatial_hotspot_margin0p5_windows3_maxmargin1p0,maximum_pooled_loco,spatial_hotspot,0.5,3.0,1.0,37,14,7,0.5,23,18,0.782608695652174,0.6413043478260869,9,4,0.4444444444444444,7,7,1.0,4,1,False,0.4444444444444444
joint_heat_maximum_pooled_loco_kg_temporal_or_spatial_margin0p5_windows2_maxmargin1p0,maximum_pooled_loco,temporal_or_spatial,0.5,2.0,1.0,37,14,7,0.5,23,18,0.782608695652174,0.6413043478260869,9,4,0.4444444444444444,7,7,1.0,4,3,False,0.4444444444444444
joint_heat_maximum_pooled_loco_kg_temporal_or_spatial_margin0p5_windows3_maxmargin1p0,maximum_pooled_loco,temporal_or_spatial,0.5,3.0,1.0,37,14,7,0.5,23,18,0.782608695652174,0.6413043478260869,9,4,0.4444444444444444,7,7,1.0,4,3,False,0.4444444444444444
joint_heat_lead_median_loco_kg_spatial_hotspot_margin0p5_windows2_maxmargin1p0,lead_median_loco,spatial_hotspot,0.5,2.0,1.0,37,14,7,0.5,23,18,0.782608695652174,0.6413043478260869,9,4,0.4444444444444444,7,6,0.8571428571428571,1,1,False,0.4444444444444444
joint_heat_lead_median_loco_kg_spatial_hotspot_margin0p5_windows3_maxmargin1p0,lead_median_loco,spatial_hotspot,0.5,3.0,1.0,37,14,7,0.5,23,18,0.782608695652174,0.6413043478260869,9,4,0.4444444444444444,7,6,0.8571428571428571,1,1,False,0.4444444444444444
joint_heat_lead_median_loco_kg_spatial_hotspot_margin0p75_windows2_maxmargin0p0,lead_median_loco,spatial_hotspot,0.75,2.0,0.0,37,14,7,0.5,23,18,0.782608695652174,0.6413043478260869,9,4,0.4444444444444444,7,6,0.8571428571428571,1,1,False,0.4444444444444444
joint_heat_lead_median_loco_kg_spatial_hotspot_margin0p75_windows2_maxmargin0p5,lead_median_loco,spatial_hotspot,0.75,2.0,0.5,37,14,7,0.5,23,18,0.782608695652174,0.6413043478260869,9,4,0.4444444444444444,7,6,0.8571428571428571,1,1,False,0.4444444444444444
joint_heat_lead_median_loco_kg_spatial_hotspot_margin0p75_windows3_maxmargin0p0,lead_median_loco,spatial_hotspot,0.75,3.0,0.0,37,14,7,0.5,23,18,0.782608695652174,0.6413043478260869,9,4,0.4444444444444444,7,6,0.8571428571428571,1,1,False,0.4444444444444444
joint_heat_lead_median_loco_kg_spatial_hotspot_margin0p75_windows3_maxmargin0p5,lead_median_loco,spatial_hotspot,0.75,3.0,0.5,37,14,7,0.5,23,18,0.782608695652174,0.6413043478260869,9,4,0.4444444444444444,7,6,0.8571428571428571,1,1,False,0.4444444444444444
joint_heat_lead_median_loco_kg_spatial_hotspot_margin1p0_windows2_maxmargin0p0,lead_median_loco,spatial_hotspot,1.0,2.0,0.0,37,14,7,0.5,23,18,0.782608695652174,0.6413043478260869,9,4,0.4444444444444444,7,6,0.8571428571428571,1,1,False,0.4444444444444444
joint_heat_lead_median_loco_kg_spatial_hotspot_margin1p0_windows3_maxmargin0p0,lead_median_loco,spatial_hotspot,1.0,3.0,0.0,37,14,7,0.5,23,18,0.782608695652174,0.6413043478260869,9,4,0.4444444444444444,7,6,0.8571428571428571,1,1,False,0.4444444444444444
joint_heat_lead_median_loco_kg_spatial_hotspot_margin1p25_windows2_maxmargin0p0,lead_median_loco,spatial_hotspot,1.25,2.0,0.0,37,14,7,0.5,23,18,0.782608695652174,0.6413043478260869,9,4,0.4444444444444444,7,6,0.8571428571428571,1,1,False,0.4444444444444444
joint_heat_lead_median_loco_kg_spatial_hotspot_margin1p25_windows3_maxmargin0p0,lead_median_loco,spatial_hotspot,1.25,3.0,0.0,37,14,7,0.5,23,18,0.782608695652174,0.6413043478260869,9,4,0.4444444444444444,7,6,0.8571428571428571,1,1,False,0.4444444444444444
joint_heat_lead_median_loco_kg_spatial_hotspot_margin1p5_windows2_maxmargin0p0,lead_median_loco,spatial_hotspot,1.5,2.0,0.0,37,14,7,0.5,23,18,0.782608695652174,0.6413043478260869,9,4,0.4444444444444444,7,6,0.8571428571428571,1,1,False,0.4444444444444444
joint_heat_lead_median_loco_kg_spatial_hotspot_margin1p5_windows3_maxmargin0p0,lead_median_loco,spatial_hotspot,1.5,3.0,0.0,37,14,7,0.5,23,18,0.782608695652174,0.6413043478260869,9,4,0.4444444444444444,7,6,0.8571428571428571,1,1,False,0.4444444444444444
joint_heat_lead_median_loco_kg_spatial_hotspot_margin2p0_windows2_maxmargin0p0,lead_median_loco,spatial_hotspot,2.0,2.0,0.0,37,14,7,0.5,23,18,0.782608695652174,0.6413043478260869,9,4,0.4444444444444444,7,6,0.8571428571428571,1,1,False,0.4444444444444444
joint_heat_lead_median_loco_kg_spatial_hotspot_margin2p0_windows3_maxmargin0p0,lead_median_loco,spatial_hotspot,2.0,3.0,0.0,37,14,7,0.5,23,18,0.782608695652174,0.6413043478260869,9,4,0.4444444444444444,7,6,0.8571428571428571,1,1,False,0.4444444444444444
joint_heat_region_lead_shrinkage_loco_kg_spatial_hotspot_margin0p5_windows2_maxmargin1p0,region_lead_shrinkage_loco,spatial_hotspot,0.5,2.0,1.0,37,14,7,0.5,23,18,0.782608695652174,0.6413043478260869,9,4,0.4444444444444444,7,6,0.8571428571428571,1,1,False,0.4444444444444444
joint_heat_region_lead_shrinkage_loco_kg_spatial_hotspot_margin0p5_windows3_maxmargin1p0,region_lead_shrinkage_loco,spatial_hotspot,0.5,3.0,1.0,37,14,7,0.5,23,18,0.782608695652174,0.6413043478260869,9,4,0.4444444444444444,7,6,0.8571428571428571,1,1,False,0.4444444444444444
joint_heat_region_lead_shrinkage_loco_kg_spatial_hotspot_margin1p0_windows2_maxmargin0p0,region_lead_shrinkage_loco,spatial_hotspot,1.0,2.0,0.0,37,14,7,0.5,23,18,0.782608695652174,0.6413043478260869,9,4,0.4444444444444444,7,6,0.8571428571428571,1,1,False,0.4444444444444444
joint_heat_region_lead_shrinkage_loco_kg_spatial_hotspot_margin1p0_windows3_maxmargin0p0,region_lead_shrinkage_loco,spatial_hotspot,1.0,3.0,0.0,37,14,7,0.5,23,18,0.782608695652174,0.6413043478260869,9,4,0.4444444444444444,7,6,0.8571428571428571,1,1,False,0.4444444444444444
joint_heat_region_lead_shrinkage_loco_kg_spatial_hotspot_margin1p25_windows2_maxmargin0p0,region_lead_shrinkage_loco,spatial_hotspot,1.25,2.0,0.0,37,14,7,0.5,23,18,0.782608695652174,0.6413043478260869,9,4,0.4444444444444444,7,6,0.8571428571428571,1,1,False,0.4444444444444444
joint_heat_region_lead_shrinkage_loco_kg_spatial_hotspot_margin1p25_windows3_maxmargin0p0,region_lead_shrinkage_loco,spatial_hotspot,1.25,3.0,0.0,37,14,7,0.5,23,18,0.782608695652174,0.6413043478260869,9,4,0.4444444444444444,7,6,0.8571428571428571,1,1,False,0.4444444444444444
joint_heat_region_lead_shrinkage_loco_kg_spatial_hotspot_margin1p5_windows2_maxmargin0p0,region_lead_shrinkage_loco,spatial_hotspot,1.5,2.0,0.0,37,14,7,0.5,23,18,0.782608695652174,0.6413043478260869,9,4,0.4444444444444444,7,6,0.8571428571428571,1,1,False,0.4444444444444444
joint_heat_region_lead_shrinkage_loco_kg_spatial_hotspot_margin1p5_windows3_maxmargin0p0,region_lead_shrinkage_loco,spatial_hotspot,1.5,3.0,0.0,37,14,7,0.5,23,18,0.782608695652174,0.6413043478260869,9,4,0.4444444444444444,7,6,0.8571428571428571,1,1,False,0.4444444444444444
joint_heat_region_lead_shrinkage_loco_kg_spatial_hotspot_margin2p0_windows2_maxmargin0p0,region_lead_shrinkage_loco,spatial_hotspot,2.0,2.0,0.0,37,14,7,0.5,23,18,0.782608695652174,0.6413043478260869,9,4,0.4444444444444444,7,6,0.8571428571428571,1,1,False,0.4444444444444444
joint_heat_region_lead_shrinkage_loco_kg_spatial_hotspot_margin2p0_windows3_maxmargin0p0,region_lead_shrinkage_loco,spatial_hotspot,2.0,3.0,0.0,37,14,7,0.5,23,18,0.782608695652174,0.6413043478260869,9,4,0.4444444444444444,7,6,0.8571428571428571,1,1,False,0.4444444444444444
joint_heat_region_median_loco_kg_spatial_hotspot_margin0p75_windows2_maxmargin0p5,region_median_loco,spatial_hotspot,0.75,2.0,0.5,37,14,7,0.5,23,18,0.782608695652174,0.6413043478260869,9,4,0.4444444444444444,7,6,0.8571428571428571,1,1,False,0.4444444444444444
joint_heat_region_median_loco_kg_spatial_hotspot_margin0p75_windows3_maxmargin0p5,region_median_loco,spatial_hotspot,0.75,3.0,0.5,37,14,7,0.5,23,18,0.782608695652174,0.6413043478260869,9,4,0.4444444444444444,7,6,0.8571428571428571,1,1,False,0.4444444444444444
joint_heat_region_median_loco_kg_spatial_hotspot_margin1p0_windows2_maxmargin0p5,region_median_loco,spatial_hotspot,1.0,2.0,0.5,37,14,7,0.5,23,18,0.782608695652174,0.6413043478260869,9,4,0.4444444444444444,7,6,0.8571428571428571,1,1,False,0.4444444444444444
joint_heat_region_median_loco_kg_spatial_hotspot_margin1p0_windows3_maxmargin0p5,region_median_loco,spatial_hotspot,1.0,3.0,0.5,37,14,7,0.5,23,18,0.782608695652174,0.6413043478260869,9,4,0.4444444444444444,7,6,0.8571428571428571,1,1,False,0.4444444444444444
joint_heat_region_median_loco_kg_spatial_hotspot_margin1p25_windows2_maxmargin0p0,region_median_loco,spatial_hotspot,1.25,2.0,0.0,37,14,7,0.5,23,18,0.782608695652174,0.6413043478260869,9,4,0.4444444444444444,7,6,0.8571428571428571,1,1,False,0.4444444444444444
joint_heat_region_median_loco_kg_spatial_hotspot_margin1p25_windows3_maxmargin0p0,region_median_loco,spatial_hotspot,1.25,3.0,0.0,37,14,7,0.5,23,18,0.782608695652174,0.6413043478260869,9,4,0.4444444444444444,7,6,0.8571428571428571,1,1,False,0.4444444444444444
joint_heat_region_median_loco_kg_spatial_hotspot_margin1p5_windows2_maxmargin0p0,region_median_loco,spatial_hotspot,1.5,2.0,0.0,37,14,7,0.5,23,18,0.782608695652174,0.6413043478260869,9,4,0.4444444444444444,7,6,0.8571428571428571,1,1,False,0.4444444444444444
joint_heat_region_median_loco_kg_spatial_hotspot_margin1p5_windows3_maxmargin0p0,region_median_loco,spatial_hotspot,1.5,3.0,0.0,37,14,7,0.5,23,18,0.782608695652174,0.6413043478260869,9,4,0.4444444444444444,7,6,0.8571428571428571,1,1,False,0.4444444444444444
joint_heat_region_median_loco_kg_temporal_near_threshold_margin0p5_windows3_maxmargin0p0,region_median_loco,temporal_near_threshold,0.5,3.0,0.0,37,14,7,0.5,23,18,0.782608695652174,0.6413043478260869,9,4,0.4444444444444444,7,6,0.8571428571428571,1,1,False,0.4444444444444444
joint_heat_region_median_loco_kg_temporal_near_threshold_margin0p5_windows3_maxmargin0p5,region_median_loco,temporal_near_threshold,0.5,3.0,0.5,37,14,7,0.5,23,18,0.782608695652174,0.6413043478260869,9,4,0.4444444444444444,7,6,0.8571428571428571,1,1,False,0.4444444444444444
joint_heat_region_median_loco_kg_temporal_near_threshold_margin0p5_windows3_maxmargin1p0,region_median_loco,temporal_near_threshold,0.5,3.0,1.0,37,14,7,0.5,23,18,0.782608695652174,0.6413043478260869,9,4,0.4444444444444444,7,6,0.8571428571428571,1,1,False,0.4444444444444444
joint_heat_lead_median_loco_kg_temporal_and_spatial_margin1p25_windows2_maxmargin0p0,lead_median_loco,temporal_and_spatial,1.25,2.0,0.0,37,14,7,0.5,23,18,0.782608695652174,0.6413043478260869,9,4,0.4444444444444444,7,6,0.8571428571428571,1,2,False,0.4444444444444444
joint_heat_lead_median_loco_kg_temporal_and_spatial_margin1p5_windows2_maxmargin0p0,lead_median_loco,temporal_and_spatial,1.5,2.0,0.0,37,14,7,0.5,23,18,0.782608695652174,0.6413043478260869,9,4,0.4444444444444444,7,6,0.8571428571428571,1,2,False,0.4444444444444444
joint_heat_lead_median_loco_kg_temporal_and_spatial_margin2p0_windows2_maxmargin0p0,lead_median_loco,temporal_and_spatial,2.0,2.0,0.0,37,14,7,0.5,23,18,0.782608695652174,0.6413043478260869,9,4,0.4444444444444444,7,6,0.8571428571428571,1,2,False,0.4444444444444444
joint_heat_region_lead_shrinkage_loco_kg_temporal_and_spatial_margin1p25_windows2_maxmargin0p0,region_lead_shrinkage_loco,temporal_and_spatial,1.25,2.0,0.0,37,14,7,0.5,23,18,0.782608695652174,0.6413043478260869,9,4,0.4444444444444444,7,6,0.8571428571428571,1,2,False,0.4444444444444444
joint_heat_region_lead_shrinkage_loco_kg_temporal_and_spatial_margin1p5_windows2_maxmargin0p0,region_lead_shrinkage_loco,temporal_and_spatial,1.5,2.0,0.0,37,14,7,0.5,23,18,0.782608695652174,0.6413043478260869,9,4,0.4444444444444444,7,6,0.8571428571428571,1,2,False,0.4444444444444444
joint_heat_region_lead_shrinkage_loco_kg_temporal_and_spatial_margin2p0_windows2_maxmargin0p0,region_lead_shrinkage_loco,temporal_and_spatial,2.0,2.0,0.0,37,14,7,0.5,23,18,0.782608695652174,0.6413043478260869,9,4,0.4444444444444444,7,6,0.8571428571428571,1,2,False,0.4444444444444444
joint_heat_region_median_loco_kg_temporal_and_spatial_margin0p5_windows3_maxmargin1p0,region_median_loco,temporal_and_spatial,0.5,3.0,1.0,37,14,7,0.5,23,18,0.782608695652174,0.6413043478260869,9,4,0.4444444444444444,7,6,0.8571428571428571,1,2,False,0.4444444444444444
joint_heat_region_median_loco_kg_temporal_and_spatial_margin0p75_windows2_maxmargin0p5,region_median_loco,temporal_and_spatial,0.75,2.0,0.5,37,14,7,0.5,23,18,0.782608695652174,0.6413043478260869,9,4,0.4444444444444444,7,6,0.8571428571428571,1,2,False,0.4444444444444444
joint_heat_region_median_loco_kg_temporal_and_spatial_margin0p75_windows3_maxmargin0p5,region_median_loco,temporal_and_spatial,0.75,3.0,0.5,37,14,7,0.5,23,18,0.782608695652174,0.6413043478260869,9,4,0.4444444444444444,7,6,0.8571428571428571,1,2,False,0.4444444444444444
joint_heat_region_median_loco_kg_temporal_and_spatial_margin1p0_windows2_maxmargin0p5,region_median_loco,temporal_and_spatial,1.0,2.0,0.5,37,14,7,0.5,23,18,0.782608695652174,0.6413043478260869,9,4,0.4444444444444444,7,6,0.8571428571428571,1,2,False,0.4444444444444444
joint_heat_region_median_loco_kg_temporal_and_spatial_margin1p0_windows3_maxmargin0p5,region_median_loco,temporal_and_spatial,1.0,3.0,0.5,37,14,7,0.5,23,18,0.782608695652174,0.6413043478260869,9,4,0.4444444444444444,7,6,0.8571428571428571,1,2,False,0.4444444444444444
joint_heat_region_median_loco_kg_temporal_and_spatial_margin1p25_windows2_maxmargin0p5,region_median_loco,temporal_and_spatial,1.25,2.0,0.5,37,14,7,0.5,23,18,0.782608695652174,0.6413043478260869,9,4,0.4444444444444444,7,6,0.8571428571428571,1,2,False,0.4444444444444444
joint_heat_region_median_loco_kg_temporal_and_spatial_margin1p25_windows3_maxmargin0p5,region_median_loco,temporal_and_spatial,1.25,3.0,0.5,37,14,7,0.5,23,18,0.782608695652174,0.6413043478260869,9,4,0.4444444444444444,7,6,0.8571428571428571,1,2,False,0.4444444444444444
joint_heat_region_median_loco_kg_temporal_and_spatial_margin1p5_windows2_maxmargin0p5,region_median_loco,temporal_and_spatial,1.5,2.0,0.5,37,14,7,0.5,23,18,0.782608695652174,0.6413043478260869,9,4,0.4444444444444444,7,6,0.8571428571428571,1,2,False,0.4444444444444444
joint_heat_region_median_loco_kg_temporal_and_spatial_margin1p5_windows3_maxmargin0p5,region_median_loco,temporal_and_spatial,1.5,3.0,0.5,37,14,7,0.5,23,18,0.782608695652174,0.6413043478260869,9,4,0.4444444444444444,7,6,0.8571428571428571,1,2,False,0.4444444444444444
joint_heat_region_median_loco_kg_temporal_and_spatial_margin2p0_windows2_maxmargin0p0,region_median_loco,temporal_and_spatial,2.0,2.0,0.0,37,14,7,0.5,23,18,0.782608695652174,0.6413043478260869,9,4,0.4444444444444444,7,6,0.8571428571428571,1,2,False,0.4444444444444444
joint_heat_region_median_loco_kg_temporal_and_spatial_margin2p0_windows3_maxmargin0p5,region_median_loco,temporal_and_spatial,2.0,3.0,0.5,37,14,7,0.5,23,18,0.782608695652174,0.6413043478260869,9,4,0.4444444444444444,7,6,0.8571428571428571,1,2,False,0.4444444444444444
joint_heat_region_median_loco_kg_temporal_and_spatial_margin2p5_windows2_maxmargin0p0,region_median_loco,temporal_and_spatial,2.5,2.0,0.0,37,14,7,0.5,23,18,0.782608695652174,0.6413043478260869,9,4,0.4444444444444444,7,6,0.8571428571428571,1,2,False,0.4444444444444444
joint_heat_region_median_loco_kg_temporal_and_spatial_margin2p5_windows3_maxmargin0p0,region_median_loco,temporal_and_spatial,2.5,3.0,0.0,37,14,7,0.5,23,18,0.782608695652174,0.6413043478260869,9,4,0.4444444444444444,7,6,0.8571428571428571,1,2,False,0.4444444444444444
joint_heat_lead_median_loco_kg_temporal_or_spatial_margin0p5_windows2_maxmargin1p0,lead_median_loco,temporal_or_spatial,0.5,2.0,1.0,37,14,7,0.5,23,18,0.782608695652174,0.6413043478260869,9,4,0.4444444444444444,7,6,0.8571428571428571,1,3,False,0.4444444444444444
joint_heat_lead_median_loco_kg_temporal_or_spatial_margin0p5_windows3_maxmargin1p0,lead_median_loco,temporal_or_spatial,0.5,3.0,1.0,37,14,7,0.5,23,18,0.782608695652174,0.6413043478260869,9,4,0.4444444444444444,7,6,0.8571428571428571,1,3,False,0.4444444444444444
joint_heat_lead_median_loco_kg_temporal_or_spatial_margin0p75_windows3_maxmargin0p0,lead_median_loco,temporal_or_spatial,0.75,3.0,0.0,37,14,7,0.5,23,18,0.782608695652174,0.6413043478260869,9,4,0.4444444444444444,7,6,0.8571428571428571,1,3,False,0.4444444444444444
joint_heat_lead_median_loco_kg_temporal_or_spatial_margin0p75_windows3_maxmargin0p5,lead_median_loco,temporal_or_spatial,0.75,3.0,0.5,37,14,7,0.5,23,18,0.782608695652174,0.6413043478260869,9,4,0.4444444444444444,7,6,0.8571428571428571,1,3,False,0.4444444444444444
joint_heat_region_lead_shrinkage_loco_kg_temporal_or_spatial_margin0p5_windows2_maxmargin1p0,region_lead_shrinkage_loco,temporal_or_spatial,0.5,2.0,1.0,37,14,7,0.5,23,18,0.782608695652174,0.6413043478260869,9,4,0.4444444444444444,7,6,0.8571428571428571,1,3,False,0.4444444444444444
joint_heat_region_lead_shrinkage_loco_kg_temporal_or_spatial_margin0p5_windows3_maxmargin1p0,region_lead_shrinkage_loco,temporal_or_spatial,0.5,3.0,1.0,37,14,7,0.5,23,18,0.782608695652174,0.6413043478260869,9,4,0.4444444444444444,7,6,0.8571428571428571,1,3,False,0.4444444444444444
joint_heat_region_median_loco_kg_temporal_or_spatial_margin0p5_windows3_maxmargin0p0,region_median_loco,temporal_or_spatial,0.5,3.0,0.0,37,14,7,0.5,23,18,0.782608695652174,0.6413043478260869,9,4,0.4444444444444444,7,6,0.8571428571428571,1,3,False,0.4444444444444444
joint_heat_region_median_loco_kg_temporal_or_spatial_margin0p5_windows3_maxmargin0p5,region_median_loco,temporal_or_spatial,0.5,3.0,0.5,37,14,7,0.5,23,18,0.782608695652174,0.6413043478260869,9,4,0.4444444444444444,7,6,0.8571428571428571,1,3,False,0.4444444444444444
joint_heat_blend025_pooled_loco_kg_spatial_hotspot_margin0p5_windows2_maxmargin0p5,blend025_pooled_loco,spatial_hotspot,0.5,2.0,0.5,37,14,7,0.5,23,18,0.782608695652174,0.6413043478260869,9,4,0.4444444444444444,7,6,0.8571428571428571,2,1,False,0.4444444444444444
joint_heat_blend025_pooled_loco_kg_spatial_hotspot_margin0p5_windows3_maxmargin0p5,blend025_pooled_loco,spatial_hotspot,0.5,3.0,0.5,37,14,7,0.5,23,18,0.782608695652174,0.6413043478260869,9,4,0.4444444444444444,7,6,0.8571428571428571,2,1,False,0.4444444444444444
joint_heat_blend025_pooled_loco_kg_spatial_hotspot_margin0p75_windows2_maxmargin0p5,blend025_pooled_loco,spatial_hotspot,0.75,2.0,0.5,37,14,7,0.5,23,18,0.782608695652174,0.6413043478260869,9,4,0.4444444444444444,7,6,0.8571428571428571,2,1,False,0.4444444444444444
joint_heat_blend025_pooled_loco_kg_spatial_hotspot_margin0p75_windows3_maxmargin0p5,blend025_pooled_loco,spatial_hotspot,0.75,3.0,0.5,37,14,7,0.5,23,18,0.782608695652174,0.6413043478260869,9,4,0.4444444444444444,7,6,0.8571428571428571,2,1,False,0.4444444444444444
joint_heat_blend025_pooled_loco_kg_spatial_hotspot_margin1p0_windows2_maxmargin0p5,blend025_pooled_loco,spatial_hotspot,1.0,2.0,0.5,37,14,7,0.5,23,18,0.782608695652174,0.6413043478260869,9,4,0.4444444444444444,7,6,0.8571428571428571,2,1,False,0.4444444444444444
joint_heat_blend025_pooled_loco_kg_spatial_hotspot_margin1p0_windows3_maxmargin0p5,blend025_pooled_loco,spatial_hotspot,1.0,3.0,0.5,37,14,7,0.5,23,18,0.782608695652174,0.6413043478260869,9,4,0.4444444444444444,7,6,0.8571428571428571,2,1,False,0.4444444444444444
joint_heat_blend025_pooled_loco_kg_spatial_hotspot_margin1p25_windows2_maxmargin0p0,blend025_pooled_loco,spatial_hotspot,1.25,2.0,0.0,37,14,7,0.5,23,18,0.782608695652174,0.6413043478260869,9,4,0.4444444444444444,7,6,0.8571428571428571,2,1,False,0.4444444444444444
joint_heat_blend025_pooled_loco_kg_spatial_hotspot_margin1p25_windows3_maxmargin0p0,blend025_pooled_loco,spatial_hotspot,1.25,3.0,0.0,37,14,7,0.5,23,18,0.782608695652174,0.6413043478260869,9,4,0.4444444444444444,7,6,0.8571428571428571,2,1,False,0.4444444444444444
joint_heat_blend025_pooled_loco_kg_spatial_hotspot_margin1p5_windows2_maxmargin0p0,blend025_pooled_loco,spatial_hotspot,1.5,2.0,0.0,37,14,7,0.5,23,18,0.782608695652174,0.6413043478260869,9,4,0.4444444444444444,7,6,0.8571428571428571,2,1,False,0.4444444444444444
joint_heat_blend025_pooled_loco_kg_spatial_hotspot_margin1p5_windows3_maxmargin0p0,blend025_pooled_loco,spatial_hotspot,1.5,3.0,0.0,37,14,7,0.5,23,18,0.782608695652174,0.6413043478260869,9,4,0.4444444444444444,7,6,0.8571428571428571,2,1,False,0.4444444444444444
joint_heat_blend025_pooled_loco_kg_spatial_hotspot_margin2p0_windows2_maxmargin0p0,blend025_pooled_loco,spatial_hotspot,2.0,2.0,0.0,37,14,7,0.5,23,18,0.782608695652174,0.6413043478260869,9,4,0.4444444444444444,7,6,0.8571428571428571,2,1,False,0.4444444444444444
joint_heat_blend025_pooled_loco_kg_spatial_hotspot_margin2p0_windows3_maxmargin0p0,blend025_pooled_loco,spatial_hotspot,2.0,3.0,0.0,37,14,7,0.5,23,18,0.782608695652174,0.6413043478260869,9,4,0.4444444444444444,7,6,0.8571428571428571,2,1,False,0.4444444444444444
joint_heat_blend025_pooled_loco_kg_spatial_hotspot_margin2p5_windows2_maxmargin0p0,blend025_pooled_loco,spatial_hotspot,2.5,2.0,0.0,37,14,7,0.5,23,18,0.782608695652174,0.6413043478260869,9,4,0.4444444444444444,7,6,0.8571428571428571,2,1,False,0.4444444444444444
joint_heat_blend025_pooled_loco_kg_spatial_hotspot_margin2p5_windows3_maxmargin0p0,blend025_pooled_loco,spatial_hotspot,2.5,3.0,0.0,37,14,7,0.5,23,18,0.782608695652174,0.6413043478260869,9,4,0.4444444444444444,7,6,0.8571428571428571,2,1,False,0.4444444444444444
joint_heat_pooled_median_loco_kg_spatial_hotspot_margin0p75_windows2_maxmargin0p5,pooled_median_loco,spatial_hotspot,0.75,2.0,0.5,37,14,7,0.5,23,18,0.782608695652174,0.6413043478260869,9,4,0.4444444444444444,7,6,0.8571428571428571,2,1,False,0.4444444444444444
joint_heat_pooled_median_loco_kg_spatial_hotspot_margin0p75_windows3_maxmargin0p5,pooled_median_loco,spatial_hotspot,0.75,3.0,0.5,37,14,7,0.5,23,18,0.782608695652174,0.6413043478260869,9,4,0.4444444444444444,7,6,0.8571428571428571,2,1,False,0.4444444444444444
joint_heat_pooled_median_loco_kg_spatial_hotspot_margin1p0_windows2_maxmargin0p5,pooled_median_loco,spatial_hotspot,1.0,2.0,0.5,37,14,7,0.5,23,18,0.782608695652174,0.6413043478260869,9,4,0.4444444444444444,7,6,0.8571428571428571,2,1,False,0.4444444444444444
joint_heat_pooled_median_loco_kg_spatial_hotspot_margin1p0_windows3_maxmargin0p5,pooled_median_loco,spatial_hotspot,1.0,3.0,0.5,37,14,7,0.5,23,18,0.782608695652174,0.6413043478260869,9,4,0.4444444444444444,7,6,0.8571428571428571,2,1,False,0.4444444444444444
joint_heat_pooled_median_loco_kg_spatial_hotspot_margin1p25_windows2_maxmargin0p5,pooled_median_loco,spatial_hotspot,1.25,2.0,0.5,37,14,7,0.5,23,18,0.782608695652174,0.6413043478260869,9,4,0.4444444444444444,7,6,0.8571428571428571,2,1,False,0.4444444444444444
joint_heat_pooled_median_loco_kg_spatial_hotspot_margin1p25_windows3_maxmargin0p5,pooled_median_loco,spatial_hotspot,1.25,3.0,0.5,37,14,7,0.5,23,18,0.782608695652174,0.6413043478260869,9,4,0.4444444444444444,7,6,0.8571428571428571,2,1,False,0.4444444444444444
joint_heat_pooled_median_loco_kg_spatial_hotspot_margin1p5_windows2_maxmargin0p5,pooled_median_loco,spatial_hotspot,1.5,2.0,0.5,37,14,7,0.5,23,18,0.782608695652174,0.6413043478260869,9,4,0.4444444444444444,7,6,0.8571428571428571,2,1,False,0.4444444444444444
joint_heat_pooled_median_loco_kg_spatial_hotspot_margin1p5_windows3_maxmargin0p5,pooled_median_loco,spatial_hotspot,1.5,3.0,0.5,37,14,7,0.5,23,18,0.782608695652174,0.6413043478260869,9,4,0.4444444444444444,7,6,0.8571428571428571,2,1,False,0.4444444444444444
joint_heat_pooled_median_loco_kg_spatial_hotspot_margin2p0_windows2_maxmargin0p0,pooled_median_loco,spatial_hotspot,2.0,2.0,0.0,37,14,7,0.5,23,18,0.782608695652174,0.6413043478260869,9,4,0.4444444444444444,7,6,0.8571428571428571,2,1,False,0.4444444444444444
joint_heat_pooled_median_loco_kg_spatial_hotspot_margin2p0_windows3_maxmargin0p0,pooled_median_loco,spatial_hotspot,2.0,3.0,0.0,37,14,7,0.5,23,18,0.782608695652174,0.6413043478260869,9,4,0.4444444444444444,7,6,0.8571428571428571,2,1,False,0.4444444444444444
joint_heat_pooled_median_loco_kg_spatial_hotspot_margin2p5_windows2_maxmargin0p0,pooled_median_loco,spatial_hotspot,2.5,2.0,0.0,37,14,7,0.5,23,18,0.782608695652174,0.6413043478260869,9,4,0.4444444444444444,7,6,0.8571428571428571,2,1,False,0.4444444444444444
joint_heat_pooled_median_loco_kg_spatial_hotspot_margin2p5_windows3_maxmargin0p0,pooled_median_loco,spatial_hotspot,2.5,3.0,0.0,37,14,7,0.5,23,18,0.782608695652174,0.6413043478260869,9,4,0.4444444444444444,7,6,0.8571428571428571,2,1,False,0.4444444444444444
joint_heat_blend025_pooled_loco_kg_temporal_and_spatial_margin1p5_windows2_maxmargin0p5,blend025_pooled_loco,temporal_and_spatial,1.5,2.0,0.5,37,14,7,0.5,23,18,0.782608695652174,0.6413043478260869,9,4,0.4444444444444444,7,6,0.8571428571428571,2,2,False,0.4444444444444444
joint_heat_blend025_pooled_loco_kg_temporal_and_spatial_margin2p0_windows2_maxmargin0p5,blend025_pooled_loco,temporal_and_spatial,2.0,2.0,0.5,37,14,7,0.5,23,18,0.782608695652174,0.6413043478260869,9,4,0.4444444444444444,7,6,0.8571428571428571,2,2,False,0.4444444444444444
joint_heat_blend025_pooled_loco_kg_temporal_and_spatial_margin2p5_windows2_maxmargin0p0,blend025_pooled_loco,temporal_and_spatial,2.5,2.0,0.0,37,14,7,0.5,23,18,0.782608695652174,0.6413043478260869,9,4,0.4444444444444444,7,6,0.8571428571428571,2,2,False,0.4444444444444444
joint_heat_blend025_pooled_loco_kg_temporal_and_spatial_margin2p5_windows3_maxmargin0p5,blend025_pooled_loco,temporal_and_spatial,2.5,3.0,0.5,37,14,7,0.5,23,18,0.782608695652174,0.6413043478260869,9,4,0.4444444444444444,7,6,0.8571428571428571,2,2,False,0.4444444444444444
joint_heat_pooled_median_loco_kg_temporal_and_spatial_margin1p5_windows2_maxmargin0p5,pooled_median_loco,temporal_and_spatial,1.5,2.0,0.5,37,14,7,0.5,23,18,0.782608695652174,0.6413043478260869,9,4,0.4444444444444444,7,6,0.8571428571428571,2,2,False,0.4444444444444444
joint_heat_pooled_median_loco_kg_temporal_and_spatial_margin2p0_windows2_maxmargin0p5,pooled_median_loco,temporal_and_spatial,2.0,2.0,0.5,37,14,7,0.5,23,18,0.782608695652174,0.6413043478260869,9,4,0.4444444444444444,7,6,0.8571428571428571,2,2,False,0.4444444444444444
joint_heat_pooled_median_loco_kg_temporal_and_spatial_margin2p5_windows2_maxmargin0p0,pooled_median_loco,temporal_and_spatial,2.5,2.0,0.0,37,14,7,0.5,23,18,0.782608695652174,0.6413043478260869,9,4,0.4444444444444444,7,6,0.8571428571428571,2,2,False,0.4444444444444444
joint_heat_pooled_median_loco_kg_temporal_and_spatial_margin2p5_windows3_maxmargin0p5,pooled_median_loco,temporal_and_spatial,2.5,3.0,0.5,37,14,7,0.5,23,18,0.782608695652174,0.6413043478260869,9,4,0.4444444444444444,7,6,0.8571428571428571,2,2,False,0.4444444444444444
joint_heat_blend050_pooled_loco_kg_spatial_hotspot_margin0p5_windows2_maxmargin1p0,blend050_pooled_loco,spatial_hotspot,0.5,2.0,1.0,37,14,7,0.5,23,18,0.782608695652174,0.6413043478260869,9,4,0.4444444444444444,7,6,0.8571428571428571,5,1,False,0.4444444444444444
joint_heat_blend050_pooled_loco_kg_spatial_hotspot_margin0p5_windows3_maxmargin1p0,blend050_pooled_loco,spatial_hotspot,0.5,3.0,1.0,37,14,7,0.5,23,18,0.782608695652174,0.6413043478260869,9,4,0.4444444444444444,7,6,0.8571428571428571,5,1,False,0.4444444444444444
joint_heat_blend075_pooled_loco_kg_temporal_near_threshold_margin0p5_windows2_maxmargin0p0,blend075_pooled_loco,temporal_near_threshold,0.5,2.0,0.0,37,14,7,0.5,23,18,0.782608695652174,0.6413043478260869,9,4,0.4444444444444444,7,6,0.8571428571428571,5,1,False,0.4444444444444444
joint_heat_blend075_pooled_loco_kg_temporal_near_threshold_margin0p5_windows2_maxmargin0p5,blend075_pooled_loco,temporal_near_threshold,0.5,2.0,0.5,37,14,7,0.5,23,18,0.782608695652174,0.6413043478260869,9,4,0.4444444444444444,7,6,0.8571428571428571,5,1,False,0.4444444444444444
joint_heat_blend075_pooled_loco_kg_temporal_near_threshold_margin0p5_windows2_maxmargin1p0,blend075_pooled_loco,temporal_near_threshold,0.5,2.0,1.0,37,14,7,0.5,23,18,0.782608695652174,0.6413043478260869,9,4,0.4444444444444444,7,6,0.8571428571428571,5,1,False,0.4444444444444444
joint_heat_blend075_pooled_loco_kg_temporal_and_spatial_margin0p5_windows2_maxmargin1p0,blend075_pooled_loco,temporal_and_spatial,0.5,2.0,1.0,37,14,7,0.5,23,18,0.782608695652174,0.6413043478260869,9,4,0.4444444444444444,7,6,0.8571428571428571,5,2,False,0.4444444444444444
joint_heat_blend050_pooled_loco_kg_temporal_or_spatial_margin0p5_windows2_maxmargin0p0,blend050_pooled_loco,temporal_or_spatial,0.5,2.0,0.0,37,14,7,0.5,23,18,0.782608695652174,0.6413043478260869,9,4,0.4444444444444444,7,6,0.8571428571428571,5,3,False,0.4444444444444444
joint_heat_blend050_pooled_loco_kg_temporal_or_spatial_margin0p5_windows2_maxmargin0p5,blend050_pooled_loco,temporal_or_spatial,0.5,2.0,0.5,37,14,7,0.5,23,18,0.782608695652174,0.6413043478260869,9,4,0.4444444444444444,7,6,0.8571428571428571,5,3,False,0.4444444444444444
joint_heat_blend050_pooled_loco_kg_temporal_or_spatial_margin0p5_windows2_maxmargin1p0,blend050_pooled_loco,temporal_or_spatial,0.5,2.0,1.0,37,14,7,0.5,23,18,0.782608695652174,0.6413043478260869,9,4,0.4444444444444444,7,6,0.8571428571428571,5,3,False,0.4444444444444444
joint_heat_blend050_pooled_loco_kg_temporal_or_spatial_margin0p5_windows3_maxmargin1p0,blend050_pooled_loco,temporal_or_spatial,0.5,3.0,1.0,37,14,7,0.5,23,18,0.782608695652174,0.6413043478260869,9,4,0.4444444444444444,7,6,0.8571428571428571,5,3,False,0.4444444444444444
joint_heat_ridge_state_loco_lambda1_kg_spatial_hotspot_margin0p75_windows2_maxmargin1p0,ridge_state_loco_lambda1,spatial_hotspot,0.75,2.0,1.0,37,14,7,0.5,23,18,0.782608695652174,0.6413043478260869,9,4,0.4444444444444444,7,6,0.8571428571428571,6,1,False,0.4444444444444444
joint_heat_ridge_state_loco_lambda1_kg_spatial_hotspot_margin0p75_windows3_maxmargin1p0,ridge_state_loco_lambda1,spatial_hotspot,0.75,3.0,1.0,37,14,7,0.5,23,18,0.782608695652174,0.6413043478260869,9,4,0.4444444444444444,7,6,0.8571428571428571,6,1,False,0.4444444444444444
joint_heat_ridge_state_loco_lambda1_kg_spatial_hotspot_margin1p0_windows2_maxmargin1p0,ridge_state_loco_lambda1,spatial_hotspot,1.0,2.0,1.0,37,14,7,0.5,23,18,0.782608695652174,0.6413043478260869,9,4,0.4444444444444444,7,6,0.8571428571428571,6,1,False,0.4444444444444444
joint_heat_ridge_state_loco_lambda1_kg_spatial_hotspot_margin1p0_windows3_maxmargin1p0,ridge_state_loco_lambda1,spatial_hotspot,1.0,3.0,1.0,37,14,7,0.5,23,18,0.782608695652174,0.6413043478260869,9,4,0.4444444444444444,7,6,0.8571428571428571,6,1,False,0.4444444444444444
joint_heat_ridge_state_loco_lambda1_kg_temporal_or_spatial_margin0p75_windows2_maxmargin1p0,ridge_state_loco_lambda1,temporal_or_spatial,0.75,2.0,1.0,37,14,7,0.5,23,18,0.782608695652174,0.6413043478260869,9,4,0.4444444444444444,7,6,0.8571428571428571,6,3,False,0.4444444444444444
joint_heat_ridge_state_loco_lambda1_kg_temporal_or_spatial_margin0p75_windows3_maxmargin1p0,ridge_state_loco_lambda1,temporal_or_spatial,0.75,3.0,1.0,37,14,7,0.5,23,18,0.782608695652174,0.6413043478260869,9,4,0.4444444444444444,7,6,0.8571428571428571,6,3,False,0.4444444444444444
joint_heat_ridge_state_loco_lambda1_kg_temporal_or_spatial_margin1p0_windows3_maxmargin1p0,ridge_state_loco_lambda1,temporal_or_spatial,1.0,3.0,1.0,37,14,7,0.5,23,18,0.782608695652174,0.6413043478260869,9,4,0.4444444444444444,7,6,0.8571428571428571,6,3,False,0.4444444444444444
joint_heat_maximum_pooled_loco_kg_spatial_hotspot_margin0p75_windows2_maxmargin1p0,maximum_pooled_loco,spatial_hotspot,0.75,2.0,1.0,37,14,8,0.5714285714285714,23,16,0.6956521739130435,0.6335403726708074,9,4,0.4444444444444444,7,6,0.8571428571428571,8,1,False,0.4444444444444444
joint_heat_maximum_pooled_loco_kg_spatial_hotspot_margin0p75_windows3_maxmargin1p0,maximum_pooled_loco,spatial_hotspot,0.75,3.0,1.0,37,14,8,0.5714285714285714,23,16,0.6956521739130435,0.6335403726708074,9,4,0.4444444444444444,7,6,0.8571428571428571,8,1,False,0.4444444444444444
joint_heat_blend075_pooled_loco_kg_temporal_and_spatial_margin1p5_windows3_maxmargin1p0,blend075_pooled_loco,temporal_and_spatial,1.5,3.0,1.0,37,14,8,0.5714285714285714,23,16,0.6956521739130435,0.6335403726708074,9,4,0.4444444444444444,7,6,0.8571428571428571,8,2,False,0.4444444444444444
joint_heat_maximum_pooled_loco_kg_temporal_or_spatial_margin0p75_windows2_maxmargin1p0,maximum_pooled_loco,temporal_or_spatial,0.75,2.0,1.0,37,14,8,0.5714285714285714,23,16,0.6956521739130435,0.6335403726708074,9,4,0.4444444444444444,7,6,0.8571428571428571,8,3,False,0.4444444444444444
joint_heat_maximum_pooled_loco_kg_temporal_or_spatial_margin0p75_windows3_maxmargin1p0,maximum_pooled_loco,temporal_or_spatial,0.75,3.0,1.0,37,14,8,0.5714285714285714,23,16,0.6956521739130435,0.6335403726708074,9,4,0.4444444444444444,7,6,0.8571428571428571,8,3,False,0.4444444444444444
joint_heat_lead_median_loco_kg_spatial_hotspot_margin0p75_windows2_maxmargin1p0,lead_median_loco,spatial_hotspot,0.75,2.0,1.0,37,14,8,0.5714285714285714,23,16,0.6956521739130435,0.6335403726708074,9,4,0.4444444444444444,7,5,0.7142857142857143,4,1,False,0.4444444444444444
joint_heat_lead_median_loco_kg_spatial_hotspot_margin0p75_windows3_maxmargin1p0,lead_median_loco,spatial_hotspot,0.75,3.0,1.0,37,14,8,0.5714285714285714,23,16,0.6956521739130435,0.6335403726708074,9,4,0.4444444444444444,7,5,0.7142857142857143,4,1,False,0.4444444444444444
joint_heat_lead_median_loco_kg_temporal_or_spatial_margin0p75_windows3_maxmargin1p0,lead_median_loco,temporal_or_spatial,0.75,3.0,1.0,37,14,8,0.5714285714285714,23,16,0.6956521739130435,0.6335403726708074,9,4,0.4444444444444444,7,5,0.7142857142857143,4,3,False,0.4444444444444444
joint_heat_ridge_state_loco_lambda1_kg_spatial_hotspot_margin1p5_windows2_maxmargin1p0,ridge_state_loco_lambda1,spatial_hotspot,1.5,2.0,1.0,37,14,9,0.6428571428571429,23,14,0.6086956521739131,0.6257763975155279,9,4,0.4444444444444444,7,5,0.7142857142857143,12,1,False,0.4444444444444444
joint_heat_ridge_state_loco_lambda1_kg_spatial_hotspot_margin1p5_windows3_maxmargin1p0,ridge_state_loco_lambda1,spatial_hotspot,1.5,3.0,1.0,37,14,9,0.6428571428571429,23,14,0.6086956521739131,0.6257763975155279,9,4,0.4444444444444444,7,5,0.7142857142857143,12,1,False,0.4444444444444444
joint_heat_ridge_state_loco_lambda1_kg_temporal_or_spatial_margin1p5_windows3_maxmargin1p0,ridge_state_loco_lambda1,temporal_or_spatial,1.5,3.0,1.0,37,14,9,0.6428571428571429,23,14,0.6086956521739131,0.6257763975155279,9,4,0.4444444444444444,7,5,0.7142857142857143,12,3,False,0.4444444444444444
joint_heat_lead_median_loco_kg_spatial_hotspot_margin1p0_windows2_maxmargin0p5,lead_median_loco,spatial_hotspot,1.0,2.0,0.5,37,14,7,0.5,23,17,0.7391304347826086,0.6195652173913043,9,4,0.4444444444444444,7,6,0.8571428571428571,2,1,False,0.4444444444444444
joint_heat_lead_median_loco_kg_spatial_hotspot_margin1p0_windows3_maxmargin0p5,lead_median_loco,spatial_hotspot,1.0,3.0,0.5,37,14,7,0.5,23,17,0.7391304347826086,0.6195652173913043,9,4,0.4444444444444444,7,6,0.8571428571428571,2,1,False,0.4444444444444444
joint_heat_lead_median_loco_kg_spatial_hotspot_margin1p25_windows2_maxmargin0p5,lead_median_loco,spatial_hotspot,1.25,2.0,0.5,37,14,7,0.5,23,17,0.7391304347826086,0.6195652173913043,9,4,0.4444444444444444,7,6,0.8571428571428571,2,1,False,0.4444444444444444
joint_heat_lead_median_loco_kg_spatial_hotspot_margin1p25_windows3_maxmargin0p5,lead_median_loco,spatial_hotspot,1.25,3.0,0.5,37,14,7,0.5,23,17,0.7391304347826086,0.6195652173913043,9,4,0.4444444444444444,7,6,0.8571428571428571,2,1,False,0.4444444444444444
joint_heat_lead_median_loco_kg_spatial_hotspot_margin1p5_windows2_maxmargin0p5,lead_median_loco,spatial_hotspot,1.5,2.0,0.5,37,14,7,0.5,23,17,0.7391304347826086,0.6195652173913043,9,4,0.4444444444444444,7,6,0.8571428571428571,2,1,False,0.4444444444444444
joint_heat_lead_median_loco_kg_spatial_hotspot_margin1p5_windows3_maxmargin0p5,lead_median_loco,spatial_hotspot,1.5,3.0,0.5,37,14,7,0.5,23,17,0.7391304347826086,0.6195652173913043,9,4,0.4444444444444444,7,6,0.8571428571428571,2,1,False,0.4444444444444444
joint_heat_lead_median_loco_kg_spatial_hotspot_margin2p0_windows2_maxmargin0p5,lead_median_loco,spatial_hotspot,2.0,2.0,0.5,37,14,7,0.5,23,17,0.7391304347826086,0.6195652173913043,9,4,0.4444444444444444,7,6,0.8571428571428571,2,1,False,0.4444444444444444
joint_heat_lead_median_loco_kg_spatial_hotspot_margin2p0_windows3_maxmargin0p5,lead_median_loco,spatial_hotspot,2.0,3.0,0.5,37,14,7,0.5,23,17,0.7391304347826086,0.6195652173913043,9,4,0.4444444444444444,7,6,0.8571428571428571,2,1,False,0.4444444444444444
joint_heat_lead_median_loco_kg_spatial_hotspot_margin2p5_windows2_maxmargin0p0,lead_median_loco,spatial_hotspot,2.5,2.0,0.0,37,14,7,0.5,23,17,0.7391304347826086,0.6195652173913043,9,4,0.4444444444444444,7,6,0.8571428571428571,2,1,False,0.4444444444444444
joint_heat_lead_median_loco_kg_spatial_hotspot_margin2p5_windows3_maxmargin0p0,lead_median_loco,spatial_hotspot,2.5,3.0,0.0,37,14,7,0.5,23,17,0.7391304347826086,0.6195652173913043,9,4,0.4444444444444444,7,6,0.8571428571428571,2,1,False,0.4444444444444444
joint_heat_region_lead_shrinkage_loco_kg_spatial_hotspot_margin0p75_windows2_maxmargin1p0,region_lead_shrinkage_loco,spatial_hotspot,0.75,2.0,1.0,37,14,7,0.5,23,17,0.7391304347826086,0.6195652173913043,9,4,0.4444444444444444,7,6,0.8571428571428571,2,1,False,0.4444444444444444
joint_heat_region_lead_shrinkage_loco_kg_spatial_hotspot_margin0p75_windows3_maxmargin1p0,region_lead_shrinkage_loco,spatial_hotspot,0.75,3.0,1.0,37,14,7,0.5,23,17,0.7391304347826086,0.6195652173913043,9,4,0.4444444444444444,7,6,0.8571428571428571,2,1,False,0.4444444444444444
joint_heat_region_lead_shrinkage_loco_kg_spatial_hotspot_margin1p0_windows2_maxmargin0p5,region_lead_shrinkage_loco,spatial_hotspot,1.0,2.0,0.5,37,14,7,0.5,23,17,0.7391304347826086,0.6195652173913043,9,4,0.4444444444444444,7,6,0.8571428571428571,2,1,False,0.4444444444444444
joint_heat_region_lead_shrinkage_loco_kg_spatial_hotspot_margin1p0_windows3_maxmargin0p5,region_lead_shrinkage_loco,spatial_hotspot,1.0,3.0,0.5,37,14,7,0.5,23,17,0.7391304347826086,0.6195652173913043,9,4,0.4444444444444444,7,6,0.8571428571428571,2,1,False,0.4444444444444444
joint_heat_region_lead_shrinkage_loco_kg_spatial_hotspot_margin1p25_windows2_maxmargin0p5,region_lead_shrinkage_loco,spatial_hotspot,1.25,2.0,0.5,37,14,7,0.5,23,17,0.7391304347826086,0.6195652173913043,9,4,0.4444444444444444,7,6,0.8571428571428571,2,1,False,0.4444444444444444
joint_heat_region_lead_shrinkage_loco_kg_spatial_hotspot_margin1p25_windows3_maxmargin0p5,region_lead_shrinkage_loco,spatial_hotspot,1.25,3.0,0.5,37,14,7,0.5,23,17,0.7391304347826086,0.6195652173913043,9,4,0.4444444444444444,7,6,0.8571428571428571,2,1,False,0.4444444444444444
joint_heat_region_lead_shrinkage_loco_kg_spatial_hotspot_margin1p5_windows2_maxmargin0p5,region_lead_shrinkage_loco,spatial_hotspot,1.5,2.0,0.5,37,14,7,0.5,23,17,0.7391304347826086,0.6195652173913043,9,4,0.4444444444444444,7,6,0.8571428571428571,2,1,False,0.4444444444444444
joint_heat_region_lead_shrinkage_loco_kg_spatial_hotspot_margin1p5_windows3_maxmargin0p5,region_lead_shrinkage_loco,spatial_hotspot,1.5,3.0,0.5,37,14,7,0.5,23,17,0.7391304347826086,0.6195652173913043,9,4,0.4444444444444444,7,6,0.8571428571428571,2,1,False,0.4444444444444444
joint_heat_region_lead_shrinkage_loco_kg_spatial_hotspot_margin2p0_windows2_maxmargin0p5,region_lead_shrinkage_loco,spatial_hotspot,2.0,2.0,0.5,37,14,7,0.5,23,17,0.7391304347826086,0.6195652173913043,9,4,0.4444444444444444,7,6,0.8571428571428571,2,1,False,0.4444444444444444
joint_heat_region_lead_shrinkage_loco_kg_spatial_hotspot_margin2p0_windows3_maxmargin0p5,region_lead_shrinkage_loco,spatial_hotspot,2.0,3.0,0.5,37,14,7,0.5,23,17,0.7391304347826086,0.6195652173913043,9,4,0.4444444444444444,7,6,0.8571428571428571,2,1,False,0.4444444444444444
joint_heat_region_lead_shrinkage_loco_kg_spatial_hotspot_margin2p5_windows2_maxmargin0p0,region_lead_shrinkage_loco,spatial_hotspot,2.5,2.0,0.0,37,14,7,0.5,23,17,0.7391304347826086,0.6195652173913043,9,4,0.4444444444444444,7,6,0.8571428571428571,2,1,False,0.4444444444444444
joint_heat_region_lead_shrinkage_loco_kg_spatial_hotspot_margin2p5_windows3_maxmargin0p0,region_lead_shrinkage_loco,spatial_hotspot,2.5,3.0,0.0,37,14,7,0.5,23,17,0.7391304347826086,0.6195652173913043,9,4,0.4444444444444444,7,6,0.8571428571428571,2,1,False,0.4444444444444444
joint_heat_region_median_loco_kg_spatial_hotspot_margin1p25_windows2_maxmargin0p5,region_median_loco,spatial_hotspot,1.25,2.0,0.5,37,14,7,0.5,23,17,0.7391304347826086,0.6195652173913043,9,4,0.4444444444444444,7,6,0.8571428571428571,2,1,False,0.4444444444444444
joint_heat_region_median_loco_kg_spatial_hotspot_margin1p25_windows3_maxmargin0p5,region_median_loco,spatial_hotspot,1.25,3.0,0.5,37,14,7,0.5,23,17,0.7391304347826086,0.6195652173913043,9,4,0.4444444444444444,7,6,0.8571428571428571,2,1,False,0.4444444444444444
joint_heat_region_median_loco_kg_spatial_hotspot_margin1p5_windows2_maxmargin0p5,region_median_loco,spatial_hotspot,1.5,2.0,0.5,37,14,7,0.5,23,17,0.7391304347826086,0.6195652173913043,9,4,0.4444444444444444,7,6,0.8571428571428571,2,1,False,0.4444444444444444
joint_heat_region_median_loco_kg_spatial_hotspot_margin1p5_windows3_maxmargin0p5,region_median_loco,spatial_hotspot,1.5,3.0,0.5,37,14,7,0.5,23,17,0.7391304347826086,0.6195652173913043,9,4,0.4444444444444444,7,6,0.8571428571428571,2,1,False,0.4444444444444444
joint_heat_region_median_loco_kg_temporal_near_threshold_margin0p75_windows3_maxmargin0p0,region_median_loco,temporal_near_threshold,0.75,3.0,0.0,37,14,7,0.5,23,17,0.7391304347826086,0.6195652173913043,9,4,0.4444444444444444,7,6,0.8571428571428571,2,1,False,0.4444444444444444
joint_heat_region_median_loco_kg_temporal_near_threshold_margin0p75_windows3_maxmargin0p5,region_median_loco,temporal_near_threshold,0.75,3.0,0.5,37,14,7,0.5,23,17,0.7391304347826086,0.6195652173913043,9,4,0.4444444444444444,7,6,0.8571428571428571,2,1,False,0.4444444444444444
joint_heat_region_median_loco_kg_temporal_near_threshold_margin0p75_windows3_maxmargin1p0,region_median_loco,temporal_near_threshold,0.75,3.0,1.0,37,14,7,0.5,23,17,0.7391304347826086,0.6195652173913043,9,4,0.4444444444444444,7,6,0.8571428571428571,2,1,False,0.4444444444444444
joint_heat_region_median_loco_kg_temporal_near_threshold_margin1p0_windows3_maxmargin0p0,region_median_loco,temporal_near_threshold,1.0,3.0,0.0,37,14,7,0.5,23,17,0.7391304347826086,0.6195652173913043,9,4,0.4444444444444444,7,6,0.8571428571428571,2,1,False,0.4444444444444444
joint_heat_region_median_loco_kg_temporal_near_threshold_margin1p0_windows3_maxmargin0p5,region_median_loco,temporal_near_threshold,1.0,3.0,0.5,37,14,7,0.5,23,17,0.7391304347826086,0.6195652173913043,9,4,0.4444444444444444,7,6,0.8571428571428571,2,1,False,0.4444444444444444
joint_heat_region_median_loco_kg_temporal_near_threshold_margin1p0_windows3_maxmargin1p0,region_median_loco,temporal_near_threshold,1.0,3.0,1.0,37,14,7,0.5,23,17,0.7391304347826086,0.6195652173913043,9,4,0.4444444444444444,7,6,0.8571428571428571,2,1,False,0.4444444444444444
joint_heat_lead_median_loco_kg_temporal_and_spatial_margin1p25_windows2_maxmargin0p5,lead_median_loco,temporal_and_spatial,1.25,2.0,0.5,37,14,7,0.5,23,17,0.7391304347826086,0.6195652173913043,9,4,0.4444444444444444,7,6,0.8571428571428571,2,2,False,0.4444444444444444
joint_heat_lead_median_loco_kg_temporal_and_spatial_margin1p5_windows2_maxmargin0p5,lead_median_loco,temporal_and_spatial,1.5,2.0,0.5,37,14,7,0.5,23,17,0.7391304347826086,0.6195652173913043,9,4,0.4444444444444444,7,6,0.8571428571428571,2,2,False,0.4444444444444444
joint_heat_lead_median_loco_kg_temporal_and_spatial_margin2p0_windows2_maxmargin0p5,lead_median_loco,temporal_and_spatial,2.0,2.0,0.5,37,14,7,0.5,23,17,0.7391304347826086,0.6195652173913043,9,4,0.4444444444444444,7,6,0.8571428571428571,2,2,False,0.4444444444444444
joint_heat_lead_median_loco_kg_temporal_and_spatial_margin2p5_windows2_maxmargin0p0,lead_median_loco,temporal_and_spatial,2.5,2.0,0.0,37,14,7,0.5,23,17,0.7391304347826086,0.6195652173913043,9,4,0.4444444444444444,7,6,0.8571428571428571,2,2,False,0.4444444444444444
joint_heat_region_lead_shrinkage_loco_kg_temporal_and_spatial_margin0p75_windows2_maxmargin1p0,region_lead_shrinkage_loco,temporal_and_spatial,0.75,2.0,1.0,37,14,7,0.5,23,17,0.7391304347826086,0.6195652173913043,9,4,0.4444444444444444,7,6,0.8571428571428571,2,2,False,0.4444444444444444
joint_heat_region_lead_shrinkage_loco_kg_temporal_and_spatial_margin1p25_windows2_maxmargin0p5,region_lead_shrinkage_loco,temporal_and_spatial,1.25,2.0,0.5,37,14,7,0.5,23,17,0.7391304347826086,0.6195652173913043,9,4,0.4444444444444444,7,6,0.8571428571428571,2,2,False,0.4444444444444444
joint_heat_region_lead_shrinkage_loco_kg_temporal_and_spatial_margin1p5_windows2_maxmargin0p5,region_lead_shrinkage_loco,temporal_and_spatial,1.5,2.0,0.5,37,14,7,0.5,23,17,0.7391304347826086,0.6195652173913043,9,4,0.4444444444444444,7,6,0.8571428571428571,2,2,False,0.4444444444444444
joint_heat_region_lead_shrinkage_loco_kg_temporal_and_spatial_margin2p0_windows2_maxmargin0p5,region_lead_shrinkage_loco,temporal_and_spatial,2.0,2.0,0.5,37,14,7,0.5,23,17,0.7391304347826086,0.6195652173913043,9,4,0.4444444444444444,7,6,0.8571428571428571,2,2,False,0.4444444444444444
joint_heat_region_lead_shrinkage_loco_kg_temporal_and_spatial_margin2p5_windows2_maxmargin0p0,region_lead_shrinkage_loco,temporal_and_spatial,2.5,2.0,0.0,37,14,7,0.5,23,17,0.7391304347826086,0.6195652173913043,9,4,0.4444444444444444,7,6,0.8571428571428571,2,2,False,0.4444444444444444
joint_heat_region_median_loco_kg_temporal_and_spatial_margin0p75_windows3_maxmargin1p0,region_median_loco,temporal_and_spatial,0.75,3.0,1.0,37,14,7,0.5,23,17,0.7391304347826086,0.6195652173913043,9,4,0.4444444444444444,7,6,0.8571428571428571,2,2,False,0.4444444444444444
joint_heat_region_median_loco_kg_temporal_and_spatial_margin1p0_windows3_maxmargin1p0,region_median_loco,temporal_and_spatial,1.0,3.0,1.0,37,14,7,0.5,23,17,0.7391304347826086,0.6195652173913043,9,4,0.4444444444444444,7,6,0.8571428571428571,2,2,False,0.4444444444444444
joint_heat_region_median_loco_kg_temporal_and_spatial_margin2p0_windows2_maxmargin0p5,region_median_loco,temporal_and_spatial,2.0,2.0,0.5,37,14,7,0.5,23,17,0.7391304347826086,0.6195652173913043,9,4,0.4444444444444444,7,6,0.8571428571428571,2,2,False,0.4444444444444444
joint_heat_region_median_loco_kg_temporal_and_spatial_margin2p5_windows2_maxmargin0p5,region_median_loco,temporal_and_spatial,2.5,2.0,0.5,37,14,7,0.5,23,17,0.7391304347826086,0.6195652173913043,9,4,0.4444444444444444,7,6,0.8571428571428571,2,2,False,0.4444444444444444
joint_heat_region_median_loco_kg_temporal_and_spatial_margin2p5_windows3_maxmargin0p5,region_median_loco,temporal_and_spatial,2.5,3.0,0.5,37,14,7,0.5,23,17,0.7391304347826086,0.6195652173913043,9,4,0.4444444444444444,7,6,0.8571428571428571,2,2,False,0.4444444444444444
joint_heat_lead_median_loco_kg_temporal_or_spatial_margin1p0_windows3_maxmargin0p0,lead_median_loco,temporal_or_spatial,1.0,3.0,0.0,37,14,7,0.5,23,17,0.7391304347826086,0.6195652173913043,9,4,0.4444444444444444,7,6,0.8571428571428571,2,3,False,0.4444444444444444
joint_heat_lead_median_loco_kg_temporal_or_spatial_margin1p0_windows3_maxmargin0p5,lead_median_loco,temporal_or_spatial,1.0,3.0,0.5,37,14,7,0.5,23,17,0.7391304347826086,0.6195652173913043,9,4,0.4444444444444444,7,6,0.8571428571428571,2,3,False,0.4444444444444444
joint_heat_region_lead_shrinkage_loco_kg_temporal_or_spatial_margin0p75_windows3_maxmargin1p0,region_lead_shrinkage_loco,temporal_or_spatial,0.75,3.0,1.0,37,14,7,0.5,23,17,0.7391304347826086,0.6195652173913043,9,4,0.4444444444444444,7,6,0.8571428571428571,2,3,False,0.4444444444444444
joint_heat_region_lead_shrinkage_loco_kg_temporal_or_spatial_margin1p0_windows3_maxmargin0p0,region_lead_shrinkage_loco,temporal_or_spatial,1.0,3.0,0.0,37,14,7,0.5,23,17,0.7391304347826086,0.6195652173913043,9,4,0.4444444444444444,7,6,0.8571428571428571,2,3,False,0.4444444444444444
joint_heat_region_lead_shrinkage_loco_kg_temporal_or_spatial_margin1p0_windows3_maxmargin0p5,region_lead_shrinkage_loco,temporal_or_spatial,1.0,3.0,0.5,37,14,7,0.5,23,17,0.7391304347826086,0.6195652173913043,9,4,0.4444444444444444,7,6,0.8571428571428571,2,3,False,0.4444444444444444
joint_heat_region_median_loco_kg_temporal_or_spatial_margin0p75_windows3_maxmargin0p0,region_median_loco,temporal_or_spatial,0.75,3.0,0.0,37,14,7,0.5,23,17,0.7391304347826086,0.6195652173913043,9,4,0.4444444444444444,7,6,0.8571428571428571,2,3,False,0.4444444444444444
joint_heat_region_median_loco_kg_temporal_or_spatial_margin0p75_windows3_maxmargin0p5,region_median_loco,temporal_or_spatial,0.75,3.0,0.5,37,14,7,0.5,23,17,0.7391304347826086,0.6195652173913043,9,4,0.4444444444444444,7,6,0.8571428571428571,2,3,False,0.4444444444444444
joint_heat_region_median_loco_kg_temporal_or_spatial_margin1p0_windows3_maxmargin0p0,region_median_loco,temporal_or_spatial,1.0,3.0,0.0,37,14,7,0.5,23,17,0.7391304347826086,0.6195652173913043,9,4,0.4444444444444444,7,6,0.8571428571428571,2,3,False,0.4444444444444444
joint_heat_region_median_loco_kg_temporal_or_spatial_margin1p0_windows3_maxmargin0p5,region_median_loco,temporal_or_spatial,1.0,3.0,0.5,37,14,7,0.5,23,17,0.7391304347826086,0.6195652173913043,9,4,0.4444444444444444,7,6,0.8571428571428571,2,3,False,0.4444444444444444
joint_heat_blend025_pooled_loco_kg_spatial_hotspot_margin1p25_windows2_maxmargin0p5,blend025_pooled_loco,spatial_hotspot,1.25,2.0,0.5,37,14,7,0.5,23,17,0.7391304347826086,0.6195652173913043,9,4,0.4444444444444444,7,6,0.8571428571428571,3,1,False,0.4444444444444444
joint_heat_blend025_pooled_loco_kg_spatial_hotspot_margin1p25_windows3_maxmargin0p5,blend025_pooled_loco,spatial_hotspot,1.25,3.0,0.5,37,14,7,0.5,23,17,0.7391304347826086,0.6195652173913043,9,4,0.4444444444444444,7,6,0.8571428571428571,3,1,False,0.4444444444444444
joint_heat_blend025_pooled_loco_kg_spatial_hotspot_margin1p5_windows2_maxmargin0p5,blend025_pooled_loco,spatial_hotspot,1.5,2.0,0.5,37,14,7,0.5,23,17,0.7391304347826086,0.6195652173913043,9,4,0.4444444444444444,7,6,0.8571428571428571,3,1,False,0.4444444444444444
joint_heat_blend025_pooled_loco_kg_spatial_hotspot_margin1p5_windows3_maxmargin0p5,blend025_pooled_loco,spatial_hotspot,1.5,3.0,0.5,37,14,7,0.5,23,17,0.7391304347826086,0.6195652173913043,9,4,0.4444444444444444,7,6,0.8571428571428571,3,1,False,0.4444444444444444
joint_heat_blend025_pooled_loco_kg_spatial_hotspot_margin2p0_windows2_maxmargin0p5,blend025_pooled_loco,spatial_hotspot,2.0,2.0,0.5,37,14,7,0.5,23,17,0.7391304347826086,0.6195652173913043,9,4,0.4444444444444444,7,6,0.8571428571428571,3,1,False,0.4444444444444444
joint_heat_blend025_pooled_loco_kg_spatial_hotspot_margin2p0_windows3_maxmargin0p5,blend025_pooled_loco,spatial_hotspot,2.0,3.0,0.5,37,14,7,0.5,23,17,0.7391304347826086,0.6195652173913043,9,4,0.4444444444444444,7,6,0.8571428571428571,3,1,False,0.4444444444444444
joint_heat_blend025_pooled_loco_kg_spatial_hotspot_margin2p5_windows2_maxmargin0p5,blend025_pooled_loco,spatial_hotspot,2.5,2.0,0.5,37,14,7,0.5,23,17,0.7391304347826086,0.6195652173913043,9,4,0.4444444444444444,7,6,0.8571428571428571,3,1,False,0.4444444444444444
joint_heat_blend025_pooled_loco_kg_spatial_hotspot_margin2p5_windows3_maxmargin0p5,blend025_pooled_loco,spatial_hotspot,2.5,3.0,0.5,37,14,7,0.5,23,17,0.7391304347826086,0.6195652173913043,9,4,0.4444444444444444,7,6,0.8571428571428571,3,1,False,0.4444444444444444
joint_heat_pooled_median_loco_kg_spatial_hotspot_margin2p0_windows2_maxmargin0p5,pooled_median_loco,spatial_hotspot,2.0,2.0,0.5,37,14,7,0.5,23,17,0.7391304347826086,0.6195652173913043,9,4,0.4444444444444444,7,6,0.8571428571428571,3,1,False,0.4444444444444444
joint_heat_pooled_median_loco_kg_spatial_hotspot_margin2p0_windows3_maxmargin0p5,pooled_median_loco,spatial_hotspot,2.0,3.0,0.5,37,14,7,0.5,23,17,0.7391304347826086,0.6195652173913043,9,4,0.4444444444444444,7,6,0.8571428571428571,3,1,False,0.4444444444444444
joint_heat_pooled_median_loco_kg_spatial_hotspot_margin2p5_windows2_maxmargin0p5,pooled_median_loco,spatial_hotspot,2.5,2.0,0.5,37,14,7,0.5,23,17,0.7391304347826086,0.6195652173913043,9,4,0.4444444444444444,7,6,0.8571428571428571,3,1,False,0.4444444444444444
joint_heat_pooled_median_loco_kg_spatial_hotspot_margin2p5_windows3_maxmargin0p5,pooled_median_loco,spatial_hotspot,2.5,3.0,0.5,37,14,7,0.5,23,17,0.7391304347826086,0.6195652173913043,9,4,0.4444444444444444,7,6,0.8571428571428571,3,1,False,0.4444444444444444
joint_heat_blend025_pooled_loco_kg_temporal_and_spatial_margin1p0_windows3_maxmargin1p0,blend025_pooled_loco,temporal_and_spatial,1.0,3.0,1.0,37,14,7,0.5,23,17,0.7391304347826086,0.6195652173913043,9,4,0.4444444444444444,7,6,0.8571428571428571,3,2,False,0.4444444444444444
joint_heat_blend025_pooled_loco_kg_temporal_and_spatial_margin2p5_windows2_maxmargin0p5,blend025_pooled_loco,temporal_and_spatial,2.5,2.0,0.5,37,14,7,0.5,23,17,0.7391304347826086,0.6195652173913043,9,4,0.4444444444444444,7,6,0.8571428571428571,3,2,False,0.4444444444444444
joint_heat_pooled_median_loco_kg_temporal_and_spatial_margin0p75_windows3_maxmargin1p0,pooled_median_loco,temporal_and_spatial,0.75,3.0,1.0,37,14,7,0.5,23,17,0.7391304347826086,0.6195652173913043,9,4,0.4444444444444444,7,6,0.8571428571428571,3,2,False,0.4444444444444444
joint_heat_pooled_median_loco_kg_temporal_and_spatial_margin2p5_windows2_maxmargin0p5,pooled_median_loco,temporal_and_spatial,2.5,2.0,0.5,37,14,7,0.5,23,17,0.7391304347826086,0.6195652173913043,9,4,0.4444444444444444,7,6,0.8571428571428571,3,2,False,0.4444444444444444
joint_heat_blend025_pooled_loco_kg_temporal_or_spatial_margin0p5_windows3_maxmargin0p0,blend025_pooled_loco,temporal_or_spatial,0.5,3.0,0.0,37,14,7,0.5,23,17,0.7391304347826086,0.6195652173913043,9,4,0.4444444444444444,7,6,0.8571428571428571,3,3,False,0.4444444444444444
joint_heat_blend025_pooled_loco_kg_temporal_or_spatial_margin0p5_windows3_maxmargin0p5,blend025_pooled_loco,temporal_or_spatial,0.5,3.0,0.5,37,14,7,0.5,23,17,0.7391304347826086,0.6195652173913043,9,4,0.4444444444444444,7,6,0.8571428571428571,3,3,False,0.4444444444444444
joint_heat_blend025_pooled_loco_kg_temporal_or_spatial_margin0p75_windows3_maxmargin0p0,blend025_pooled_loco,temporal_or_spatial,0.75,3.0,0.0,37,14,7,0.5,23,17,0.7391304347826086,0.6195652173913043,9,4,0.4444444444444444,7,6,0.8571428571428571,3,3,False,0.4444444444444444
joint_heat_blend025_pooled_loco_kg_temporal_or_spatial_margin0p75_windows3_maxmargin0p5,blend025_pooled_loco,temporal_or_spatial,0.75,3.0,0.5,37,14,7,0.5,23,17,0.7391304347826086,0.6195652173913043,9,4,0.4444444444444444,7,6,0.8571428571428571,3,3,False,0.4444444444444444
joint_heat_blend075_pooled_loco_kg_spatial_hotspot_margin0p5_windows2_maxmargin1p0,blend075_pooled_loco,spatial_hotspot,0.5,2.0,1.0,37,14,7,0.5,23,17,0.7391304347826086,0.6195652173913043,9,4,0.4444444444444444,7,6,0.8571428571428571,6,1,False,0.4444444444444444
joint_heat_blend075_pooled_loco_kg_spatial_hotspot_margin0p5_windows3_maxmargin1p0,blend075_pooled_loco,spatial_hotspot,0.5,3.0,1.0,37,14,7,0.5,23,17,0.7391304347826086,0.6195652173913043,9,4,0.4444444444444444,7,6,0.8571428571428571,6,1,False,0.4444444444444444
joint_heat_blend075_pooled_loco_kg_temporal_near_threshold_margin0p75_windows3_maxmargin0p0,blend075_pooled_loco,temporal_near_threshold,0.75,3.0,0.0,37,14,7,0.5,23,17,0.7391304347826086,0.6195652173913043,9,4,0.4444444444444444,7,6,0.8571428571428571,6,1,False,0.4444444444444444
joint_heat_blend075_pooled_loco_kg_temporal_near_threshold_margin0p75_windows3_maxmargin0p5,blend075_pooled_loco,temporal_near_threshold,0.75,3.0,0.5,37,14,7,0.5,23,17,0.7391304347826086,0.6195652173913043,9,4,0.4444444444444444,7,6,0.8571428571428571,6,1,False,0.4444444444444444
joint_heat_blend075_pooled_loco_kg_temporal_near_threshold_margin0p75_windows3_maxmargin1p0,blend075_pooled_loco,temporal_near_threshold,0.75,3.0,1.0,37,14,7,0.5,23,17,0.7391304347826086,0.6195652173913043,9,4,0.4444444444444444,7,6,0.8571428571428571,6,1,False,0.4444444444444444
joint_heat_blend075_pooled_loco_kg_temporal_near_threshold_margin1p0_windows3_maxmargin0p0,blend075_pooled_loco,temporal_near_threshold,1.0,3.0,0.0,37,14,7,0.5,23,17,0.7391304347826086,0.6195652173913043,9,4,0.4444444444444444,7,6,0.8571428571428571,6,1,False,0.4444444444444444
joint_heat_blend075_pooled_loco_kg_temporal_near_threshold_margin1p0_windows3_maxmargin0p5,blend075_pooled_loco,temporal_near_threshold,1.0,3.0,0.5,37,14,7,0.5,23,17,0.7391304347826086,0.6195652173913043,9,4,0.4444444444444444,7,6,0.8571428571428571,6,1,False,0.4444444444444444
joint_heat_blend075_pooled_loco_kg_temporal_near_threshold_margin1p0_windows3_maxmargin1p0,blend075_pooled_loco,temporal_near_threshold,1.0,3.0,1.0,37,14,7,0.5,23,17,0.7391304347826086,0.6195652173913043,9,4,0.4444444444444444,7,6,0.8571428571428571,6,1,False,0.4444444444444444
joint_heat_blend075_pooled_loco_kg_temporal_near_threshold_margin1p25_windows3_maxmargin0p0,blend075_pooled_loco,temporal_near_threshold,1.25,3.0,0.0,37,14,7,0.5,23,17,0.7391304347826086,0.6195652173913043,9,4,0.4444444444444444,7,6,0.8571428571428571,6,1,False,0.4444444444444444
joint_heat_blend075_pooled_loco_kg_temporal_near_threshold_margin1p25_windows3_maxmargin0p5,blend075_pooled_loco,temporal_near_threshold,1.25,3.0,0.5,37,14,7,0.5,23,17,0.7391304347826086,0.6195652173913043,9,4,0.4444444444444444,7,6,0.8571428571428571,6,1,False,0.4444444444444444
joint_heat_blend075_pooled_loco_kg_temporal_near_threshold_margin1p25_windows3_maxmargin1p0,blend075_pooled_loco,temporal_near_threshold,1.25,3.0,1.0,37,14,7,0.5,23,17,0.7391304347826086,0.6195652173913043,9,4,0.4444444444444444,7,6,0.8571428571428571,6,1,False,0.4444444444444444
joint_heat_blend075_pooled_loco_kg_temporal_and_spatial_margin0p75_windows3_maxmargin1p0,blend075_pooled_loco,temporal_and_spatial,0.75,3.0,1.0,37,14,7,0.5,23,17,0.7391304347826086,0.6195652173913043,9,4,0.4444444444444444,7,6,0.8571428571428571,6,2,False,0.4444444444444444
joint_heat_blend075_pooled_loco_kg_temporal_and_spatial_margin1p0_windows3_maxmargin1p0,blend075_pooled_loco,temporal_and_spatial,1.0,3.0,1.0,37,14,7,0.5,23,17,0.7391304347826086,0.6195652173913043,9,4,0.4444444444444444,7,6,0.8571428571428571,6,2,False,0.4444444444444444
joint_heat_blend075_pooled_loco_kg_temporal_and_spatial_margin1p25_windows3_maxmargin1p0,blend075_pooled_loco,temporal_and_spatial,1.25,3.0,1.0,37,14,7,0.5,23,17,0.7391304347826086,0.6195652173913043,9,4,0.4444444444444444,7,6,0.8571428571428571,6,2,False,0.4444444444444444
joint_heat_blend050_pooled_loco_kg_temporal_or_spatial_margin0p75_windows3_maxmargin0p0,blend050_pooled_loco,temporal_or_spatial,0.75,3.0,0.0,37,14,7,0.5,23,17,0.7391304347826086,0.6195652173913043,9,4,0.4444444444444444,7,6,0.8571428571428571,6,3,False,0.4444444444444444
joint_heat_blend050_pooled_loco_kg_temporal_or_spatial_margin0p75_windows3_maxmargin0p5,blend050_pooled_loco,temporal_or_spatial,0.75,3.0,0.5,37,14,7,0.5,23,17,0.7391304347826086,0.6195652173913043,9,4,0.4444444444444444,7,6,0.8571428571428571,6,3,False,0.4444444444444444
joint_heat_blend075_pooled_loco_kg_temporal_or_spatial_margin0p5_windows2_maxmargin0p0,blend075_pooled_loco,temporal_or_spatial,0.5,2.0,0.0,37,14,7,0.5,23,17,0.7391304347826086,0.6195652173913043,9,4,0.4444444444444444,7,6,0.8571428571428571,6,3,False,0.4444444444444444
joint_heat_blend075_pooled_loco_kg_temporal_or_spatial_margin0p5_windows2_maxmargin0p5,blend075_pooled_loco,temporal_or_spatial,0.5,2.0,0.5,37,14,7,0.5,23,17,0.7391304347826086,0.6195652173913043,9,4,0.4444444444444444,7,6,0.8571428571428571,6,3,False,0.4444444444444444
joint_heat_blend075_pooled_loco_kg_temporal_or_spatial_margin0p5_windows2_maxmargin1p0,blend075_pooled_loco,temporal_or_spatial,0.5,2.0,1.0,37,14,7,0.5,23,17,0.7391304347826086,0.6195652173913043,9,4,0.4444444444444444,7,6,0.8571428571428571,6,3,False,0.4444444444444444
joint_heat_blend075_pooled_loco_kg_temporal_or_spatial_margin0p5_windows3_maxmargin1p0,blend075_pooled_loco,temporal_or_spatial,0.5,3.0,1.0,37,14,7,0.5,23,17,0.7391304347826086,0.6195652173913043,9,4,0.4444444444444444,7,6,0.8571428571428571,6,3,False,0.4444444444444444
joint_heat_ridge_state_loco_lambda1_kg_temporal_near_threshold_margin1p5_windows3_maxmargin0p0,ridge_state_loco_lambda1,temporal_near_threshold,1.5,3.0,0.0,37,14,7,0.5,23,17,0.7391304347826086,0.6195652173913043,9,4,0.4444444444444444,7,6,0.8571428571428571,7,1,False,0.4444444444444444
joint_heat_ridge_state_loco_lambda1_kg_temporal_near_threshold_margin1p5_windows3_maxmargin0p5,ridge_state_loco_lambda1,temporal_near_threshold,1.5,3.0,0.5,37,14,7,0.5,23,17,0.7391304347826086,0.6195652173913043,9,4,0.4444444444444444,7,6,0.8571428571428571,7,1,False,0.4444444444444444
joint_heat_ridge_state_loco_lambda1_kg_temporal_near_threshold_margin1p5_windows3_maxmargin1p0,ridge_state_loco_lambda1,temporal_near_threshold,1.5,3.0,1.0,37,14,7,0.5,23,17,0.7391304347826086,0.6195652173913043,9,4,0.4444444444444444,7,6,0.8571428571428571,7,1,False,0.4444444444444444
joint_heat_ridge_state_loco_lambda1_kg_temporal_and_spatial_margin1p5_windows3_maxmargin1p0,ridge_state_loco_lambda1,temporal_and_spatial,1.5,3.0,1.0,37,14,7,0.5,23,17,0.7391304347826086,0.6195652173913043,9,4,0.4444444444444444,7,6,0.8571428571428571,7,2,False,0.4444444444444444
joint_heat_ridge_state_loco_lambda100_kg_temporal_and_spatial_margin1p5_windows3_maxmargin1p0,ridge_state_loco_lambda100,temporal_and_spatial,1.5,3.0,1.0,37,14,7,0.5,23,17,0.7391304347826086,0.6195652173913043,9,4,0.4444444444444444,7,6,0.8571428571428571,8,2,False,0.4444444444444444
joint_heat_ridge_state_loco_lambda10_kg_temporal_and_spatial_margin1p5_windows3_maxmargin1p0,ridge_state_loco_lambda10,temporal_and_spatial,1.5,3.0,1.0,37,14,7,0.5,23,17,0.7391304347826086,0.6195652173913043,9,4,0.4444444444444444,7,6,0.8571428571428571,10,2,False,0.4444444444444444
joint_heat_ridge_state_loco_lambda10_kg_temporal_or_spatial_margin1p25_windows3_maxmargin0p0,ridge_state_loco_lambda10,temporal_or_spatial,1.25,3.0,0.0,37,14,7,0.5,23,17,0.7391304347826086,0.6195652173913043,9,4,0.4444444444444444,7,6,0.8571428571428571,10,3,False,0.4444444444444444
joint_heat_ridge_state_loco_lambda10_kg_temporal_or_spatial_margin1p25_windows3_maxmargin0p5,ridge_state_loco_lambda10,temporal_or_spatial,1.25,3.0,0.5,37,14,7,0.5,23,17,0.7391304347826086,0.6195652173913043,9,4,0.4444444444444444,7,6,0.8571428571428571,10,3,False,0.4444444444444444
joint_heat_region_median_loco_kg_spatial_hotspot_margin0p25_windows2_maxmargin1p0,region_median_loco,spatial_hotspot,0.25,2.0,1.0,37,14,7,0.5,23,17,0.7391304347826086,0.6195652173913043,9,4,0.4444444444444444,7,5,0.7142857142857143,2,1,False,0.4444444444444444
joint_heat_region_median_loco_kg_spatial_hotspot_margin0p25_windows3_maxmargin1p0,region_median_loco,spatial_hotspot,0.25,3.0,1.0,37,14,7,0.5,23,17,0.7391304347826086,0.6195652173913043,9,4,0.4444444444444444,7,5,0.7142857142857143,2,1,False,0.4444444444444444
joint_heat_region_median_loco_kg_temporal_near_threshold_margin0p25_windows2_maxmargin0p0,region_median_loco,temporal_near_threshold,0.25,2.0,0.0,37,14,7,0.5,23,17,0.7391304347826086,0.6195652173913043,9,4,0.4444444444444444,7,5,0.7142857142857143,2,1,False,0.4444444444444444
joint_heat_region_median_loco_kg_temporal_near_threshold_margin0p25_windows2_maxmargin0p5,region_median_loco,temporal_near_threshold,0.25,2.0,0.5,37,14,7,0.5,23,17,0.7391304347826086,0.6195652173913043,9,4,0.4444444444444444,7,5,0.7142857142857143,2,1,False,0.4444444444444444
joint_heat_region_median_loco_kg_temporal_near_threshold_margin0p25_windows2_maxmargin1p0,region_median_loco,temporal_near_threshold,0.25,2.0,1.0,37,14,7,0.5,23,17,0.7391304347826086,0.6195652173913043,9,4,0.4444444444444444,7,5,0.7142857142857143,2,1,False,0.4444444444444444
joint_heat_region_median_loco_kg_temporal_and_spatial_margin0p25_windows2_maxmargin1p0,region_median_loco,temporal_and_spatial,0.25,2.0,1.0,37,14,7,0.5,23,17,0.7391304347826086,0.6195652173913043,9,4,0.4444444444444444,7,5,0.7142857142857143,2,2,False,0.4444444444444444
joint_heat_region_median_loco_kg_temporal_or_spatial_margin0p25_windows2_maxmargin0p0,region_median_loco,temporal_or_spatial,0.25,2.0,0.0,37,14,7,0.5,23,17,0.7391304347826086,0.6195652173913043,9,4,0.4444444444444444,7,5,0.7142857142857143,2,3,False,0.4444444444444444
joint_heat_region_median_loco_kg_temporal_or_spatial_margin0p25_windows2_maxmargin0p5,region_median_loco,temporal_or_spatial,0.25,2.0,0.5,37,14,7,0.5,23,17,0.7391304347826086,0.6195652173913043,9,4,0.4444444444444444,7,5,0.7142857142857143,2,3,False,0.4444444444444444
joint_heat_region_median_loco_kg_temporal_or_spatial_margin0p25_windows2_maxmargin1p0,region_median_loco,temporal_or_spatial,0.25,2.0,1.0,37,14,7,0.5,23,17,0.7391304347826086,0.6195652173913043,9,4,0.4444444444444444,7,5,0.7142857142857143,2,3,False,0.4444444444444444
joint_heat_region_median_loco_kg_temporal_or_spatial_margin0p25_windows3_maxmargin1p0,region_median_loco,temporal_or_spatial,0.25,3.0,1.0,37,14,7,0.5,23,17,0.7391304347826086,0.6195652173913043,9,4,0.4444444444444444,7,5,0.7142857142857143,2,3,False,0.4444444444444444
joint_heat_ridge_state_loco_lambda1_kg_temporal_and_spatial_margin1p25_windows2_maxmargin1p0,ridge_state_loco_lambda1,temporal_and_spatial,1.25,2.0,1.0,37,14,7,0.5,23,17,0.7391304347826086,0.6195652173913043,9,4,0.4444444444444444,7,5,0.7142857142857143,7,2,False,0.4444444444444444
joint_heat_maximum_pooled_loco_kg_temporal_and_spatial_margin2p0_windows3_maxmargin1p0,maximum_pooled_loco,temporal_and_spatial,2.0,3.0,1.0,37,14,8,0.5714285714285714,23,15,0.6521739130434783,0.6118012422360248,9,4,0.4444444444444444,7,6,0.8571428571428571,9,2,False,0.4444444444444444
joint_heat_lead_median_loco_kg_spatial_hotspot_margin1p0_windows2_maxmargin1p0,lead_median_loco,spatial_hotspot,1.0,2.0,1.0,37,14,8,0.5714285714285714,23,15,0.6521739130434783,0.6118012422360248,9,4,0.4444444444444444,7,5,0.7142857142857143,5,1,False,0.4444444444444444
joint_heat_lead_median_loco_kg_spatial_hotspot_margin1p0_windows3_maxmargin1p0,lead_median_loco,spatial_hotspot,1.0,3.0,1.0,37,14,8,0.5714285714285714,23,15,0.6521739130434783,0.6118012422360248,9,4,0.4444444444444444,7,5,0.7142857142857143,5,1,False,0.4444444444444444
joint_heat_region_lead_shrinkage_loco_kg_spatial_hotspot_margin1p0_windows2_maxmargin1p0,region_lead_shrinkage_loco,spatial_hotspot,1.0,2.0,1.0,37,14,8,0.5714285714285714,23,15,0.6521739130434783,0.6118012422360248,9,4,0.4444444444444444,7,5,0.7142857142857143,5,1,False,0.4444444444444444
joint_heat_region_lead_shrinkage_loco_kg_spatial_hotspot_margin1p0_windows3_maxmargin1p0,region_lead_shrinkage_loco,spatial_hotspot,1.0,3.0,1.0,37,14,8,0.5714285714285714,23,15,0.6521739130434783,0.6118012422360248,9,4,0.4444444444444444,7,5,0.7142857142857143,5,1,False,0.4444444444444444
joint_heat_region_median_loco_kg_spatial_hotspot_margin1p0_windows2_maxmargin1p0,region_median_loco,spatial_hotspot,1.0,2.0,1.0,37,14,8,0.5714285714285714,23,15,0.6521739130434783,0.6118012422360248,9,4,0.4444444444444444,7,5,0.7142857142857143,5,1,False,0.4444444444444444
joint_heat_region_median_loco_kg_spatial_hotspot_margin1p0_windows3_maxmargin1p0,region_median_loco,spatial_hotspot,1.0,3.0,1.0,37,14,8,0.5714285714285714,23,15,0.6521739130434783,0.6118012422360248,9,4,0.4444444444444444,7,5,0.7142857142857143,5,1,False,0.4444444444444444
joint_heat_region_median_loco_kg_temporal_and_spatial_margin1p0_windows2_maxmargin1p0,region_median_loco,temporal_and_spatial,1.0,2.0,1.0,37,14,8,0.5714285714285714,23,15,0.6521739130434783,0.6118012422360248,9,4,0.4444444444444444,7,5,0.7142857142857143,5,2,False,0.4444444444444444
joint_heat_region_median_loco_kg_temporal_and_spatial_margin1p25_windows2_maxmargin1p0,region_median_loco,temporal_and_spatial,1.25,2.0,1.0,37,14,8,0.5714285714285714,23,15,0.6521739130434783,0.6118012422360248,9,4,0.4444444444444444,7,5,0.7142857142857143,5,2,False,0.4444444444444444
joint_heat_lead_median_loco_kg_temporal_or_spatial_margin1p0_windows3_maxmargin1p0,lead_median_loco,temporal_or_spatial,1.0,3.0,1.0,37,14,8,0.5714285714285714,23,15,0.6521739130434783,0.6118012422360248,9,4,0.4444444444444444,7,5,0.7142857142857143,5,3,False,0.4444444444444444
joint_heat_region_lead_shrinkage_loco_kg_temporal_or_spatial_margin1p0_windows3_maxmargin1p0,region_lead_shrinkage_loco,temporal_or_spatial,1.0,3.0,1.0,37,14,8,0.5714285714285714,23,15,0.6521739130434783,0.6118012422360248,9,4,0.4444444444444444,7,5,0.7142857142857143,5,3,False,0.4444444444444444
joint_heat_region_median_loco_kg_temporal_or_spatial_margin1p0_windows3_maxmargin1p0,region_median_loco,temporal_or_spatial,1.0,3.0,1.0,37,14,8,0.5714285714285714,23,15,0.6521739130434783,0.6118012422360248,9,4,0.4444444444444444,7,5,0.7142857142857143,5,3,False,0.4444444444444444
joint_heat_blend025_pooled_loco_kg_spatial_hotspot_margin0p5_windows2_maxmargin1p0,blend025_pooled_loco,spatial_hotspot,0.5,2.0,1.0,37,14,8,0.5714285714285714,23,15,0.6521739130434783,0.6118012422360248,9,4,0.4444444444444444,7,5,0.7142857142857143,6,1,False,0.4444444444444444
joint_heat_blend025_pooled_loco_kg_spatial_hotspot_margin0p5_windows3_maxmargin1p0,blend025_pooled_loco,spatial_hotspot,0.5,3.0,1.0,37,14,8,0.5714285714285714,23,15,0.6521739130434783,0.6118012422360248,9,4,0.4444444444444444,7,5,0.7142857142857143,6,1,False,0.4444444444444444
joint_heat_blend025_pooled_loco_kg_spatial_hotspot_margin0p75_windows2_maxmargin1p0,blend025_pooled_loco,spatial_hotspot,0.75,2.0,1.0,37,14,8,0.5714285714285714,23,15,0.6521739130434783,0.6118012422360248,9,4,0.4444444444444444,7,5,0.7142857142857143,6,1,False,0.4444444444444444
joint_heat_blend025_pooled_loco_kg_spatial_hotspot_margin0p75_windows3_maxmargin1p0,blend025_pooled_loco,spatial_hotspot,0.75,3.0,1.0,37,14,8,0.5714285714285714,23,15,0.6521739130434783,0.6118012422360248,9,4,0.4444444444444444,7,5,0.7142857142857143,6,1,False,0.4444444444444444
joint_heat_pooled_median_loco_kg_spatial_hotspot_margin0p75_windows2_maxmargin1p0,pooled_median_loco,spatial_hotspot,0.75,2.0,1.0,37,14,8,0.5714285714285714,23,15,0.6521739130434783,0.6118012422360248,9,4,0.4444444444444444,7,5,0.7142857142857143,6,1,False,0.4444444444444444
joint_heat_pooled_median_loco_kg_spatial_hotspot_margin0p75_windows3_maxmargin1p0,pooled_median_loco,spatial_hotspot,0.75,3.0,1.0,37,14,8,0.5714285714285714,23,15,0.6521739130434783,0.6118012422360248,9,4,0.4444444444444444,7,5,0.7142857142857143,6,1,False,0.4444444444444444
joint_heat_blend025_pooled_loco_kg_temporal_or_spatial_margin0p5_windows2_maxmargin1p0,blend025_pooled_loco,temporal_or_spatial,0.5,2.0,1.0,37,14,8,0.5714285714285714,23,15,0.6521739130434783,0.6118012422360248,9,4,0.4444444444444444,7,5,0.7142857142857143,6,3,False,0.4444444444444444
joint_heat_blend025_pooled_loco_kg_temporal_or_spatial_margin0p5_windows3_maxmargin1p0,blend025_pooled_loco,temporal_or_spatial,0.5,3.0,1.0,37,14,8,0.5714285714285714,23,15,0.6521739130434783,0.6118012422360248,9,4,0.4444444444444444,7,5,0.7142857142857143,6,3,False,0.4444444444444444
joint_heat_blend025_pooled_loco_kg_temporal_or_spatial_margin0p75_windows3_maxmargin1p0,blend025_pooled_loco,temporal_or_spatial,0.75,3.0,1.0,37,14,8,0.5714285714285714,23,15,0.6521739130434783,0.6118012422360248,9,4,0.4444444444444444,7,5,0.7142857142857143,6,3,False,0.4444444444444444
joint_heat_blend025_pooled_loco_kg_temporal_or_spatial_margin0p75_windows2_maxmargin0p0,blend025_pooled_loco,temporal_or_spatial,0.75,2.0,0.0,37,14,8,0.5714285714285714,23,15,0.6521739130434783,0.6118012422360248,9,4,0.4444444444444444,7,5,0.7142857142857143,7,3,False,0.4444444444444444
joint_heat_blend025_pooled_loco_kg_temporal_or_spatial_margin0p75_windows2_maxmargin0p5,blend025_pooled_loco,temporal_or_spatial,0.75,2.0,0.5,37,14,8,0.5714285714285714,23,15,0.6521739130434783,0.6118012422360248,9,4,0.4444444444444444,7,5,0.7142857142857143,7,3,False,0.4444444444444444
joint_heat_blend025_pooled_loco_kg_temporal_or_spatial_margin0p75_windows2_maxmargin1p0,blend025_pooled_loco,temporal_or_spatial,0.75,2.0,1.0,37,14,8,0.5714285714285714,23,15,0.6521739130434783,0.6118012422360248,9,4,0.4444444444444444,7,5,0.7142857142857143,7,3,False,0.4444444444444444
joint_heat_blend050_pooled_loco_kg_spatial_hotspot_margin0p75_windows2_maxmargin1p0,blend050_pooled_loco,spatial_hotspot,0.75,2.0,1.0,37,14,8,0.5714285714285714,23,15,0.6521739130434783,0.6118012422360248,9,4,0.4444444444444444,7,5,0.7142857142857143,9,1,False,0.4444444444444444
joint_heat_blend050_pooled_loco_kg_spatial_hotspot_margin0p75_windows3_maxmargin1p0,blend050_pooled_loco,spatial_hotspot,0.75,3.0,1.0,37,14,8,0.5714285714285714,23,15,0.6521739130434783,0.6118012422360248,9,4,0.4444444444444444,7,5,0.7142857142857143,9,1,False,0.4444444444444444
joint_heat_blend075_pooled_loco_kg_temporal_and_spatial_margin1p0_windows2_maxmargin1p0,blend075_pooled_loco,temporal_and_spatial,1.0,2.0,1.0,37,14,8,0.5714285714285714,23,15,0.6521739130434783,0.6118012422360248,9,4,0.4444444444444444,7,5,0.7142857142857143,9,2,False,0.4444444444444444
joint_heat_blend050_pooled_loco_kg_temporal_or_spatial_margin0p75_windows2_maxmargin1p0,blend050_pooled_loco,temporal_or_spatial,0.75,2.0,1.0,37,14,8,0.5714285714285714,23,15,0.6521739130434783,0.6118012422360248,9,4,0.4444444444444444,7,5,0.7142857142857143,9,3,False,0.4444444444444444
joint_heat_blend050_pooled_loco_kg_temporal_or_spatial_margin0p75_windows3_maxmargin1p0,blend050_pooled_loco,temporal_or_spatial,0.75,3.0,1.0,37,14,8,0.5714285714285714,23,15,0.6521739130434783,0.6118012422360248,9,4,0.4444444444444444,7,5,0.7142857142857143,9,3,False,0.4444444444444444
joint_heat_blend075_pooled_loco_kg_temporal_near_threshold_margin1p0_windows2_maxmargin0p0,blend075_pooled_loco,temporal_near_threshold,1.0,2.0,0.0,37,14,8,0.5714285714285714,23,15,0.6521739130434783,0.6118012422360248,9,4,0.4444444444444444,7,5,0.7142857142857143,10,1,False,0.4444444444444444
joint_heat_blend075_pooled_loco_kg_temporal_near_threshold_margin1p0_windows2_maxmargin0p5,blend075_pooled_loco,temporal_near_threshold,1.0,2.0,0.5,37,14,8,0.5714285714285714,23,15,0.6521739130434783,0.6118012422360248,9,4,0.4444444444444444,7,5,0.7142857142857143,10,1,False,0.4444444444444444
joint_heat_blend075_pooled_loco_kg_temporal_near_threshold_margin1p0_windows2_maxmargin1p0,blend075_pooled_loco,temporal_near_threshold,1.0,2.0,1.0,37,14,8,0.5714285714285714,23,15,0.6521739130434783,0.6118012422360248,9,4,0.4444444444444444,7,5,0.7142857142857143,10,1,False,0.4444444444444444
joint_heat_ridge_state_loco_lambda1_kg_temporal_and_spatial_margin2p0_windows3_maxmargin1p0,ridge_state_loco_lambda1,temporal_and_spatial,2.0,3.0,1.0,37,14,8,0.5714285714285714,23,15,0.6521739130434783,0.6118012422360248,9,4,0.4444444444444444,7,5,0.7142857142857143,10,2,False,0.4444444444444444
joint_heat_ridge_state_loco_lambda10_kg_spatial_hotspot_margin1p25_windows2_maxmargin1p0,ridge_state_loco_lambda10,spatial_hotspot,1.25,2.0,1.0,37,14,8,0.5714285714285714,23,15,0.6521739130434783,0.6118012422360248,9,4,0.4444444444444444,7,5,0.7142857142857143,13,1,False,0.4444444444444444
joint_heat_ridge_state_loco_lambda10_kg_spatial_hotspot_margin1p25_windows3_maxmargin1p0,ridge_state_loco_lambda10,spatial_hotspot,1.25,3.0,1.0,37,14,8,0.5714285714285714,23,15,0.6521739130434783,0.6118012422360248,9,4,0.4444444444444444,7,5,0.7142857142857143,13,1,False,0.4444444444444444
joint_heat_ridge_state_loco_lambda10_kg_temporal_or_spatial_margin1p25_windows2_maxmargin1p0,ridge_state_loco_lambda10,temporal_or_spatial,1.25,2.0,1.0,37,14,8,0.5714285714285714,23,15,0.6521739130434783,0.6118012422360248,9,4,0.4444444444444444,7,5,0.7142857142857143,13,3,False,0.4444444444444444
joint_heat_ridge_state_loco_lambda10_kg_temporal_or_spatial_margin1p25_windows3_maxmargin1p0,ridge_state_loco_lambda10,temporal_or_spatial,1.25,3.0,1.0,37,14,8,0.5714285714285714,23,15,0.6521739130434783,0.6118012422360248,9,4,0.4444444444444444,7,5,0.7142857142857143,13,3,False,0.4444444444444444
joint_heat_region_median_loco_kg_spatial_hotspot_margin2p0_windows2_maxmargin1p0,region_median_loco,spatial_hotspot,2.0,2.0,1.0,37,14,9,0.6428571428571429,23,13,0.5652173913043478,0.6040372670807453,9,4,0.4444444444444444,7,5,0.7142857142857143,9,1,False,0.4444444444444444
joint_heat_region_median_loco_kg_spatial_hotspot_margin2p0_windows3_maxmargin1p0,region_median_loco,spatial_hotspot,2.0,3.0,1.0,37,14,9,0.6428571428571429,23,13,0.5652173913043478,0.6040372670807453,9,4,0.4444444444444444,7,5,0.7142857142857143,9,1,False,0.4444444444444444
joint_heat_region_median_loco_kg_spatial_hotspot_margin2p5_windows2_maxmargin1p0,region_median_loco,spatial_hotspot,2.5,2.0,1.0,37,14,9,0.6428571428571429,23,13,0.5652173913043478,0.6040372670807453,9,4,0.4444444444444444,7,5,0.7142857142857143,9,1,False,0.4444444444444444
joint_heat_region_median_loco_kg_spatial_hotspot_margin2p5_windows3_maxmargin1p0,region_median_loco,spatial_hotspot,2.5,3.0,1.0,37,14,9,0.6428571428571429,23,13,0.5652173913043478,0.6040372670807453,9,4,0.4444444444444444,7,5,0.7142857142857143,9,1,False,0.4444444444444444
joint_heat_ridge_state_loco_lambda1_kg_spatial_hotspot_margin2p0_windows2_maxmargin1p0,ridge_state_loco_lambda1,spatial_hotspot,2.0,2.0,1.0,37,14,9,0.6428571428571429,23,13,0.5652173913043478,0.6040372670807453,9,4,0.4444444444444444,7,5,0.7142857142857143,13,1,False,0.4444444444444444
joint_heat_ridge_state_loco_lambda1_kg_spatial_hotspot_margin2p0_windows3_maxmargin1p0,ridge_state_loco_lambda1,spatial_hotspot,2.0,3.0,1.0,37,14,9,0.6428571428571429,23,13,0.5652173913043478,0.6040372670807453,9,4,0.4444444444444444,7,5,0.7142857142857143,13,1,False,0.4444444444444444
joint_heat_ridge_state_loco_lambda1_kg_spatial_hotspot_margin2p5_windows2_maxmargin1p0,ridge_state_loco_lambda1,spatial_hotspot,2.5,2.0,1.0,37,14,9,0.6428571428571429,23,13,0.5652173913043478,0.6040372670807453,9,4,0.4444444444444444,7,5,0.7142857142857143,14,1,False,0.4444444444444444
joint_heat_ridge_state_loco_lambda1_kg_spatial_hotspot_margin2p5_windows3_maxmargin1p0,ridge_state_loco_lambda1,spatial_hotspot,2.5,3.0,1.0,37,14,9,0.6428571428571429,23,13,0.5652173913043478,0.6040372670807453,9,4,0.4444444444444444,7,5,0.7142857142857143,14,1,False,0.4444444444444444
joint_heat_ridge_state_loco_lambda1_kg_temporal_and_spatial_margin2p5_windows2_maxmargin1p0,ridge_state_loco_lambda1,temporal_and_spatial,2.5,2.0,1.0,37,14,9,0.6428571428571429,23,13,0.5652173913043478,0.6040372670807453,9,4,0.4444444444444444,7,5,0.7142857142857143,14,2,False,0.4444444444444444
joint_heat_lead_median_loco_kg_spatial_hotspot_margin2p5_windows2_maxmargin0p5,lead_median_loco,spatial_hotspot,2.5,2.0,0.5,37,14,7,0.5,23,16,0.6956521739130435,0.5978260869565217,9,4,0.4444444444444444,7,6,0.8571428571428571,3,1,False,0.4444444444444444
joint_heat_lead_median_loco_kg_spatial_hotspot_margin2p5_windows3_maxmargin0p5,lead_median_loco,spatial_hotspot,2.5,3.0,0.5,37,14,7,0.5,23,16,0.6956521739130435,0.5978260869565217,9,4,0.4444444444444444,7,6,0.8571428571428571,3,1,False,0.4444444444444444
joint_heat_region_lead_shrinkage_loco_kg_spatial_hotspot_margin2p5_windows2_maxmargin0p5,region_lead_shrinkage_loco,spatial_hotspot,2.5,2.0,0.5,37,14,7,0.5,23,16,0.6956521739130435,0.5978260869565217,9,4,0.4444444444444444,7,6,0.8571428571428571,3,1,False,0.4444444444444444
joint_heat_region_lead_shrinkage_loco_kg_spatial_hotspot_margin2p5_windows3_maxmargin0p5,region_lead_shrinkage_loco,spatial_hotspot,2.5,3.0,0.5,37,14,7,0.5,23,16,0.6956521739130435,0.5978260869565217,9,4,0.4444444444444444,7,6,0.8571428571428571,3,1,False,0.4444444444444444
joint_heat_lead_median_loco_kg_temporal_and_spatial_margin2p5_windows2_maxmargin0p5,lead_median_loco,temporal_and_spatial,2.5,2.0,0.5,37,14,7,0.5,23,16,0.6956521739130435,0.5978260869565217,9,4,0.4444444444444444,7,6,0.8571428571428571,3,2,False,0.4444444444444444
joint_heat_region_lead_shrinkage_loco_kg_temporal_and_spatial_margin2p5_windows2_maxmargin0p5,region_lead_shrinkage_loco,temporal_and_spatial,2.5,2.0,0.5,37,14,7,0.5,23,16,0.6956521739130435,0.5978260869565217,9,4,0.4444444444444444,7,6,0.8571428571428571,3,2,False,0.4444444444444444
joint_heat_blend025_pooled_loco_kg_temporal_and_spatial_margin1p25_windows3_maxmargin1p0,blend025_pooled_loco,temporal_and_spatial,1.25,3.0,1.0,37,14,7,0.5,23,16,0.6956521739130435,0.5978260869565217,9,4,0.4444444444444444,7,6,0.8571428571428571,4,2,False,0.4444444444444444
joint_heat_pooled_median_loco_kg_temporal_and_spatial_margin1p0_windows3_maxmargin1p0,pooled_median_loco,temporal_and_spatial,1.0,3.0,1.0,37,14,7,0.5,23,16,0.6956521739130435,0.5978260869565217,9,4,0.4444444444444444,7,6,0.8571428571428571,4,2,False,0.4444444444444444
joint_heat_maximum_pooled_loco_kg_temporal_near_threshold_margin0p75_windows2_maxmargin0p0,maximum_pooled_loco,temporal_near_threshold,0.75,2.0,0.0,37,14,7,0.5,23,16,0.6956521739130435,0.5978260869565217,9,4,0.4444444444444444,7,6,0.8571428571428571,6,1,False,0.4444444444444444
joint_heat_maximum_pooled_loco_kg_temporal_near_threshold_margin0p75_windows2_maxmargin0p5,maximum_pooled_loco,temporal_near_threshold,0.75,2.0,0.5,37,14,7,0.5,23,16,0.6956521739130435,0.5978260869565217,9,4,0.4444444444444444,7,6,0.8571428571428571,6,1,False,0.4444444444444444
joint_heat_maximum_pooled_loco_kg_temporal_near_threshold_margin0p75_windows2_maxmargin1p0,maximum_pooled_loco,temporal_near_threshold,0.75,2.0,1.0,37,14,7,0.5,23,16,0.6956521739130435,0.5978260869565217,9,4,0.4444444444444444,7,6,0.8571428571428571,6,1,False,0.4444444444444444
joint_heat_maximum_pooled_loco_kg_temporal_near_threshold_margin0p75_windows3_maxmargin0p0,maximum_pooled_loco,temporal_near_threshold,0.75,3.0,0.0,37,14,7,0.5,23,16,0.6956521739130435,0.5978260869565217,9,4,0.4444444444444444,7,6,0.8571428571428571,6,1,False,0.4444444444444444
joint_heat_maximum_pooled_loco_kg_temporal_near_threshold_margin0p75_windows3_maxmargin0p5,maximum_pooled_loco,temporal_near_threshold,0.75,3.0,0.5,37,14,7,0.5,23,16,0.6956521739130435,0.5978260869565217,9,4,0.4444444444444444,7,6,0.8571428571428571,6,1,False,0.4444444444444444
joint_heat_maximum_pooled_loco_kg_temporal_near_threshold_margin0p75_windows3_maxmargin1p0,maximum_pooled_loco,temporal_near_threshold,0.75,3.0,1.0,37,14,7,0.5,23,16,0.6956521739130435,0.5978260869565217,9,4,0.4444444444444444,7,6,0.8571428571428571,6,1,False,0.4444444444444444
joint_heat_maximum_pooled_loco_kg_temporal_near_threshold_margin1p0_windows3_maxmargin0p0,maximum_pooled_loco,temporal_near_threshold,1.0,3.0,0.0,37,14,7,0.5,23,16,0.6956521739130435,0.5978260869565217,9,4,0.4444444444444444,7,6,0.8571428571428571,6,1,False,0.4444444444444444
joint_heat_maximum_pooled_loco_kg_temporal_near_threshold_margin1p0_windows3_maxmargin0p5,maximum_pooled_loco,temporal_near_threshold,1.0,3.0,0.5,37,14,7,0.5,23,16,0.6956521739130435,0.5978260869565217,9,4,0.4444444444444444,7,6,0.8571428571428571,6,1,False,0.4444444444444444
joint_heat_maximum_pooled_loco_kg_temporal_near_threshold_margin1p0_windows3_maxmargin1p0,maximum_pooled_loco,temporal_near_threshold,1.0,3.0,1.0,37,14,7,0.5,23,16,0.6956521739130435,0.5978260869565217,9,4,0.4444444444444444,7,6,0.8571428571428571,6,1,False,0.4444444444444444
joint_heat_maximum_pooled_loco_kg_temporal_near_threshold_margin1p25_windows3_maxmargin0p0,maximum_pooled_loco,temporal_near_threshold,1.25,3.0,0.0,37,14,7,0.5,23,16,0.6956521739130435,0.5978260869565217,9,4,0.4444444444444444,7,6,0.8571428571428571,6,1,False,0.4444444444444444
joint_heat_maximum_pooled_loco_kg_temporal_near_threshold_margin1p25_windows3_maxmargin0p5,maximum_pooled_loco,temporal_near_threshold,1.25,3.0,0.5,37,14,7,0.5,23,16,0.6956521739130435,0.5978260869565217,9,4,0.4444444444444444,7,6,0.8571428571428571,6,1,False,0.4444444444444444
joint_heat_maximum_pooled_loco_kg_temporal_near_threshold_margin1p25_windows3_maxmargin1p0,maximum_pooled_loco,temporal_near_threshold,1.25,3.0,1.0,37,14,7,0.5,23,16,0.6956521739130435,0.5978260869565217,9,4,0.4444444444444444,7,6,0.8571428571428571,6,1,False,0.4444444444444444
joint_heat_maximum_pooled_loco_kg_temporal_near_threshold_margin1p5_windows3_maxmargin0p0,maximum_pooled_loco,temporal_near_threshold,1.5,3.0,0.0,37,14,7,0.5,23,16,0.6956521739130435,0.5978260869565217,9,4,0.4444444444444444,7,6,0.8571428571428571,6,1,False,0.4444444444444444
joint_heat_maximum_pooled_loco_kg_temporal_near_threshold_margin1p5_windows3_maxmargin0p5,maximum_pooled_loco,temporal_near_threshold,1.5,3.0,0.5,37,14,7,0.5,23,16,0.6956521739130435,0.5978260869565217,9,4,0.4444444444444444,7,6,0.8571428571428571,6,1,False,0.4444444444444444
joint_heat_maximum_pooled_loco_kg_temporal_near_threshold_margin1p5_windows3_maxmargin1p0,maximum_pooled_loco,temporal_near_threshold,1.5,3.0,1.0,37,14,7,0.5,23,16,0.6956521739130435,0.5978260869565217,9,4,0.4444444444444444,7,6,0.8571428571428571,6,1,False,0.4444444444444444
joint_heat_maximum_pooled_loco_kg_temporal_and_spatial_margin0p75_windows2_maxmargin1p0,maximum_pooled_loco,temporal_and_spatial,0.75,2.0,1.0,37,14,7,0.5,23,16,0.6956521739130435,0.5978260869565217,9,4,0.4444444444444444,7,6,0.8571428571428571,6,2,False,0.4444444444444444
joint_heat_maximum_pooled_loco_kg_temporal_and_spatial_margin0p75_windows3_maxmargin1p0,maximum_pooled_loco,temporal_and_spatial,0.75,3.0,1.0,37,14,7,0.5,23,16,0.6956521739130435,0.5978260869565217,9,4,0.4444444444444444,7,6,0.8571428571428571,6,2,False,0.4444444444444444
joint_heat_maximum_pooled_loco_kg_temporal_and_spatial_margin1p0_windows3_maxmargin1p0,maximum_pooled_loco,temporal_and_spatial,1.0,3.0,1.0,37,14,7,0.5,23,16,0.6956521739130435,0.5978260869565217,9,4,0.4444444444444444,7,6,0.8571428571428571,6,2,False,0.4444444444444444
joint_heat_maximum_pooled_loco_kg_temporal_and_spatial_margin1p25_windows3_maxmargin1p0,maximum_pooled_loco,temporal_and_spatial,1.25,3.0,1.0,37,14,7,0.5,23,16,0.6956521739130435,0.5978260869565217,9,4,0.4444444444444444,7,6,0.8571428571428571,6,2,False,0.4444444444444444
joint_heat_maximum_pooled_loco_kg_temporal_and_spatial_margin1p5_windows3_maxmargin1p0,maximum_pooled_loco,temporal_and_spatial,1.5,3.0,1.0,37,14,7,0.5,23,16,0.6956521739130435,0.5978260869565217,9,4,0.4444444444444444,7,6,0.8571428571428571,6,2,False,0.4444444444444444
joint_heat_maximum_pooled_loco_kg_temporal_or_spatial_margin0p75_windows2_maxmargin0p0,maximum_pooled_loco,temporal_or_spatial,0.75,2.0,0.0,37,14,7,0.5,23,16,0.6956521739130435,0.5978260869565217,9,4,0.4444444444444444,7,6,0.8571428571428571,6,3,False,0.4444444444444444
joint_heat_maximum_pooled_loco_kg_temporal_or_spatial_margin0p75_windows2_maxmargin0p5,maximum_pooled_loco,temporal_or_spatial,0.75,2.0,0.5,37,14,7,0.5,23,16,0.6956521739130435,0.5978260869565217,9,4,0.4444444444444444,7,6,0.8571428571428571,6,3,False,0.4444444444444444
joint_heat_maximum_pooled_loco_kg_temporal_or_spatial_margin0p75_windows3_maxmargin0p0,maximum_pooled_loco,temporal_or_spatial,0.75,3.0,0.0,37,14,7,0.5,23,16,0.6956521739130435,0.5978260869565217,9,4,0.4444444444444444,7,6,0.8571428571428571,6,3,False,0.4444444444444444
joint_heat_maximum_pooled_loco_kg_temporal_or_spatial_margin0p75_windows3_maxmargin0p5,maximum_pooled_loco,temporal_or_spatial,0.75,3.0,0.5,37,14,7,0.5,23,16,0.6956521739130435,0.5978260869565217,9,4,0.4444444444444444,7,6,0.8571428571428571,6,3,False,0.4444444444444444
joint_heat_maximum_pooled_loco_kg_temporal_or_spatial_margin1p0_windows3_maxmargin0p0,maximum_pooled_loco,temporal_or_spatial,1.0,3.0,0.0,37,14,7,0.5,23,16,0.6956521739130435,0.5978260869565217,9,4,0.4444444444444444,7,6,0.8571428571428571,6,3,False,0.4444444444444444
joint_heat_maximum_pooled_loco_kg_temporal_or_spatial_margin1p0_windows3_maxmargin0p5,maximum_pooled_loco,temporal_or_spatial,1.0,3.0,0.5,37,14,7,0.5,23,16,0.6956521739130435,0.5978260869565217,9,4,0.4444444444444444,7,6,0.8571428571428571,6,3,False,0.4444444444444444
joint_heat_maximum_pooled_loco_kg_temporal_or_spatial_margin1p25_windows3_maxmargin0p0,maximum_pooled_loco,temporal_or_spatial,1.25,3.0,0.0,37,14,7,0.5,23,16,0.6956521739130435,0.5978260869565217,9,4,0.4444444444444444,7,6,0.8571428571428571,6,3,False,0.4444444444444444
joint_heat_maximum_pooled_loco_kg_temporal_or_spatial_margin1p25_windows3_maxmargin0p5,maximum_pooled_loco,temporal_or_spatial,1.25,3.0,0.5,37,14,7,0.5,23,16,0.6956521739130435,0.5978260869565217,9,4,0.4444444444444444,7,6,0.8571428571428571,6,3,False,0.4444444444444444
joint_heat_maximum_pooled_loco_kg_temporal_or_spatial_margin1p5_windows3_maxmargin0p0,maximum_pooled_loco,temporal_or_spatial,1.5,3.0,0.0,37,14,7,0.5,23,16,0.6956521739130435,0.5978260869565217,9,4,0.4444444444444444,7,6,0.8571428571428571,6,3,False,0.4444444444444444
joint_heat_maximum_pooled_loco_kg_temporal_or_spatial_margin1p5_windows3_maxmargin0p5,maximum_pooled_loco,temporal_or_spatial,1.5,3.0,0.5,37,14,7,0.5,23,16,0.6956521739130435,0.5978260869565217,9,4,0.4444444444444444,7,6,0.8571428571428571,6,3,False,0.4444444444444444
joint_heat_blend050_pooled_loco_kg_temporal_and_spatial_margin1p25_windows3_maxmargin1p0,blend050_pooled_loco,temporal_and_spatial,1.25,3.0,1.0,37,14,7,0.5,23,16,0.6956521739130435,0.5978260869565217,9,4,0.4444444444444444,7,6,0.8571428571428571,7,2,False,0.4444444444444444
joint_heat_blend050_pooled_loco_kg_temporal_and_spatial_margin1p5_windows3_maxmargin1p0,blend050_pooled_loco,temporal_and_spatial,1.5,3.0,1.0,37,14,7,0.5,23,16,0.6956521739130435,0.5978260869565217,9,4,0.4444444444444444,7,6,0.8571428571428571,7,2,False,0.4444444444444444
joint_heat_blend050_pooled_loco_kg_temporal_or_spatial_margin1p0_windows3_maxmargin0p0,blend050_pooled_loco,temporal_or_spatial,1.0,3.0,0.0,37,14,7,0.5,23,16,0.6956521739130435,0.5978260869565217,9,4,0.4444444444444444,7,6,0.8571428571428571,7,3,False,0.4444444444444444
joint_heat_blend050_pooled_loco_kg_temporal_or_spatial_margin1p0_windows3_maxmargin0p5,blend050_pooled_loco,temporal_or_spatial,1.0,3.0,0.5,37,14,7,0.5,23,16,0.6956521739130435,0.5978260869565217,9,4,0.4444444444444444,7,6,0.8571428571428571,7,3,False,0.4444444444444444
joint_heat_blend075_pooled_loco_kg_temporal_or_spatial_margin0p75_windows3_maxmargin0p0,blend075_pooled_loco,temporal_or_spatial,0.75,3.0,0.0,37,14,7,0.5,23,16,0.6956521739130435,0.5978260869565217,9,4,0.4444444444444444,7,6,0.8571428571428571,7,3,False,0.4444444444444444
joint_heat_blend075_pooled_loco_kg_temporal_or_spatial_margin0p75_windows3_maxmargin0p5,blend075_pooled_loco,temporal_or_spatial,0.75,3.0,0.5,37,14,7,0.5,23,16,0.6956521739130435,0.5978260869565217,9,4,0.4444444444444444,7,6,0.8571428571428571,7,3,False,0.4444444444444444
joint_heat_blend075_pooled_loco_kg_temporal_or_spatial_margin1p0_windows3_maxmargin0p0,blend075_pooled_loco,temporal_or_spatial,1.0,3.0,0.0,37,14,7,0.5,23,16,0.6956521739130435,0.5978260869565217,9,4,0.4444444444444444,7,6,0.8571428571428571,7,3,False,0.4444444444444444
joint_heat_blend075_pooled_loco_kg_temporal_or_spatial_margin1p0_windows3_maxmargin0p5,blend075_pooled_loco,temporal_or_spatial,1.0,3.0,0.5,37,14,7,0.5,23,16,0.6956521739130435,0.5978260869565217,9,4,0.4444444444444444,7,6,0.8571428571428571,7,3,False,0.4444444444444444
joint_heat_blend075_pooled_loco_kg_temporal_or_spatial_margin1p25_windows3_maxmargin0p0,blend075_pooled_loco,temporal_or_spatial,1.25,3.0,0.0,37,14,7,0.5,23,16,0.6956521739130435,0.5978260869565217,9,4,0.4444444444444444,7,6,0.8571428571428571,7,3,False,0.4444444444444444
joint_heat_blend075_pooled_loco_kg_temporal_or_spatial_margin1p25_windows3_maxmargin0p5,blend075_pooled_loco,temporal_or_spatial,1.25,3.0,0.5,37,14,7,0.5,23,16,0.6956521739130435,0.5978260869565217,9,4,0.4444444444444444,7,6,0.8571428571428571,7,3,False,0.4444444444444444
joint_heat_raw_spatial_p95_kg_temporal_and_spatial_margin2p5_windows3_maxmargin1p0,raw_spatial_p95,temporal_and_spatial,2.5,3.0,1.0,37,14,7,0.5,23,16,0.6956521739130435,0.5978260869565217,9,4,0.4444444444444444,7,6,0.8571428571428571,13,2,False,0.4444444444444444
joint_heat_region_median_loco_kg_spatial_hotspot_margin0p5_windows2_maxmargin1p0,region_median_loco,spatial_hotspot,0.5,2.0,1.0,37,14,7,0.5,23,16,0.6956521739130435,0.5978260869565217,9,4,0.4444444444444444,7,5,0.7142857142857143,3,1,False,0.4444444444444444
joint_heat_region_median_loco_kg_spatial_hotspot_margin0p5_windows3_maxmargin1p0,region_median_loco,spatial_hotspot,0.5,3.0,1.0,37,14,7,0.5,23,16,0.6956521739130435,0.5978260869565217,9,4,0.4444444444444444,7,5,0.7142857142857143,3,1,False,0.4444444444444444
joint_heat_lead_median_loco_kg_temporal_and_spatial_margin0p75_windows2_maxmargin1p0,lead_median_loco,temporal_and_spatial,0.75,2.0,1.0,37,14,7,0.5,23,16,0.6956521739130435,0.5978260869565217,9,4,0.4444444444444444,7,5,0.7142857142857143,3,2,False,0.4444444444444444
joint_heat_region_median_loco_kg_temporal_and_spatial_margin0p5_windows2_maxmargin1p0,region_median_loco,temporal_and_spatial,0.5,2.0,1.0,37,14,7,0.5,23,16,0.6956521739130435,0.5978260869565217,9,4,0.4444444444444444,7,5,0.7142857142857143,3,2,False,0.4444444444444444
joint_heat_region_median_loco_kg_temporal_or_spatial_margin0p5_windows3_maxmargin1p0,region_median_loco,temporal_or_spatial,0.5,3.0,1.0,37,14,7,0.5,23,16,0.6956521739130435,0.5978260869565217,9,4,0.4444444444444444,7,5,0.7142857142857143,3,3,False,0.4444444444444444
joint_heat_lead_median_loco_kg_spatial_hotspot_margin1p25_windows2_maxmargin1p0,lead_median_loco,spatial_hotspot,1.25,2.0,1.0,37,14,8,0.5714285714285714,23,14,0.6086956521739131,0.5900621118012422,9,4,0.4444444444444444,7,5,0.7142857142857143,6,1,False,0.4444444444444444
joint_heat_lead_median_loco_kg_spatial_hotspot_margin1p25_windows3_maxmargin1p0,lead_median_loco,spatial_hotspot,1.25,3.0,1.0,37,14,8,0.5714285714285714,23,14,0.6086956521739131,0.5900621118012422,9,4,0.4444444444444444,7,5,0.7142857142857143,6,1,False,0.4444444444444444
joint_heat_lead_median_loco_kg_spatial_hotspot_margin1p5_windows2_maxmargin1p0,lead_median_loco,spatial_hotspot,1.5,2.0,1.0,37,14,8,0.5714285714285714,23,14,0.6086956521739131,0.5900621118012422,9,4,0.4444444444444444,7,5,0.7142857142857143,6,1,False,0.4444444444444444
joint_heat_lead_median_loco_kg_spatial_hotspot_margin1p5_windows3_maxmargin1p0,lead_median_loco,spatial_hotspot,1.5,3.0,1.0,37,14,8,0.5714285714285714,23,14,0.6086956521739131,0.5900621118012422,9,4,0.4444444444444444,7,5,0.7142857142857143,6,1,False,0.4444444444444444
joint_heat_region_lead_shrinkage_loco_kg_spatial_hotspot_margin1p25_windows2_maxmargin1p0,region_lead_shrinkage_loco,spatial_hotspot,1.25,2.0,1.0,37,14,8,0.5714285714285714,23,14,0.6086956521739131,0.5900621118012422,9,4,0.4444444444444444,7,5,0.7142857142857143,6,1,False,0.4444444444444444
joint_heat_region_lead_shrinkage_loco_kg_spatial_hotspot_margin1p25_windows3_maxmargin1p0,region_lead_shrinkage_loco,spatial_hotspot,1.25,3.0,1.0,37,14,8,0.5714285714285714,23,14,0.6086956521739131,0.5900621118012422,9,4,0.4444444444444444,7,5,0.7142857142857143,6,1,False,0.4444444444444444
joint_heat_region_lead_shrinkage_loco_kg_spatial_hotspot_margin1p5_windows2_maxmargin1p0,region_lead_shrinkage_loco,spatial_hotspot,1.5,2.0,1.0,37,14,8,0.5714285714285714,23,14,0.6086956521739131,0.5900621118012422,9,4,0.4444444444444444,7,5,0.7142857142857143,6,1,False,0.4444444444444444
joint_heat_region_lead_shrinkage_loco_kg_spatial_hotspot_margin1p5_windows3_maxmargin1p0,region_lead_shrinkage_loco,spatial_hotspot,1.5,3.0,1.0,37,14,8,0.5714285714285714,23,14,0.6086956521739131,0.5900621118012422,9,4,0.4444444444444444,7,5,0.7142857142857143,6,1,False,0.4444444444444444
joint_heat_region_median_loco_kg_spatial_hotspot_margin1p25_windows2_maxmargin1p0,region_median_loco,spatial_hotspot,1.25,2.0,1.0,37,14,8,0.5714285714285714,23,14,0.6086956521739131,0.5900621118012422,9,4,0.4444444444444444,7,5,0.7142857142857143,6,1,False,0.4444444444444444
joint_heat_region_median_loco_kg_spatial_hotspot_margin1p25_windows3_maxmargin1p0,region_median_loco,spatial_hotspot,1.25,3.0,1.0,37,14,8,0.5714285714285714,23,14,0.6086956521739131,0.5900621118012422,9,4,0.4444444444444444,7,5,0.7142857142857143,6,1,False,0.4444444444444444
joint_heat_lead_median_loco_kg_temporal_and_spatial_margin1p25_windows2_maxmargin1p0,lead_median_loco,temporal_and_spatial,1.25,2.0,1.0,37,14,8,0.5714285714285714,23,14,0.6086956521739131,0.5900621118012422,9,4,0.4444444444444444,7,5,0.7142857142857143,6,2,False,0.4444444444444444
joint_heat_lead_median_loco_kg_temporal_and_spatial_margin1p5_windows2_maxmargin1p0,lead_median_loco,temporal_and_spatial,1.5,2.0,1.0,37,14,8,0.5714285714285714,23,14,0.6086956521739131,0.5900621118012422,9,4,0.4444444444444444,7,5,0.7142857142857143,6,2,False,0.4444444444444444
joint_heat_region_lead_shrinkage_loco_kg_temporal_and_spatial_margin1p25_windows2_maxmargin1p0,region_lead_shrinkage_loco,temporal_and_spatial,1.25,2.0,1.0,37,14,8,0.5714285714285714,23,14,0.6086956521739131,0.5900621118012422,9,4,0.4444444444444444,7,5,0.7142857142857143,6,2,False,0.4444444444444444
joint_heat_region_lead_shrinkage_loco_kg_temporal_and_spatial_margin1p5_windows2_maxmargin1p0,region_lead_shrinkage_loco,temporal_and_spatial,1.5,2.0,1.0,37,14,8,0.5714285714285714,23,14,0.6086956521739131,0.5900621118012422,9,4,0.4444444444444444,7,5,0.7142857142857143,6,2,False,0.4444444444444444
joint_heat_region_median_loco_kg_temporal_and_spatial_margin1p5_windows2_maxmargin1p0,region_median_loco,temporal_and_spatial,1.5,2.0,1.0,37,14,8,0.5714285714285714,23,14,0.6086956521739131,0.5900621118012422,9,4,0.4444444444444444,7,5,0.7142857142857143,6,2,False,0.4444444444444444
joint_heat_region_median_loco_kg_temporal_and_spatial_margin1p5_windows3_maxmargin1p0,region_median_loco,temporal_and_spatial,1.5,3.0,1.0,37,14,8,0.5714285714285714,23,14,0.6086956521739131,0.5900621118012422,9,4,0.4444444444444444,7,5,0.7142857142857143,6,2,False,0.4444444444444444
joint_heat_lead_median_loco_kg_spatial_hotspot_margin2p0_windows2_maxmargin1p0,lead_median_loco,spatial_hotspot,2.0,2.0,1.0,37,14,8,0.5714285714285714,23,14,0.6086956521739131,0.5900621118012422,9,4,0.4444444444444444,7,5,0.7142857142857143,7,1,False,0.4444444444444444
joint_heat_lead_median_loco_kg_spatial_hotspot_margin2p0_windows3_maxmargin1p0,lead_median_loco,spatial_hotspot,2.0,3.0,1.0,37,14,8,0.5714285714285714,23,14,0.6086956521739131,0.5900621118012422,9,4,0.4444444444444444,7,5,0.7142857142857143,7,1,False,0.4444444444444444
joint_heat_pooled_median_loco_kg_spatial_hotspot_margin1p0_windows2_maxmargin1p0,pooled_median_loco,spatial_hotspot,1.0,2.0,1.0,37,14,8,0.5714285714285714,23,14,0.6086956521739131,0.5900621118012422,9,4,0.4444444444444444,7,5,0.7142857142857143,7,1,False,0.4444444444444444
joint_heat_pooled_median_loco_kg_spatial_hotspot_margin1p0_windows3_maxmargin1p0,pooled_median_loco,spatial_hotspot,1.0,3.0,1.0,37,14,8,0.5714285714285714,23,14,0.6086956521739131,0.5900621118012422,9,4,0.4444444444444444,7,5,0.7142857142857143,7,1,False,0.4444444444444444
joint_heat_region_lead_shrinkage_loco_kg_spatial_hotspot_margin2p0_windows2_maxmargin1p0,region_lead_shrinkage_loco,spatial_hotspot,2.0,2.0,1.0,37,14,8,0.5714285714285714,23,14,0.6086956521739131,0.5900621118012422,9,4,0.4444444444444444,7,5,0.7142857142857143,7,1,False,0.4444444444444444
joint_heat_region_lead_shrinkage_loco_kg_spatial_hotspot_margin2p0_windows3_maxmargin1p0,region_lead_shrinkage_loco,spatial_hotspot,2.0,3.0,1.0,37,14,8,0.5714285714285714,23,14,0.6086956521739131,0.5900621118012422,9,4,0.4444444444444444,7,5,0.7142857142857143,7,1,False,0.4444444444444444
joint_heat_lead_median_loco_kg_temporal_and_spatial_margin2p0_windows2_maxmargin1p0,lead_median_loco,temporal_and_spatial,2.0,2.0,1.0,37,14,8,0.5714285714285714,23,14,0.6086956521739131,0.5900621118012422,9,4,0.4444444444444444,7,5,0.7142857142857143,7,2,False,0.4444444444444444
joint_heat_region_lead_shrinkage_loco_kg_temporal_and_spatial_margin2p0_windows2_maxmargin1p0,region_lead_shrinkage_loco,temporal_and_spatial,2.0,2.0,1.0,37,14,8,0.5714285714285714,23,14,0.6086956521739131,0.5900621118012422,9,4,0.4444444444444444,7,5,0.7142857142857143,7,2,False,0.4444444444444444
joint_heat_region_median_loco_kg_temporal_and_spatial_margin2p0_windows3_maxmargin1p0,region_median_loco,temporal_and_spatial,2.0,3.0,1.0,37,14,8,0.5714285714285714,23,14,0.6086956521739131,0.5900621118012422,9,4,0.4444444444444444,7,5,0.7142857142857143,7,2,False,0.4444444444444444
joint_heat_blend025_pooled_loco_kg_spatial_hotspot_margin1p0_windows2_maxmargin1p0,blend025_pooled_loco,spatial_hotspot,1.0,2.0,1.0,37,14,8,0.5714285714285714,23,14,0.6086956521739131,0.5900621118012422,9,4,0.4444444444444444,7,5,0.7142857142857143,8,1,False,0.4444444444444444
joint_heat_blend025_pooled_loco_kg_spatial_hotspot_margin1p0_windows3_maxmargin1p0,blend025_pooled_loco,spatial_hotspot,1.0,3.0,1.0,37,14,8,0.5714285714285714,23,14,0.6086956521739131,0.5900621118012422,9,4,0.4444444444444444,7,5,0.7142857142857143,8,1,False,0.4444444444444444
joint_heat_pooled_median_loco_kg_spatial_hotspot_margin1p25_windows2_maxmargin1p0,pooled_median_loco,spatial_hotspot,1.25,2.0,1.0,37,14,8,0.5714285714285714,23,14,0.6086956521739131,0.5900621118012422,9,4,0.4444444444444444,7,5,0.7142857142857143,8,1,False,0.4444444444444444
joint_heat_pooled_median_loco_kg_spatial_hotspot_margin1p25_windows3_maxmargin1p0,pooled_median_loco,spatial_hotspot,1.25,3.0,1.0,37,14,8,0.5714285714285714,23,14,0.6086956521739131,0.5900621118012422,9,4,0.4444444444444444,7,5,0.7142857142857143,8,1,False,0.4444444444444444
joint_heat_pooled_median_loco_kg_spatial_hotspot_margin1p5_windows2_maxmargin1p0,pooled_median_loco,spatial_hotspot,1.5,2.0,1.0,37,14,8,0.5714285714285714,23,14,0.6086956521739131,0.5900621118012422,9,4,0.4444444444444444,7,5,0.7142857142857143,8,1,False,0.4444444444444444
joint_heat_pooled_median_loco_kg_spatial_hotspot_margin1p5_windows3_maxmargin1p0,pooled_median_loco,spatial_hotspot,1.5,3.0,1.0,37,14,8,0.5714285714285714,23,14,0.6086956521739131,0.5900621118012422,9,4,0.4444444444444444,7,5,0.7142857142857143,8,1,False,0.4444444444444444
joint_heat_blend025_pooled_loco_kg_temporal_and_spatial_margin1p5_windows2_maxmargin1p0,blend025_pooled_loco,temporal_and_spatial,1.5,2.0,1.0,37,14,8,0.5714285714285714,23,14,0.6086956521739131,0.5900621118012422,9,4,0.4444444444444444,7,5,0.7142857142857143,8,2,False,0.4444444444444444
joint_heat_blend025_pooled_loco_kg_temporal_and_spatial_margin2p0_windows2_maxmargin1p0,blend025_pooled_loco,temporal_and_spatial,2.0,2.0,1.0,37,14,8,0.5714285714285714,23,14,0.6086956521739131,0.5900621118012422,9,4,0.4444444444444444,7,5,0.7142857142857143,8,2,False,0.4444444444444444
joint_heat_blend025_pooled_loco_kg_temporal_and_spatial_margin2p5_windows3_maxmargin1p0,blend025_pooled_loco,temporal_and_spatial,2.5,3.0,1.0,37,14,8,0.5714285714285714,23,14,0.6086956521739131,0.5900621118012422,9,4,0.4444444444444444,7,5,0.7142857142857143,8,2,False,0.4444444444444444
joint_heat_pooled_median_loco_kg_temporal_and_spatial_margin1p5_windows2_maxmargin1p0,pooled_median_loco,temporal_and_spatial,1.5,2.0,1.0,37,14,8,0.5714285714285714,23,14,0.6086956521739131,0.5900621118012422,9,4,0.4444444444444444,7,5,0.7142857142857143,8,2,False,0.4444444444444444
joint_heat_pooled_median_loco_kg_temporal_and_spatial_margin2p0_windows2_maxmargin1p0,pooled_median_loco,temporal_and_spatial,2.0,2.0,1.0,37,14,8,0.5714285714285714,23,14,0.6086956521739131,0.5900621118012422,9,4,0.4444444444444444,7,5,0.7142857142857143,8,2,False,0.4444444444444444
joint_heat_pooled_median_loco_kg_temporal_and_spatial_margin2p5_windows3_maxmargin1p0,pooled_median_loco,temporal_and_spatial,2.5,3.0,1.0,37,14,8,0.5714285714285714,23,14,0.6086956521739131,0.5900621118012422,9,4,0.4444444444444444,7,5,0.7142857142857143,8,2,False,0.4444444444444444
joint_heat_blend075_pooled_loco_kg_spatial_hotspot_margin0p75_windows2_maxmargin1p0,blend075_pooled_loco,spatial_hotspot,0.75,2.0,1.0,37,14,8,0.5714285714285714,23,14,0.6086956521739131,0.5900621118012422,9,4,0.4444444444444444,7,5,0.7142857142857143,10,1,False,0.4444444444444444
joint_heat_blend075_pooled_loco_kg_spatial_hotspot_margin0p75_windows3_maxmargin1p0,blend075_pooled_loco,spatial_hotspot,0.75,3.0,1.0,37,14,8,0.5714285714285714,23,14,0.6086956521739131,0.5900621118012422,9,4,0.4444444444444444,7,5,0.7142857142857143,10,1,False,0.4444444444444444
joint_heat_maximum_pooled_loco_kg_temporal_and_spatial_margin1p25_windows2_maxmargin1p0,maximum_pooled_loco,temporal_and_spatial,1.25,2.0,1.0,37,14,8,0.5714285714285714,23,14,0.6086956521739131,0.5900621118012422,9,4,0.4444444444444444,7,5,0.7142857142857143,10,2,False,0.4444444444444444
joint_heat_blend075_pooled_loco_kg_temporal_or_spatial_margin0p75_windows2_maxmargin1p0,blend075_pooled_loco,temporal_or_spatial,0.75,2.0,1.0,37,14,8,0.5714285714285714,23,14,0.6086956521739131,0.5900621118012422,9,4,0.4444444444444444,7,5,0.7142857142857143,10,3,False,0.4444444444444444
joint_heat_blend075_pooled_loco_kg_temporal_or_spatial_margin0p75_windows3_maxmargin1p0,blend075_pooled_loco,temporal_or_spatial,0.75,3.0,1.0,37,14,8,0.5714285714285714,23,14,0.6086956521739131,0.5900621118012422,9,4,0.4444444444444444,7,5,0.7142857142857143,10,3,False,0.4444444444444444
joint_heat_blend050_pooled_loco_kg_temporal_and_spatial_margin2p0_windows2_maxmargin1p0,blend050_pooled_loco,temporal_and_spatial,2.0,2.0,1.0,37,14,8,0.5714285714285714,23,14,0.6086956521739131,0.5900621118012422,9,4,0.4444444444444444,7,5,0.7142857142857143,11,2,False,0.4444444444444444
joint_heat_blend075_pooled_loco_kg_temporal_and_spatial_margin1p25_windows2_maxmargin1p0,blend075_pooled_loco,temporal_and_spatial,1.25,2.0,1.0,37,14,8,0.5714285714285714,23,14,0.6086956521739131,0.5900621118012422,9,4,0.4444444444444444,7,5,0.7142857142857143,11,2,False,0.4444444444444444
joint_heat_blend075_pooled_loco_kg_temporal_and_spatial_margin1p5_windows2_maxmargin1p0,blend075_pooled_loco,temporal_and_spatial,1.5,2.0,1.0,37,14,8,0.5714285714285714,23,14,0.6086956521739131,0.5900621118012422,9,4,0.4444444444444444,7,5,0.7142857142857143,11,2,False,0.4444444444444444
joint_heat_blend075_pooled_loco_kg_temporal_and_spatial_margin2p0_windows2_maxmargin1p0,blend075_pooled_loco,temporal_and_spatial,2.0,2.0,1.0,37,14,8,0.5714285714285714,23,14,0.6086956521739131,0.5900621118012422,9,4,0.4444444444444444,7,5,0.7142857142857143,11,2,False,0.4444444444444444
joint_heat_blend075_pooled_loco_kg_temporal_and_spatial_margin2p0_windows3_maxmargin1p0,blend075_pooled_loco,temporal_and_spatial,2.0,3.0,1.0,37,14,8,0.5714285714285714,23,14,0.6086956521739131,0.5900621118012422,9,4,0.4444444444444444,7,5,0.7142857142857143,11,2,False,0.4444444444444444
joint_heat_blend075_pooled_loco_kg_temporal_and_spatial_margin2p5_windows3_maxmargin1p0,blend075_pooled_loco,temporal_and_spatial,2.5,3.0,1.0,37,14,8,0.5714285714285714,23,14,0.6086956521739131,0.5900621118012422,9,4,0.4444444444444444,7,5,0.7142857142857143,11,2,False,0.4444444444444444
joint_heat_ridge_state_loco_lambda1_kg_temporal_and_spatial_margin1p5_windows2_maxmargin1p0,ridge_state_loco_lambda1,temporal_and_spatial,1.5,2.0,1.0,37,14,8,0.5714285714285714,23,14,0.6086956521739131,0.5900621118012422,9,4,0.4444444444444444,7,5,0.7142857142857143,11,2,False,0.4444444444444444
joint_heat_blend075_pooled_loco_kg_temporal_or_spatial_margin1p0_windows2_maxmargin0p0,blend075_pooled_loco,temporal_or_spatial,1.0,2.0,0.0,37,14,8,0.5714285714285714,23,14,0.6086956521739131,0.5900621118012422,9,4,0.4444444444444444,7,5,0.7142857142857143,11,3,False,0.4444444444444444
joint_heat_blend075_pooled_loco_kg_temporal_or_spatial_margin1p0_windows2_maxmargin0p5,blend075_pooled_loco,temporal_or_spatial,1.0,2.0,0.5,37,14,8,0.5714285714285714,23,14,0.6086956521739131,0.5900621118012422,9,4,0.4444444444444444,7,5,0.7142857142857143,11,3,False,0.4444444444444444
joint_heat_ridge_state_loco_lambda100_kg_spatial_hotspot_margin1p5_windows2_maxmargin1p0,ridge_state_loco_lambda100,spatial_hotspot,1.5,2.0,1.0,37,14,8,0.5714285714285714,23,14,0.6086956521739131,0.5900621118012422,9,4,0.4444444444444444,7,5,0.7142857142857143,12,1,False,0.4444444444444444
joint_heat_ridge_state_loco_lambda100_kg_spatial_hotspot_margin1p5_windows3_maxmargin1p0,ridge_state_loco_lambda100,spatial_hotspot,1.5,3.0,1.0,37,14,8,0.5714285714285714,23,14,0.6086956521739131,0.5900621118012422,9,4,0.4444444444444444,7,5,0.7142857142857143,12,1,False,0.4444444444444444
joint_heat_ridge_state_loco_lambda100_kg_spatial_hotspot_margin2p0_windows2_maxmargin1p0,ridge_state_loco_lambda100,spatial_hotspot,2.0,2.0,1.0,37,14,8,0.5714285714285714,23,14,0.6086956521739131,0.5900621118012422,9,4,0.4444444444444444,7,5,0.7142857142857143,13,1,False,0.4444444444444444
joint_heat_ridge_state_loco_lambda100_kg_spatial_hotspot_margin2p0_windows3_maxmargin1p0,ridge_state_loco_lambda100,spatial_hotspot,2.0,3.0,1.0,37,14,8,0.5714285714285714,23,14,0.6086956521739131,0.5900621118012422,9,4,0.4444444444444444,7,5,0.7142857142857143,13,1,False,0.4444444444444444
joint_heat_ridge_state_loco_lambda100_kg_temporal_and_spatial_margin2p0_windows2_maxmargin1p0,ridge_state_loco_lambda100,temporal_and_spatial,2.0,2.0,1.0,37,14,8,0.5714285714285714,23,14,0.6086956521739131,0.5900621118012422,9,4,0.4444444444444444,7,5,0.7142857142857143,13,2,False,0.4444444444444444
joint_heat_ridge_state_loco_lambda100_kg_temporal_and_spatial_margin2p5_windows2_maxmargin1p0,ridge_state_loco_lambda100,temporal_and_spatial,2.5,2.0,1.0,37,14,8,0.5714285714285714,23,14,0.6086956521739131,0.5900621118012422,9,4,0.4444444444444444,7,5,0.7142857142857143,13,2,False,0.4444444444444444
joint_heat_ridge_state_loco_lambda10_kg_spatial_hotspot_margin1p5_windows2_maxmargin1p0,ridge_state_loco_lambda10,spatial_hotspot,1.5,2.0,1.0,37,14,8,0.5714285714285714,23,14,0.6086956521739131,0.5900621118012422,9,4,0.4444444444444444,7,5,0.7142857142857143,14,1,False,0.4444444444444444
joint_heat_ridge_state_loco_lambda10_kg_spatial_hotspot_margin1p5_windows3_maxmargin1p0,ridge_state_loco_lambda10,spatial_hotspot,1.5,3.0,1.0,37,14,8,0.5714285714285714,23,14,0.6086956521739131,0.5900621118012422,9,4,0.4444444444444444,7,5,0.7142857142857143,14,1,False,0.4444444444444444
joint_heat_ridge_state_loco_lambda10_kg_spatial_hotspot_margin2p0_windows2_maxmargin1p0,ridge_state_loco_lambda10,spatial_hotspot,2.0,2.0,1.0,37,14,8,0.5714285714285714,23,14,0.6086956521739131,0.5900621118012422,9,4,0.4444444444444444,7,5,0.7142857142857143,15,1,False,0.4444444444444444
joint_heat_ridge_state_loco_lambda10_kg_spatial_hotspot_margin2p0_windows3_maxmargin1p0,ridge_state_loco_lambda10,spatial_hotspot,2.0,3.0,1.0,37,14,8,0.5714285714285714,23,14,0.6086956521739131,0.5900621118012422,9,4,0.4444444444444444,7,5,0.7142857142857143,15,1,False,0.4444444444444444
joint_heat_ridge_state_loco_lambda10_kg_temporal_and_spatial_margin2p0_windows2_maxmargin1p0,ridge_state_loco_lambda10,temporal_and_spatial,2.0,2.0,1.0,37,14,8,0.5714285714285714,23,14,0.6086956521739131,0.5900621118012422,9,4,0.4444444444444444,7,5,0.7142857142857143,15,2,False,0.4444444444444444
joint_heat_raw_spatial_p95_kg_spatial_hotspot_margin2p5_windows2_maxmargin1p0,raw_spatial_p95,spatial_hotspot,2.5,2.0,1.0,37,14,8,0.5714285714285714,23,14,0.6086956521739131,0.5900621118012422,9,4,0.4444444444444444,7,5,0.7142857142857143,16,1,False,0.4444444444444444
joint_heat_raw_spatial_p95_kg_spatial_hotspot_margin2p5_windows3_maxmargin1p0,raw_spatial_p95,spatial_hotspot,2.5,3.0,1.0,37,14,8,0.5714285714285714,23,14,0.6086956521739131,0.5900621118012422,9,4,0.4444444444444444,7,5,0.7142857142857143,16,1,False,0.4444444444444444
joint_heat_region_median_loco_kg_spatial_hotspot_margin0p75_windows2_maxmargin1p0,region_median_loco,spatial_hotspot,0.75,2.0,1.0,37,14,7,0.5,23,15,0.6521739130434783,0.5760869565217391,9,4,0.4444444444444444,7,5,0.7142857142857143,4,1,False,0.4444444444444444
joint_heat_region_median_loco_kg_spatial_hotspot_margin0p75_windows3_maxmargin1p0,region_median_loco,spatial_hotspot,0.75,3.0,1.0,37,14,7,0.5,23,15,0.6521739130434783,0.5760869565217391,9,4,0.4444444444444444,7,5,0.7142857142857143,4,1,False,0.4444444444444444
joint_heat_lead_median_loco_kg_temporal_and_spatial_margin1p0_windows2_maxmargin1p0,lead_median_loco,temporal_and_spatial,1.0,2.0,1.0,37,14,7,0.5,23,15,0.6521739130434783,0.5760869565217391,9,4,0.4444444444444444,7,5,0.7142857142857143,4,2,False,0.4444444444444444
joint_heat_lead_median_loco_kg_temporal_and_spatial_margin1p25_windows3_maxmargin1p0,lead_median_loco,temporal_and_spatial,1.25,3.0,1.0,37,14,7,0.5,23,15,0.6521739130434783,0.5760869565217391,9,4,0.4444444444444444,7,5,0.7142857142857143,4,2,False,0.4444444444444444
joint_heat_region_lead_shrinkage_loco_kg_temporal_and_spatial_margin1p0_windows2_maxmargin1p0,region_lead_shrinkage_loco,temporal_and_spatial,1.0,2.0,1.0,37,14,7,0.5,23,15,0.6521739130434783,0.5760869565217391,9,4,0.4444444444444444,7,5,0.7142857142857143,4,2,False,0.4444444444444444
joint_heat_region_lead_shrinkage_loco_kg_temporal_and_spatial_margin1p25_windows3_maxmargin1p0,region_lead_shrinkage_loco,temporal_and_spatial,1.25,3.0,1.0,37,14,7,0.5,23,15,0.6521739130434783,0.5760869565217391,9,4,0.4444444444444444,7,5,0.7142857142857143,4,2,False,0.4444444444444444
joint_heat_region_lead_shrinkage_loco_kg_temporal_and_spatial_margin1p5_windows3_maxmargin1p0,region_lead_shrinkage_loco,temporal_and_spatial,1.5,3.0,1.0,37,14,7,0.5,23,15,0.6521739130434783,0.5760869565217391,9,4,0.4444444444444444,7,5,0.7142857142857143,4,2,False,0.4444444444444444
joint_heat_region_median_loco_kg_temporal_and_spatial_margin0p75_windows2_maxmargin1p0,region_median_loco,temporal_and_spatial,0.75,2.0,1.0,37,14,7,0.5,23,15,0.6521739130434783,0.5760869565217391,9,4,0.4444444444444444,7,5,0.7142857142857143,4,2,False,0.4444444444444444
joint_heat_region_median_loco_kg_temporal_or_spatial_margin0p75_windows3_maxmargin1p0,region_median_loco,temporal_or_spatial,0.75,3.0,1.0,37,14,7,0.5,23,15,0.6521739130434783,0.5760869565217391,9,4,0.4444444444444444,7,5,0.7142857142857143,4,3,False,0.4444444444444444
joint_heat_pooled_median_loco_kg_spatial_hotspot_margin0p5_windows2_maxmargin1p0,pooled_median_loco,spatial_hotspot,0.5,2.0,1.0,37,14,7,0.5,23,15,0.6521739130434783,0.5760869565217391,9,4,0.4444444444444444,7,5,0.7142857142857143,5,1,False,0.4444444444444444
joint_heat_pooled_median_loco_kg_spatial_hotspot_margin0p5_windows3_maxmargin1p0,pooled_median_loco,spatial_hotspot,0.5,3.0,1.0,37,14,7,0.5,23,15,0.6521739130434783,0.5760869565217391,9,4,0.4444444444444444,7,5,0.7142857142857143,5,1,False,0.4444444444444444
joint_heat_blend025_pooled_loco_kg_temporal_and_spatial_margin0p75_windows2_maxmargin1p0,blend025_pooled_loco,temporal_and_spatial,0.75,2.0,1.0,37,14,7,0.5,23,15,0.6521739130434783,0.5760869565217391,9,4,0.4444444444444444,7,5,0.7142857142857143,5,2,False,0.4444444444444444
joint_heat_pooled_median_loco_kg_temporal_and_spatial_margin0p75_windows2_maxmargin1p0,pooled_median_loco,temporal_and_spatial,0.75,2.0,1.0,37,14,7,0.5,23,15,0.6521739130434783,0.5760869565217391,9,4,0.4444444444444444,7,5,0.7142857142857143,5,2,False,0.4444444444444444
joint_heat_blend025_pooled_loco_kg_temporal_or_spatial_margin0p5_windows2_maxmargin0p0,blend025_pooled_loco,temporal_or_spatial,0.5,2.0,0.0,37,14,7,0.5,23,15,0.6521739130434783,0.5760869565217391,9,4,0.4444444444444444,7,5,0.7142857142857143,5,3,False,0.4444444444444444
joint_heat_blend025_pooled_loco_kg_temporal_or_spatial_margin0p5_windows2_maxmargin0p5,blend025_pooled_loco,temporal_or_spatial,0.5,2.0,0.5,37,14,7,0.5,23,15,0.6521739130434783,0.5760869565217391,9,4,0.4444444444444444,7,5,0.7142857142857143,5,3,False,0.4444444444444444
joint_heat_pooled_median_loco_kg_temporal_or_spatial_margin0p5_windows2_maxmargin1p0,pooled_median_loco,temporal_or_spatial,0.5,2.0,1.0,37,14,7,0.5,23,15,0.6521739130434783,0.5760869565217391,9,4,0.4444444444444444,7,5,0.7142857142857143,5,3,False,0.4444444444444444
joint_heat_pooled_median_loco_kg_temporal_or_spatial_margin0p5_windows3_maxmargin1p0,pooled_median_loco,temporal_or_spatial,0.5,3.0,1.0,37,14,7,0.5,23,15,0.6521739130434783,0.5760869565217391,9,4,0.4444444444444444,7,5,0.7142857142857143,5,3,False,0.4444444444444444
joint_heat_blend025_pooled_loco_kg_temporal_near_threshold_margin0p75_windows2_maxmargin0p0,blend025_pooled_loco,temporal_near_threshold,0.75,2.0,0.0,37,14,7,0.5,23,15,0.6521739130434783,0.5760869565217391,9,4,0.4444444444444444,7,5,0.7142857142857143,6,1,False,0.4444444444444444
joint_heat_blend025_pooled_loco_kg_temporal_near_threshold_margin0p75_windows2_maxmargin0p5,blend025_pooled_loco,temporal_near_threshold,0.75,2.0,0.5,37,14,7,0.5,23,15,0.6521739130434783,0.5760869565217391,9,4,0.4444444444444444,7,5,0.7142857142857143,6,1,False,0.4444444444444444
joint_heat_blend025_pooled_loco_kg_temporal_near_threshold_margin0p75_windows2_maxmargin1p0,blend025_pooled_loco,temporal_near_threshold,0.75,2.0,1.0,37,14,7,0.5,23,15,0.6521739130434783,0.5760869565217391,9,4,0.4444444444444444,7,5,0.7142857142857143,6,1,False,0.4444444444444444
joint_heat_blend075_pooled_loco_kg_temporal_near_threshold_margin0p75_windows2_maxmargin0p0,blend075_pooled_loco,temporal_near_threshold,0.75,2.0,0.0,37,14,7,0.5,23,15,0.6521739130434783,0.5760869565217391,9,4,0.4444444444444444,7,5,0.7142857142857143,8,1,False,0.4444444444444444
joint_heat_blend075_pooled_loco_kg_temporal_near_threshold_margin0p75_windows2_maxmargin0p5,blend075_pooled_loco,temporal_near_threshold,0.75,2.0,0.5,37,14,7,0.5,23,15,0.6521739130434783,0.5760869565217391,9,4,0.4444444444444444,7,5,0.7142857142857143,8,1,False,0.4444444444444444
joint_heat_blend075_pooled_loco_kg_temporal_near_threshold_margin0p75_windows2_maxmargin1p0,blend075_pooled_loco,temporal_near_threshold,0.75,2.0,1.0,37,14,7,0.5,23,15,0.6521739130434783,0.5760869565217391,9,4,0.4444444444444444,7,5,0.7142857142857143,8,1,False,0.4444444444444444
joint_heat_blend075_pooled_loco_kg_temporal_and_spatial_margin0p75_windows2_maxmargin1p0,blend075_pooled_loco,temporal_and_spatial,0.75,2.0,1.0,37,14,7,0.5,23,15,0.6521739130434783,0.5760869565217391,9,4,0.4444444444444444,7,5,0.7142857142857143,8,2,False,0.4444444444444444
joint_heat_blend050_pooled_loco_kg_temporal_or_spatial_margin0p75_windows2_maxmargin0p0,blend050_pooled_loco,temporal_or_spatial,0.75,2.0,0.0,37,14,7,0.5,23,15,0.6521739130434783,0.5760869565217391,9,4,0.4444444444444444,7,5,0.7142857142857143,8,3,False,0.4444444444444444
joint_heat_blend050_pooled_loco_kg_temporal_or_spatial_margin0p75_windows2_maxmargin0p5,blend050_pooled_loco,temporal_or_spatial,0.75,2.0,0.5,37,14,7,0.5,23,15,0.6521739130434783,0.5760869565217391,9,4,0.4444444444444444,7,5,0.7142857142857143,8,3,False,0.4444444444444444
joint_heat_ridge_state_loco_lambda100_kg_spatial_hotspot_margin1p25_windows2_maxmargin1p0,ridge_state_loco_lambda100,spatial_hotspot,1.25,2.0,1.0,37,14,7,0.5,23,15,0.6521739130434783,0.5760869565217391,9,4,0.4444444444444444,7,5,0.7142857142857143,10,1,False,0.4444444444444444
joint_heat_ridge_state_loco_lambda100_kg_spatial_hotspot_margin1p25_windows3_maxmargin1p0,ridge_state_loco_lambda100,spatial_hotspot,1.25,3.0,1.0,37,14,7,0.5,23,15,0.6521739130434783,0.5760869565217391,9,4,0.4444444444444444,7,5,0.7142857142857143,10,1,False,0.4444444444444444
joint_heat_ridge_state_loco_lambda100_kg_temporal_and_spatial_margin1p25_windows2_maxmargin1p0,ridge_state_loco_lambda100,temporal_and_spatial,1.25,2.0,1.0,37,14,7,0.5,23,15,0.6521739130434783,0.5760869565217391,9,4,0.4444444444444444,7,5,0.7142857142857143,10,2,False,0.4444444444444444
joint_heat_ridge_state_loco_lambda100_kg_temporal_or_spatial_margin1p25_windows3_maxmargin1p0,ridge_state_loco_lambda100,temporal_or_spatial,1.25,3.0,1.0,37,14,7,0.5,23,15,0.6521739130434783,0.5760869565217391,9,4,0.4444444444444444,7,5,0.7142857142857143,10,3,False,0.4444444444444444
joint_heat_ridge_state_loco_lambda100_kg_temporal_near_threshold_margin1p25_windows2_maxmargin0p0,ridge_state_loco_lambda100,temporal_near_threshold,1.25,2.0,0.0,37,14,7,0.5,23,15,0.6521739130434783,0.5760869565217391,9,4,0.4444444444444444,7,5,0.7142857142857143,11,1,False,0.4444444444444444
joint_heat_ridge_state_loco_lambda100_kg_temporal_near_threshold_margin1p25_windows2_maxmargin0p5,ridge_state_loco_lambda100,temporal_near_threshold,1.25,2.0,0.5,37,14,7,0.5,23,15,0.6521739130434783,0.5760869565217391,9,4,0.4444444444444444,7,5,0.7142857142857143,11,1,False,0.4444444444444444
joint_heat_ridge_state_loco_lambda100_kg_temporal_near_threshold_margin1p25_windows2_maxmargin1p0,ridge_state_loco_lambda100,temporal_near_threshold,1.25,2.0,1.0,37,14,7,0.5,23,15,0.6521739130434783,0.5760869565217391,9,4,0.4444444444444444,7,5,0.7142857142857143,11,1,False,0.4444444444444444
joint_heat_ridge_state_loco_lambda100_kg_temporal_or_spatial_margin1p25_windows2_maxmargin0p0,ridge_state_loco_lambda100,temporal_or_spatial,1.25,2.0,0.0,37,14,7,0.5,23,15,0.6521739130434783,0.5760869565217391,9,4,0.4444444444444444,7,5,0.7142857142857143,11,3,False,0.4444444444444444
joint_heat_ridge_state_loco_lambda100_kg_temporal_or_spatial_margin1p25_windows2_maxmargin0p5,ridge_state_loco_lambda100,temporal_or_spatial,1.25,2.0,0.5,37,14,7,0.5,23,15,0.6521739130434783,0.5760869565217391,9,4,0.4444444444444444,7,5,0.7142857142857143,11,3,False,0.4444444444444444
joint_heat_ridge_state_loco_lambda100_kg_temporal_or_spatial_margin1p25_windows2_maxmargin1p0,ridge_state_loco_lambda100,temporal_or_spatial,1.25,2.0,1.0,37,14,7,0.5,23,15,0.6521739130434783,0.5760869565217391,9,4,0.4444444444444444,7,5,0.7142857142857143,11,3,False,0.4444444444444444
joint_heat_ridge_state_loco_lambda10_kg_temporal_or_spatial_margin1p25_windows2_maxmargin0p0,ridge_state_loco_lambda10,temporal_or_spatial,1.25,2.0,0.0,37,14,7,0.5,23,15,0.6521739130434783,0.5760869565217391,9,4,0.4444444444444444,7,5,0.7142857142857143,12,3,False,0.4444444444444444
joint_heat_ridge_state_loco_lambda10_kg_temporal_or_spatial_margin1p25_windows2_maxmargin0p5,ridge_state_loco_lambda10,temporal_or_spatial,1.25,2.0,0.5,37,14,7,0.5,23,15,0.6521739130434783,0.5760869565217391,9,4,0.4444444444444444,7,5,0.7142857142857143,12,3,False,0.4444444444444444
joint_heat_raw_spatial_p95_kg_spatial_hotspot_margin2p0_windows2_maxmargin1p0,raw_spatial_p95,spatial_hotspot,2.0,2.0,1.0,37,14,7,0.5,23,15,0.6521739130434783,0.5760869565217391,9,4,0.4444444444444444,7,5,0.7142857142857143,14,1,False,0.4444444444444444
joint_heat_raw_spatial_p95_kg_spatial_hotspot_margin2p0_windows3_maxmargin1p0,raw_spatial_p95,spatial_hotspot,2.0,3.0,1.0,37,14,7,0.5,23,15,0.6521739130434783,0.5760869565217391,9,4,0.4444444444444444,7,5,0.7142857142857143,14,1,False,0.4444444444444444
joint_heat_raw_spatial_p95_kg_temporal_and_spatial_margin2p0_windows2_maxmargin1p0,raw_spatial_p95,temporal_and_spatial,2.0,2.0,1.0,37,14,7,0.5,23,15,0.6521739130434783,0.5760869565217391,9,4,0.4444444444444444,7,5,0.7142857142857143,14,2,False,0.4444444444444444
joint_heat_raw_spatial_p95_kg_temporal_or_spatial_margin2p0_windows3_maxmargin1p0,raw_spatial_p95,temporal_or_spatial,2.0,3.0,1.0,37,14,7,0.5,23,15,0.6521739130434783,0.5760869565217391,9,4,0.4444444444444444,7,5,0.7142857142857143,14,3,False,0.4444444444444444
joint_heat_raw_spatial_p95_kg_temporal_near_threshold_margin2p0_windows2_maxmargin0p0,raw_spatial_p95,temporal_near_threshold,2.0,2.0,0.0,37,14,7,0.5,23,15,0.6521739130434783,0.5760869565217391,9,4,0.4444444444444444,7,5,0.7142857142857143,15,1,False,0.4444444444444444
joint_heat_raw_spatial_p95_kg_temporal_near_threshold_margin2p0_windows2_maxmargin0p5,raw_spatial_p95,temporal_near_threshold,2.0,2.0,0.5,37,14,7,0.5,23,15,0.6521739130434783,0.5760869565217391,9,4,0.4444444444444444,7,5,0.7142857142857143,15,1,False,0.4444444444444444
joint_heat_raw_spatial_p95_kg_temporal_near_threshold_margin2p0_windows2_maxmargin1p0,raw_spatial_p95,temporal_near_threshold,2.0,2.0,1.0,37,14,7,0.5,23,15,0.6521739130434783,0.5760869565217391,9,4,0.4444444444444444,7,5,0.7142857142857143,15,1,False,0.4444444444444444
joint_heat_raw_spatial_p95_kg_temporal_or_spatial_margin2p0_windows2_maxmargin0p0,raw_spatial_p95,temporal_or_spatial,2.0,2.0,0.0,37,14,7,0.5,23,15,0.6521739130434783,0.5760869565217391,9,4,0.4444444444444444,7,5,0.7142857142857143,15,3,False,0.4444444444444444
joint_heat_raw_spatial_p95_kg_temporal_or_spatial_margin2p0_windows2_maxmargin0p5,raw_spatial_p95,temporal_or_spatial,2.0,2.0,0.5,37,14,7,0.5,23,15,0.6521739130434783,0.5760869565217391,9,4,0.4444444444444444,7,5,0.7142857142857143,15,3,False,0.4444444444444444
joint_heat_raw_spatial_p95_kg_temporal_or_spatial_margin2p0_windows2_maxmargin1p0,raw_spatial_p95,temporal_or_spatial,2.0,2.0,1.0,37,14,7,0.5,23,15,0.6521739130434783,0.5760869565217391,9,4,0.4444444444444444,7,5,0.7142857142857143,15,3,False,0.4444444444444444
joint_heat_region_median_loco_kg_spatial_hotspot_margin1p5_windows2_maxmargin1p0,region_median_loco,spatial_hotspot,1.5,2.0,1.0,37,14,8,0.5714285714285714,23,13,0.5652173913043478,0.5683229813664596,9,4,0.4444444444444444,7,5,0.7142857142857143,7,1,False,0.4444444444444444
joint_heat_region_median_loco_kg_spatial_hotspot_margin1p5_windows3_maxmargin1p0,region_median_loco,spatial_hotspot,1.5,3.0,1.0,37,14,8,0.5714285714285714,23,13,0.5652173913043478,0.5683229813664596,9,4,0.4444444444444444,7,5,0.7142857142857143,7,1,False,0.4444444444444444
joint_heat_lead_median_loco_kg_spatial_hotspot_margin2p5_windows2_maxmargin1p0,lead_median_loco,spatial_hotspot,2.5,2.0,1.0,37,14,8,0.5714285714285714,23,13,0.5652173913043478,0.5683229813664596,9,4,0.4444444444444444,7,5,0.7142857142857143,8,1,False,0.4444444444444444
joint_heat_lead_median_loco_kg_spatial_hotspot_margin2p5_windows3_maxmargin1p0,lead_median_loco,spatial_hotspot,2.5,3.0,1.0,37,14,8,0.5714285714285714,23,13,0.5652173913043478,0.5683229813664596,9,4,0.4444444444444444,7,5,0.7142857142857143,8,1,False,0.4444444444444444
joint_heat_region_lead_shrinkage_loco_kg_spatial_hotspot_margin2p5_windows2_maxmargin1p0,region_lead_shrinkage_loco,spatial_hotspot,2.5,2.0,1.0,37,14,8,0.5714285714285714,23,13,0.5652173913043478,0.5683229813664596,9,4,0.4444444444444444,7,5,0.7142857142857143,8,1,False,0.4444444444444444
joint_heat_region_lead_shrinkage_loco_kg_spatial_hotspot_margin2p5_windows3_maxmargin1p0,region_lead_shrinkage_loco,spatial_hotspot,2.5,3.0,1.0,37,14,8,0.5714285714285714,23,13,0.5652173913043478,0.5683229813664596,9,4,0.4444444444444444,7,5,0.7142857142857143,8,1,False,0.4444444444444444
joint_heat_lead_median_loco_kg_temporal_and_spatial_margin2p5_windows2_maxmargin1p0,lead_median_loco,temporal_and_spatial,2.5,2.0,1.0,37,14,8,0.5714285714285714,23,13,0.5652173913043478,0.5683229813664596,9,4,0.4444444444444444,7,5,0.7142857142857143,8,2,False,0.4444444444444444
joint_heat_region_lead_shrinkage_loco_kg_temporal_and_spatial_margin2p5_windows2_maxmargin1p0,region_lead_shrinkage_loco,temporal_and_spatial,2.5,2.0,1.0,37,14,8,0.5714285714285714,23,13,0.5652173913043478,0.5683229813664596,9,4,0.4444444444444444,7,5,0.7142857142857143,8,2,False,0.4444444444444444
joint_heat_region_median_loco_kg_temporal_and_spatial_margin2p0_windows2_maxmargin1p0,region_median_loco,temporal_and_spatial,2.0,2.0,1.0,37,14,8,0.5714285714285714,23,13,0.5652173913043478,0.5683229813664596,9,4,0.4444444444444444,7,5,0.7142857142857143,8,2,False,0.4444444444444444
joint_heat_region_median_loco_kg_temporal_and_spatial_margin2p5_windows2_maxmargin1p0,region_median_loco,temporal_and_spatial,2.5,2.0,1.0,37,14,8,0.5714285714285714,23,13,0.5652173913043478,0.5683229813664596,9,4,0.4444444444444444,7,5,0.7142857142857143,8,2,False,0.4444444444444444
joint_heat_region_median_loco_kg_temporal_and_spatial_margin2p5_windows3_maxmargin1p0,region_median_loco,temporal_and_spatial,2.5,3.0,1.0,37,14,8,0.5714285714285714,23,13,0.5652173913043478,0.5683229813664596,9,4,0.4444444444444444,7,5,0.7142857142857143,8,2,False,0.4444444444444444
joint_heat_blend025_pooled_loco_kg_spatial_hotspot_margin1p25_windows2_maxmargin1p0,blend025_pooled_loco,spatial_hotspot,1.25,2.0,1.0,37,14,8,0.5714285714285714,23,13,0.5652173913043478,0.5683229813664596,9,4,0.4444444444444444,7,5,0.7142857142857143,9,1,False,0.4444444444444444
joint_heat_blend025_pooled_loco_kg_spatial_hotspot_margin1p25_windows3_maxmargin1p0,blend025_pooled_loco,spatial_hotspot,1.25,3.0,1.0,37,14,8,0.5714285714285714,23,13,0.5652173913043478,0.5683229813664596,9,4,0.4444444444444444,7,5,0.7142857142857143,9,1,False,0.4444444444444444
joint_heat_blend025_pooled_loco_kg_spatial_hotspot_margin1p5_windows2_maxmargin1p0,blend025_pooled_loco,spatial_hotspot,1.5,2.0,1.0,37,14,8,0.5714285714285714,23,13,0.5652173913043478,0.5683229813664596,9,4,0.4444444444444444,7,5,0.7142857142857143,9,1,False,0.4444444444444444
joint_heat_blend025_pooled_loco_kg_spatial_hotspot_margin1p5_windows3_maxmargin1p0,blend025_pooled_loco,spatial_hotspot,1.5,3.0,1.0,37,14,8,0.5714285714285714,23,13,0.5652173913043478,0.5683229813664596,9,4,0.4444444444444444,7,5,0.7142857142857143,9,1,False,0.4444444444444444
joint_heat_blend025_pooled_loco_kg_spatial_hotspot_margin2p0_windows2_maxmargin1p0,blend025_pooled_loco,spatial_hotspot,2.0,2.0,1.0,37,14,8,0.5714285714285714,23,13,0.5652173913043478,0.5683229813664596,9,4,0.4444444444444444,7,5,0.7142857142857143,9,1,False,0.4444444444444444
joint_heat_blend025_pooled_loco_kg_spatial_hotspot_margin2p0_windows3_maxmargin1p0,blend025_pooled_loco,spatial_hotspot,2.0,3.0,1.0,37,14,8,0.5714285714285714,23,13,0.5652173913043478,0.5683229813664596,9,4,0.4444444444444444,7,5,0.7142857142857143,9,1,False,0.4444444444444444
joint_heat_blend025_pooled_loco_kg_spatial_hotspot_margin2p5_windows2_maxmargin1p0,blend025_pooled_loco,spatial_hotspot,2.5,2.0,1.0,37,14,8,0.5714285714285714,23,13,0.5652173913043478,0.5683229813664596,9,4,0.4444444444444444,7,5,0.7142857142857143,9,1,False,0.4444444444444444
joint_heat_blend025_pooled_loco_kg_spatial_hotspot_margin2p5_windows3_maxmargin1p0,blend025_pooled_loco,spatial_hotspot,2.5,3.0,1.0,37,14,8,0.5714285714285714,23,13,0.5652173913043478,0.5683229813664596,9,4,0.4444444444444444,7,5,0.7142857142857143,9,1,False,0.4444444444444444
joint_heat_pooled_median_loco_kg_spatial_hotspot_margin2p0_windows2_maxmargin1p0,pooled_median_loco,spatial_hotspot,2.0,2.0,1.0,37,14,8,0.5714285714285714,23,13,0.5652173913043478,0.5683229813664596,9,4,0.4444444444444444,7,5,0.7142857142857143,9,1,False,0.4444444444444444
joint_heat_pooled_median_loco_kg_spatial_hotspot_margin2p0_windows3_maxmargin1p0,pooled_median_loco,spatial_hotspot,2.0,3.0,1.0,37,14,8,0.5714285714285714,23,13,0.5652173913043478,0.5683229813664596,9,4,0.4444444444444444,7,5,0.7142857142857143,9,1,False,0.4444444444444444
joint_heat_pooled_median_loco_kg_spatial_hotspot_margin2p5_windows2_maxmargin1p0,pooled_median_loco,spatial_hotspot,2.5,2.0,1.0,37,14,8,0.5714285714285714,23,13,0.5652173913043478,0.5683229813664596,9,4,0.4444444444444444,7,5,0.7142857142857143,9,1,False,0.4444444444444444
joint_heat_pooled_median_loco_kg_spatial_hotspot_margin2p5_windows3_maxmargin1p0,pooled_median_loco,spatial_hotspot,2.5,3.0,1.0,37,14,8,0.5714285714285714,23,13,0.5652173913043478,0.5683229813664596,9,4,0.4444444444444444,7,5,0.7142857142857143,9,1,False,0.4444444444444444
joint_heat_blend025_pooled_loco_kg_temporal_and_spatial_margin2p5_windows2_maxmargin1p0,blend025_pooled_loco,temporal_and_spatial,2.5,2.0,1.0,37,14,8,0.5714285714285714,23,13,0.5652173913043478,0.5683229813664596,9,4,0.4444444444444444,7,5,0.7142857142857143,9,2,False,0.4444444444444444
joint_heat_pooled_median_loco_kg_temporal_and_spatial_margin2p5_windows2_maxmargin1p0,pooled_median_loco,temporal_and_spatial,2.5,2.0,1.0,37,14,8,0.5714285714285714,23,13,0.5652173913043478,0.5683229813664596,9,4,0.4444444444444444,7,5,0.7142857142857143,9,2,False,0.4444444444444444
joint_heat_maximum_pooled_loco_kg_spatial_hotspot_margin1p0_windows2_maxmargin1p0,maximum_pooled_loco,spatial_hotspot,1.0,2.0,1.0,37,14,8,0.5714285714285714,23,13,0.5652173913043478,0.5683229813664596,9,4,0.4444444444444444,7,5,0.7142857142857143,11,1,False,0.4444444444444444
joint_heat_maximum_pooled_loco_kg_spatial_hotspot_margin1p0_windows3_maxmargin1p0,maximum_pooled_loco,spatial_hotspot,1.0,3.0,1.0,37,14,8,0.5714285714285714,23,13,0.5652173913043478,0.5683229813664596,9,4,0.4444444444444444,7,5,0.7142857142857143,11,1,False,0.4444444444444444
joint_heat_maximum_pooled_loco_kg_spatial_hotspot_margin1p25_windows2_maxmargin1p0,maximum_pooled_loco,spatial_hotspot,1.25,2.0,1.0,37,14,8,0.5714285714285714,23,13,0.5652173913043478,0.5683229813664596,9,4,0.4444444444444444,7,5,0.7142857142857143,11,1,False,0.4444444444444444
joint_heat_maximum_pooled_loco_kg_spatial_hotspot_margin1p25_windows3_maxmargin1p0,maximum_pooled_loco,spatial_hotspot,1.25,3.0,1.0,37,14,8,0.5714285714285714,23,13,0.5652173913043478,0.5683229813664596,9,4,0.4444444444444444,7,5,0.7142857142857143,11,1,False,0.4444444444444444
joint_heat_maximum_pooled_loco_kg_spatial_hotspot_margin1p5_windows2_maxmargin1p0,maximum_pooled_loco,spatial_hotspot,1.5,2.0,1.0,37,14,8,0.5714285714285714,23,13,0.5652173913043478,0.5683229813664596,9,4,0.4444444444444444,7,5,0.7142857142857143,11,1,False,0.4444444444444444
joint_heat_maximum_pooled_loco_kg_spatial_hotspot_margin1p5_windows3_maxmargin1p0,maximum_pooled_loco,spatial_hotspot,1.5,3.0,1.0,37,14,8,0.5714285714285714,23,13,0.5652173913043478,0.5683229813664596,9,4,0.4444444444444444,7,5,0.7142857142857143,11,1,False,0.4444444444444444
joint_heat_maximum_pooled_loco_kg_spatial_hotspot_margin2p0_windows2_maxmargin1p0,maximum_pooled_loco,spatial_hotspot,2.0,2.0,1.0,37,14,8,0.5714285714285714,23,13,0.5652173913043478,0.5683229813664596,9,4,0.4444444444444444,7,5,0.7142857142857143,11,1,False,0.4444444444444444
joint_heat_maximum_pooled_loco_kg_spatial_hotspot_margin2p0_windows3_maxmargin1p0,maximum_pooled_loco,spatial_hotspot,2.0,3.0,1.0,37,14,8,0.5714285714285714,23,13,0.5652173913043478,0.5683229813664596,9,4,0.4444444444444444,7,5,0.7142857142857143,11,1,False,0.4444444444444444
joint_heat_maximum_pooled_loco_kg_spatial_hotspot_margin2p5_windows2_maxmargin1p0,maximum_pooled_loco,spatial_hotspot,2.5,2.0,1.0,37,14,8,0.5714285714285714,23,13,0.5652173913043478,0.5683229813664596,9,4,0.4444444444444444,7,5,0.7142857142857143,11,1,False,0.4444444444444444
joint_heat_maximum_pooled_loco_kg_spatial_hotspot_margin2p5_windows3_maxmargin1p0,maximum_pooled_loco,spatial_hotspot,2.5,3.0,1.0,37,14,8,0.5714285714285714,23,13,0.5652173913043478,0.5683229813664596,9,4,0.4444444444444444,7,5,0.7142857142857143,11,1,False,0.4444444444444444
joint_heat_maximum_pooled_loco_kg_temporal_and_spatial_margin1p5_windows2_maxmargin1p0,maximum_pooled_loco,temporal_and_spatial,1.5,2.0,1.0,37,14,8,0.5714285714285714,23,13,0.5652173913043478,0.5683229813664596,9,4,0.4444444444444444,7,5,0.7142857142857143,11,2,False,0.4444444444444444
joint_heat_maximum_pooled_loco_kg_temporal_and_spatial_margin2p0_windows2_maxmargin1p0,maximum_pooled_loco,temporal_and_spatial,2.0,2.0,1.0,37,14,8,0.5714285714285714,23,13,0.5652173913043478,0.5683229813664596,9,4,0.4444444444444444,7,5,0.7142857142857143,11,2,False,0.4444444444444444
joint_heat_maximum_pooled_loco_kg_temporal_and_spatial_margin2p5_windows2_maxmargin1p0,maximum_pooled_loco,temporal_and_spatial,2.5,2.0,1.0,37,14,8,0.5714285714285714,23,13,0.5652173913043478,0.5683229813664596,9,4,0.4444444444444444,7,5,0.7142857142857143,11,2,False,0.4444444444444444
joint_heat_maximum_pooled_loco_kg_temporal_and_spatial_margin2p5_windows3_maxmargin1p0,maximum_pooled_loco,temporal_and_spatial,2.5,3.0,1.0,37,14,8,0.5714285714285714,23,13,0.5652173913043478,0.5683229813664596,9,4,0.4444444444444444,7,5,0.7142857142857143,11,2,False,0.4444444444444444
joint_heat_maximum_pooled_loco_kg_temporal_or_spatial_margin1p0_windows2_maxmargin1p0,maximum_pooled_loco,temporal_or_spatial,1.0,2.0,1.0,37,14,8,0.5714285714285714,23,13,0.5652173913043478,0.5683229813664596,9,4,0.4444444444444444,7,5,0.7142857142857143,11,3,False,0.4444444444444444
joint_heat_maximum_pooled_loco_kg_temporal_or_spatial_margin1p0_windows3_maxmargin1p0,maximum_pooled_loco,temporal_or_spatial,1.0,3.0,1.0,37,14,8,0.5714285714285714,23,13,0.5652173913043478,0.5683229813664596,9,4,0.4444444444444444,7,5,0.7142857142857143,11,3,False,0.4444444444444444
joint_heat_maximum_pooled_loco_kg_temporal_or_spatial_margin1p25_windows3_maxmargin1p0,maximum_pooled_loco,temporal_or_spatial,1.25,3.0,1.0,37,14,8,0.5714285714285714,23,13,0.5652173913043478,0.5683229813664596,9,4,0.4444444444444444,7,5,0.7142857142857143,11,3,False,0.4444444444444444
joint_heat_maximum_pooled_loco_kg_temporal_or_spatial_margin1p5_windows3_maxmargin1p0,maximum_pooled_loco,temporal_or_spatial,1.5,3.0,1.0,37,14,8,0.5714285714285714,23,13,0.5652173913043478,0.5683229813664596,9,4,0.4444444444444444,7,5,0.7142857142857143,11,3,False,0.4444444444444444
joint_heat_blend050_pooled_loco_kg_spatial_hotspot_margin1p0_windows2_maxmargin1p0,blend050_pooled_loco,spatial_hotspot,1.0,2.0,1.0,37,14,8,0.5714285714285714,23,13,0.5652173913043478,0.5683229813664596,9,4,0.4444444444444444,7,5,0.7142857142857143,12,1,False,0.4444444444444444
joint_heat_blend050_pooled_loco_kg_spatial_hotspot_margin1p0_windows3_maxmargin1p0,blend050_pooled_loco,spatial_hotspot,1.0,3.0,1.0,37,14,8,0.5714285714285714,23,13,0.5652173913043478,0.5683229813664596,9,4,0.4444444444444444,7,5,0.7142857142857143,12,1,False,0.4444444444444444
joint_heat_blend050_pooled_loco_kg_spatial_hotspot_margin1p25_windows2_maxmargin1p0,blend050_pooled_loco,spatial_hotspot,1.25,2.0,1.0,37,14,8,0.5714285714285714,23,13,0.5652173913043478,0.5683229813664596,9,4,0.4444444444444444,7,5,0.7142857142857143,12,1,False,0.4444444444444444
joint_heat_blend050_pooled_loco_kg_spatial_hotspot_margin1p25_windows3_maxmargin1p0,blend050_pooled_loco,spatial_hotspot,1.25,3.0,1.0,37,14,8,0.5714285714285714,23,13,0.5652173913043478,0.5683229813664596,9,4,0.4444444444444444,7,5,0.7142857142857143,12,1,False,0.4444444444444444
joint_heat_blend050_pooled_loco_kg_spatial_hotspot_margin1p5_windows2_maxmargin1p0,blend050_pooled_loco,spatial_hotspot,1.5,2.0,1.0,37,14,8,0.5714285714285714,23,13,0.5652173913043478,0.5683229813664596,9,4,0.4444444444444444,7,5,0.7142857142857143,12,1,False,0.4444444444444444
joint_heat_blend050_pooled_loco_kg_spatial_hotspot_margin1p5_windows3_maxmargin1p0,blend050_pooled_loco,spatial_hotspot,1.5,3.0,1.0,37,14,8,0.5714285714285714,23,13,0.5652173913043478,0.5683229813664596,9,4,0.4444444444444444,7,5,0.7142857142857143,12,1,False,0.4444444444444444
joint_heat_blend050_pooled_loco_kg_spatial_hotspot_margin2p0_windows2_maxmargin1p0,blend050_pooled_loco,spatial_hotspot,2.0,2.0,1.0,37,14,8,0.5714285714285714,23,13,0.5652173913043478,0.5683229813664596,9,4,0.4444444444444444,7,5,0.7142857142857143,12,1,False,0.4444444444444444
joint_heat_blend050_pooled_loco_kg_spatial_hotspot_margin2p0_windows3_maxmargin1p0,blend050_pooled_loco,spatial_hotspot,2.0,3.0,1.0,37,14,8,0.5714285714285714,23,13,0.5652173913043478,0.5683229813664596,9,4,0.4444444444444444,7,5,0.7142857142857143,12,1,False,0.4444444444444444
joint_heat_blend050_pooled_loco_kg_spatial_hotspot_margin2p5_windows2_maxmargin1p0,blend050_pooled_loco,spatial_hotspot,2.5,2.0,1.0,37,14,8,0.5714285714285714,23,13,0.5652173913043478,0.5683229813664596,9,4,0.4444444444444444,7,5,0.7142857142857143,12,1,False,0.4444444444444444
joint_heat_blend050_pooled_loco_kg_spatial_hotspot_margin2p5_windows3_maxmargin1p0,blend050_pooled_loco,spatial_hotspot,2.5,3.0,1.0,37,14,8,0.5714285714285714,23,13,0.5652173913043478,0.5683229813664596,9,4,0.4444444444444444,7,5,0.7142857142857143,12,1,False,0.4444444444444444
joint_heat_blend075_pooled_loco_kg_spatial_hotspot_margin1p0_windows2_maxmargin1p0,blend075_pooled_loco,spatial_hotspot,1.0,2.0,1.0,37,14,8,0.5714285714285714,23,13,0.5652173913043478,0.5683229813664596,9,4,0.4444444444444444,7,5,0.7142857142857143,12,1,False,0.4444444444444444
joint_heat_blend075_pooled_loco_kg_spatial_hotspot_margin1p0_windows3_maxmargin1p0,blend075_pooled_loco,spatial_hotspot,1.0,3.0,1.0,37,14,8,0.5714285714285714,23,13,0.5652173913043478,0.5683229813664596,9,4,0.4444444444444444,7,5,0.7142857142857143,12,1,False,0.4444444444444444
joint_heat_blend075_pooled_loco_kg_spatial_hotspot_margin1p25_windows2_maxmargin1p0,blend075_pooled_loco,spatial_hotspot,1.25,2.0,1.0,37,14,8,0.5714285714285714,23,13,0.5652173913043478,0.5683229813664596,9,4,0.4444444444444444,7,5,0.7142857142857143,12,1,False,0.4444444444444444
joint_heat_blend075_pooled_loco_kg_spatial_hotspot_margin1p25_windows3_maxmargin1p0,blend075_pooled_loco,spatial_hotspot,1.25,3.0,1.0,37,14,8,0.5714285714285714,23,13,0.5652173913043478,0.5683229813664596,9,4,0.4444444444444444,7,5,0.7142857142857143,12,1,False,0.4444444444444444
joint_heat_blend075_pooled_loco_kg_spatial_hotspot_margin1p5_windows2_maxmargin1p0,blend075_pooled_loco,spatial_hotspot,1.5,2.0,1.0,37,14,8,0.5714285714285714,23,13,0.5652173913043478,0.5683229813664596,9,4,0.4444444444444444,7,5,0.7142857142857143,12,1,False,0.4444444444444444
joint_heat_blend075_pooled_loco_kg_spatial_hotspot_margin1p5_windows3_maxmargin1p0,blend075_pooled_loco,spatial_hotspot,1.5,3.0,1.0,37,14,8,0.5714285714285714,23,13,0.5652173913043478,0.5683229813664596,9,4,0.4444444444444444,7,5,0.7142857142857143,12,1,False,0.4444444444444444
joint_heat_blend075_pooled_loco_kg_spatial_hotspot_margin2p0_windows2_maxmargin1p0,blend075_pooled_loco,spatial_hotspot,2.0,2.0,1.0,37,14,8,0.5714285714285714,23,13,0.5652173913043478,0.5683229813664596,9,4,0.4444444444444444,7,5,0.7142857142857143,12,1,False,0.4444444444444444
joint_heat_blend075_pooled_loco_kg_spatial_hotspot_margin2p0_windows3_maxmargin1p0,blend075_pooled_loco,spatial_hotspot,2.0,3.0,1.0,37,14,8,0.5714285714285714,23,13,0.5652173913043478,0.5683229813664596,9,4,0.4444444444444444,7,5,0.7142857142857143,12,1,False,0.4444444444444444
joint_heat_blend075_pooled_loco_kg_spatial_hotspot_margin2p5_windows2_maxmargin1p0,blend075_pooled_loco,spatial_hotspot,2.5,2.0,1.0,37,14,8,0.5714285714285714,23,13,0.5652173913043478,0.5683229813664596,9,4,0.4444444444444444,7,5,0.7142857142857143,12,1,False,0.4444444444444444
joint_heat_blend075_pooled_loco_kg_spatial_hotspot_margin2p5_windows3_maxmargin1p0,blend075_pooled_loco,spatial_hotspot,2.5,3.0,1.0,37,14,8,0.5714285714285714,23,13,0.5652173913043478,0.5683229813664596,9,4,0.4444444444444444,7,5,0.7142857142857143,12,1,False,0.4444444444444444
joint_heat_blend050_pooled_loco_kg_temporal_and_spatial_margin2p5_windows2_maxmargin1p0,blend050_pooled_loco,temporal_and_spatial,2.5,2.0,1.0,37,14,8,0.5714285714285714,23,13,0.5652173913043478,0.5683229813664596,9,4,0.4444444444444444,7,5,0.7142857142857143,12,2,False,0.4444444444444444
joint_heat_blend075_pooled_loco_kg_temporal_and_spatial_margin2p5_windows2_maxmargin1p0,blend075_pooled_loco,temporal_and_spatial,2.5,2.0,1.0,37,14,8,0.5714285714285714,23,13,0.5652173913043478,0.5683229813664596,9,4,0.4444444444444444,7,5,0.7142857142857143,12,2,False,0.4444444444444444
joint_heat_ridge_state_loco_lambda1_kg_temporal_and_spatial_margin2p0_windows2_maxmargin1p0,ridge_state_loco_lambda1,temporal_and_spatial,2.0,2.0,1.0,37,14,8,0.5714285714285714,23,13,0.5652173913043478,0.5683229813664596,9,4,0.4444444444444444,7,5,0.7142857142857143,12,2,False,0.4444444444444444
joint_heat_blend050_pooled_loco_kg_temporal_or_spatial_margin1p0_windows3_maxmargin1p0,blend050_pooled_loco,temporal_or_spatial,1.0,3.0,1.0,37,14,8,0.5714285714285714,23,13,0.5652173913043478,0.5683229813664596,9,4,0.4444444444444444,7,5,0.7142857142857143,12,3,False,0.4444444444444444
joint_heat_blend075_pooled_loco_kg_temporal_or_spatial_margin1p0_windows3_maxmargin1p0,blend075_pooled_loco,temporal_or_spatial,1.0,3.0,1.0,37,14,8,0.5714285714285714,23,13,0.5652173913043478,0.5683229813664596,9,4,0.4444444444444444,7,5,0.7142857142857143,12,3,False,0.4444444444444444
joint_heat_blend075_pooled_loco_kg_temporal_or_spatial_margin1p25_windows3_maxmargin1p0,blend075_pooled_loco,temporal_or_spatial,1.25,3.0,1.0,37,14,8,0.5714285714285714,23,13,0.5652173913043478,0.5683229813664596,9,4,0.4444444444444444,7,5,0.7142857142857143,12,3,False,0.4444444444444444
joint_heat_ridge_state_loco_lambda1_kg_temporal_and_spatial_margin2p5_windows3_maxmargin1p0,ridge_state_loco_lambda1,temporal_and_spatial,2.5,3.0,1.0,37,14,8,0.5714285714285714,23,13,0.5652173913043478,0.5683229813664596,9,4,0.4444444444444444,7,5,0.7142857142857143,13,2,False,0.4444444444444444
joint_heat_blend075_pooled_loco_kg_temporal_or_spatial_margin1p0_windows2_maxmargin1p0,blend075_pooled_loco,temporal_or_spatial,1.0,2.0,1.0,37,14,8,0.5714285714285714,23,13,0.5652173913043478,0.5683229813664596,9,4,0.4444444444444444,7,5,0.7142857142857143,13,3,False,0.4444444444444444
joint_heat_ridge_state_loco_lambda100_kg_spatial_hotspot_margin2p5_windows2_maxmargin1p0,ridge_state_loco_lambda100,spatial_hotspot,2.5,2.0,1.0,37,14,8,0.5714285714285714,23,13,0.5652173913043478,0.5683229813664596,9,4,0.4444444444444444,7,5,0.7142857142857143,14,1,False,0.4444444444444444
joint_heat_ridge_state_loco_lambda100_kg_spatial_hotspot_margin2p5_windows3_maxmargin1p0,ridge_state_loco_lambda100,spatial_hotspot,2.5,3.0,1.0,37,14,8,0.5714285714285714,23,13,0.5652173913043478,0.5683229813664596,9,4,0.4444444444444444,7,5,0.7142857142857143,14,1,False,0.4444444444444444
joint_heat_ridge_state_loco_lambda10_kg_spatial_hotspot_margin2p5_windows2_maxmargin1p0,ridge_state_loco_lambda10,spatial_hotspot,2.5,2.0,1.0,37,14,8,0.5714285714285714,23,13,0.5652173913043478,0.5683229813664596,9,4,0.4444444444444444,7,5,0.7142857142857143,16,1,False,0.4444444444444444
joint_heat_ridge_state_loco_lambda10_kg_spatial_hotspot_margin2p5_windows3_maxmargin1p0,ridge_state_loco_lambda10,spatial_hotspot,2.5,3.0,1.0,37,14,8,0.5714285714285714,23,13,0.5652173913043478,0.5683229813664596,9,4,0.4444444444444444,7,5,0.7142857142857143,16,1,False,0.4444444444444444
joint_heat_ridge_state_loco_lambda10_kg_temporal_and_spatial_margin2p5_windows2_maxmargin1p0,ridge_state_loco_lambda10,temporal_and_spatial,2.5,2.0,1.0,37,14,8,0.5714285714285714,23,13,0.5652173913043478,0.5683229813664596,9,4,0.4444444444444444,7,5,0.7142857142857143,16,2,False,0.4444444444444444
joint_heat_lead_median_loco_kg_temporal_and_spatial_margin1p5_windows3_maxmargin1p0,lead_median_loco,temporal_and_spatial,1.5,3.0,1.0,37,14,7,0.5,23,14,0.6086956521739131,0.5543478260869565,9,4,0.4444444444444444,7,5,0.7142857142857143,5,2,False,0.4444444444444444
joint_heat_lead_median_loco_kg_temporal_and_spatial_margin2p0_windows3_maxmargin1p0,lead_median_loco,temporal_and_spatial,2.0,3.0,1.0,37,14,7,0.5,23,14,0.6086956521739131,0.5543478260869565,9,4,0.4444444444444444,7,5,0.7142857142857143,6,2,False,0.4444444444444444
joint_heat_lead_median_loco_kg_temporal_and_spatial_margin2p5_windows3_maxmargin1p0,lead_median_loco,temporal_and_spatial,2.5,3.0,1.0,37,14,7,0.5,23,14,0.6086956521739131,0.5543478260869565,9,4,0.4444444444444444,7,5,0.7142857142857143,6,2,False,0.4444444444444444
joint_heat_pooled_median_loco_kg_temporal_and_spatial_margin1p0_windows2_maxmargin1p0,pooled_median_loco,temporal_and_spatial,1.0,2.0,1.0,37,14,7,0.5,23,14,0.6086956521739131,0.5543478260869565,9,4,0.4444444444444444,7,5,0.7142857142857143,6,2,False,0.4444444444444444
joint_heat_region_lead_shrinkage_loco_kg_temporal_and_spatial_margin2p0_windows3_maxmargin1p0,region_lead_shrinkage_loco,temporal_and_spatial,2.0,3.0,1.0,37,14,7,0.5,23,14,0.6086956521739131,0.5543478260869565,9,4,0.4444444444444444,7,5,0.7142857142857143,6,2,False,0.4444444444444444
joint_heat_region_lead_shrinkage_loco_kg_temporal_and_spatial_margin2p5_windows3_maxmargin1p0,region_lead_shrinkage_loco,temporal_and_spatial,2.5,3.0,1.0,37,14,7,0.5,23,14,0.6086956521739131,0.5543478260869565,9,4,0.4444444444444444,7,5,0.7142857142857143,6,2,False,0.4444444444444444
joint_heat_blend025_pooled_loco_kg_temporal_and_spatial_margin1p0_windows2_maxmargin1p0,blend025_pooled_loco,temporal_and_spatial,1.0,2.0,1.0,37,14,7,0.5,23,14,0.6086956521739131,0.5543478260869565,9,4,0.4444444444444444,7,5,0.7142857142857143,7,2,False,0.4444444444444444
joint_heat_blend025_pooled_loco_kg_temporal_and_spatial_margin1p25_windows2_maxmargin1p0,blend025_pooled_loco,temporal_and_spatial,1.25,2.0,1.0,37,14,7,0.5,23,14,0.6086956521739131,0.5543478260869565,9,4,0.4444444444444444,7,5,0.7142857142857143,7,2,False,0.4444444444444444
joint_heat_blend025_pooled_loco_kg_temporal_and_spatial_margin1p5_windows3_maxmargin1p0,blend025_pooled_loco,temporal_and_spatial,1.5,3.0,1.0,37,14,7,0.5,23,14,0.6086956521739131,0.5543478260869565,9,4,0.4444444444444444,7,5,0.7142857142857143,7,2,False,0.4444444444444444
joint_heat_blend025_pooled_loco_kg_temporal_and_spatial_margin2p0_windows3_maxmargin1p0,blend025_pooled_loco,temporal_and_spatial,2.0,3.0,1.0,37,14,7,0.5,23,14,0.6086956521739131,0.5543478260869565,9,4,0.4444444444444444,7,5,0.7142857142857143,7,2,False,0.4444444444444444
joint_heat_pooled_median_loco_kg_temporal_and_spatial_margin1p25_windows2_maxmargin1p0,pooled_median_loco,temporal_and_spatial,1.25,2.0,1.0,37,14,7,0.5,23,14,0.6086956521739131,0.5543478260869565,9,4,0.4444444444444444,7,5,0.7142857142857143,7,2,False,0.4444444444444444
joint_heat_pooled_median_loco_kg_temporal_and_spatial_margin1p25_windows3_maxmargin1p0,pooled_median_loco,temporal_and_spatial,1.25,3.0,1.0,37,14,7,0.5,23,14,0.6086956521739131,0.5543478260869565,9,4,0.4444444444444444,7,5,0.7142857142857143,7,2,False,0.4444444444444444
joint_heat_pooled_median_loco_kg_temporal_and_spatial_margin1p5_windows3_maxmargin1p0,pooled_median_loco,temporal_and_spatial,1.5,3.0,1.0,37,14,7,0.5,23,14,0.6086956521739131,0.5543478260869565,9,4,0.4444444444444444,7,5,0.7142857142857143,7,2,False,0.4444444444444444
joint_heat_pooled_median_loco_kg_temporal_and_spatial_margin2p0_windows3_maxmargin1p0,pooled_median_loco,temporal_and_spatial,2.0,3.0,1.0,37,14,7,0.5,23,14,0.6086956521739131,0.5543478260869565,9,4,0.4444444444444444,7,5,0.7142857142857143,7,2,False,0.4444444444444444
joint_heat_maximum_pooled_loco_kg_temporal_near_threshold_margin1p0_windows2_maxmargin0p0,maximum_pooled_loco,temporal_near_threshold,1.0,2.0,0.0,37,14,7,0.5,23,14,0.6086956521739131,0.5543478260869565,9,4,0.4444444444444444,7,5,0.7142857142857143,8,1,False,0.4444444444444444
joint_heat_maximum_pooled_loco_kg_temporal_near_threshold_margin1p0_windows2_maxmargin0p5,maximum_pooled_loco,temporal_near_threshold,1.0,2.0,0.5,37,14,7,0.5,23,14,0.6086956521739131,0.5543478260869565,9,4,0.4444444444444444,7,5,0.7142857142857143,8,1,False,0.4444444444444444
joint_heat_maximum_pooled_loco_kg_temporal_near_threshold_margin1p0_windows2_maxmargin1p0,maximum_pooled_loco,temporal_near_threshold,1.0,2.0,1.0,37,14,7,0.5,23,14,0.6086956521739131,0.5543478260869565,9,4,0.4444444444444444,7,5,0.7142857142857143,8,1,False,0.4444444444444444
joint_heat_maximum_pooled_loco_kg_temporal_and_spatial_margin1p0_windows2_maxmargin1p0,maximum_pooled_loco,temporal_and_spatial,1.0,2.0,1.0,37,14,7,0.5,23,14,0.6086956521739131,0.5543478260869565,9,4,0.4444444444444444,7,5,0.7142857142857143,8,2,False,0.4444444444444444
joint_heat_maximum_pooled_loco_kg_temporal_or_spatial_margin1p0_windows2_maxmargin0p0,maximum_pooled_loco,temporal_or_spatial,1.0,2.0,0.0,37,14,7,0.5,23,14,0.6086956521739131,0.5543478260869565,9,4,0.4444444444444444,7,5,0.7142857142857143,8,3,False,0.4444444444444444
joint_heat_maximum_pooled_loco_kg_temporal_or_spatial_margin1p0_windows2_maxmargin0p5,maximum_pooled_loco,temporal_or_spatial,1.0,2.0,0.5,37,14,7,0.5,23,14,0.6086956521739131,0.5543478260869565,9,4,0.4444444444444444,7,5,0.7142857142857143,8,3,False,0.4444444444444444
joint_heat_blend050_pooled_loco_kg_temporal_and_spatial_margin1p0_windows2_maxmargin1p0,blend050_pooled_loco,temporal_and_spatial,1.0,2.0,1.0,37,14,7,0.5,23,14,0.6086956521739131,0.5543478260869565,9,4,0.4444444444444444,7,5,0.7142857142857143,9,2,False,0.4444444444444444
joint_heat_blend075_pooled_loco_kg_temporal_or_spatial_margin0p75_windows2_maxmargin0p0,blend075_pooled_loco,temporal_or_spatial,0.75,2.0,0.0,37,14,7,0.5,23,14,0.6086956521739131,0.5543478260869565,9,4,0.4444444444444444,7,5,0.7142857142857143,9,3,False,0.4444444444444444
joint_heat_blend075_pooled_loco_kg_temporal_or_spatial_margin0p75_windows2_maxmargin0p5,blend075_pooled_loco,temporal_or_spatial,0.75,2.0,0.5,37,14,7,0.5,23,14,0.6086956521739131,0.5543478260869565,9,4,0.4444444444444444,7,5,0.7142857142857143,9,3,False,0.4444444444444444
joint_heat_blend050_pooled_loco_kg_temporal_and_spatial_margin1p25_windows2_maxmargin1p0,blend050_pooled_loco,temporal_and_spatial,1.25,2.0,1.0,37,14,7,0.5,23,14,0.6086956521739131,0.5543478260869565,9,4,0.4444444444444444,7,5,0.7142857142857143,10,2,False,0.4444444444444444
joint_heat_blend050_pooled_loco_kg_temporal_and_spatial_margin1p5_windows2_maxmargin1p0,blend050_pooled_loco,temporal_and_spatial,1.5,2.0,1.0,37,14,7,0.5,23,14,0.6086956521739131,0.5543478260869565,9,4,0.4444444444444444,7,5,0.7142857142857143,10,2,False,0.4444444444444444
joint_heat_blend050_pooled_loco_kg_temporal_and_spatial_margin2p0_windows3_maxmargin1p0,blend050_pooled_loco,temporal_and_spatial,2.0,3.0,1.0,37,14,7,0.5,23,14,0.6086956521739131,0.5543478260869565,9,4,0.4444444444444444,7,5,0.7142857142857143,10,2,False,0.4444444444444444
joint_heat_blend050_pooled_loco_kg_temporal_and_spatial_margin2p5_windows3_maxmargin1p0,blend050_pooled_loco,temporal_and_spatial,2.5,3.0,1.0,37,14,7,0.5,23,14,0.6086956521739131,0.5543478260869565,9,4,0.4444444444444444,7,5,0.7142857142857143,10,2,False,0.4444444444444444
joint_heat_ridge_state_loco_lambda100_kg_temporal_and_spatial_margin1p5_windows2_maxmargin1p0,ridge_state_loco_lambda100,temporal_and_spatial,1.5,2.0,1.0,37,14,7,0.5,23,14,0.6086956521739131,0.5543478260869565,9,4,0.4444444444444444,7,5,0.7142857142857143,11,2,False,0.4444444444444444
joint_heat_ridge_state_loco_lambda100_kg_temporal_and_spatial_margin2p0_windows3_maxmargin1p0,ridge_state_loco_lambda100,temporal_and_spatial,2.0,3.0,1.0,37,14,7,0.5,23,14,0.6086956521739131,0.5543478260869565,9,4,0.4444444444444444,7,5,0.7142857142857143,12,2,False,0.4444444444444444
joint_heat_ridge_state_loco_lambda100_kg_temporal_and_spatial_margin2p5_windows3_maxmargin1p0,ridge_state_loco_lambda100,temporal_and_spatial,2.5,3.0,1.0,37,14,7,0.5,23,14,0.6086956521739131,0.5543478260869565,9,4,0.4444444444444444,7,5,0.7142857142857143,12,2,False,0.4444444444444444
joint_heat_ridge_state_loco_lambda10_kg_temporal_and_spatial_margin1p5_windows2_maxmargin1p0,ridge_state_loco_lambda10,temporal_and_spatial,1.5,2.0,1.0,37,14,7,0.5,23,14,0.6086956521739131,0.5543478260869565,9,4,0.4444444444444444,7,5,0.7142857142857143,13,2,False,0.4444444444444444
joint_heat_ridge_state_loco_lambda10_kg_temporal_and_spatial_margin2p0_windows3_maxmargin1p0,ridge_state_loco_lambda10,temporal_and_spatial,2.0,3.0,1.0,37,14,7,0.5,23,14,0.6086956521739131,0.5543478260869565,9,4,0.4444444444444444,7,5,0.7142857142857143,14,2,False,0.4444444444444444
joint_heat_ridge_state_loco_lambda10_kg_temporal_and_spatial_margin2p5_windows3_maxmargin1p0,ridge_state_loco_lambda10,temporal_and_spatial,2.5,3.0,1.0,37,14,7,0.5,23,14,0.6086956521739131,0.5543478260869565,9,4,0.4444444444444444,7,5,0.7142857142857143,14,2,False,0.4444444444444444
joint_heat_raw_spatial_p95_kg_temporal_and_spatial_margin2p5_windows2_maxmargin1p0,raw_spatial_p95,temporal_and_spatial,2.5,2.0,1.0,37,14,7,0.5,23,14,0.6086956521739131,0.5543478260869565,9,4,0.4444444444444444,7,5,0.7142857142857143,15,2,False,0.4444444444444444
joint_heat_lead_median_loco_kg_temporal_near_threshold_margin1p25_windows2_maxmargin0p0,lead_median_loco,temporal_near_threshold,1.25,2.0,0.0,37,14,14,1.0,23,10,0.43478260869565216,0.717391304347826,9,9,1.0,7,4,0.5714285714285714,17,1,False,0.43478260869565216
joint_heat_lead_median_loco_kg_temporal_near_threshold_margin1p25_windows2_maxmargin0p5,lead_median_loco,temporal_near_threshold,1.25,2.0,0.5,37,14,14,1.0,23,10,0.43478260869565216,0.717391304347826,9,9,1.0,7,4,0.5714285714285714,17,1,False,0.43478260869565216
joint_heat_lead_median_loco_kg_temporal_near_threshold_margin1p25_windows2_maxmargin1p0,lead_median_loco,temporal_near_threshold,1.25,2.0,1.0,37,14,14,1.0,23,10,0.43478260869565216,0.717391304347826,9,9,1.0,7,4,0.5714285714285714,17,1,False,0.43478260869565216
joint_heat_region_lead_shrinkage_loco_kg_temporal_near_threshold_margin1p5_windows2_maxmargin0p0,region_lead_shrinkage_loco,temporal_near_threshold,1.5,2.0,0.0,37,14,14,1.0,23,10,0.43478260869565216,0.717391304347826,9,9,1.0,7,4,0.5714285714285714,17,1,False,0.43478260869565216
joint_heat_region_lead_shrinkage_loco_kg_temporal_near_threshold_margin1p5_windows2_maxmargin0p5,region_lead_shrinkage_loco,temporal_near_threshold,1.5,2.0,0.5,37,14,14,1.0,23,10,0.43478260869565216,0.717391304347826,9,9,1.0,7,4,0.5714285714285714,17,1,False,0.43478260869565216
joint_heat_region_lead_shrinkage_loco_kg_temporal_near_threshold_margin1p5_windows2_maxmargin1p0,region_lead_shrinkage_loco,temporal_near_threshold,1.5,2.0,1.0,37,14,14,1.0,23,10,0.43478260869565216,0.717391304347826,9,9,1.0,7,4,0.5714285714285714,17,1,False,0.43478260869565216
joint_heat_lead_median_loco_kg_temporal_or_spatial_margin1p25_windows2_maxmargin0p0,lead_median_loco,temporal_or_spatial,1.25,2.0,0.0,37,14,14,1.0,23,10,0.43478260869565216,0.717391304347826,9,9,1.0,7,4,0.5714285714285714,17,3,False,0.43478260869565216
joint_heat_lead_median_loco_kg_temporal_or_spatial_margin1p25_windows2_maxmargin0p5,lead_median_loco,temporal_or_spatial,1.25,2.0,0.5,37,14,14,1.0,23,10,0.43478260869565216,0.717391304347826,9,9,1.0,7,4,0.5714285714285714,17,3,False,0.43478260869565216
joint_heat_lead_median_loco_kg_temporal_or_spatial_margin1p25_windows2_maxmargin1p0,lead_median_loco,temporal_or_spatial,1.25,2.0,1.0,37,14,14,1.0,23,10,0.43478260869565216,0.717391304347826,9,9,1.0,7,4,0.5714285714285714,17,3,False,0.43478260869565216
joint_heat_region_lead_shrinkage_loco_kg_temporal_or_spatial_margin1p5_windows2_maxmargin0p0,region_lead_shrinkage_loco,temporal_or_spatial,1.5,2.0,0.0,37,14,14,1.0,23,10,0.43478260869565216,0.717391304347826,9,9,1.0,7,4,0.5714285714285714,17,3,False,0.43478260869565216
joint_heat_region_lead_shrinkage_loco_kg_temporal_or_spatial_margin1p5_windows2_maxmargin0p5,region_lead_shrinkage_loco,temporal_or_spatial,1.5,2.0,0.5,37,14,14,1.0,23,10,0.43478260869565216,0.717391304347826,9,9,1.0,7,4,0.5714285714285714,17,3,False,0.43478260869565216
joint_heat_region_lead_shrinkage_loco_kg_temporal_or_spatial_margin1p5_windows2_maxmargin1p0,region_lead_shrinkage_loco,temporal_or_spatial,1.5,2.0,1.0,37,14,14,1.0,23,10,0.43478260869565216,0.717391304347826,9,9,1.0,7,4,0.5714285714285714,17,3,False,0.43478260869565216
joint_heat_lead_median_loco_kg_temporal_near_threshold_margin1p5_windows2_maxmargin0p0,lead_median_loco,temporal_near_threshold,1.5,2.0,0.0,37,14,14,1.0,23,10,0.43478260869565216,0.717391304347826,9,9,1.0,7,4,0.5714285714285714,18,1,False,0.43478260869565216
joint_heat_lead_median_loco_kg_temporal_near_threshold_margin1p5_windows2_maxmargin0p5,lead_median_loco,temporal_near_threshold,1.5,2.0,0.5,37,14,14,1.0,23,10,0.43478260869565216,0.717391304347826,9,9,1.0,7,4,0.5714285714285714,18,1,False,0.43478260869565216
joint_heat_lead_median_loco_kg_temporal_near_threshold_margin1p5_windows2_maxmargin1p0,lead_median_loco,temporal_near_threshold,1.5,2.0,1.0,37,14,14,1.0,23,10,0.43478260869565216,0.717391304347826,9,9,1.0,7,4,0.5714285714285714,18,1,False,0.43478260869565216
joint_heat_lead_median_loco_kg_temporal_or_spatial_margin1p5_windows2_maxmargin0p0,lead_median_loco,temporal_or_spatial,1.5,2.0,0.0,37,14,14,1.0,23,10,0.43478260869565216,0.717391304347826,9,9,1.0,7,4,0.5714285714285714,18,3,False,0.43478260869565216
joint_heat_lead_median_loco_kg_temporal_or_spatial_margin1p5_windows2_maxmargin0p5,lead_median_loco,temporal_or_spatial,1.5,2.0,0.5,37,14,14,1.0,23,10,0.43478260869565216,0.717391304347826,9,9,1.0,7,4,0.5714285714285714,18,3,False,0.43478260869565216
joint_heat_lead_median_loco_kg_temporal_or_spatial_margin1p5_windows2_maxmargin1p0,lead_median_loco,temporal_or_spatial,1.5,2.0,1.0,37,14,14,1.0,23,10,0.43478260869565216,0.717391304347826,9,9,1.0,7,4,0.5714285714285714,18,3,False,0.43478260869565216
joint_heat_lead_median_loco_kg_temporal_near_threshold_margin2p0_windows2_maxmargin0p0,lead_median_loco,temporal_near_threshold,2.0,2.0,0.0,37,14,14,1.0,23,10,0.43478260869565216,0.717391304347826,9,9,1.0,7,4,0.5714285714285714,19,1,False,0.43478260869565216
joint_heat_lead_median_loco_kg_temporal_near_threshold_margin2p0_windows2_maxmargin0p5,lead_median_loco,temporal_near_threshold,2.0,2.0,0.5,37,14,14,1.0,23,10,0.43478260869565216,0.717391304347826,9,9,1.0,7,4,0.5714285714285714,19,1,False,0.43478260869565216
joint_heat_lead_median_loco_kg_temporal_near_threshold_margin2p0_windows2_maxmargin1p0,lead_median_loco,temporal_near_threshold,2.0,2.0,1.0,37,14,14,1.0,23,10,0.43478260869565216,0.717391304347826,9,9,1.0,7,4,0.5714285714285714,19,1,False,0.43478260869565216
joint_heat_region_lead_shrinkage_loco_kg_temporal_near_threshold_margin2p0_windows2_maxmargin0p0,region_lead_shrinkage_loco,temporal_near_threshold,2.0,2.0,0.0,37,14,14,1.0,23,10,0.43478260869565216,0.717391304347826,9,9,1.0,7,4,0.5714285714285714,19,1,False,0.43478260869565216
joint_heat_region_lead_shrinkage_loco_kg_temporal_near_threshold_margin2p0_windows2_maxmargin0p5,region_lead_shrinkage_loco,temporal_near_threshold,2.0,2.0,0.5,37,14,14,1.0,23,10,0.43478260869565216,0.717391304347826,9,9,1.0,7,4,0.5714285714285714,19,1,False,0.43478260869565216
joint_heat_region_lead_shrinkage_loco_kg_temporal_near_threshold_margin2p0_windows2_maxmargin1p0,region_lead_shrinkage_loco,temporal_near_threshold,2.0,2.0,1.0,37,14,14,1.0,23,10,0.43478260869565216,0.717391304347826,9,9,1.0,7,4,0.5714285714285714,19,1,False,0.43478260869565216
joint_heat_lead_median_loco_kg_temporal_or_spatial_margin2p0_windows2_maxmargin0p0,lead_median_loco,temporal_or_spatial,2.0,2.0,0.0,37,14,14,1.0,23,10,0.43478260869565216,0.717391304347826,9,9,1.0,7,4,0.5714285714285714,19,3,False,0.43478260869565216
joint_heat_lead_median_loco_kg_temporal_or_spatial_margin2p0_windows2_maxmargin0p5,lead_median_loco,temporal_or_spatial,2.0,2.0,0.5,37,14,14,1.0,23,10,0.43478260869565216,0.717391304347826,9,9,1.0,7,4,0.5714285714285714,19,3,False,0.43478260869565216
joint_heat_lead_median_loco_kg_temporal_or_spatial_margin2p0_windows2_maxmargin1p0,lead_median_loco,temporal_or_spatial,2.0,2.0,1.0,37,14,14,1.0,23,10,0.43478260869565216,0.717391304347826,9,9,1.0,7,4,0.5714285714285714,19,3,False,0.43478260869565216
joint_heat_region_lead_shrinkage_loco_kg_temporal_or_spatial_margin2p0_windows2_maxmargin0p0,region_lead_shrinkage_loco,temporal_or_spatial,2.0,2.0,0.0,37,14,14,1.0,23,10,0.43478260869565216,0.717391304347826,9,9,1.0,7,4,0.5714285714285714,19,3,False,0.43478260869565216
joint_heat_region_lead_shrinkage_loco_kg_temporal_or_spatial_margin2p0_windows2_maxmargin0p5,region_lead_shrinkage_loco,temporal_or_spatial,2.0,2.0,0.5,37,14,14,1.0,23,10,0.43478260869565216,0.717391304347826,9,9,1.0,7,4,0.5714285714285714,19,3,False,0.43478260869565216
joint_heat_region_lead_shrinkage_loco_kg_temporal_or_spatial_margin2p0_windows2_maxmargin1p0,region_lead_shrinkage_loco,temporal_or_spatial,2.0,2.0,1.0,37,14,14,1.0,23,10,0.43478260869565216,0.717391304347826,9,9,1.0,7,4,0.5714285714285714,19,3,False,0.43478260869565216
joint_heat_blend025_pooled_loco_kg_temporal_near_threshold_margin2p0_windows2_maxmargin0p0,blend025_pooled_loco,temporal_near_threshold,2.0,2.0,0.0,37,14,14,1.0,23,10,0.43478260869565216,0.717391304347826,9,9,1.0,7,4,0.5714285714285714,21,1,False,0.43478260869565216
joint_heat_blend025_pooled_loco_kg_temporal_near_threshold_margin2p0_windows2_maxmargin0p5,blend025_pooled_loco,temporal_near_threshold,2.0,2.0,0.5,37,14,14,1.0,23,10,0.43478260869565216,0.717391304347826,9,9,1.0,7,4,0.5714285714285714,21,1,False,0.43478260869565216
joint_heat_blend025_pooled_loco_kg_temporal_near_threshold_margin2p0_windows2_maxmargin1p0,blend025_pooled_loco,temporal_near_threshold,2.0,2.0,1.0,37,14,14,1.0,23,10,0.43478260869565216,0.717391304347826,9,9,1.0,7,4,0.5714285714285714,21,1,False,0.43478260869565216
joint_heat_pooled_median_loco_kg_temporal_near_threshold_margin2p0_windows2_maxmargin0p0,pooled_median_loco,temporal_near_threshold,2.0,2.0,0.0,37,14,14,1.0,23,10,0.43478260869565216,0.717391304347826,9,9,1.0,7,4,0.5714285714285714,21,1,False,0.43478260869565216
joint_heat_pooled_median_loco_kg_temporal_near_threshold_margin2p0_windows2_maxmargin0p5,pooled_median_loco,temporal_near_threshold,2.0,2.0,0.5,37,14,14,1.0,23,10,0.43478260869565216,0.717391304347826,9,9,1.0,7,4,0.5714285714285714,21,1,False,0.43478260869565216
joint_heat_pooled_median_loco_kg_temporal_near_threshold_margin2p0_windows2_maxmargin1p0,pooled_median_loco,temporal_near_threshold,2.0,2.0,1.0,37,14,14,1.0,23,10,0.43478260869565216,0.717391304347826,9,9,1.0,7,4,0.5714285714285714,21,1,False,0.43478260869565216
joint_heat_ridge_state_loco_lambda100_kg_temporal_near_threshold_margin2p5_windows2_maxmargin0p0,ridge_state_loco_lambda100,temporal_near_threshold,2.5,2.0,0.0,37,14,14,1.0,23,10,0.43478260869565216,0.717391304347826,9,9,1.0,7,4,0.5714285714285714,26,1,False,0.43478260869565216
joint_heat_ridge_state_loco_lambda100_kg_temporal_near_threshold_margin2p5_windows2_maxmargin0p5,ridge_state_loco_lambda100,temporal_near_threshold,2.5,2.0,0.5,37,14,14,1.0,23,10,0.43478260869565216,0.717391304347826,9,9,1.0,7,4,0.5714285714285714,26,1,False,0.43478260869565216
joint_heat_ridge_state_loco_lambda100_kg_temporal_near_threshold_margin2p5_windows2_maxmargin1p0,ridge_state_loco_lambda100,temporal_near_threshold,2.5,2.0,1.0,37,14,14,1.0,23,10,0.43478260869565216,0.717391304347826,9,9,1.0,7,4,0.5714285714285714,26,1,False,0.43478260869565216
joint_heat_ridge_state_loco_lambda1_kg_temporal_or_spatial_margin2p0_windows2_maxmargin0p0,ridge_state_loco_lambda1,temporal_or_spatial,2.0,2.0,0.0,37,14,13,0.9285714285714286,23,10,0.43478260869565216,0.6816770186335404,9,8,0.8888888888888888,7,4,0.5714285714285714,21,3,False,0.43478260869565216
joint_heat_ridge_state_loco_lambda1_kg_temporal_or_spatial_margin2p0_windows2_maxmargin0p5,ridge_state_loco_lambda1,temporal_or_spatial,2.0,2.0,0.5,37,14,13,0.9285714285714286,23,10,0.43478260869565216,0.6816770186335404,9,8,0.8888888888888888,7,4,0.5714285714285714,21,3,False,0.43478260869565216
joint_heat_ridge_state_loco_lambda1_kg_temporal_or_spatial_margin2p0_windows2_maxmargin1p0,ridge_state_loco_lambda1,temporal_or_spatial,2.0,2.0,1.0,37,14,13,0.9285714285714286,23,10,0.43478260869565216,0.6816770186335404,9,8,0.8888888888888888,7,4,0.5714285714285714,21,3,False,0.43478260869565216
joint_heat_region_median_loco_kg_temporal_near_threshold_margin2p0_windows3_maxmargin0p0,region_median_loco,temporal_near_threshold,2.0,3.0,0.0,37,14,12,0.8571428571428571,23,10,0.43478260869565216,0.6459627329192547,9,8,0.8888888888888888,7,4,0.5714285714285714,19,1,False,0.43478260869565216
joint_heat_region_median_loco_kg_temporal_near_threshold_margin2p0_windows3_maxmargin0p5,region_median_loco,temporal_near_threshold,2.0,3.0,0.5,37,14,12,0.8571428571428571,23,10,0.43478260869565216,0.6459627329192547,9,8,0.8888888888888888,7,4,0.5714285714285714,19,1,False,0.43478260869565216
joint_heat_region_median_loco_kg_temporal_near_threshold_margin2p0_windows3_maxmargin1p0,region_median_loco,temporal_near_threshold,2.0,3.0,1.0,37,14,12,0.8571428571428571,23,10,0.43478260869565216,0.6459627329192547,9,8,0.8888888888888888,7,4,0.5714285714285714,19,1,False,0.43478260869565216
joint_heat_ridge_state_loco_lambda1_kg_temporal_near_threshold_margin2p0_windows2_maxmargin0p0,ridge_state_loco_lambda1,temporal_near_threshold,2.0,2.0,0.0,37,14,12,0.8571428571428571,23,10,0.43478260869565216,0.6459627329192547,9,8,0.8888888888888888,7,4,0.5714285714285714,20,1,False,0.43478260869565216
joint_heat_ridge_state_loco_lambda1_kg_temporal_near_threshold_margin2p0_windows2_maxmargin0p5,ridge_state_loco_lambda1,temporal_near_threshold,2.0,2.0,0.5,37,14,12,0.8571428571428571,23,10,0.43478260869565216,0.6459627329192547,9,8,0.8888888888888888,7,4,0.5714285714285714,20,1,False,0.43478260869565216
joint_heat_ridge_state_loco_lambda1_kg_temporal_near_threshold_margin2p0_windows2_maxmargin1p0,ridge_state_loco_lambda1,temporal_near_threshold,2.0,2.0,1.0,37,14,12,0.8571428571428571,23,10,0.43478260869565216,0.6459627329192547,9,8,0.8888888888888888,7,4,0.5714285714285714,20,1,False,0.43478260869565216
joint_heat_blend075_pooled_loco_kg_temporal_near_threshold_margin2p5_windows3_maxmargin0p0,blend075_pooled_loco,temporal_near_threshold,2.5,3.0,0.0,37,14,11,0.7857142857142857,23,10,0.43478260869565216,0.610248447204969,9,7,0.7777777777777778,7,4,0.5714285714285714,21,1,False,0.43478260869565216
joint_heat_blend075_pooled_loco_kg_temporal_near_threshold_margin2p5_windows3_maxmargin0p5,blend075_pooled_loco,temporal_near_threshold,2.5,3.0,0.5,37,14,11,0.7857142857142857,23,10,0.43478260869565216,0.610248447204969,9,7,0.7777777777777778,7,4,0.5714285714285714,21,1,False,0.43478260869565216
joint_heat_blend075_pooled_loco_kg_temporal_near_threshold_margin2p5_windows3_maxmargin1p0,blend075_pooled_loco,temporal_near_threshold,2.5,3.0,1.0,37,14,11,0.7857142857142857,23,10,0.43478260869565216,0.610248447204969,9,7,0.7777777777777778,7,4,0.5714285714285714,21,1,False,0.43478260869565216
joint_heat_lead_median_loco_kg_temporal_near_threshold_margin2p5_windows3_maxmargin0p0,lead_median_loco,temporal_near_threshold,2.5,3.0,0.0,37,14,10,0.7142857142857143,23,10,0.43478260869565216,0.5745341614906833,9,7,0.7777777777777778,7,4,0.5714285714285714,16,1,False,0.43478260869565216
joint_heat_lead_median_loco_kg_temporal_near_threshold_margin2p5_windows3_maxmargin0p5,lead_median_loco,temporal_near_threshold,2.5,3.0,0.5,37,14,10,0.7142857142857143,23,10,0.43478260869565216,0.5745341614906833,9,7,0.7777777777777778,7,4,0.5714285714285714,16,1,False,0.43478260869565216
joint_heat_lead_median_loco_kg_temporal_near_threshold_margin2p5_windows3_maxmargin1p0,lead_median_loco,temporal_near_threshold,2.5,3.0,1.0,37,14,10,0.7142857142857143,23,10,0.43478260869565216,0.5745341614906833,9,7,0.7777777777777778,7,4,0.5714285714285714,16,1,False,0.43478260869565216
joint_heat_blend025_pooled_loco_kg_temporal_near_threshold_margin2p0_windows3_maxmargin0p0,blend025_pooled_loco,temporal_near_threshold,2.0,3.0,0.0,37,14,10,0.7142857142857143,23,10,0.43478260869565216,0.5745341614906833,9,7,0.7777777777777778,7,4,0.5714285714285714,17,1,False,0.43478260869565216
joint_heat_blend025_pooled_loco_kg_temporal_near_threshold_margin2p0_windows3_maxmargin0p5,blend025_pooled_loco,temporal_near_threshold,2.0,3.0,0.5,37,14,10,0.7142857142857143,23,10,0.43478260869565216,0.5745341614906833,9,7,0.7777777777777778,7,4,0.5714285714285714,17,1,False,0.43478260869565216
joint_heat_blend025_pooled_loco_kg_temporal_near_threshold_margin2p0_windows3_maxmargin1p0,blend025_pooled_loco,temporal_near_threshold,2.0,3.0,1.0,37,14,10,0.7142857142857143,23,10,0.43478260869565216,0.5745341614906833,9,7,0.7777777777777778,7,4,0.5714285714285714,17,1,False,0.43478260869565216
joint_heat_pooled_median_loco_kg_temporal_near_threshold_margin2p0_windows3_maxmargin0p0,pooled_median_loco,temporal_near_threshold,2.0,3.0,0.0,37,14,10,0.7142857142857143,23,10,0.43478260869565216,0.5745341614906833,9,7,0.7777777777777778,7,4,0.5714285714285714,17,1,False,0.43478260869565216
joint_heat_pooled_median_loco_kg_temporal_near_threshold_margin2p0_windows3_maxmargin0p5,pooled_median_loco,temporal_near_threshold,2.0,3.0,0.5,37,14,10,0.7142857142857143,23,10,0.43478260869565216,0.5745341614906833,9,7,0.7777777777777778,7,4,0.5714285714285714,17,1,False,0.43478260869565216
joint_heat_pooled_median_loco_kg_temporal_near_threshold_margin2p0_windows3_maxmargin1p0,pooled_median_loco,temporal_near_threshold,2.0,3.0,1.0,37,14,10,0.7142857142857143,23,10,0.43478260869565216,0.5745341614906833,9,7,0.7777777777777778,7,4,0.5714285714285714,17,1,False,0.43478260869565216
joint_heat_blend050_pooled_loco_kg_temporal_near_threshold_margin2p5_windows3_maxmargin0p0,blend050_pooled_loco,temporal_near_threshold,2.5,3.0,0.0,37,14,10,0.7142857142857143,23,10,0.43478260869565216,0.5745341614906833,9,7,0.7777777777777778,7,4,0.5714285714285714,20,1,False,0.43478260869565216
joint_heat_blend050_pooled_loco_kg_temporal_near_threshold_margin2p5_windows3_maxmargin0p5,blend050_pooled_loco,temporal_near_threshold,2.5,3.0,0.5,37,14,10,0.7142857142857143,23,10,0.43478260869565216,0.5745341614906833,9,7,0.7777777777777778,7,4,0.5714285714285714,20,1,False,0.43478260869565216
joint_heat_blend050_pooled_loco_kg_temporal_near_threshold_margin2p5_windows3_maxmargin1p0,blend050_pooled_loco,temporal_near_threshold,2.5,3.0,1.0,37,14,10,0.7142857142857143,23,10,0.43478260869565216,0.5745341614906833,9,7,0.7777777777777778,7,4,0.5714285714285714,20,1,False,0.43478260869565216
joint_heat_ridge_state_loco_lambda100_kg_temporal_near_threshold_margin2p5_windows3_maxmargin0p0,ridge_state_loco_lambda100,temporal_near_threshold,2.5,3.0,0.0,37,14,10,0.7142857142857143,23,10,0.43478260869565216,0.5745341614906833,9,7,0.7777777777777778,7,4,0.5714285714285714,22,1,False,0.43478260869565216
joint_heat_ridge_state_loco_lambda100_kg_temporal_near_threshold_margin2p5_windows3_maxmargin0p5,ridge_state_loco_lambda100,temporal_near_threshold,2.5,3.0,0.5,37,14,10,0.7142857142857143,23,10,0.43478260869565216,0.5745341614906833,9,7,0.7777777777777778,7,4,0.5714285714285714,22,1,False,0.43478260869565216
joint_heat_ridge_state_loco_lambda100_kg_temporal_near_threshold_margin2p5_windows3_maxmargin1p0,ridge_state_loco_lambda100,temporal_near_threshold,2.5,3.0,1.0,37,14,10,0.7142857142857143,23,10,0.43478260869565216,0.5745341614906833,9,7,0.7777777777777778,7,4,0.5714285714285714,22,1,False,0.43478260869565216
joint_heat_blend050_pooled_loco_kg_spatial_hotspot_margin0p25_windows2_maxmargin0p0,blend050_pooled_loco,spatial_hotspot,0.25,2.0,0.0,37,14,6,0.42857142857142855,23,21,0.9130434782608695,0.670807453416149,9,4,0.4444444444444444,7,7,1.0,1,1,False,0.42857142857142855
joint_heat_blend050_pooled_loco_kg_spatial_hotspot_margin0p25_windows3_maxmargin0p0,blend050_pooled_loco,spatial_hotspot,0.25,3.0,0.0,37,14,6,0.42857142857142855,23,21,0.9130434782608695,0.670807453416149,9,4,0.4444444444444444,7,7,1.0,1,1,False,0.42857142857142855
joint_heat_blend050_pooled_loco_kg_spatial_hotspot_margin0p5_windows2_maxmargin0p0,blend050_pooled_loco,spatial_hotspot,0.5,2.0,0.0,37,14,6,0.42857142857142855,23,21,0.9130434782608695,0.670807453416149,9,4,0.4444444444444444,7,7,1.0,1,1,False,0.42857142857142855
joint_heat_blend050_pooled_loco_kg_spatial_hotspot_margin0p5_windows3_maxmargin0p0,blend050_pooled_loco,spatial_hotspot,0.5,3.0,0.0,37,14,6,0.42857142857142855,23,21,0.9130434782608695,0.670807453416149,9,4,0.4444444444444444,7,7,1.0,1,1,False,0.42857142857142855
joint_heat_blend050_pooled_loco_kg_spatial_hotspot_margin0p75_windows2_maxmargin0p0,blend050_pooled_loco,spatial_hotspot,0.75,2.0,0.0,37,14,6,0.42857142857142855,23,21,0.9130434782608695,0.670807453416149,9,4,0.4444444444444444,7,7,1.0,1,1,False,0.42857142857142855
joint_heat_blend050_pooled_loco_kg_spatial_hotspot_margin0p75_windows3_maxmargin0p0,blend050_pooled_loco,spatial_hotspot,0.75,3.0,0.0,37,14,6,0.42857142857142855,23,21,0.9130434782608695,0.670807453416149,9,4,0.4444444444444444,7,7,1.0,1,1,False,0.42857142857142855
joint_heat_blend050_pooled_loco_kg_temporal_near_threshold_margin0p25_windows2_maxmargin0p0,blend050_pooled_loco,temporal_near_threshold,0.25,2.0,0.0,37,14,6,0.42857142857142855,23,21,0.9130434782608695,0.670807453416149,9,4,0.4444444444444444,7,7,1.0,1,1,False,0.42857142857142855
joint_heat_blend050_pooled_loco_kg_temporal_near_threshold_margin0p25_windows2_maxmargin0p5,blend050_pooled_loco,temporal_near_threshold,0.25,2.0,0.5,37,14,6,0.42857142857142855,23,21,0.9130434782608695,0.670807453416149,9,4,0.4444444444444444,7,7,1.0,1,1,False,0.42857142857142855
joint_heat_blend050_pooled_loco_kg_temporal_near_threshold_margin0p25_windows2_maxmargin1p0,blend050_pooled_loco,temporal_near_threshold,0.25,2.0,1.0,37,14,6,0.42857142857142855,23,21,0.9130434782608695,0.670807453416149,9,4,0.4444444444444444,7,7,1.0,1,1,False,0.42857142857142855
joint_heat_blend050_pooled_loco_kg_temporal_near_threshold_margin0p25_windows3_maxmargin0p0,blend050_pooled_loco,temporal_near_threshold,0.25,3.0,0.0,37,14,6,0.42857142857142855,23,21,0.9130434782608695,0.670807453416149,9,4,0.4444444444444444,7,7,1.0,1,1,False,0.42857142857142855
joint_heat_blend050_pooled_loco_kg_temporal_near_threshold_margin0p25_windows3_maxmargin0p5,blend050_pooled_loco,temporal_near_threshold,0.25,3.0,0.5,37,14,6,0.42857142857142855,23,21,0.9130434782608695,0.670807453416149,9,4,0.4444444444444444,7,7,1.0,1,1,False,0.42857142857142855
joint_heat_blend050_pooled_loco_kg_temporal_near_threshold_margin0p25_windows3_maxmargin1p0,blend050_pooled_loco,temporal_near_threshold,0.25,3.0,1.0,37,14,6,0.42857142857142855,23,21,0.9130434782608695,0.670807453416149,9,4,0.4444444444444444,7,7,1.0,1,1,False,0.42857142857142855
joint_heat_blend050_pooled_loco_kg_temporal_and_spatial_margin0p25_windows2_maxmargin0p5,blend050_pooled_loco,temporal_and_spatial,0.25,2.0,0.5,37,14,6,0.42857142857142855,23,21,0.9130434782608695,0.670807453416149,9,4,0.4444444444444444,7,7,1.0,1,2,False,0.42857142857142855
joint_heat_blend050_pooled_loco_kg_temporal_and_spatial_margin0p25_windows2_maxmargin1p0,blend050_pooled_loco,temporal_and_spatial,0.25,2.0,1.0,37,14,6,0.42857142857142855,23,21,0.9130434782608695,0.670807453416149,9,4,0.4444444444444444,7,7,1.0,1,2,False,0.42857142857142855
joint_heat_blend050_pooled_loco_kg_temporal_and_spatial_margin0p25_windows3_maxmargin0p5,blend050_pooled_loco,temporal_and_spatial,0.25,3.0,0.5,37,14,6,0.42857142857142855,23,21,0.9130434782608695,0.670807453416149,9,4,0.4444444444444444,7,7,1.0,1,2,False,0.42857142857142855
joint_heat_blend050_pooled_loco_kg_temporal_and_spatial_margin0p25_windows3_maxmargin1p0,blend050_pooled_loco,temporal_and_spatial,0.25,3.0,1.0,37,14,6,0.42857142857142855,23,21,0.9130434782608695,0.670807453416149,9,4,0.4444444444444444,7,7,1.0,1,2,False,0.42857142857142855
joint_heat_blend050_pooled_loco_kg_temporal_and_spatial_margin2p0_windows2_maxmargin0p0,blend050_pooled_loco,temporal_and_spatial,2.0,2.0,0.0,37,14,6,0.42857142857142855,23,21,0.9130434782608695,0.670807453416149,9,4,0.4444444444444444,7,7,1.0,1,2,False,0.42857142857142855
joint_heat_ridge_state_loco_lambda1_kg_spatial_hotspot_margin0p25_windows2_maxmargin0p5,ridge_state_loco_lambda1,spatial_hotspot,0.25,2.0,0.5,37,14,6,0.42857142857142855,23,21,0.9130434782608695,0.670807453416149,9,4,0.4444444444444444,7,7,1.0,2,1,False,0.42857142857142855
joint_heat_ridge_state_loco_lambda1_kg_spatial_hotspot_margin0p25_windows3_maxmargin0p5,ridge_state_loco_lambda1,spatial_hotspot,0.25,3.0,0.5,37,14,6,0.42857142857142855,23,21,0.9130434782608695,0.670807453416149,9,4,0.4444444444444444,7,7,1.0,2,1,False,0.42857142857142855
joint_heat_ridge_state_loco_lambda1_kg_spatial_hotspot_margin0p5_windows2_maxmargin0p5,ridge_state_loco_lambda1,spatial_hotspot,0.5,2.0,0.5,37,14,6,0.42857142857142855,23,21,0.9130434782608695,0.670807453416149,9,4,0.4444444444444444,7,7,1.0,2,1,False,0.42857142857142855
joint_heat_ridge_state_loco_lambda1_kg_spatial_hotspot_margin0p5_windows3_maxmargin0p5,ridge_state_loco_lambda1,spatial_hotspot,0.5,3.0,0.5,37,14,6,0.42857142857142855,23,21,0.9130434782608695,0.670807453416149,9,4,0.4444444444444444,7,7,1.0,2,1,False,0.42857142857142855
joint_heat_ridge_state_loco_lambda1_kg_temporal_near_threshold_margin0p25_windows2_maxmargin0p0,ridge_state_loco_lambda1,temporal_near_threshold,0.25,2.0,0.0,37,14,6,0.42857142857142855,23,21,0.9130434782608695,0.670807453416149,9,4,0.4444444444444444,7,7,1.0,2,1,False,0.42857142857142855
joint_heat_ridge_state_loco_lambda1_kg_temporal_near_threshold_margin0p25_windows2_maxmargin0p5,ridge_state_loco_lambda1,temporal_near_threshold,0.25,2.0,0.5,37,14,6,0.42857142857142855,23,21,0.9130434782608695,0.670807453416149,9,4,0.4444444444444444,7,7,1.0,2,1,False,0.42857142857142855
joint_heat_ridge_state_loco_lambda1_kg_temporal_near_threshold_margin0p25_windows2_maxmargin1p0,ridge_state_loco_lambda1,temporal_near_threshold,0.25,2.0,1.0,37,14,6,0.42857142857142855,23,21,0.9130434782608695,0.670807453416149,9,4,0.4444444444444444,7,7,1.0,2,1,False,0.42857142857142855
joint_heat_ridge_state_loco_lambda1_kg_temporal_and_spatial_margin0p25_windows2_maxmargin0p5,ridge_state_loco_lambda1,temporal_and_spatial,0.25,2.0,0.5,37,14,6,0.42857142857142855,23,21,0.9130434782608695,0.670807453416149,9,4,0.4444444444444444,7,7,1.0,2,2,False,0.42857142857142855
joint_heat_ridge_state_loco_lambda1_kg_temporal_and_spatial_margin0p25_windows2_maxmargin1p0,ridge_state_loco_lambda1,temporal_and_spatial,0.25,2.0,1.0,37,14,6,0.42857142857142855,23,21,0.9130434782608695,0.670807453416149,9,4,0.4444444444444444,7,7,1.0,2,2,False,0.42857142857142855
joint_heat_ridge_state_loco_lambda1_kg_temporal_and_spatial_margin0p5_windows2_maxmargin0p5,ridge_state_loco_lambda1,temporal_and_spatial,0.5,2.0,0.5,37,14,6,0.42857142857142855,23,21,0.9130434782608695,0.670807453416149,9,4,0.4444444444444444,7,7,1.0,2,2,False,0.42857142857142855
joint_heat_ridge_state_loco_lambda1_kg_temporal_or_spatial_margin0p25_windows2_maxmargin0p0,ridge_state_loco_lambda1,temporal_or_spatial,0.25,2.0,0.0,37,14,6,0.42857142857142855,23,21,0.9130434782608695,0.670807453416149,9,4,0.4444444444444444,7,7,1.0,2,3,False,0.42857142857142855
joint_heat_ridge_state_loco_lambda1_kg_temporal_or_spatial_margin0p25_windows2_maxmargin0p5,ridge_state_loco_lambda1,temporal_or_spatial,0.25,2.0,0.5,37,14,6,0.42857142857142855,23,21,0.9130434782608695,0.670807453416149,9,4,0.4444444444444444,7,7,1.0,2,3,False,0.42857142857142855
joint_heat_ridge_state_loco_lambda1_kg_temporal_or_spatial_margin0p25_windows3_maxmargin0p5,ridge_state_loco_lambda1,temporal_or_spatial,0.25,3.0,0.5,37,14,6,0.42857142857142855,23,21,0.9130434782608695,0.670807453416149,9,4,0.4444444444444444,7,7,1.0,2,3,False,0.42857142857142855
joint_heat_ridge_state_loco_lambda1_kg_temporal_or_spatial_margin0p5_windows3_maxmargin0p5,ridge_state_loco_lambda1,temporal_or_spatial,0.5,3.0,0.5,37,14,6,0.42857142857142855,23,21,0.9130434782608695,0.670807453416149,9,4,0.4444444444444444,7,7,1.0,2,3,False,0.42857142857142855
joint_heat_ridge_state_loco_lambda100_kg_spatial_hotspot_margin0p75_windows2_maxmargin0p5,ridge_state_loco_lambda100,spatial_hotspot,0.75,2.0,0.5,37,14,6,0.42857142857142855,23,21,0.9130434782608695,0.670807453416149,9,4,0.4444444444444444,7,7,1.0,3,1,False,0.42857142857142855
joint_heat_ridge_state_loco_lambda100_kg_spatial_hotspot_margin0p75_windows3_maxmargin0p5,ridge_state_loco_lambda100,spatial_hotspot,0.75,3.0,0.5,37,14,6,0.42857142857142855,23,21,0.9130434782608695,0.670807453416149,9,4,0.4444444444444444,7,7,1.0,3,1,False,0.42857142857142855
joint_heat_ridge_state_loco_lambda100_kg_temporal_near_threshold_margin0p75_windows3_maxmargin0p0,ridge_state_loco_lambda100,temporal_near_threshold,0.75,3.0,0.0,37,14,6,0.42857142857142855,23,21,0.9130434782608695,0.670807453416149,9,4,0.4444444444444444,7,7,1.0,3,1,False,0.42857142857142855
joint_heat_ridge_state_loco_lambda100_kg_temporal_near_threshold_margin0p75_windows3_maxmargin0p5,ridge_state_loco_lambda100,temporal_near_threshold,0.75,3.0,0.5,37,14,6,0.42857142857142855,23,21,0.9130434782608695,0.670807453416149,9,4,0.4444444444444444,7,7,1.0,3,1,False,0.42857142857142855
joint_heat_ridge_state_loco_lambda100_kg_temporal_near_threshold_margin0p75_windows3_maxmargin1p0,ridge_state_loco_lambda100,temporal_near_threshold,0.75,3.0,1.0,37,14,6,0.42857142857142855,23,21,0.9130434782608695,0.670807453416149,9,4,0.4444444444444444,7,7,1.0,3,1,False,0.42857142857142855
joint_heat_ridge_state_loco_lambda100_kg_temporal_and_spatial_margin0p75_windows2_maxmargin0p5,ridge_state_loco_lambda100,temporal_and_spatial,0.75,2.0,0.5,37,14,6,0.42857142857142855,23,21,0.9130434782608695,0.670807453416149,9,4,0.4444444444444444,7,7,1.0,3,2,False,0.42857142857142855
joint_heat_ridge_state_loco_lambda100_kg_temporal_and_spatial_margin0p75_windows3_maxmargin0p5,ridge_state_loco_lambda100,temporal_and_spatial,0.75,3.0,0.5,37,14,6,0.42857142857142855,23,21,0.9130434782608695,0.670807453416149,9,4,0.4444444444444444,7,7,1.0,3,2,False,0.42857142857142855
joint_heat_ridge_state_loco_lambda100_kg_temporal_and_spatial_margin0p75_windows3_maxmargin1p0,ridge_state_loco_lambda100,temporal_and_spatial,0.75,3.0,1.0,37,14,6,0.42857142857142855,23,21,0.9130434782608695,0.670807453416149,9,4,0.4444444444444444,7,7,1.0,3,2,False,0.42857142857142855
joint_heat_ridge_state_loco_lambda100_kg_temporal_or_spatial_margin0p75_windows3_maxmargin0p0,ridge_state_loco_lambda100,temporal_or_spatial,0.75,3.0,0.0,37,14,6,0.42857142857142855,23,21,0.9130434782608695,0.670807453416149,9,4,0.4444444444444444,7,7,1.0,3,3,False,0.42857142857142855
joint_heat_ridge_state_loco_lambda100_kg_temporal_or_spatial_margin0p75_windows3_maxmargin0p5,ridge_state_loco_lambda100,temporal_or_spatial,0.75,3.0,0.5,37,14,6,0.42857142857142855,23,21,0.9130434782608695,0.670807453416149,9,4,0.4444444444444444,7,7,1.0,3,3,False,0.42857142857142855
joint_heat_ridge_state_loco_lambda10_kg_spatial_hotspot_margin0p75_windows2_maxmargin0p5,ridge_state_loco_lambda10,spatial_hotspot,0.75,2.0,0.5,37,14,6,0.42857142857142855,23,21,0.9130434782608695,0.670807453416149,9,4,0.4444444444444444,7,7,1.0,5,1,False,0.42857142857142855
joint_heat_ridge_state_loco_lambda10_kg_spatial_hotspot_margin0p75_windows3_maxmargin0p5,ridge_state_loco_lambda10,spatial_hotspot,0.75,3.0,0.5,37,14,6,0.42857142857142855,23,21,0.9130434782608695,0.670807453416149,9,4,0.4444444444444444,7,7,1.0,5,1,False,0.42857142857142855
joint_heat_ridge_state_loco_lambda10_kg_spatial_hotspot_margin1p0_windows2_maxmargin0p5,ridge_state_loco_lambda10,spatial_hotspot,1.0,2.0,0.5,37,14,6,0.42857142857142855,23,21,0.9130434782608695,0.670807453416149,9,4,0.4444444444444444,7,7,1.0,5,1,False,0.42857142857142855
joint_heat_ridge_state_loco_lambda10_kg_spatial_hotspot_margin1p0_windows3_maxmargin0p5,ridge_state_loco_lambda10,spatial_hotspot,1.0,3.0,0.5,37,14,6,0.42857142857142855,23,21,0.9130434782608695,0.670807453416149,9,4,0.4444444444444444,7,7,1.0,5,1,False,0.42857142857142855
joint_heat_ridge_state_loco_lambda10_kg_temporal_and_spatial_margin0p75_windows2_maxmargin0p5,ridge_state_loco_lambda10,temporal_and_spatial,0.75,2.0,0.5,37,14,6,0.42857142857142855,23,21,0.9130434782608695,0.670807453416149,9,4,0.4444444444444444,7,7,1.0,5,2,False,0.42857142857142855
joint_heat_ridge_state_loco_lambda10_kg_temporal_and_spatial_margin1p0_windows2_maxmargin0p5,ridge_state_loco_lambda10,temporal_and_spatial,1.0,2.0,0.5,37,14,6,0.42857142857142855,23,21,0.9130434782608695,0.670807453416149,9,4,0.4444444444444444,7,7,1.0,5,2,False,0.42857142857142855
joint_heat_ridge_state_loco_lambda10_kg_temporal_or_spatial_margin0p75_windows3_maxmargin0p5,ridge_state_loco_lambda10,temporal_or_spatial,0.75,3.0,0.5,37,14,6,0.42857142857142855,23,21,0.9130434782608695,0.670807453416149,9,4,0.4444444444444444,7,7,1.0,5,3,False,0.42857142857142855
joint_heat_ridge_state_loco_lambda10_kg_temporal_or_spatial_margin1p0_windows3_maxmargin0p5,ridge_state_loco_lambda10,temporal_or_spatial,1.0,3.0,0.5,37,14,6,0.42857142857142855,23,21,0.9130434782608695,0.670807453416149,9,4,0.4444444444444444,7,7,1.0,5,3,False,0.42857142857142855
joint_heat_raw_spatial_p95_kg_spatial_hotspot_margin1p5_windows2_maxmargin0p5,raw_spatial_p95,spatial_hotspot,1.5,2.0,0.5,37,14,6,0.42857142857142855,23,21,0.9130434782608695,0.670807453416149,9,4,0.4444444444444444,7,7,1.0,7,1,False,0.42857142857142855
joint_heat_raw_spatial_p95_kg_spatial_hotspot_margin1p5_windows3_maxmargin0p5,raw_spatial_p95,spatial_hotspot,1.5,3.0,0.5,37,14,6,0.42857142857142855,23,21,0.9130434782608695,0.670807453416149,9,4,0.4444444444444444,7,7,1.0,7,1,False,0.42857142857142855
joint_heat_raw_spatial_p95_kg_temporal_and_spatial_margin1p5_windows2_maxmargin0p5,raw_spatial_p95,temporal_and_spatial,1.5,2.0,0.5,37,14,6,0.42857142857142855,23,21,0.9130434782608695,0.670807453416149,9,4,0.4444444444444444,7,7,1.0,7,2,False,0.42857142857142855
joint_heat_raw_spatial_p95_kg_temporal_or_spatial_margin1p5_windows3_maxmargin0p5,raw_spatial_p95,temporal_or_spatial,1.5,3.0,0.5,37,14,6,0.42857142857142855,23,21,0.9130434782608695,0.670807453416149,9,4,0.4444444444444444,7,7,1.0,7,3,False,0.42857142857142855
joint_heat_blend050_pooled_loco_kg_spatial_hotspot_margin1p0_windows2_maxmargin0p0,blend050_pooled_loco,spatial_hotspot,1.0,2.0,0.0,37,14,6,0.42857142857142855,23,20,0.8695652173913043,0.6490683229813664,9,4,0.4444444444444444,7,7,1.0,2,1,False,0.42857142857142855
joint_heat_blend050_pooled_loco_kg_spatial_hotspot_margin1p0_windows3_maxmargin0p0,blend050_pooled_loco,spatial_hotspot,1.0,3.0,0.0,37,14,6,0.42857142857142855,23,20,0.8695652173913043,0.6490683229813664,9,4,0.4444444444444444,7,7,1.0,2,1,False,0.42857142857142855
joint_heat_blend050_pooled_loco_kg_spatial_hotspot_margin1p25_windows2_maxmargin0p0,blend050_pooled_loco,spatial_hotspot,1.25,2.0,0.0,37,14,6,0.42857142857142855,23,20,0.8695652173913043,0.6490683229813664,9,4,0.4444444444444444,7,7,1.0,2,1,False,0.42857142857142855
joint_heat_blend050_pooled_loco_kg_spatial_hotspot_margin1p25_windows3_maxmargin0p0,blend050_pooled_loco,spatial_hotspot,1.25,3.0,0.0,37,14,6,0.42857142857142855,23,20,0.8695652173913043,0.6490683229813664,9,4,0.4444444444444444,7,7,1.0,2,1,False,0.42857142857142855
joint_heat_blend050_pooled_loco_kg_spatial_hotspot_margin1p5_windows2_maxmargin0p0,blend050_pooled_loco,spatial_hotspot,1.5,2.0,0.0,37,14,6,0.42857142857142855,23,20,0.8695652173913043,0.6490683229813664,9,4,0.4444444444444444,7,7,1.0,2,1,False,0.42857142857142855
joint_heat_blend050_pooled_loco_kg_spatial_hotspot_margin1p5_windows3_maxmargin0p0,blend050_pooled_loco,spatial_hotspot,1.5,3.0,0.0,37,14,6,0.42857142857142855,23,20,0.8695652173913043,0.6490683229813664,9,4,0.4444444444444444,7,7,1.0,2,1,False,0.42857142857142855
joint_heat_blend050_pooled_loco_kg_spatial_hotspot_margin2p0_windows2_maxmargin0p0,blend050_pooled_loco,spatial_hotspot,2.0,2.0,0.0,37,14,6,0.42857142857142855,23,20,0.8695652173913043,0.6490683229813664,9,4,0.4444444444444444,7,7,1.0,2,1,False,0.42857142857142855
joint_heat_blend050_pooled_loco_kg_spatial_hotspot_margin2p0_windows3_maxmargin0p0,blend050_pooled_loco,spatial_hotspot,2.0,3.0,0.0,37,14,6,0.42857142857142855,23,20,0.8695652173913043,0.6490683229813664,9,4,0.4444444444444444,7,7,1.0,2,1,False,0.42857142857142855
joint_heat_blend050_pooled_loco_kg_spatial_hotspot_margin2p5_windows2_maxmargin0p0,blend050_pooled_loco,spatial_hotspot,2.5,2.0,0.0,37,14,6,0.42857142857142855,23,20,0.8695652173913043,0.6490683229813664,9,4,0.4444444444444444,7,7,1.0,2,1,False,0.42857142857142855
joint_heat_blend050_pooled_loco_kg_spatial_hotspot_margin2p5_windows3_maxmargin0p0,blend050_pooled_loco,spatial_hotspot,2.5,3.0,0.0,37,14,6,0.42857142857142855,23,20,0.8695652173913043,0.6490683229813664,9,4,0.4444444444444444,7,7,1.0,2,1,False,0.42857142857142855
joint_heat_blend050_pooled_loco_kg_temporal_near_threshold_margin0p5_windows3_maxmargin0p0,blend050_pooled_loco,temporal_near_threshold,0.5,3.0,0.0,37,14,6,0.42857142857142855,23,20,0.8695652173913043,0.6490683229813664,9,4,0.4444444444444444,7,7,1.0,2,1,False,0.42857142857142855
joint_heat_blend050_pooled_loco_kg_temporal_near_threshold_margin0p5_windows3_maxmargin0p5,blend050_pooled_loco,temporal_near_threshold,0.5,3.0,0.5,37,14,6,0.42857142857142855,23,20,0.8695652173913043,0.6490683229813664,9,4,0.4444444444444444,7,7,1.0,2,1,False,0.42857142857142855
joint_heat_blend050_pooled_loco_kg_temporal_near_threshold_margin0p5_windows3_maxmargin1p0,blend050_pooled_loco,temporal_near_threshold,0.5,3.0,1.0,37,14,6,0.42857142857142855,23,20,0.8695652173913043,0.6490683229813664,9,4,0.4444444444444444,7,7,1.0,2,1,False,0.42857142857142855
joint_heat_blend050_pooled_loco_kg_temporal_and_spatial_margin0p5_windows2_maxmargin0p5,blend050_pooled_loco,temporal_and_spatial,0.5,2.0,0.5,37,14,6,0.42857142857142855,23,20,0.8695652173913043,0.6490683229813664,9,4,0.4444444444444444,7,7,1.0,2,2,False,0.42857142857142855
joint_heat_blend050_pooled_loco_kg_temporal_and_spatial_margin0p5_windows3_maxmargin0p5,blend050_pooled_loco,temporal_and_spatial,0.5,3.0,0.5,37,14,6,0.42857142857142855,23,20,0.8695652173913043,0.6490683229813664,9,4,0.4444444444444444,7,7,1.0,2,2,False,0.42857142857142855
joint_heat_blend050_pooled_loco_kg_temporal_and_spatial_margin0p5_windows3_maxmargin1p0,blend050_pooled_loco,temporal_and_spatial,0.5,3.0,1.0,37,14,6,0.42857142857142855,23,20,0.8695652173913043,0.6490683229813664,9,4,0.4444444444444444,7,7,1.0,2,2,False,0.42857142857142855
joint_heat_blend050_pooled_loco_kg_temporal_and_spatial_margin0p75_windows2_maxmargin0p5,blend050_pooled_loco,temporal_and_spatial,0.75,2.0,0.5,37,14,6,0.42857142857142855,23,20,0.8695652173913043,0.6490683229813664,9,4,0.4444444444444444,7,7,1.0,2,2,False,0.42857142857142855
joint_heat_blend050_pooled_loco_kg_temporal_and_spatial_margin0p75_windows3_maxmargin0p5,blend050_pooled_loco,temporal_and_spatial,0.75,3.0,0.5,37,14,6,0.42857142857142855,23,20,0.8695652173913043,0.6490683229813664,9,4,0.4444444444444444,7,7,1.0,2,2,False,0.42857142857142855
joint_heat_blend050_pooled_loco_kg_temporal_and_spatial_margin1p0_windows2_maxmargin0p5,blend050_pooled_loco,temporal_and_spatial,1.0,2.0,0.5,37,14,6,0.42857142857142855,23,20,0.8695652173913043,0.6490683229813664,9,4,0.4444444444444444,7,7,1.0,2,2,False,0.42857142857142855
joint_heat_blend050_pooled_loco_kg_temporal_and_spatial_margin1p0_windows3_maxmargin0p5,blend050_pooled_loco,temporal_and_spatial,1.0,3.0,0.5,37,14,6,0.42857142857142855,23,20,0.8695652173913043,0.6490683229813664,9,4,0.4444444444444444,7,7,1.0,2,2,False,0.42857142857142855
joint_heat_blend050_pooled_loco_kg_temporal_and_spatial_margin1p25_windows2_maxmargin0p5,blend050_pooled_loco,temporal_and_spatial,1.25,2.0,0.5,37,14,6,0.42857142857142855,23,20,0.8695652173913043,0.6490683229813664,9,4,0.4444444444444444,7,7,1.0,2,2,False,0.42857142857142855
joint_heat_blend050_pooled_loco_kg_temporal_and_spatial_margin1p25_windows3_maxmargin0p5,blend050_pooled_loco,temporal_and_spatial,1.25,3.0,0.5,37,14,6,0.42857142857142855,23,20,0.8695652173913043,0.6490683229813664,9,4,0.4444444444444444,7,7,1.0,2,2,False,0.42857142857142855
joint_heat_blend050_pooled_loco_kg_temporal_and_spatial_margin1p5_windows2_maxmargin0p5,blend050_pooled_loco,temporal_and_spatial,1.5,2.0,0.5,37,14,6,0.42857142857142855,23,20,0.8695652173913043,0.6490683229813664,9,4,0.4444444444444444,7,7,1.0,2,2,False,0.42857142857142855
joint_heat_blend050_pooled_loco_kg_temporal_and_spatial_margin1p5_windows3_maxmargin0p5,blend050_pooled_loco,temporal_and_spatial,1.5,3.0,0.5,37,14,6,0.42857142857142855,23,20,0.8695652173913043,0.6490683229813664,9,4,0.4444444444444444,7,7,1.0,2,2,False,0.42857142857142855
joint_heat_blend050_pooled_loco_kg_temporal_and_spatial_margin2p0_windows3_maxmargin0p5,blend050_pooled_loco,temporal_and_spatial,2.0,3.0,0.5,37,14,6,0.42857142857142855,23,20,0.8695652173913043,0.6490683229813664,9,4,0.4444444444444444,7,7,1.0,2,2,False,0.42857142857142855
joint_heat_blend050_pooled_loco_kg_temporal_and_spatial_margin2p5_windows2_maxmargin0p0,blend050_pooled_loco,temporal_and_spatial,2.5,2.0,0.0,37,14,6,0.42857142857142855,23,20,0.8695652173913043,0.6490683229813664,9,4,0.4444444444444444,7,7,1.0,2,2,False,0.42857142857142855
joint_heat_blend050_pooled_loco_kg_temporal_and_spatial_margin2p5_windows3_maxmargin0p5,blend050_pooled_loco,temporal_and_spatial,2.5,3.0,0.5,37,14,6,0.42857142857142855,23,20,0.8695652173913043,0.6490683229813664,9,4,0.4444444444444444,7,7,1.0,2,2,False,0.42857142857142855
joint_heat_ridge_state_loco_lambda1_kg_spatial_hotspot_margin0p25_windows2_maxmargin1p0,ridge_state_loco_lambda1,spatial_hotspot,0.25,2.0,1.0,37,14,6,0.42857142857142855,23,20,0.8695652173913043,0.6490683229813664,9,4,0.4444444444444444,7,7,1.0,3,1,False,0.42857142857142855
joint_heat_ridge_state_loco_lambda1_kg_spatial_hotspot_margin0p25_windows3_maxmargin1p0,ridge_state_loco_lambda1,spatial_hotspot,0.25,3.0,1.0,37,14,6,0.42857142857142855,23,20,0.8695652173913043,0.6490683229813664,9,4,0.4444444444444444,7,7,1.0,3,1,False,0.42857142857142855
joint_heat_ridge_state_loco_lambda1_kg_temporal_or_spatial_margin0p25_windows2_maxmargin1p0,ridge_state_loco_lambda1,temporal_or_spatial,0.25,2.0,1.0,37,14,6,0.42857142857142855,23,20,0.8695652173913043,0.6490683229813664,9,4,0.4444444444444444,7,7,1.0,3,3,False,0.42857142857142855
joint_heat_ridge_state_loco_lambda1_kg_temporal_or_spatial_margin0p25_windows3_maxmargin1p0,ridge_state_loco_lambda1,temporal_or_spatial,0.25,3.0,1.0,37,14,6,0.42857142857142855,23,20,0.8695652173913043,0.6490683229813664,9,4,0.4444444444444444,7,7,1.0,3,3,False,0.42857142857142855
joint_heat_ridge_state_loco_lambda100_kg_spatial_hotspot_margin1p0_windows2_maxmargin0p5,ridge_state_loco_lambda100,spatial_hotspot,1.0,2.0,0.5,37,14,6,0.42857142857142855,23,20,0.8695652173913043,0.6490683229813664,9,4,0.4444444444444444,7,7,1.0,4,1,False,0.42857142857142855
joint_heat_ridge_state_loco_lambda100_kg_spatial_hotspot_margin1p0_windows3_maxmargin0p5,ridge_state_loco_lambda100,spatial_hotspot,1.0,3.0,0.5,37,14,6,0.42857142857142855,23,20,0.8695652173913043,0.6490683229813664,9,4,0.4444444444444444,7,7,1.0,4,1,False,0.42857142857142855
joint_heat_ridge_state_loco_lambda100_kg_spatial_hotspot_margin1p25_windows2_maxmargin0p5,ridge_state_loco_lambda100,spatial_hotspot,1.25,2.0,0.5,37,14,6,0.42857142857142855,23,20,0.8695652173913043,0.6490683229813664,9,4,0.4444444444444444,7,7,1.0,4,1,False,0.42857142857142855
joint_heat_ridge_state_loco_lambda100_kg_spatial_hotspot_margin1p25_windows3_maxmargin0p5,ridge_state_loco_lambda100,spatial_hotspot,1.25,3.0,0.5,37,14,6,0.42857142857142855,23,20,0.8695652173913043,0.6490683229813664,9,4,0.4444444444444444,7,7,1.0,4,1,False,0.42857142857142855
joint_heat_ridge_state_loco_lambda100_kg_temporal_and_spatial_margin1p0_windows2_maxmargin0p5,ridge_state_loco_lambda100,temporal_and_spatial,1.0,2.0,0.5,37,14,6,0.42857142857142855,23,20,0.8695652173913043,0.6490683229813664,9,4,0.4444444444444444,7,7,1.0,4,2,False,0.42857142857142855
joint_heat_ridge_state_loco_lambda100_kg_temporal_and_spatial_margin1p0_windows3_maxmargin0p5,ridge_state_loco_lambda100,temporal_and_spatial,1.0,3.0,0.5,37,14,6,0.42857142857142855,23,20,0.8695652173913043,0.6490683229813664,9,4,0.4444444444444444,7,7,1.0,4,2,False,0.42857142857142855
joint_heat_ridge_state_loco_lambda100_kg_temporal_and_spatial_margin1p25_windows2_maxmargin0p5,ridge_state_loco_lambda100,temporal_and_spatial,1.25,2.0,0.5,37,14,6,0.42857142857142855,23,20,0.8695652173913043,0.6490683229813664,9,4,0.4444444444444444,7,7,1.0,4,2,False,0.42857142857142855
joint_heat_ridge_state_loco_lambda100_kg_temporal_and_spatial_margin1p25_windows3_maxmargin0p5,ridge_state_loco_lambda100,temporal_and_spatial,1.25,3.0,0.5,37,14,6,0.42857142857142855,23,20,0.8695652173913043,0.6490683229813664,9,4,0.4444444444444444,7,7,1.0,4,2,False,0.42857142857142855
joint_heat_ridge_state_loco_lambda100_kg_temporal_and_spatial_margin1p5_windows2_maxmargin0p5,ridge_state_loco_lambda100,temporal_and_spatial,1.5,2.0,0.5,37,14,6,0.42857142857142855,23,20,0.8695652173913043,0.6490683229813664,9,4,0.4444444444444444,7,7,1.0,4,2,False,0.42857142857142855
joint_heat_ridge_state_loco_lambda100_kg_temporal_and_spatial_margin1p5_windows3_maxmargin0p5,ridge_state_loco_lambda100,temporal_and_spatial,1.5,3.0,0.5,37,14,6,0.42857142857142855,23,20,0.8695652173913043,0.6490683229813664,9,4,0.4444444444444444,7,7,1.0,4,2,False,0.42857142857142855
joint_heat_ridge_state_loco_lambda100_kg_temporal_and_spatial_margin2p0_windows3_maxmargin0p5,ridge_state_loco_lambda100,temporal_and_spatial,2.0,3.0,0.5,37,14,6,0.42857142857142855,23,20,0.8695652173913043,0.6490683229813664,9,4,0.4444444444444444,7,7,1.0,4,2,False,0.42857142857142855
joint_heat_ridge_state_loco_lambda100_kg_temporal_and_spatial_margin2p5_windows3_maxmargin0p5,ridge_state_loco_lambda100,temporal_and_spatial,2.5,3.0,0.5,37,14,6,0.42857142857142855,23,20,0.8695652173913043,0.6490683229813664,9,4,0.4444444444444444,7,7,1.0,4,2,False,0.42857142857142855
joint_heat_ridge_state_loco_lambda10_kg_temporal_and_spatial_margin1p25_windows2_maxmargin0p5,ridge_state_loco_lambda10,temporal_and_spatial,1.25,2.0,0.5,37,14,6,0.42857142857142855,23,20,0.8695652173913043,0.6490683229813664,9,4,0.4444444444444444,7,7,1.0,6,2,False,0.42857142857142855
joint_heat_ridge_state_loco_lambda10_kg_temporal_and_spatial_margin1p25_windows3_maxmargin0p5,ridge_state_loco_lambda10,temporal_and_spatial,1.25,3.0,0.5,37,14,6,0.42857142857142855,23,20,0.8695652173913043,0.6490683229813664,9,4,0.4444444444444444,7,7,1.0,6,2,False,0.42857142857142855
joint_heat_ridge_state_loco_lambda10_kg_temporal_and_spatial_margin1p5_windows2_maxmargin0p5,ridge_state_loco_lambda10,temporal_and_spatial,1.5,2.0,0.5,37,14,6,0.42857142857142855,23,20,0.8695652173913043,0.6490683229813664,9,4,0.4444444444444444,7,7,1.0,6,2,False,0.42857142857142855
joint_heat_ridge_state_loco_lambda10_kg_temporal_and_spatial_margin1p5_windows3_maxmargin0p5,ridge_state_loco_lambda10,temporal_and_spatial,1.5,3.0,0.5,37,14,6,0.42857142857142855,23,20,0.8695652173913043,0.6490683229813664,9,4,0.4444444444444444,7,7,1.0,6,2,False,0.42857142857142855
joint_heat_ridge_state_loco_lambda10_kg_temporal_and_spatial_margin2p0_windows3_maxmargin0p5,ridge_state_loco_lambda10,temporal_and_spatial,2.0,3.0,0.5,37,14,6,0.42857142857142855,23,20,0.8695652173913043,0.6490683229813664,9,4,0.4444444444444444,7,7,1.0,6,2,False,0.42857142857142855
joint_heat_ridge_state_loco_lambda10_kg_temporal_and_spatial_margin2p5_windows3_maxmargin0p5,ridge_state_loco_lambda10,temporal_and_spatial,2.5,3.0,0.5,37,14,6,0.42857142857142855,23,20,0.8695652173913043,0.6490683229813664,9,4,0.4444444444444444,7,7,1.0,6,2,False,0.42857142857142855
joint_heat_raw_spatial_p95_kg_spatial_hotspot_margin2p0_windows2_maxmargin0p5,raw_spatial_p95,spatial_hotspot,2.0,2.0,0.5,37,14,6,0.42857142857142855,23,20,0.8695652173913043,0.6490683229813664,9,4,0.4444444444444444,7,7,1.0,8,1,False,0.42857142857142855
joint_heat_raw_spatial_p95_kg_spatial_hotspot_margin2p0_windows3_maxmargin0p5,raw_spatial_p95,spatial_hotspot,2.0,3.0,0.5,37,14,6,0.42857142857142855,23,20,0.8695652173913043,0.6490683229813664,9,4,0.4444444444444444,7,7,1.0,8,1,False,0.42857142857142855
joint_heat_raw_spatial_p95_kg_temporal_and_spatial_margin2p0_windows2_maxmargin0p5,raw_spatial_p95,temporal_and_spatial,2.0,2.0,0.5,37,14,6,0.42857142857142855,23,20,0.8695652173913043,0.6490683229813664,9,4,0.4444444444444444,7,7,1.0,8,2,False,0.42857142857142855
joint_heat_raw_spatial_p95_kg_temporal_and_spatial_margin2p0_windows3_maxmargin0p5,raw_spatial_p95,temporal_and_spatial,2.0,3.0,0.5,37,14,6,0.42857142857142855,23,20,0.8695652173913043,0.6490683229813664,9,4,0.4444444444444444,7,7,1.0,8,2,False,0.42857142857142855
joint_heat_raw_spatial_p95_kg_temporal_and_spatial_margin2p5_windows2_maxmargin0p5,raw_spatial_p95,temporal_and_spatial,2.5,2.0,0.5,37,14,6,0.42857142857142855,23,20,0.8695652173913043,0.6490683229813664,9,4,0.4444444444444444,7,7,1.0,8,2,False,0.42857142857142855
joint_heat_raw_spatial_p95_kg_temporal_and_spatial_margin2p5_windows3_maxmargin0p5,raw_spatial_p95,temporal_and_spatial,2.5,3.0,0.5,37,14,6,0.42857142857142855,23,20,0.8695652173913043,0.6490683229813664,9,4,0.4444444444444444,7,7,1.0,8,2,False,0.42857142857142855
joint_heat_blend025_pooled_loco_kg_none,blend025_pooled_loco,none,,,,37,14,6,0.42857142857142855,23,19,0.8260869565217391,0.6273291925465838,9,4,0.4444444444444444,7,6,0.8571428571428571,0,0,False,0.42857142857142855
joint_heat_pooled_median_loco_kg_none,pooled_median_loco,none,,,,37,14,6,0.42857142857142855,23,19,0.8260869565217391,0.6273291925465838,9,4,0.4444444444444444,7,6,0.8571428571428571,0,0,False,0.42857142857142855
joint_heat_blend025_pooled_loco_kg_spatial_hotspot_margin0p25_windows2_maxmargin0p0,blend025_pooled_loco,spatial_hotspot,0.25,2.0,0.0,37,14,6,0.42857142857142855,23,19,0.8260869565217391,0.6273291925465838,9,4,0.4444444444444444,7,6,0.8571428571428571,0,1,False,0.42857142857142855
joint_heat_blend025_pooled_loco_kg_spatial_hotspot_margin0p25_windows2_maxmargin0p5,blend025_pooled_loco,spatial_hotspot,0.25,2.0,0.5,37,14,6,0.42857142857142855,23,19,0.8260869565217391,0.6273291925465838,9,4,0.4444444444444444,7,6,0.8571428571428571,0,1,False,0.42857142857142855
joint_heat_blend025_pooled_loco_kg_spatial_hotspot_margin0p25_windows3_maxmargin0p0,blend025_pooled_loco,spatial_hotspot,0.25,3.0,0.0,37,14,6,0.42857142857142855,23,19,0.8260869565217391,0.6273291925465838,9,4,0.4444444444444444,7,6,0.8571428571428571,0,1,False,0.42857142857142855
joint_heat_blend025_pooled_loco_kg_spatial_hotspot_margin0p25_windows3_maxmargin0p5,blend025_pooled_loco,spatial_hotspot,0.25,3.0,0.5,37,14,6,0.42857142857142855,23,19,0.8260869565217391,0.6273291925465838,9,4,0.4444444444444444,7,6,0.8571428571428571,0,1,False,0.42857142857142855
joint_heat_blend025_pooled_loco_kg_temporal_near_threshold_margin0p25_windows3_maxmargin0p0,blend025_pooled_loco,temporal_near_threshold,0.25,3.0,0.0,37,14,6,0.42857142857142855,23,19,0.8260869565217391,0.6273291925465838,9,4,0.4444444444444444,7,6,0.8571428571428571,0,1,False,0.42857142857142855
joint_heat_blend025_pooled_loco_kg_temporal_near_threshold_margin0p25_windows3_maxmargin0p5,blend025_pooled_loco,temporal_near_threshold,0.25,3.0,0.5,37,14,6,0.42857142857142855,23,19,0.8260869565217391,0.6273291925465838,9,4,0.4444444444444444,7,6,0.8571428571428571,0,1,False,0.42857142857142855
joint_heat_blend025_pooled_loco_kg_temporal_near_threshold_margin0p25_windows3_maxmargin1p0,blend025_pooled_loco,temporal_near_threshold,0.25,3.0,1.0,37,14,6,0.42857142857142855,23,19,0.8260869565217391,0.6273291925465838,9,4,0.4444444444444444,7,6,0.8571428571428571,0,1,False,0.42857142857142855
joint_heat_pooled_median_loco_kg_spatial_hotspot_margin0p25_windows2_maxmargin0p0,pooled_median_loco,spatial_hotspot,0.25,2.0,0.0,37,14,6,0.42857142857142855,23,19,0.8260869565217391,0.6273291925465838,9,4,0.4444444444444444,7,6,0.8571428571428571,0,1,False,0.42857142857142855
joint_heat_pooled_median_loco_kg_spatial_hotspot_margin0p25_windows2_maxmargin0p5,pooled_median_loco,spatial_hotspot,0.25,2.0,0.5,37,14,6,0.42857142857142855,23,19,0.8260869565217391,0.6273291925465838,9,4,0.4444444444444444,7,6,0.8571428571428571,0,1,False,0.42857142857142855
joint_heat_pooled_median_loco_kg_spatial_hotspot_margin0p25_windows3_maxmargin0p0,pooled_median_loco,spatial_hotspot,0.25,3.0,0.0,37,14,6,0.42857142857142855,23,19,0.8260869565217391,0.6273291925465838,9,4,0.4444444444444444,7,6,0.8571428571428571,0,1,False,0.42857142857142855
joint_heat_pooled_median_loco_kg_spatial_hotspot_margin0p25_windows3_maxmargin0p5,pooled_median_loco,spatial_hotspot,0.25,3.0,0.5,37,14,6,0.42857142857142855,23,19,0.8260869565217391,0.6273291925465838,9,4,0.4444444444444444,7,6,0.8571428571428571,0,1,False,0.42857142857142855
joint_heat_pooled_median_loco_kg_spatial_hotspot_margin0p5_windows2_maxmargin0p0,pooled_median_loco,spatial_hotspot,0.5,2.0,0.0,37,14,6,0.42857142857142855,23,19,0.8260869565217391,0.6273291925465838,9,4,0.4444444444444444,7,6,0.8571428571428571,0,1,False,0.42857142857142855
joint_heat_pooled_median_loco_kg_spatial_hotspot_margin0p5_windows3_maxmargin0p0,pooled_median_loco,spatial_hotspot,0.5,3.0,0.0,37,14,6,0.42857142857142855,23,19,0.8260869565217391,0.6273291925465838,9,4,0.4444444444444444,7,6,0.8571428571428571,0,1,False,0.42857142857142855
joint_heat_pooled_median_loco_kg_temporal_near_threshold_margin0p25_windows3_maxmargin0p0,pooled_median_loco,temporal_near_threshold,0.25,3.0,0.0,37,14,6,0.42857142857142855,23,19,0.8260869565217391,0.6273291925465838,9,4,0.4444444444444444,7,6,0.8571428571428571,0,1,False,0.42857142857142855
joint_heat_pooled_median_loco_kg_temporal_near_threshold_margin0p25_windows3_maxmargin0p5,pooled_median_loco,temporal_near_threshold,0.25,3.0,0.5,37,14,6,0.42857142857142855,23,19,0.8260869565217391,0.6273291925465838,9,4,0.4444444444444444,7,6,0.8571428571428571,0,1,False,0.42857142857142855
joint_heat_pooled_median_loco_kg_temporal_near_threshold_margin0p25_windows3_maxmargin1p0,pooled_median_loco,temporal_near_threshold,0.25,3.0,1.0,37,14,6,0.42857142857142855,23,19,0.8260869565217391,0.6273291925465838,9,4,0.4444444444444444,7,6,0.8571428571428571,0,1,False,0.42857142857142855
joint_heat_blend025_pooled_loco_kg_temporal_and_spatial_margin0p25_windows2_maxmargin0p0,blend025_pooled_loco,temporal_and_spatial,0.25,2.0,0.0,37,14,6,0.42857142857142855,23,19,0.8260869565217391,0.6273291925465838,9,4,0.4444444444444444,7,6,0.8571428571428571,0,2,False,0.42857142857142855
joint_heat_blend025_pooled_loco_kg_temporal_and_spatial_margin0p25_windows2_maxmargin0p5,blend025_pooled_loco,temporal_and_spatial,0.25,2.0,0.5,37,14,6,0.42857142857142855,23,19,0.8260869565217391,0.6273291925465838,9,4,0.4444444444444444,7,6,0.8571428571428571,0,2,False,0.42857142857142855
joint_heat_blend025_pooled_loco_kg_temporal_and_spatial_margin0p25_windows3_maxmargin0p0,blend025_pooled_loco,temporal_and_spatial,0.25,3.0,0.0,37,14,6,0.42857142857142855,23,19,0.8260869565217391,0.6273291925465838,9,4,0.4444444444444444,7,6,0.8571428571428571,0,2,False,0.42857142857142855
joint_heat_blend025_pooled_loco_kg_temporal_and_spatial_margin0p25_windows3_maxmargin0p5,blend025_pooled_loco,temporal_and_spatial,0.25,3.0,0.5,37,14,6,0.42857142857142855,23,19,0.8260869565217391,0.6273291925465838,9,4,0.4444444444444444,7,6,0.8571428571428571,0,2,False,0.42857142857142855
joint_heat_blend025_pooled_loco_kg_temporal_and_spatial_margin0p25_windows3_maxmargin1p0,blend025_pooled_loco,temporal_and_spatial,0.25,3.0,1.0,37,14,6,0.42857142857142855,23,19,0.8260869565217391,0.6273291925465838,9,4,0.4444444444444444,7,6,0.8571428571428571,0,2,False,0.42857142857142855
joint_heat_blend025_pooled_loco_kg_temporal_and_spatial_margin0p5_windows2_maxmargin0p0,blend025_pooled_loco,temporal_and_spatial,0.5,2.0,0.0,37,14,6,0.42857142857142855,23,19,0.8260869565217391,0.6273291925465838,9,4,0.4444444444444444,7,6,0.8571428571428571,0,2,False,0.42857142857142855
joint_heat_blend025_pooled_loco_kg_temporal_and_spatial_margin0p5_windows3_maxmargin0p0,blend025_pooled_loco,temporal_and_spatial,0.5,3.0,0.0,37,14,6,0.42857142857142855,23,19,0.8260869565217391,0.6273291925465838,9,4,0.4444444444444444,7,6,0.8571428571428571,0,2,False,0.42857142857142855
joint_heat_blend025_pooled_loco_kg_temporal_and_spatial_margin0p75_windows2_maxmargin0p0,blend025_pooled_loco,temporal_and_spatial,0.75,2.0,0.0,37,14,6,0.42857142857142855,23,19,0.8260869565217391,0.6273291925465838,9,4,0.4444444444444444,7,6,0.8571428571428571,0,2,False,0.42857142857142855
joint_heat_blend025_pooled_loco_kg_temporal_and_spatial_margin0p75_windows3_maxmargin0p0,blend025_pooled_loco,temporal_and_spatial,0.75,3.0,0.0,37,14,6,0.42857142857142855,23,19,0.8260869565217391,0.6273291925465838,9,4,0.4444444444444444,7,6,0.8571428571428571,0,2,False,0.42857142857142855
joint_heat_blend025_pooled_loco_kg_temporal_and_spatial_margin1p0_windows2_maxmargin0p0,blend025_pooled_loco,temporal_and_spatial,1.0,2.0,0.0,37,14,6,0.42857142857142855,23,19,0.8260869565217391,0.6273291925465838,9,4,0.4444444444444444,7,6,0.8571428571428571,0,2,False,0.42857142857142855
joint_heat_blend025_pooled_loco_kg_temporal_and_spatial_margin1p0_windows3_maxmargin0p0,blend025_pooled_loco,temporal_and_spatial,1.0,3.0,0.0,37,14,6,0.42857142857142855,23,19,0.8260869565217391,0.6273291925465838,9,4,0.4444444444444444,7,6,0.8571428571428571,0,2,False,0.42857142857142855
joint_heat_blend025_pooled_loco_kg_temporal_and_spatial_margin1p25_windows2_maxmargin0p0,blend025_pooled_loco,temporal_and_spatial,1.25,2.0,0.0,37,14,6,0.42857142857142855,23,19,0.8260869565217391,0.6273291925465838,9,4,0.4444444444444444,7,6,0.8571428571428571,0,2,False,0.42857142857142855
joint_heat_blend025_pooled_loco_kg_temporal_and_spatial_margin1p25_windows3_maxmargin0p0,blend025_pooled_loco,temporal_and_spatial,1.25,3.0,0.0,37,14,6,0.42857142857142855,23,19,0.8260869565217391,0.6273291925465838,9,4,0.4444444444444444,7,6,0.8571428571428571,0,2,False,0.42857142857142855
joint_heat_blend025_pooled_loco_kg_temporal_and_spatial_margin1p5_windows3_maxmargin0p0,blend025_pooled_loco,temporal_and_spatial,1.5,3.0,0.0,37,14,6,0.42857142857142855,23,19,0.8260869565217391,0.6273291925465838,9,4,0.4444444444444444,7,6,0.8571428571428571,0,2,False,0.42857142857142855
joint_heat_blend025_pooled_loco_kg_temporal_and_spatial_margin2p0_windows3_maxmargin0p0,blend025_pooled_loco,temporal_and_spatial,2.0,3.0,0.0,37,14,6,0.42857142857142855,23,19,0.8260869565217391,0.6273291925465838,9,4,0.4444444444444444,7,6,0.8571428571428571,0,2,False,0.42857142857142855
joint_heat_pooled_median_loco_kg_temporal_and_spatial_margin0p25_windows2_maxmargin0p0,pooled_median_loco,temporal_and_spatial,0.25,2.0,0.0,37,14,6,0.42857142857142855,23,19,0.8260869565217391,0.6273291925465838,9,4,0.4444444444444444,7,6,0.8571428571428571,0,2,False,0.42857142857142855
joint_heat_pooled_median_loco_kg_temporal_and_spatial_margin0p25_windows2_maxmargin0p5,pooled_median_loco,temporal_and_spatial,0.25,2.0,0.5,37,14,6,0.42857142857142855,23,19,0.8260869565217391,0.6273291925465838,9,4,0.4444444444444444,7,6,0.8571428571428571,0,2,False,0.42857142857142855
joint_heat_pooled_median_loco_kg_temporal_and_spatial_margin0p25_windows3_maxmargin0p0,pooled_median_loco,temporal_and_spatial,0.25,3.0,0.0,37,14,6,0.42857142857142855,23,19,0.8260869565217391,0.6273291925465838,9,4,0.4444444444444444,7,6,0.8571428571428571,0,2,False,0.42857142857142855
joint_heat_pooled_median_loco_kg_temporal_and_spatial_margin0p25_windows3_maxmargin0p5,pooled_median_loco,temporal_and_spatial,0.25,3.0,0.5,37,14,6,0.42857142857142855,23,19,0.8260869565217391,0.6273291925465838,9,4,0.4444444444444444,7,6,0.8571428571428571,0,2,False,0.42857142857142855
joint_heat_pooled_median_loco_kg_temporal_and_spatial_margin0p25_windows3_maxmargin1p0,pooled_median_loco,temporal_and_spatial,0.25,3.0,1.0,37,14,6,0.42857142857142855,23,19,0.8260869565217391,0.6273291925465838,9,4,0.4444444444444444,7,6,0.8571428571428571,0,2,False,0.42857142857142855
joint_heat_pooled_median_loco_kg_temporal_and_spatial_margin0p5_windows2_maxmargin0p0,pooled_median_loco,temporal_and_spatial,0.5,2.0,0.0,37,14,6,0.42857142857142855,23,19,0.8260869565217391,0.6273291925465838,9,4,0.4444444444444444,7,6,0.8571428571428571,0,2,False,0.42857142857142855
joint_heat_pooled_median_loco_kg_temporal_and_spatial_margin0p5_windows3_maxmargin0p0,pooled_median_loco,temporal_and_spatial,0.5,3.0,0.0,37,14,6,0.42857142857142855,23,19,0.8260869565217391,0.6273291925465838,9,4,0.4444444444444444,7,6,0.8571428571428571,0,2,False,0.42857142857142855
joint_heat_pooled_median_loco_kg_temporal_and_spatial_margin0p75_windows2_maxmargin0p0,pooled_median_loco,temporal_and_spatial,0.75,2.0,0.0,37,14,6,0.42857142857142855,23,19,0.8260869565217391,0.6273291925465838,9,4,0.4444444444444444,7,6,0.8571428571428571,0,2,False,0.42857142857142855
joint_heat_pooled_median_loco_kg_temporal_and_spatial_margin0p75_windows3_maxmargin0p0,pooled_median_loco,temporal_and_spatial,0.75,3.0,0.0,37,14,6,0.42857142857142855,23,19,0.8260869565217391,0.6273291925465838,9,4,0.4444444444444444,7,6,0.8571428571428571,0,2,False,0.42857142857142855
joint_heat_pooled_median_loco_kg_temporal_and_spatial_margin1p0_windows2_maxmargin0p0,pooled_median_loco,temporal_and_spatial,1.0,2.0,0.0,37,14,6,0.42857142857142855,23,19,0.8260869565217391,0.6273291925465838,9,4,0.4444444444444444,7,6,0.8571428571428571,0,2,False,0.42857142857142855
joint_heat_pooled_median_loco_kg_temporal_and_spatial_margin1p0_windows3_maxmargin0p0,pooled_median_loco,temporal_and_spatial,1.0,3.0,0.0,37,14,6,0.42857142857142855,23,19,0.8260869565217391,0.6273291925465838,9,4,0.4444444444444444,7,6,0.8571428571428571,0,2,False,0.42857142857142855
joint_heat_pooled_median_loco_kg_temporal_and_spatial_margin1p25_windows2_maxmargin0p0,pooled_median_loco,temporal_and_spatial,1.25,2.0,0.0,37,14,6,0.42857142857142855,23,19,0.8260869565217391,0.6273291925465838,9,4,0.4444444444444444,7,6,0.8571428571428571,0,2,False,0.42857142857142855
joint_heat_pooled_median_loco_kg_temporal_and_spatial_margin1p25_windows3_maxmargin0p0,pooled_median_loco,temporal_and_spatial,1.25,3.0,0.0,37,14,6,0.42857142857142855,23,19,0.8260869565217391,0.6273291925465838,9,4,0.4444444444444444,7,6,0.8571428571428571,0,2,False,0.42857142857142855
joint_heat_pooled_median_loco_kg_temporal_and_spatial_margin1p5_windows3_maxmargin0p0,pooled_median_loco,temporal_and_spatial,1.5,3.0,0.0,37,14,6,0.42857142857142855,23,19,0.8260869565217391,0.6273291925465838,9,4,0.4444444444444444,7,6,0.8571428571428571,0,2,False,0.42857142857142855
joint_heat_pooled_median_loco_kg_temporal_and_spatial_margin2p0_windows3_maxmargin0p0,pooled_median_loco,temporal_and_spatial,2.0,3.0,0.0,37,14,6,0.42857142857142855,23,19,0.8260869565217391,0.6273291925465838,9,4,0.4444444444444444,7,6,0.8571428571428571,0,2,False,0.42857142857142855
joint_heat_blend025_pooled_loco_kg_temporal_or_spatial_margin0p25_windows3_maxmargin0p0,blend025_pooled_loco,temporal_or_spatial,0.25,3.0,0.0,37,14,6,0.42857142857142855,23,19,0.8260869565217391,0.6273291925465838,9,4,0.4444444444444444,7,6,0.8571428571428571,0,3,False,0.42857142857142855
joint_heat_blend025_pooled_loco_kg_temporal_or_spatial_margin0p25_windows3_maxmargin0p5,blend025_pooled_loco,temporal_or_spatial,0.25,3.0,0.5,37,14,6,0.42857142857142855,23,19,0.8260869565217391,0.6273291925465838,9,4,0.4444444444444444,7,6,0.8571428571428571,0,3,False,0.42857142857142855
joint_heat_pooled_median_loco_kg_temporal_or_spatial_margin0p25_windows3_maxmargin0p0,pooled_median_loco,temporal_or_spatial,0.25,3.0,0.0,37,14,6,0.42857142857142855,23,19,0.8260869565217391,0.6273291925465838,9,4,0.4444444444444444,7,6,0.8571428571428571,0,3,False,0.42857142857142855
joint_heat_pooled_median_loco_kg_temporal_or_spatial_margin0p25_windows3_maxmargin0p5,pooled_median_loco,temporal_or_spatial,0.25,3.0,0.5,37,14,6,0.42857142857142855,23,19,0.8260869565217391,0.6273291925465838,9,4,0.4444444444444444,7,6,0.8571428571428571,0,3,False,0.42857142857142855
joint_heat_ridge_state_loco_lambda1_kg_temporal_near_threshold_margin0p5_windows2_maxmargin0p0,ridge_state_loco_lambda1,temporal_near_threshold,0.5,2.0,0.0,37,14,6,0.42857142857142855,23,19,0.8260869565217391,0.6273291925465838,9,4,0.4444444444444444,7,6,0.8571428571428571,4,1,False,0.42857142857142855
joint_heat_ridge_state_loco_lambda1_kg_temporal_near_threshold_margin0p5_windows2_maxmargin0p5,ridge_state_loco_lambda1,temporal_near_threshold,0.5,2.0,0.5,37,14,6,0.42857142857142855,23,19,0.8260869565217391,0.6273291925465838,9,4,0.4444444444444444,7,6,0.8571428571428571,4,1,False,0.42857142857142855
joint_heat_ridge_state_loco_lambda1_kg_temporal_near_threshold_margin0p5_windows2_maxmargin1p0,ridge_state_loco_lambda1,temporal_near_threshold,0.5,2.0,1.0,37,14,6,0.42857142857142855,23,19,0.8260869565217391,0.6273291925465838,9,4,0.4444444444444444,7,6,0.8571428571428571,4,1,False,0.42857142857142855
joint_heat_ridge_state_loco_lambda1_kg_temporal_and_spatial_margin0p5_windows2_maxmargin1p0,ridge_state_loco_lambda1,temporal_and_spatial,0.5,2.0,1.0,37,14,6,0.42857142857142855,23,19,0.8260869565217391,0.6273291925465838,9,4,0.4444444444444444,7,6,0.8571428571428571,4,2,False,0.42857142857142855
joint_heat_ridge_state_loco_lambda1_kg_temporal_or_spatial_margin0p5_windows2_maxmargin0p0,ridge_state_loco_lambda1,temporal_or_spatial,0.5,2.0,0.0,37,14,6,0.42857142857142855,23,19,0.8260869565217391,0.6273291925465838,9,4,0.4444444444444444,7,6,0.8571428571428571,4,3,False,0.42857142857142855
joint_heat_ridge_state_loco_lambda1_kg_temporal_or_spatial_margin0p5_windows2_maxmargin0p5,ridge_state_loco_lambda1,temporal_or_spatial,0.5,2.0,0.5,37,14,6,0.42857142857142855,23,19,0.8260869565217391,0.6273291925465838,9,4,0.4444444444444444,7,6,0.8571428571428571,4,3,False,0.42857142857142855
joint_heat_ridge_state_loco_lambda10_kg_temporal_near_threshold_margin0p75_windows2_maxmargin0p0,ridge_state_loco_lambda10,temporal_near_threshold,0.75,2.0,0.0,37,14,6,0.42857142857142855,23,19,0.8260869565217391,0.6273291925465838,9,4,0.4444444444444444,7,6,0.8571428571428571,7,1,False,0.42857142857142855
joint_heat_ridge_state_loco_lambda10_kg_temporal_near_threshold_margin0p75_windows2_maxmargin0p5,ridge_state_loco_lambda10,temporal_near_threshold,0.75,2.0,0.5,37,14,6,0.42857142857142855,23,19,0.8260869565217391,0.6273291925465838,9,4,0.4444444444444444,7,6,0.8571428571428571,7,1,False,0.42857142857142855
joint_heat_ridge_state_loco_lambda10_kg_temporal_near_threshold_margin0p75_windows2_maxmargin1p0,ridge_state_loco_lambda10,temporal_near_threshold,0.75,2.0,1.0,37,14,6,0.42857142857142855,23,19,0.8260869565217391,0.6273291925465838,9,4,0.4444444444444444,7,6,0.8571428571428571,7,1,False,0.42857142857142855
joint_heat_ridge_state_loco_lambda10_kg_temporal_and_spatial_margin0p75_windows2_maxmargin1p0,ridge_state_loco_lambda10,temporal_and_spatial,0.75,2.0,1.0,37,14,6,0.42857142857142855,23,19,0.8260869565217391,0.6273291925465838,9,4,0.4444444444444444,7,6,0.8571428571428571,7,2,False,0.42857142857142855
joint_heat_ridge_state_loco_lambda10_kg_temporal_or_spatial_margin0p75_windows2_maxmargin0p0,ridge_state_loco_lambda10,temporal_or_spatial,0.75,2.0,0.0,37,14,6,0.42857142857142855,23,19,0.8260869565217391,0.6273291925465838,9,4,0.4444444444444444,7,6,0.8571428571428571,7,3,False,0.42857142857142855
joint_heat_ridge_state_loco_lambda10_kg_temporal_or_spatial_margin0p75_windows2_maxmargin0p5,ridge_state_loco_lambda10,temporal_or_spatial,0.75,2.0,0.5,37,14,6,0.42857142857142855,23,19,0.8260869565217391,0.6273291925465838,9,4,0.4444444444444444,7,6,0.8571428571428571,7,3,False,0.42857142857142855
joint_heat_raw_spatial_p95_kg_spatial_hotspot_margin1p5_windows2_maxmargin1p0,raw_spatial_p95,spatial_hotspot,1.5,2.0,1.0,37,14,6,0.42857142857142855,23,19,0.8260869565217391,0.6273291925465838,9,4,0.4444444444444444,7,6,0.8571428571428571,9,1,False,0.42857142857142855
joint_heat_raw_spatial_p95_kg_spatial_hotspot_margin1p5_windows3_maxmargin1p0,raw_spatial_p95,spatial_hotspot,1.5,3.0,1.0,37,14,6,0.42857142857142855,23,19,0.8260869565217391,0.6273291925465838,9,4,0.4444444444444444,7,6,0.8571428571428571,9,1,False,0.42857142857142855
joint_heat_raw_spatial_p95_kg_temporal_near_threshold_margin1p5_windows2_maxmargin0p0,raw_spatial_p95,temporal_near_threshold,1.5,2.0,0.0,37,14,6,0.42857142857142855,23,19,0.8260869565217391,0.6273291925465838,9,4,0.4444444444444444,7,6,0.8571428571428571,9,1,False,0.42857142857142855
joint_heat_raw_spatial_p95_kg_temporal_near_threshold_margin1p5_windows2_maxmargin0p5,raw_spatial_p95,temporal_near_threshold,1.5,2.0,0.5,37,14,6,0.42857142857142855,23,19,0.8260869565217391,0.6273291925465838,9,4,0.4444444444444444,7,6,0.8571428571428571,9,1,False,0.42857142857142855
joint_heat_raw_spatial_p95_kg_temporal_near_threshold_margin1p5_windows2_maxmargin1p0,raw_spatial_p95,temporal_near_threshold,1.5,2.0,1.0,37,14,6,0.42857142857142855,23,19,0.8260869565217391,0.6273291925465838,9,4,0.4444444444444444,7,6,0.8571428571428571,9,1,False,0.42857142857142855
joint_heat_raw_spatial_p95_kg_temporal_and_spatial_margin1p5_windows2_maxmargin1p0,raw_spatial_p95,temporal_and_spatial,1.5,2.0,1.0,37,14,6,0.42857142857142855,23,19,0.8260869565217391,0.6273291925465838,9,4,0.4444444444444444,7,6,0.8571428571428571,9,2,False,0.42857142857142855
joint_heat_raw_spatial_p95_kg_temporal_or_spatial_margin1p5_windows2_maxmargin0p0,raw_spatial_p95,temporal_or_spatial,1.5,2.0,0.0,37,14,6,0.42857142857142855,23,19,0.8260869565217391,0.6273291925465838,9,4,0.4444444444444444,7,6,0.8571428571428571,9,3,False,0.42857142857142855
joint_heat_raw_spatial_p95_kg_temporal_or_spatial_margin1p5_windows2_maxmargin0p5,raw_spatial_p95,temporal_or_spatial,1.5,2.0,0.5,37,14,6,0.42857142857142855,23,19,0.8260869565217391,0.6273291925465838,9,4,0.4444444444444444,7,6,0.8571428571428571,9,3,False,0.42857142857142855
joint_heat_raw_spatial_p95_kg_temporal_or_spatial_margin1p5_windows2_maxmargin1p0,raw_spatial_p95,temporal_or_spatial,1.5,2.0,1.0,37,14,6,0.42857142857142855,23,19,0.8260869565217391,0.6273291925465838,9,4,0.4444444444444444,7,6,0.8571428571428571,9,3,False,0.42857142857142855
joint_heat_raw_spatial_p95_kg_temporal_or_spatial_margin1p5_windows3_maxmargin1p0,raw_spatial_p95,temporal_or_spatial,1.5,3.0,1.0,37,14,6,0.42857142857142855,23,19,0.8260869565217391,0.6273291925465838,9,4,0.4444444444444444,7,6,0.8571428571428571,9,3,False,0.42857142857142855
joint_heat_lead_median_loco_kg_none,lead_median_loco,none,,,,37,14,6,0.42857142857142855,23,18,0.782608695652174,0.6055900621118012,9,4,0.4444444444444444,7,6,0.8571428571428571,0,0,False,0.42857142857142855
joint_heat_region_lead_shrinkage_loco_kg_none,region_lead_shrinkage_loco,none,,,,37,14,6,0.42857142857142855,23,18,0.782608695652174,0.6055900621118012,9,4,0.4444444444444444,7,6,0.8571428571428571,0,0,False,0.42857142857142855
joint_heat_lead_median_loco_kg_spatial_hotspot_margin0p25_windows2_maxmargin0p0,lead_median_loco,spatial_hotspot,0.25,2.0,0.0,37,14,6,0.42857142857142855,23,18,0.782608695652174,0.6055900621118012,9,4,0.4444444444444444,7,6,0.8571428571428571,0,1,False,0.42857142857142855
joint_heat_lead_median_loco_kg_spatial_hotspot_margin0p25_windows2_maxmargin0p5,lead_median_loco,spatial_hotspot,0.25,2.0,0.5,37,14,6,0.42857142857142855,23,18,0.782608695652174,0.6055900621118012,9,4,0.4444444444444444,7,6,0.8571428571428571,0,1,False,0.42857142857142855
joint_heat_lead_median_loco_kg_spatial_hotspot_margin0p25_windows2_maxmargin1p0,lead_median_loco,spatial_hotspot,0.25,2.0,1.0,37,14,6,0.42857142857142855,23,18,0.782608695652174,0.6055900621118012,9,4,0.4444444444444444,7,6,0.8571428571428571,0,1,False,0.42857142857142855
joint_heat_lead_median_loco_kg_spatial_hotspot_margin0p25_windows3_maxmargin0p0,lead_median_loco,spatial_hotspot,0.25,3.0,0.0,37,14,6,0.42857142857142855,23,18,0.782608695652174,0.6055900621118012,9,4,0.4444444444444444,7,6,0.8571428571428571,0,1,False,0.42857142857142855
joint_heat_lead_median_loco_kg_spatial_hotspot_margin0p25_windows3_maxmargin0p5,lead_median_loco,spatial_hotspot,0.25,3.0,0.5,37,14,6,0.42857142857142855,23,18,0.782608695652174,0.6055900621118012,9,4,0.4444444444444444,7,6,0.8571428571428571,0,1,False,0.42857142857142855
joint_heat_lead_median_loco_kg_spatial_hotspot_margin0p25_windows3_maxmargin1p0,lead_median_loco,spatial_hotspot,0.25,3.0,1.0,37,14,6,0.42857142857142855,23,18,0.782608695652174,0.6055900621118012,9,4,0.4444444444444444,7,6,0.8571428571428571,0,1,False,0.42857142857142855
joint_heat_lead_median_loco_kg_spatial_hotspot_margin0p5_windows2_maxmargin0p0,lead_median_loco,spatial_hotspot,0.5,2.0,0.0,37,14,6,0.42857142857142855,23,18,0.782608695652174,0.6055900621118012,9,4,0.4444444444444444,7,6,0.8571428571428571,0,1,False,0.42857142857142855
joint_heat_lead_median_loco_kg_spatial_hotspot_margin0p5_windows2_maxmargin0p5,lead_median_loco,spatial_hotspot,0.5,2.0,0.5,37,14,6,0.42857142857142855,23,18,0.782608695652174,0.6055900621118012,9,4,0.4444444444444444,7,6,0.8571428571428571,0,1,False,0.42857142857142855
joint_heat_lead_median_loco_kg_spatial_hotspot_margin0p5_windows3_maxmargin0p0,lead_median_loco,spatial_hotspot,0.5,3.0,0.0,37,14,6,0.42857142857142855,23,18,0.782608695652174,0.6055900621118012,9,4,0.4444444444444444,7,6,0.8571428571428571,0,1,False,0.42857142857142855
joint_heat_lead_median_loco_kg_spatial_hotspot_margin0p5_windows3_maxmargin0p5,lead_median_loco,spatial_hotspot,0.5,3.0,0.5,37,14,6,0.42857142857142855,23,18,0.782608695652174,0.6055900621118012,9,4,0.4444444444444444,7,6,0.8571428571428571,0,1,False,0.42857142857142855
joint_heat_lead_median_loco_kg_temporal_near_threshold_margin0p25_windows2_maxmargin0p0,lead_median_loco,temporal_near_threshold,0.25,2.0,0.0,37,14,6,0.42857142857142855,23,18,0.782608695652174,0.6055900621118012,9,4,0.4444444444444444,7,6,0.8571428571428571,0,1,False,0.42857142857142855
joint_heat_lead_median_loco_kg_temporal_near_threshold_margin0p25_windows2_maxmargin0p5,lead_median_loco,temporal_near_threshold,0.25,2.0,0.5,37,14,6,0.42857142857142855,23,18,0.782608695652174,0.6055900621118012,9,4,0.4444444444444444,7,6,0.8571428571428571,0,1,False,0.42857142857142855
joint_heat_lead_median_loco_kg_temporal_near_threshold_margin0p25_windows2_maxmargin1p0,lead_median_loco,temporal_near_threshold,0.25,2.0,1.0,37,14,6,0.42857142857142855,23,18,0.782608695652174,0.6055900621118012,9,4,0.4444444444444444,7,6,0.8571428571428571,0,1,False,0.42857142857142855
joint_heat_lead_median_loco_kg_temporal_near_threshold_margin0p25_windows3_maxmargin0p0,lead_median_loco,temporal_near_threshold,0.25,3.0,0.0,37,14,6,0.42857142857142855,23,18,0.782608695652174,0.6055900621118012,9,4,0.4444444444444444,7,6,0.8571428571428571,0,1,False,0.42857142857142855
joint_heat_lead_median_loco_kg_temporal_near_threshold_margin0p25_windows3_maxmargin0p5,lead_median_loco,temporal_near_threshold,0.25,3.0,0.5,37,14,6,0.42857142857142855,23,18,0.782608695652174,0.6055900621118012,9,4,0.4444444444444444,7,6,0.8571428571428571,0,1,False,0.42857142857142855
joint_heat_lead_median_loco_kg_temporal_near_threshold_margin0p25_windows3_maxmargin1p0,lead_median_loco,temporal_near_threshold,0.25,3.0,1.0,37,14,6,0.42857142857142855,23,18,0.782608695652174,0.6055900621118012,9,4,0.4444444444444444,7,6,0.8571428571428571,0,1,False,0.42857142857142855
joint_heat_lead_median_loco_kg_temporal_near_threshold_margin0p5_windows2_maxmargin0p0,lead_median_loco,temporal_near_threshold,0.5,2.0,0.0,37,14,6,0.42857142857142855,23,18,0.782608695652174,0.6055900621118012,9,4,0.4444444444444444,7,6,0.8571428571428571,0,1,False,0.42857142857142855
joint_heat_lead_median_loco_kg_temporal_near_threshold_margin0p5_windows2_maxmargin0p5,lead_median_loco,temporal_near_threshold,0.5,2.0,0.5,37,14,6,0.42857142857142855,23,18,0.782608695652174,0.6055900621118012,9,4,0.4444444444444444,7,6,0.8571428571428571,0,1,False,0.42857142857142855
joint_heat_lead_median_loco_kg_temporal_near_threshold_margin0p5_windows2_maxmargin1p0,lead_median_loco,temporal_near_threshold,0.5,2.0,1.0,37,14,6,0.42857142857142855,23,18,0.782608695652174,0.6055900621118012,9,4,0.4444444444444444,7,6,0.8571428571428571,0,1,False,0.42857142857142855
joint_heat_lead_median_loco_kg_temporal_near_threshold_margin0p5_windows3_maxmargin0p0,lead_median_loco,temporal_near_threshold,0.5,3.0,0.0,37,14,6,0.42857142857142855,23,18,0.782608695652174,0.6055900621118012,9,4,0.4444444444444444,7,6,0.8571428571428571,0,1,False,0.42857142857142855
joint_heat_lead_median_loco_kg_temporal_near_threshold_margin0p5_windows3_maxmargin0p5,lead_median_loco,temporal_near_threshold,0.5,3.0,0.5,37,14,6,0.42857142857142855,23,18,0.782608695652174,0.6055900621118012,9,4,0.4444444444444444,7,6,0.8571428571428571,0,1,False,0.42857142857142855
joint_heat_lead_median_loco_kg_temporal_near_threshold_margin0p5_windows3_maxmargin1p0,lead_median_loco,temporal_near_threshold,0.5,3.0,1.0,37,14,6,0.42857142857142855,23,18,0.782608695652174,0.6055900621118012,9,4,0.4444444444444444,7,6,0.8571428571428571,0,1,False,0.42857142857142855
joint_heat_lead_median_loco_kg_temporal_near_threshold_margin0p75_windows3_maxmargin0p0,lead_median_loco,temporal_near_threshold,0.75,3.0,0.0,37,14,6,0.42857142857142855,23,18,0.782608695652174,0.6055900621118012,9,4,0.4444444444444444,7,6,0.8571428571428571,0,1,False,0.42857142857142855
joint_heat_lead_median_loco_kg_temporal_near_threshold_margin0p75_windows3_maxmargin0p5,lead_median_loco,temporal_near_threshold,0.75,3.0,0.5,37,14,6,0.42857142857142855,23,18,0.782608695652174,0.6055900621118012,9,4,0.4444444444444444,7,6,0.8571428571428571,0,1,False,0.42857142857142855
joint_heat_lead_median_loco_kg_temporal_near_threshold_margin0p75_windows3_maxmargin1p0,lead_median_loco,temporal_near_threshold,0.75,3.0,1.0,37,14,6,0.42857142857142855,23,18,0.782608695652174,0.6055900621118012,9,4,0.4444444444444444,7,6,0.8571428571428571,0,1,False,0.42857142857142855
joint_heat_region_lead_shrinkage_loco_kg_spatial_hotspot_margin0p25_windows2_maxmargin0p0,region_lead_shrinkage_loco,spatial_hotspot,0.25,2.0,0.0,37,14,6,0.42857142857142855,23,18,0.782608695652174,0.6055900621118012,9,4,0.4444444444444444,7,6,0.8571428571428571,0,1,False,0.42857142857142855
joint_heat_region_lead_shrinkage_loco_kg_spatial_hotspot_margin0p25_windows2_maxmargin0p5,region_lead_shrinkage_loco,spatial_hotspot,0.25,2.0,0.5,37,14,6,0.42857142857142855,23,18,0.782608695652174,0.6055900621118012,9,4,0.4444444444444444,7,6,0.8571428571428571,0,1,False,0.42857142857142855
joint_heat_region_lead_shrinkage_loco_kg_spatial_hotspot_margin0p25_windows2_maxmargin1p0,region_lead_shrinkage_loco,spatial_hotspot,0.25,2.0,1.0,37,14,6,0.42857142857142855,23,18,0.782608695652174,0.6055900621118012,9,4,0.4444444444444444,7,6,0.8571428571428571,0,1,False,0.42857142857142855
joint_heat_region_lead_shrinkage_loco_kg_spatial_hotspot_margin0p25_windows3_maxmargin0p0,region_lead_shrinkage_loco,spatial_hotspot,0.25,3.0,0.0,37,14,6,0.42857142857142855,23,18,0.782608695652174,0.6055900621118012,9,4,0.4444444444444444,7,6,0.8571428571428571,0,1,False,0.42857142857142855
joint_heat_region_lead_shrinkage_loco_kg_spatial_hotspot_margin0p25_windows3_maxmargin0p5,region_lead_shrinkage_loco,spatial_hotspot,0.25,3.0,0.5,37,14,6,0.42857142857142855,23,18,0.782608695652174,0.6055900621118012,9,4,0.4444444444444444,7,6,0.8571428571428571,0,1,False,0.42857142857142855
joint_heat_region_lead_shrinkage_loco_kg_spatial_hotspot_margin0p25_windows3_maxmargin1p0,region_lead_shrinkage_loco,spatial_hotspot,0.25,3.0,1.0,37,14,6,0.42857142857142855,23,18,0.782608695652174,0.6055900621118012,9,4,0.4444444444444444,7,6,0.8571428571428571,0,1,False,0.42857142857142855
joint_heat_region_lead_shrinkage_loco_kg_spatial_hotspot_margin0p5_windows2_maxmargin0p0,region_lead_shrinkage_loco,spatial_hotspot,0.5,2.0,0.0,37,14,6,0.42857142857142855,23,18,0.782608695652174,0.6055900621118012,9,4,0.4444444444444444,7,6,0.8571428571428571,0,1,False,0.42857142857142855
joint_heat_region_lead_shrinkage_loco_kg_spatial_hotspot_margin0p5_windows2_maxmargin0p5,region_lead_shrinkage_loco,spatial_hotspot,0.5,2.0,0.5,37,14,6,0.42857142857142855,23,18,0.782608695652174,0.6055900621118012,9,4,0.4444444444444444,7,6,0.8571428571428571,0,1,False,0.42857142857142855
joint_heat_region_lead_shrinkage_loco_kg_spatial_hotspot_margin0p5_windows3_maxmargin0p0,region_lead_shrinkage_loco,spatial_hotspot,0.5,3.0,0.0,37,14,6,0.42857142857142855,23,18,0.782608695652174,0.6055900621118012,9,4,0.4444444444444444,7,6,0.8571428571428571,0,1,False,0.42857142857142855
joint_heat_region_lead_shrinkage_loco_kg_spatial_hotspot_margin0p5_windows3_maxmargin0p5,region_lead_shrinkage_loco,spatial_hotspot,0.5,3.0,0.5,37,14,6,0.42857142857142855,23,18,0.782608695652174,0.6055900621118012,9,4,0.4444444444444444,7,6,0.8571428571428571,0,1,False,0.42857142857142855
joint_heat_region_lead_shrinkage_loco_kg_spatial_hotspot_margin0p75_windows2_maxmargin0p0,region_lead_shrinkage_loco,spatial_hotspot,0.75,2.0,0.0,37,14,6,0.42857142857142855,23,18,0.782608695652174,0.6055900621118012,9,4,0.4444444444444444,7,6,0.8571428571428571,0,1,False,0.42857142857142855
joint_heat_region_lead_shrinkage_loco_kg_spatial_hotspot_margin0p75_windows2_maxmargin0p5,region_lead_shrinkage_loco,spatial_hotspot,0.75,2.0,0.5,37,14,6,0.42857142857142855,23,18,0.782608695652174,0.6055900621118012,9,4,0.4444444444444444,7,6,0.8571428571428571,0,1,False,0.42857142857142855
joint_heat_region_lead_shrinkage_loco_kg_spatial_hotspot_margin0p75_windows3_maxmargin0p0,region_lead_shrinkage_loco,spatial_hotspot,0.75,3.0,0.0,37,14,6,0.42857142857142855,23,18,0.782608695652174,0.6055900621118012,9,4,0.4444444444444444,7,6,0.8571428571428571,0,1,False,0.42857142857142855
joint_heat_region_lead_shrinkage_loco_kg_spatial_hotspot_margin0p75_windows3_maxmargin0p5,region_lead_shrinkage_loco,spatial_hotspot,0.75,3.0,0.5,37,14,6,0.42857142857142855,23,18,0.782608695652174,0.6055900621118012,9,4,0.4444444444444444,7,6,0.8571428571428571,0,1,False,0.42857142857142855
joint_heat_region_lead_shrinkage_loco_kg_temporal_near_threshold_margin0p25_windows2_maxmargin0p0,region_lead_shrinkage_loco,temporal_near_threshold,0.25,2.0,0.0,37,14,6,0.42857142857142855,23,18,0.782608695652174,0.6055900621118012,9,4,0.4444444444444444,7,6,0.8571428571428571,0,1,False,0.42857142857142855
joint_heat_region_lead_shrinkage_loco_kg_temporal_near_threshold_margin0p25_windows2_maxmargin0p5,region_lead_shrinkage_loco,temporal_near_threshold,0.25,2.0,0.5,37,14,6,0.42857142857142855,23,18,0.782608695652174,0.6055900621118012,9,4,0.4444444444444444,7,6,0.8571428571428571,0,1,False,0.42857142857142855
joint_heat_region_lead_shrinkage_loco_kg_temporal_near_threshold_margin0p25_windows2_maxmargin1p0,region_lead_shrinkage_loco,temporal_near_threshold,0.25,2.0,1.0,37,14,6,0.42857142857142855,23,18,0.782608695652174,0.6055900621118012,9,4,0.4444444444444444,7,6,0.8571428571428571,0,1,False,0.42857142857142855
joint_heat_region_lead_shrinkage_loco_kg_temporal_near_threshold_margin0p25_windows3_maxmargin0p0,region_lead_shrinkage_loco,temporal_near_threshold,0.25,3.0,0.0,37,14,6,0.42857142857142855,23,18,0.782608695652174,0.6055900621118012,9,4,0.4444444444444444,7,6,0.8571428571428571,0,1,False,0.42857142857142855
joint_heat_region_lead_shrinkage_loco_kg_temporal_near_threshold_margin0p25_windows3_maxmargin0p5,region_lead_shrinkage_loco,temporal_near_threshold,0.25,3.0,0.5,37,14,6,0.42857142857142855,23,18,0.782608695652174,0.6055900621118012,9,4,0.4444444444444444,7,6,0.8571428571428571,0,1,False,0.42857142857142855
joint_heat_region_lead_shrinkage_loco_kg_temporal_near_threshold_margin0p25_windows3_maxmargin1p0,region_lead_shrinkage_loco,temporal_near_threshold,0.25,3.0,1.0,37,14,6,0.42857142857142855,23,18,0.782608695652174,0.6055900621118012,9,4,0.4444444444444444,7,6,0.8571428571428571,0,1,False,0.42857142857142855
joint_heat_region_lead_shrinkage_loco_kg_temporal_near_threshold_margin0p5_windows2_maxmargin0p0,region_lead_shrinkage_loco,temporal_near_threshold,0.5,2.0,0.0,37,14,6,0.42857142857142855,23,18,0.782608695652174,0.6055900621118012,9,4,0.4444444444444444,7,6,0.8571428571428571,0,1,False,0.42857142857142855
joint_heat_region_lead_shrinkage_loco_kg_temporal_near_threshold_margin0p5_windows2_maxmargin0p5,region_lead_shrinkage_loco,temporal_near_threshold,0.5,2.0,0.5,37,14,6,0.42857142857142855,23,18,0.782608695652174,0.6055900621118012,9,4,0.4444444444444444,7,6,0.8571428571428571,0,1,False,0.42857142857142855
joint_heat_region_lead_shrinkage_loco_kg_temporal_near_threshold_margin0p5_windows2_maxmargin1p0,region_lead_shrinkage_loco,temporal_near_threshold,0.5,2.0,1.0,37,14,6,0.42857142857142855,23,18,0.782608695652174,0.6055900621118012,9,4,0.4444444444444444,7,6,0.8571428571428571,0,1,False,0.42857142857142855
joint_heat_region_lead_shrinkage_loco_kg_temporal_near_threshold_margin0p5_windows3_maxmargin0p0,region_lead_shrinkage_loco,temporal_near_threshold,0.5,3.0,0.0,37,14,6,0.42857142857142855,23,18,0.782608695652174,0.6055900621118012,9,4,0.4444444444444444,7,6,0.8571428571428571,0,1,False,0.42857142857142855
joint_heat_region_lead_shrinkage_loco_kg_temporal_near_threshold_margin0p5_windows3_maxmargin0p5,region_lead_shrinkage_loco,temporal_near_threshold,0.5,3.0,0.5,37,14,6,0.42857142857142855,23,18,0.782608695652174,0.6055900621118012,9,4,0.4444444444444444,7,6,0.8571428571428571,0,1,False,0.42857142857142855
joint_heat_region_lead_shrinkage_loco_kg_temporal_near_threshold_margin0p5_windows3_maxmargin1p0,region_lead_shrinkage_loco,temporal_near_threshold,0.5,3.0,1.0,37,14,6,0.42857142857142855,23,18,0.782608695652174,0.6055900621118012,9,4,0.4444444444444444,7,6,0.8571428571428571,0,1,False,0.42857142857142855
joint_heat_region_lead_shrinkage_loco_kg_temporal_near_threshold_margin0p75_windows3_maxmargin0p0,region_lead_shrinkage_loco,temporal_near_threshold,0.75,3.0,0.0,37,14,6,0.42857142857142855,23,18,0.782608695652174,0.6055900621118012,9,4,0.4444444444444444,7,6,0.8571428571428571,0,1,False,0.42857142857142855
joint_heat_region_lead_shrinkage_loco_kg_temporal_near_threshold_margin0p75_windows3_maxmargin0p5,region_lead_shrinkage_loco,temporal_near_threshold,0.75,3.0,0.5,37,14,6,0.42857142857142855,23,18,0.782608695652174,0.6055900621118012,9,4,0.4444444444444444,7,6,0.8571428571428571,0,1,False,0.42857142857142855
joint_heat_region_lead_shrinkage_loco_kg_temporal_near_threshold_margin0p75_windows3_maxmargin1p0,region_lead_shrinkage_loco,temporal_near_threshold,0.75,3.0,1.0,37,14,6,0.42857142857142855,23,18,0.782608695652174,0.6055900621118012,9,4,0.4444444444444444,7,6,0.8571428571428571,0,1,False,0.42857142857142855
joint_heat_lead_median_loco_kg_temporal_and_spatial_margin0p25_windows2_maxmargin0p0,lead_median_loco,temporal_and_spatial,0.25,2.0,0.0,37,14,6,0.42857142857142855,23,18,0.782608695652174,0.6055900621118012,9,4,0.4444444444444444,7,6,0.8571428571428571,0,2,False,0.42857142857142855
joint_heat_lead_median_loco_kg_temporal_and_spatial_margin0p25_windows2_maxmargin0p5,lead_median_loco,temporal_and_spatial,0.25,2.0,0.5,37,14,6,0.42857142857142855,23,18,0.782608695652174,0.6055900621118012,9,4,0.4444444444444444,7,6,0.8571428571428571,0,2,False,0.42857142857142855
joint_heat_lead_median_loco_kg_temporal_and_spatial_margin0p25_windows2_maxmargin1p0,lead_median_loco,temporal_and_spatial,0.25,2.0,1.0,37,14,6,0.42857142857142855,23,18,0.782608695652174,0.6055900621118012,9,4,0.4444444444444444,7,6,0.8571428571428571,0,2,False,0.42857142857142855
joint_heat_lead_median_loco_kg_temporal_and_spatial_margin0p25_windows3_maxmargin0p0,lead_median_loco,temporal_and_spatial,0.25,3.0,0.0,37,14,6,0.42857142857142855,23,18,0.782608695652174,0.6055900621118012,9,4,0.4444444444444444,7,6,0.8571428571428571,0,2,False,0.42857142857142855
joint_heat_lead_median_loco_kg_temporal_and_spatial_margin0p25_windows3_maxmargin0p5,lead_median_loco,temporal_and_spatial,0.25,3.0,0.5,37,14,6,0.42857142857142855,23,18,0.782608695652174,0.6055900621118012,9,4,0.4444444444444444,7,6,0.8571428571428571,0,2,False,0.42857142857142855
joint_heat_lead_median_loco_kg_temporal_and_spatial_margin0p25_windows3_maxmargin1p0,lead_median_loco,temporal_and_spatial,0.25,3.0,1.0,37,14,6,0.42857142857142855,23,18,0.782608695652174,0.6055900621118012,9,4,0.4444444444444444,7,6,0.8571428571428571,0,2,False,0.42857142857142855
joint_heat_lead_median_loco_kg_temporal_and_spatial_margin0p5_windows2_maxmargin0p0,lead_median_loco,temporal_and_spatial,0.5,2.0,0.0,37,14,6,0.42857142857142855,23,18,0.782608695652174,0.6055900621118012,9,4,0.4444444444444444,7,6,0.8571428571428571,0,2,False,0.42857142857142855
joint_heat_lead_median_loco_kg_temporal_and_spatial_margin0p5_windows2_maxmargin0p5,lead_median_loco,temporal_and_spatial,0.5,2.0,0.5,37,14,6,0.42857142857142855,23,18,0.782608695652174,0.6055900621118012,9,4,0.4444444444444444,7,6,0.8571428571428571,0,2,False,0.42857142857142855
joint_heat_lead_median_loco_kg_temporal_and_spatial_margin0p5_windows2_maxmargin1p0,lead_median_loco,temporal_and_spatial,0.5,2.0,1.0,37,14,6,0.42857142857142855,23,18,0.782608695652174,0.6055900621118012,9,4,0.4444444444444444,7,6,0.8571428571428571,0,2,False,0.42857142857142855
joint_heat_lead_median_loco_kg_temporal_and_spatial_margin0p5_windows3_maxmargin0p0,lead_median_loco,temporal_and_spatial,0.5,3.0,0.0,37,14,6,0.42857142857142855,23,18,0.782608695652174,0.6055900621118012,9,4,0.4444444444444444,7,6,0.8571428571428571,0,2,False,0.42857142857142855
joint_heat_lead_median_loco_kg_temporal_and_spatial_margin0p5_windows3_maxmargin0p5,lead_median_loco,temporal_and_spatial,0.5,3.0,0.5,37,14,6,0.42857142857142855,23,18,0.782608695652174,0.6055900621118012,9,4,0.4444444444444444,7,6,0.8571428571428571,0,2,False,0.42857142857142855
joint_heat_lead_median_loco_kg_temporal_and_spatial_margin0p5_windows3_maxmargin1p0,lead_median_loco,temporal_and_spatial,0.5,3.0,1.0,37,14,6,0.42857142857142855,23,18,0.782608695652174,0.6055900621118012,9,4,0.4444444444444444,7,6,0.8571428571428571,0,2,False,0.42857142857142855
joint_heat_lead_median_loco_kg_temporal_and_spatial_margin0p75_windows2_maxmargin0p0,lead_median_loco,temporal_and_spatial,0.75,2.0,0.0,37,14,6,0.42857142857142855,23,18,0.782608695652174,0.6055900621118012,9,4,0.4444444444444444,7,6,0.8571428571428571,0,2,False,0.42857142857142855
joint_heat_lead_median_loco_kg_temporal_and_spatial_margin0p75_windows2_maxmargin0p5,lead_median_loco,temporal_and_spatial,0.75,2.0,0.5,37,14,6,0.42857142857142855,23,18,0.782608695652174,0.6055900621118012,9,4,0.4444444444444444,7,6,0.8571428571428571,0,2,False,0.42857142857142855
joint_heat_lead_median_loco_kg_temporal_and_spatial_margin0p75_windows3_maxmargin0p0,lead_median_loco,temporal_and_spatial,0.75,3.0,0.0,37,14,6,0.42857142857142855,23,18,0.782608695652174,0.6055900621118012,9,4,0.4444444444444444,7,6,0.8571428571428571,0,2,False,0.42857142857142855
joint_heat_lead_median_loco_kg_temporal_and_spatial_margin0p75_windows3_maxmargin0p5,lead_median_loco,temporal_and_spatial,0.75,3.0,0.5,37,14,6,0.42857142857142855,23,18,0.782608695652174,0.6055900621118012,9,4,0.4444444444444444,7,6,0.8571428571428571,0,2,False,0.42857142857142855
joint_heat_lead_median_loco_kg_temporal_and_spatial_margin0p75_windows3_maxmargin1p0,lead_median_loco,temporal_and_spatial,0.75,3.0,1.0,37,14,6,0.42857142857142855,23,18,0.782608695652174,0.6055900621118012,9,4,0.4444444444444444,7,6,0.8571428571428571,0,2,False,0.42857142857142855
joint_heat_lead_median_loco_kg_temporal_and_spatial_margin1p0_windows2_maxmargin0p0,lead_median_loco,temporal_and_spatial,1.0,2.0,0.0,37,14,6,0.42857142857142855,23,18,0.782608695652174,0.6055900621118012,9,4,0.4444444444444444,7,6,0.8571428571428571,0,2,False,0.42857142857142855
joint_heat_lead_median_loco_kg_temporal_and_spatial_margin1p0_windows3_maxmargin0p0,lead_median_loco,temporal_and_spatial,1.0,3.0,0.0,37,14,6,0.42857142857142855,23,18,0.782608695652174,0.6055900621118012,9,4,0.4444444444444444,7,6,0.8571428571428571,0,2,False,0.42857142857142855
joint_heat_lead_median_loco_kg_temporal_and_spatial_margin1p25_windows3_maxmargin0p0,lead_median_loco,temporal_and_spatial,1.25,3.0,0.0,37,14,6,0.42857142857142855,23,18,0.782608695652174,0.6055900621118012,9,4,0.4444444444444444,7,6,0.8571428571428571,0,2,False,0.42857142857142855
joint_heat_lead_median_loco_kg_temporal_and_spatial_margin1p5_windows3_maxmargin0p0,lead_median_loco,temporal_and_spatial,1.5,3.0,0.0,37,14,6,0.42857142857142855,23,18,0.782608695652174,0.6055900621118012,9,4,0.4444444444444444,7,6,0.8571428571428571,0,2,False,0.42857142857142855
joint_heat_lead_median_loco_kg_temporal_and_spatial_margin2p0_windows3_maxmargin0p0,lead_median_loco,temporal_and_spatial,2.0,3.0,0.0,37,14,6,0.42857142857142855,23,18,0.782608695652174,0.6055900621118012,9,4,0.4444444444444444,7,6,0.8571428571428571,0,2,False,0.42857142857142855
joint_heat_lead_median_loco_kg_temporal_and_spatial_margin2p5_windows3_maxmargin0p0,lead_median_loco,temporal_and_spatial,2.5,3.0,0.0,37,14,6,0.42857142857142855,23,18,0.782608695652174,0.6055900621118012,9,4,0.4444444444444444,7,6,0.8571428571428571,0,2,False,0.42857142857142855
joint_heat_region_lead_shrinkage_loco_kg_temporal_and_spatial_margin0p25_windows2_maxmargin0p0,region_lead_shrinkage_loco,temporal_and_spatial,0.25,2.0,0.0,37,14,6,0.42857142857142855,23,18,0.782608695652174,0.6055900621118012,9,4,0.4444444444444444,7,6,0.8571428571428571,0,2,False,0.42857142857142855
joint_heat_region_lead_shrinkage_loco_kg_temporal_and_spatial_margin0p25_windows2_maxmargin0p5,region_lead_shrinkage_loco,temporal_and_spatial,0.25,2.0,0.5,37,14,6,0.42857142857142855,23,18,0.782608695652174,0.6055900621118012,9,4,0.4444444444444444,7,6,0.8571428571428571,0,2,False,0.42857142857142855
joint_heat_region_lead_shrinkage_loco_kg_temporal_and_spatial_margin0p25_windows2_maxmargin1p0,region_lead_shrinkage_loco,temporal_and_spatial,0.25,2.0,1.0,37,14,6,0.42857142857142855,23,18,0.782608695652174,0.6055900621118012,9,4,0.4444444444444444,7,6,0.8571428571428571,0,2,False,0.42857142857142855
joint_heat_region_lead_shrinkage_loco_kg_temporal_and_spatial_margin0p25_windows3_maxmargin0p0,region_lead_shrinkage_loco,temporal_and_spatial,0.25,3.0,0.0,37,14,6,0.42857142857142855,23,18,0.782608695652174,0.6055900621118012,9,4,0.4444444444444444,7,6,0.8571428571428571,0,2,False,0.42857142857142855
joint_heat_region_lead_shrinkage_loco_kg_temporal_and_spatial_margin0p25_windows3_maxmargin0p5,region_lead_shrinkage_loco,temporal_and_spatial,0.25,3.0,0.5,37,14,6,0.42857142857142855,23,18,0.782608695652174,0.6055900621118012,9,4,0.4444444444444444,7,6,0.8571428571428571,0,2,False,0.42857142857142855
joint_heat_region_lead_shrinkage_loco_kg_temporal_and_spatial_margin0p25_windows3_maxmargin1p0,region_lead_shrinkage_loco,temporal_and_spatial,0.25,3.0,1.0,37,14,6,0.42857142857142855,23,18,0.782608695652174,0.6055900621118012,9,4,0.4444444444444444,7,6,0.8571428571428571,0,2,False,0.42857142857142855
joint_heat_region_lead_shrinkage_loco_kg_temporal_and_spatial_margin0p5_windows2_maxmargin0p0,region_lead_shrinkage_loco,temporal_and_spatial,0.5,2.0,0.0,37,14,6,0.42857142857142855,23,18,0.782608695652174,0.6055900621118012,9,4,0.4444444444444444,7,6,0.8571428571428571,0,2,False,0.42857142857142855
joint_heat_region_lead_shrinkage_loco_kg_temporal_and_spatial_margin0p5_windows2_maxmargin0p5,region_lead_shrinkage_loco,temporal_and_spatial,0.5,2.0,0.5,37,14,6,0.42857142857142855,23,18,0.782608695652174,0.6055900621118012,9,4,0.4444444444444444,7,6,0.8571428571428571,0,2,False,0.42857142857142855
joint_heat_region_lead_shrinkage_loco_kg_temporal_and_spatial_margin0p5_windows2_maxmargin1p0,region_lead_shrinkage_loco,temporal_and_spatial,0.5,2.0,1.0,37,14,6,0.42857142857142855,23,18,0.782608695652174,0.6055900621118012,9,4,0.4444444444444444,7,6,0.8571428571428571,0,2,False,0.42857142857142855
joint_heat_region_lead_shrinkage_loco_kg_temporal_and_spatial_margin0p5_windows3_maxmargin0p0,region_lead_shrinkage_loco,temporal_and_spatial,0.5,3.0,0.0,37,14,6,0.42857142857142855,23,18,0.782608695652174,0.6055900621118012,9,4,0.4444444444444444,7,6,0.8571428571428571,0,2,False,0.42857142857142855
joint_heat_region_lead_shrinkage_loco_kg_temporal_and_spatial_margin0p5_windows3_maxmargin0p5,region_lead_shrinkage_loco,temporal_and_spatial,0.5,3.0,0.5,37,14,6,0.42857142857142855,23,18,0.782608695652174,0.6055900621118012,9,4,0.4444444444444444,7,6,0.8571428571428571,0,2,False,0.42857142857142855
joint_heat_region_lead_shrinkage_loco_kg_temporal_and_spatial_margin0p5_windows3_maxmargin1p0,region_lead_shrinkage_loco,temporal_and_spatial,0.5,3.0,1.0,37,14,6,0.42857142857142855,23,18,0.782608695652174,0.6055900621118012,9,4,0.4444444444444444,7,6,0.8571428571428571,0,2,False,0.42857142857142855
joint_heat_region_lead_shrinkage_loco_kg_temporal_and_spatial_margin0p75_windows2_maxmargin0p0,region_lead_shrinkage_loco,temporal_and_spatial,0.75,2.0,0.0,37,14,6,0.42857142857142855,23,18,0.782608695652174,0.6055900621118012,9,4,0.4444444444444444,7,6,0.8571428571428571,0,2,False,0.42857142857142855
joint_heat_region_lead_shrinkage_loco_kg_temporal_and_spatial_margin0p75_windows2_maxmargin0p5,region_lead_shrinkage_loco,temporal_and_spatial,0.75,2.0,0.5,37,14,6,0.42857142857142855,23,18,0.782608695652174,0.6055900621118012,9,4,0.4444444444444444,7,6,0.8571428571428571,0,2,False,0.42857142857142855
joint_heat_region_lead_shrinkage_loco_kg_temporal_and_spatial_margin0p75_windows3_maxmargin0p0,region_lead_shrinkage_loco,temporal_and_spatial,0.75,3.0,0.0,37,14,6,0.42857142857142855,23,18,0.782608695652174,0.6055900621118012,9,4,0.4444444444444444,7,6,0.8571428571428571,0,2,False,0.42857142857142855
joint_heat_region_lead_shrinkage_loco_kg_temporal_and_spatial_margin0p75_windows3_maxmargin0p5,region_lead_shrinkage_loco,temporal_and_spatial,0.75,3.0,0.5,37,14,6,0.42857142857142855,23,18,0.782608695652174,0.6055900621118012,9,4,0.4444444444444444,7,6,0.8571428571428571,0,2,False,0.42857142857142855
joint_heat_region_lead_shrinkage_loco_kg_temporal_and_spatial_margin0p75_windows3_maxmargin1p0,region_lead_shrinkage_loco,temporal_and_spatial,0.75,3.0,1.0,37,14,6,0.42857142857142855,23,18,0.782608695652174,0.6055900621118012,9,4,0.4444444444444444,7,6,0.8571428571428571,0,2,False,0.42857142857142855
joint_heat_region_lead_shrinkage_loco_kg_temporal_and_spatial_margin1p0_windows2_maxmargin0p0,region_lead_shrinkage_loco,temporal_and_spatial,1.0,2.0,0.0,37,14,6,0.42857142857142855,23,18,0.782608695652174,0.6055900621118012,9,4,0.4444444444444444,7,6,0.8571428571428571,0,2,False,0.42857142857142855
joint_heat_region_lead_shrinkage_loco_kg_temporal_and_spatial_margin1p0_windows3_maxmargin0p0,region_lead_shrinkage_loco,temporal_and_spatial,1.0,3.0,0.0,37,14,6,0.42857142857142855,23,18,0.782608695652174,0.6055900621118012,9,4,0.4444444444444444,7,6,0.8571428571428571,0,2,False,0.42857142857142855
joint_heat_region_lead_shrinkage_loco_kg_temporal_and_spatial_margin1p25_windows3_maxmargin0p0,region_lead_shrinkage_loco,temporal_and_spatial,1.25,3.0,0.0,37,14,6,0.42857142857142855,23,18,0.782608695652174,0.6055900621118012,9,4,0.4444444444444444,7,6,0.8571428571428571,0,2,False,0.42857142857142855
joint_heat_region_lead_shrinkage_loco_kg_temporal_and_spatial_margin1p5_windows3_maxmargin0p0,region_lead_shrinkage_loco,temporal_and_spatial,1.5,3.0,0.0,37,14,6,0.42857142857142855,23,18,0.782608695652174,0.6055900621118012,9,4,0.4444444444444444,7,6,0.8571428571428571,0,2,False,0.42857142857142855
joint_heat_region_lead_shrinkage_loco_kg_temporal_and_spatial_margin2p0_windows3_maxmargin0p0,region_lead_shrinkage_loco,temporal_and_spatial,2.0,3.0,0.0,37,14,6,0.42857142857142855,23,18,0.782608695652174,0.6055900621118012,9,4,0.4444444444444444,7,6,0.8571428571428571,0,2,False,0.42857142857142855
joint_heat_region_lead_shrinkage_loco_kg_temporal_and_spatial_margin2p5_windows3_maxmargin0p0,region_lead_shrinkage_loco,temporal_and_spatial,2.5,3.0,0.0,37,14,6,0.42857142857142855,23,18,0.782608695652174,0.6055900621118012,9,4,0.4444444444444444,7,6,0.8571428571428571,0,2,False,0.42857142857142855
joint_heat_lead_median_loco_kg_temporal_or_spatial_margin0p25_windows2_maxmargin0p0,lead_median_loco,temporal_or_spatial,0.25,2.0,0.0,37,14,6,0.42857142857142855,23,18,0.782608695652174,0.6055900621118012,9,4,0.4444444444444444,7,6,0.8571428571428571,0,3,False,0.42857142857142855
joint_heat_lead_median_loco_kg_temporal_or_spatial_margin0p25_windows2_maxmargin0p5,lead_median_loco,temporal_or_spatial,0.25,2.0,0.5,37,14,6,0.42857142857142855,23,18,0.782608695652174,0.6055900621118012,9,4,0.4444444444444444,7,6,0.8571428571428571,0,3,False,0.42857142857142855
joint_heat_lead_median_loco_kg_temporal_or_spatial_margin0p25_windows2_maxmargin1p0,lead_median_loco,temporal_or_spatial,0.25,2.0,1.0,37,14,6,0.42857142857142855,23,18,0.782608695652174,0.6055900621118012,9,4,0.4444444444444444,7,6,0.8571428571428571,0,3,False,0.42857142857142855
joint_heat_lead_median_loco_kg_temporal_or_spatial_margin0p25_windows3_maxmargin0p0,lead_median_loco,temporal_or_spatial,0.25,3.0,0.0,37,14,6,0.42857142857142855,23,18,0.782608695652174,0.6055900621118012,9,4,0.4444444444444444,7,6,0.8571428571428571,0,3,False,0.42857142857142855
joint_heat_lead_median_loco_kg_temporal_or_spatial_margin0p25_windows3_maxmargin0p5,lead_median_loco,temporal_or_spatial,0.25,3.0,0.5,37,14,6,0.42857142857142855,23,18,0.782608695652174,0.6055900621118012,9,4,0.4444444444444444,7,6,0.8571428571428571,0,3,False,0.42857142857142855
joint_heat_lead_median_loco_kg_temporal_or_spatial_margin0p25_windows3_maxmargin1p0,lead_median_loco,temporal_or_spatial,0.25,3.0,1.0,37,14,6,0.42857142857142855,23,18,0.782608695652174,0.6055900621118012,9,4,0.4444444444444444,7,6,0.8571428571428571,0,3,False,0.42857142857142855
joint_heat_lead_median_loco_kg_temporal_or_spatial_margin0p5_windows2_maxmargin0p0,lead_median_loco,temporal_or_spatial,0.5,2.0,0.0,37,14,6,0.42857142857142855,23,18,0.782608695652174,0.6055900621118012,9,4,0.4444444444444444,7,6,0.8571428571428571,0,3,False,0.42857142857142855
joint_heat_lead_median_loco_kg_temporal_or_spatial_margin0p5_windows2_maxmargin0p5,lead_median_loco,temporal_or_spatial,0.5,2.0,0.5,37,14,6,0.42857142857142855,23,18,0.782608695652174,0.6055900621118012,9,4,0.4444444444444444,7,6,0.8571428571428571,0,3,False,0.42857142857142855
joint_heat_lead_median_loco_kg_temporal_or_spatial_margin0p5_windows3_maxmargin0p0,lead_median_loco,temporal_or_spatial,0.5,3.0,0.0,37,14,6,0.42857142857142855,23,18,0.782608695652174,0.6055900621118012,9,4,0.4444444444444444,7,6,0.8571428571428571,0,3,False,0.42857142857142855
joint_heat_lead_median_loco_kg_temporal_or_spatial_margin0p5_windows3_maxmargin0p5,lead_median_loco,temporal_or_spatial,0.5,3.0,0.5,37,14,6,0.42857142857142855,23,18,0.782608695652174,0.6055900621118012,9,4,0.4444444444444444,7,6,0.8571428571428571,0,3,False,0.42857142857142855
joint_heat_region_lead_shrinkage_loco_kg_temporal_or_spatial_margin0p25_windows2_maxmargin0p0,region_lead_shrinkage_loco,temporal_or_spatial,0.25,2.0,0.0,37,14,6,0.42857142857142855,23,18,0.782608695652174,0.6055900621118012,9,4,0.4444444444444444,7,6,0.8571428571428571,0,3,False,0.42857142857142855
joint_heat_region_lead_shrinkage_loco_kg_temporal_or_spatial_margin0p25_windows2_maxmargin0p5,region_lead_shrinkage_loco,temporal_or_spatial,0.25,2.0,0.5,37,14,6,0.42857142857142855,23,18,0.782608695652174,0.6055900621118012,9,4,0.4444444444444444,7,6,0.8571428571428571,0,3,False,0.42857142857142855
joint_heat_region_lead_shrinkage_loco_kg_temporal_or_spatial_margin0p25_windows2_maxmargin1p0,region_lead_shrinkage_loco,temporal_or_spatial,0.25,2.0,1.0,37,14,6,0.42857142857142855,23,18,0.782608695652174,0.6055900621118012,9,4,0.4444444444444444,7,6,0.8571428571428571,0,3,False,0.42857142857142855
joint_heat_region_lead_shrinkage_loco_kg_temporal_or_spatial_margin0p25_windows3_maxmargin0p0,region_lead_shrinkage_loco,temporal_or_spatial,0.25,3.0,0.0,37,14,6,0.42857142857142855,23,18,0.782608695652174,0.6055900621118012,9,4,0.4444444444444444,7,6,0.8571428571428571,0,3,False,0.42857142857142855
joint_heat_region_lead_shrinkage_loco_kg_temporal_or_spatial_margin0p25_windows3_maxmargin0p5,region_lead_shrinkage_loco,temporal_or_spatial,0.25,3.0,0.5,37,14,6,0.42857142857142855,23,18,0.782608695652174,0.6055900621118012,9,4,0.4444444444444444,7,6,0.8571428571428571,0,3,False,0.42857142857142855
joint_heat_region_lead_shrinkage_loco_kg_temporal_or_spatial_margin0p25_windows3_maxmargin1p0,region_lead_shrinkage_loco,temporal_or_spatial,0.25,3.0,1.0,37,14,6,0.42857142857142855,23,18,0.782608695652174,0.6055900621118012,9,4,0.4444444444444444,7,6,0.8571428571428571,0,3,False,0.42857142857142855
joint_heat_region_lead_shrinkage_loco_kg_temporal_or_spatial_margin0p5_windows2_maxmargin0p0,region_lead_shrinkage_loco,temporal_or_spatial,0.5,2.0,0.0,37,14,6,0.42857142857142855,23,18,0.782608695652174,0.6055900621118012,9,4,0.4444444444444444,7,6,0.8571428571428571,0,3,False,0.42857142857142855
joint_heat_region_lead_shrinkage_loco_kg_temporal_or_spatial_margin0p5_windows2_maxmargin0p5,region_lead_shrinkage_loco,temporal_or_spatial,0.5,2.0,0.5,37,14,6,0.42857142857142855,23,18,0.782608695652174,0.6055900621118012,9,4,0.4444444444444444,7,6,0.8571428571428571,0,3,False,0.42857142857142855
joint_heat_region_lead_shrinkage_loco_kg_temporal_or_spatial_margin0p5_windows3_maxmargin0p0,region_lead_shrinkage_loco,temporal_or_spatial,0.5,3.0,0.0,37,14,6,0.42857142857142855,23,18,0.782608695652174,0.6055900621118012,9,4,0.4444444444444444,7,6,0.8571428571428571,0,3,False,0.42857142857142855
joint_heat_region_lead_shrinkage_loco_kg_temporal_or_spatial_margin0p5_windows3_maxmargin0p5,region_lead_shrinkage_loco,temporal_or_spatial,0.5,3.0,0.5,37,14,6,0.42857142857142855,23,18,0.782608695652174,0.6055900621118012,9,4,0.4444444444444444,7,6,0.8571428571428571,0,3,False,0.42857142857142855
joint_heat_region_lead_shrinkage_loco_kg_temporal_or_spatial_margin0p75_windows3_maxmargin0p0,region_lead_shrinkage_loco,temporal_or_spatial,0.75,3.0,0.0,37,14,6,0.42857142857142855,23,18,0.782608695652174,0.6055900621118012,9,4,0.4444444444444444,7,6,0.8571428571428571,0,3,False,0.42857142857142855
joint_heat_region_lead_shrinkage_loco_kg_temporal_or_spatial_margin0p75_windows3_maxmargin0p5,region_lead_shrinkage_loco,temporal_or_spatial,0.75,3.0,0.5,37,14,6,0.42857142857142855,23,18,0.782608695652174,0.6055900621118012,9,4,0.4444444444444444,7,6,0.8571428571428571,0,3,False,0.42857142857142855
joint_heat_pooled_median_loco_kg_spatial_hotspot_margin0p5_windows2_maxmargin0p5,pooled_median_loco,spatial_hotspot,0.5,2.0,0.5,37,14,6,0.42857142857142855,23,18,0.782608695652174,0.6055900621118012,9,4,0.4444444444444444,7,6,0.8571428571428571,1,1,False,0.42857142857142855
joint_heat_pooled_median_loco_kg_spatial_hotspot_margin0p5_windows3_maxmargin0p5,pooled_median_loco,spatial_hotspot,0.5,3.0,0.5,37,14,6,0.42857142857142855,23,18,0.782608695652174,0.6055900621118012,9,4,0.4444444444444444,7,6,0.8571428571428571,1,1,False,0.42857142857142855
joint_heat_blend025_pooled_loco_kg_temporal_and_spatial_margin0p5_windows2_maxmargin0p5,blend025_pooled_loco,temporal_and_spatial,0.5,2.0,0.5,37,14,6,0.42857142857142855,23,18,0.782608695652174,0.6055900621118012,9,4,0.4444444444444444,7,6,0.8571428571428571,1,2,False,0.42857142857142855
joint_heat_blend025_pooled_loco_kg_temporal_and_spatial_margin0p5_windows3_maxmargin0p5,blend025_pooled_loco,temporal_and_spatial,0.5,3.0,0.5,37,14,6,0.42857142857142855,23,18,0.782608695652174,0.6055900621118012,9,4,0.4444444444444444,7,6,0.8571428571428571,1,2,False,0.42857142857142855
joint_heat_blend025_pooled_loco_kg_temporal_and_spatial_margin0p75_windows2_maxmargin0p5,blend025_pooled_loco,temporal_and_spatial,0.75,2.0,0.5,37,14,6,0.42857142857142855,23,18,0.782608695652174,0.6055900621118012,9,4,0.4444444444444444,7,6,0.8571428571428571,1,2,False,0.42857142857142855
joint_heat_blend025_pooled_loco_kg_temporal_and_spatial_margin0p75_windows3_maxmargin0p5,blend025_pooled_loco,temporal_and_spatial,0.75,3.0,0.5,37,14,6,0.42857142857142855,23,18,0.782608695652174,0.6055900621118012,9,4,0.4444444444444444,7,6,0.8571428571428571,1,2,False,0.42857142857142855
joint_heat_blend025_pooled_loco_kg_temporal_and_spatial_margin1p0_windows2_maxmargin0p5,blend025_pooled_loco,temporal_and_spatial,1.0,2.0,0.5,37,14,6,0.42857142857142855,23,18,0.782608695652174,0.6055900621118012,9,4,0.4444444444444444,7,6,0.8571428571428571,1,2,False,0.42857142857142855
joint_heat_blend025_pooled_loco_kg_temporal_and_spatial_margin1p0_windows3_maxmargin0p5,blend025_pooled_loco,temporal_and_spatial,1.0,3.0,0.5,37,14,6,0.42857142857142855,23,18,0.782608695652174,0.6055900621118012,9,4,0.4444444444444444,7,6,0.8571428571428571,1,2,False,0.42857142857142855
joint_heat_blend025_pooled_loco_kg_temporal_and_spatial_margin1p25_windows2_maxmargin0p5,blend025_pooled_loco,temporal_and_spatial,1.25,2.0,0.5,37,14,6,0.42857142857142855,23,18,0.782608695652174,0.6055900621118012,9,4,0.4444444444444444,7,6,0.8571428571428571,1,2,False,0.42857142857142855
joint_heat_blend025_pooled_loco_kg_temporal_and_spatial_margin1p25_windows3_maxmargin0p5,blend025_pooled_loco,temporal_and_spatial,1.25,3.0,0.5,37,14,6,0.42857142857142855,23,18,0.782608695652174,0.6055900621118012,9,4,0.4444444444444444,7,6,0.8571428571428571,1,2,False,0.42857142857142855
joint_heat_blend025_pooled_loco_kg_temporal_and_spatial_margin1p5_windows3_maxmargin0p5,blend025_pooled_loco,temporal_and_spatial,1.5,3.0,0.5,37,14,6,0.42857142857142855,23,18,0.782608695652174,0.6055900621118012,9,4,0.4444444444444444,7,6,0.8571428571428571,1,2,False,0.42857142857142855
joint_heat_blend025_pooled_loco_kg_temporal_and_spatial_margin2p0_windows3_maxmargin0p5,blend025_pooled_loco,temporal_and_spatial,2.0,3.0,0.5,37,14,6,0.42857142857142855,23,18,0.782608695652174,0.6055900621118012,9,4,0.4444444444444444,7,6,0.8571428571428571,1,2,False,0.42857142857142855
joint_heat_pooled_median_loco_kg_temporal_and_spatial_margin0p5_windows2_maxmargin0p5,pooled_median_loco,temporal_and_spatial,0.5,2.0,0.5,37,14,6,0.42857142857142855,23,18,0.782608695652174,0.6055900621118012,9,4,0.4444444444444444,7,6,0.8571428571428571,1,2,False,0.42857142857142855
joint_heat_pooled_median_loco_kg_temporal_and_spatial_margin0p5_windows3_maxmargin0p5,pooled_median_loco,temporal_and_spatial,0.5,3.0,0.5,37,14,6,0.42857142857142855,23,18,0.782608695652174,0.6055900621118012,9,4,0.4444444444444444,7,6,0.8571428571428571,1,2,False,0.42857142857142855
joint_heat_pooled_median_loco_kg_temporal_and_spatial_margin0p75_windows2_maxmargin0p5,pooled_median_loco,temporal_and_spatial,0.75,2.0,0.5,37,14,6,0.42857142857142855,23,18,0.782608695652174,0.6055900621118012,9,4,0.4444444444444444,7,6,0.8571428571428571,1,2,False,0.42857142857142855
joint_heat_pooled_median_loco_kg_temporal_and_spatial_margin0p75_windows3_maxmargin0p5,pooled_median_loco,temporal_and_spatial,0.75,3.0,0.5,37,14,6,0.42857142857142855,23,18,0.782608695652174,0.6055900621118012,9,4,0.4444444444444444,7,6,0.8571428571428571,1,2,False,0.42857142857142855
joint_heat_pooled_median_loco_kg_temporal_and_spatial_margin1p0_windows2_maxmargin0p5,pooled_median_loco,temporal_and_spatial,1.0,2.0,0.5,37,14,6,0.42857142857142855,23,18,0.782608695652174,0.6055900621118012,9,4,0.4444444444444444,7,6,0.8571428571428571,1,2,False,0.42857142857142855
joint_heat_pooled_median_loco_kg_temporal_and_spatial_margin1p0_windows3_maxmargin0p5,pooled_median_loco,temporal_and_spatial,1.0,3.0,0.5,37,14,6,0.42857142857142855,23,18,0.782608695652174,0.6055900621118012,9,4,0.4444444444444444,7,6,0.8571428571428571,1,2,False,0.42857142857142855
joint_heat_pooled_median_loco_kg_temporal_and_spatial_margin1p25_windows2_maxmargin0p5,pooled_median_loco,temporal_and_spatial,1.25,2.0,0.5,37,14,6,0.42857142857142855,23,18,0.782608695652174,0.6055900621118012,9,4,0.4444444444444444,7,6,0.8571428571428571,1,2,False,0.42857142857142855
joint_heat_pooled_median_loco_kg_temporal_and_spatial_margin1p25_windows3_maxmargin0p5,pooled_median_loco,temporal_and_spatial,1.25,3.0,0.5,37,14,6,0.42857142857142855,23,18,0.782608695652174,0.6055900621118012,9,4,0.4444444444444444,7,6,0.8571428571428571,1,2,False,0.42857142857142855
joint_heat_pooled_median_loco_kg_temporal_and_spatial_margin1p5_windows3_maxmargin0p5,pooled_median_loco,temporal_and_spatial,1.5,3.0,0.5,37,14,6,0.42857142857142855,23,18,0.782608695652174,0.6055900621118012,9,4,0.4444444444444444,7,6,0.8571428571428571,1,2,False,0.42857142857142855
joint_heat_pooled_median_loco_kg_temporal_and_spatial_margin2p0_windows3_maxmargin0p5,pooled_median_loco,temporal_and_spatial,2.0,3.0,0.5,37,14,6,0.42857142857142855,23,18,0.782608695652174,0.6055900621118012,9,4,0.4444444444444444,7,6,0.8571428571428571,1,2,False,0.42857142857142855
joint_heat_blend050_pooled_loco_kg_temporal_near_threshold_margin0p5_windows2_maxmargin0p0,blend050_pooled_loco,temporal_near_threshold,0.5,2.0,0.0,37,14,6,0.42857142857142855,23,18,0.782608695652174,0.6055900621118012,9,4,0.4444444444444444,7,6,0.8571428571428571,4,1,False,0.42857142857142855
joint_heat_blend050_pooled_loco_kg_temporal_near_threshold_margin0p5_windows2_maxmargin0p5,blend050_pooled_loco,temporal_near_threshold,0.5,2.0,0.5,37,14,6,0.42857142857142855,23,18,0.782608695652174,0.6055900621118012,9,4,0.4444444444444444,7,6,0.8571428571428571,4,1,False,0.42857142857142855
joint_heat_blend050_pooled_loco_kg_temporal_near_threshold_margin0p5_windows2_maxmargin1p0,blend050_pooled_loco,temporal_near_threshold,0.5,2.0,1.0,37,14,6,0.42857142857142855,23,18,0.782608695652174,0.6055900621118012,9,4,0.4444444444444444,7,6,0.8571428571428571,4,1,False,0.42857142857142855
joint_heat_blend050_pooled_loco_kg_temporal_and_spatial_margin0p5_windows2_maxmargin1p0,blend050_pooled_loco,temporal_and_spatial,0.5,2.0,1.0,37,14,6,0.42857142857142855,23,18,0.782608695652174,0.6055900621118012,9,4,0.4444444444444444,7,6,0.8571428571428571,4,2,False,0.42857142857142855
joint_heat_ridge_state_loco_lambda1_kg_spatial_hotspot_margin0p5_windows2_maxmargin1p0,ridge_state_loco_lambda1,spatial_hotspot,0.5,2.0,1.0,37,14,6,0.42857142857142855,23,18,0.782608695652174,0.6055900621118012,9,4,0.4444444444444444,7,6,0.8571428571428571,5,1,False,0.42857142857142855
joint_heat_ridge_state_loco_lambda1_kg_spatial_hotspot_margin0p5_windows3_maxmargin1p0,ridge_state_loco_lambda1,spatial_hotspot,0.5,3.0,1.0,37,14,6,0.42857142857142855,23,18,0.782608695652174,0.6055900621118012,9,4,0.4444444444444444,7,6,0.8571428571428571,5,1,False,0.42857142857142855
joint_heat_ridge_state_loco_lambda1_kg_temporal_or_spatial_margin0p5_windows2_maxmargin1p0,ridge_state_loco_lambda1,temporal_or_spatial,0.5,2.0,1.0,37,14,6,0.42857142857142855,23,18,0.782608695652174,0.6055900621118012,9,4,0.4444444444444444,7,6,0.8571428571428571,5,3,False,0.42857142857142855
joint_heat_ridge_state_loco_lambda1_kg_temporal_or_spatial_margin0p5_windows3_maxmargin1p0,ridge_state_loco_lambda1,temporal_or_spatial,0.5,3.0,1.0,37,14,6,0.42857142857142855,23,18,0.782608695652174,0.6055900621118012,9,4,0.4444444444444444,7,6,0.8571428571428571,5,3,False,0.42857142857142855
joint_heat_ridge_state_loco_lambda10_kg_spatial_hotspot_margin0p75_windows2_maxmargin1p0,ridge_state_loco_lambda10,spatial_hotspot,0.75,2.0,1.0,37,14,6,0.42857142857142855,23,18,0.782608695652174,0.6055900621118012,9,4,0.4444444444444444,7,6,0.8571428571428571,8,1,False,0.42857142857142855
joint_heat_ridge_state_loco_lambda10_kg_spatial_hotspot_margin0p75_windows3_maxmargin1p0,ridge_state_loco_lambda10,spatial_hotspot,0.75,3.0,1.0,37,14,6,0.42857142857142855,23,18,0.782608695652174,0.6055900621118012,9,4,0.4444444444444444,7,6,0.8571428571428571,8,1,False,0.42857142857142855
joint_heat_ridge_state_loco_lambda10_kg_temporal_or_spatial_margin0p75_windows2_maxmargin1p0,ridge_state_loco_lambda10,temporal_or_spatial,0.75,2.0,1.0,37,14,6,0.42857142857142855,23,18,0.782608695652174,0.6055900621118012,9,4,0.4444444444444444,7,6,0.8571428571428571,8,3,False,0.42857142857142855
joint_heat_ridge_state_loco_lambda10_kg_temporal_or_spatial_margin0p75_windows3_maxmargin1p0,ridge_state_loco_lambda10,temporal_or_spatial,0.75,3.0,1.0,37,14,6,0.42857142857142855,23,18,0.782608695652174,0.6055900621118012,9,4,0.4444444444444444,7,6,0.8571428571428571,8,3,False,0.42857142857142855
joint_heat_lead_median_loco_kg_temporal_near_threshold_margin1p0_windows3_maxmargin0p0,lead_median_loco,temporal_near_threshold,1.0,3.0,0.0,37,14,6,0.42857142857142855,23,17,0.7391304347826086,0.5838509316770186,9,4,0.4444444444444444,7,6,0.8571428571428571,1,1,False,0.42857142857142855
joint_heat_lead_median_loco_kg_temporal_near_threshold_margin1p0_windows3_maxmargin0p5,lead_median_loco,temporal_near_threshold,1.0,3.0,0.5,37,14,6,0.42857142857142855,23,17,0.7391304347826086,0.5838509316770186,9,4,0.4444444444444444,7,6,0.8571428571428571,1,1,False,0.42857142857142855
joint_heat_lead_median_loco_kg_temporal_near_threshold_margin1p0_windows3_maxmargin1p0,lead_median_loco,temporal_near_threshold,1.0,3.0,1.0,37,14,6,0.42857142857142855,23,17,0.7391304347826086,0.5838509316770186,9,4,0.4444444444444444,7,6,0.8571428571428571,1,1,False,0.42857142857142855
joint_heat_region_lead_shrinkage_loco_kg_temporal_near_threshold_margin1p0_windows3_maxmargin0p0,region_lead_shrinkage_loco,temporal_near_threshold,1.0,3.0,0.0,37,14,6,0.42857142857142855,23,17,0.7391304347826086,0.5838509316770186,9,4,0.4444444444444444,7,6,0.8571428571428571,1,1,False,0.42857142857142855
joint_heat_region_lead_shrinkage_loco_kg_temporal_near_threshold_margin1p0_windows3_maxmargin0p5,region_lead_shrinkage_loco,temporal_near_threshold,1.0,3.0,0.5,37,14,6,0.42857142857142855,23,17,0.7391304347826086,0.5838509316770186,9,4,0.4444444444444444,7,6,0.8571428571428571,1,1,False,0.42857142857142855
joint_heat_region_lead_shrinkage_loco_kg_temporal_near_threshold_margin1p0_windows3_maxmargin1p0,region_lead_shrinkage_loco,temporal_near_threshold,1.0,3.0,1.0,37,14,6,0.42857142857142855,23,17,0.7391304347826086,0.5838509316770186,9,4,0.4444444444444444,7,6,0.8571428571428571,1,1,False,0.42857142857142855
joint_heat_lead_median_loco_kg_temporal_and_spatial_margin1p0_windows2_maxmargin0p5,lead_median_loco,temporal_and_spatial,1.0,2.0,0.5,37,14,6,0.42857142857142855,23,17,0.7391304347826086,0.5838509316770186,9,4,0.4444444444444444,7,6,0.8571428571428571,1,2,False,0.42857142857142855
joint_heat_lead_median_loco_kg_temporal_and_spatial_margin1p0_windows3_maxmargin0p5,lead_median_loco,temporal_and_spatial,1.0,3.0,0.5,37,14,6,0.42857142857142855,23,17,0.7391304347826086,0.5838509316770186,9,4,0.4444444444444444,7,6,0.8571428571428571,1,2,False,0.42857142857142855
joint_heat_lead_median_loco_kg_temporal_and_spatial_margin1p0_windows3_maxmargin1p0,lead_median_loco,temporal_and_spatial,1.0,3.0,1.0,37,14,6,0.42857142857142855,23,17,0.7391304347826086,0.5838509316770186,9,4,0.4444444444444444,7,6,0.8571428571428571,1,2,False,0.42857142857142855
joint_heat_lead_median_loco_kg_temporal_and_spatial_margin1p25_windows3_maxmargin0p5,lead_median_loco,temporal_and_spatial,1.25,3.0,0.5,37,14,6,0.42857142857142855,23,17,0.7391304347826086,0.5838509316770186,9,4,0.4444444444444444,7,6,0.8571428571428571,1,2,False,0.42857142857142855
joint_heat_lead_median_loco_kg_temporal_and_spatial_margin1p5_windows3_maxmargin0p5,lead_median_loco,temporal_and_spatial,1.5,3.0,0.5,37,14,6,0.42857142857142855,23,17,0.7391304347826086,0.5838509316770186,9,4,0.4444444444444444,7,6,0.8571428571428571,1,2,False,0.42857142857142855
joint_heat_lead_median_loco_kg_temporal_and_spatial_margin2p0_windows3_maxmargin0p5,lead_median_loco,temporal_and_spatial,2.0,3.0,0.5,37,14,6,0.42857142857142855,23,17,0.7391304347826086,0.5838509316770186,9,4,0.4444444444444444,7,6,0.8571428571428571,1,2,False,0.42857142857142855
joint_heat_lead_median_loco_kg_temporal_and_spatial_margin2p5_windows3_maxmargin0p5,lead_median_loco,temporal_and_spatial,2.5,3.0,0.5,37,14,6,0.42857142857142855,23,17,0.7391304347826086,0.5838509316770186,9,4,0.4444444444444444,7,6,0.8571428571428571,1,2,False,0.42857142857142855
joint_heat_region_lead_shrinkage_loco_kg_temporal_and_spatial_margin1p0_windows2_maxmargin0p5,region_lead_shrinkage_loco,temporal_and_spatial,1.0,2.0,0.5,37,14,6,0.42857142857142855,23,17,0.7391304347826086,0.5838509316770186,9,4,0.4444444444444444,7,6,0.8571428571428571,1,2,False,0.42857142857142855
joint_heat_region_lead_shrinkage_loco_kg_temporal_and_spatial_margin1p0_windows3_maxmargin0p5,region_lead_shrinkage_loco,temporal_and_spatial,1.0,3.0,0.5,37,14,6,0.42857142857142855,23,17,0.7391304347826086,0.5838509316770186,9,4,0.4444444444444444,7,6,0.8571428571428571,1,2,False,0.42857142857142855
joint_heat_region_lead_shrinkage_loco_kg_temporal_and_spatial_margin1p0_windows3_maxmargin1p0,region_lead_shrinkage_loco,temporal_and_spatial,1.0,3.0,1.0,37,14,6,0.42857142857142855,23,17,0.7391304347826086,0.5838509316770186,9,4,0.4444444444444444,7,6,0.8571428571428571,1,2,False,0.42857142857142855
joint_heat_region_lead_shrinkage_loco_kg_temporal_and_spatial_margin1p25_windows3_maxmargin0p5,region_lead_shrinkage_loco,temporal_and_spatial,1.25,3.0,0.5,37,14,6,0.42857142857142855,23,17,0.7391304347826086,0.5838509316770186,9,4,0.4444444444444444,7,6,0.8571428571428571,1,2,False,0.42857142857142855
joint_heat_region_lead_shrinkage_loco_kg_temporal_and_spatial_margin1p5_windows3_maxmargin0p5,region_lead_shrinkage_loco,temporal_and_spatial,1.5,3.0,0.5,37,14,6,0.42857142857142855,23,17,0.7391304347826086,0.5838509316770186,9,4,0.4444444444444444,7,6,0.8571428571428571,1,2,False,0.42857142857142855
joint_heat_region_lead_shrinkage_loco_kg_temporal_and_spatial_margin2p0_windows3_maxmargin0p5,region_lead_shrinkage_loco,temporal_and_spatial,2.0,3.0,0.5,37,14,6,0.42857142857142855,23,17,0.7391304347826086,0.5838509316770186,9,4,0.4444444444444444,7,6,0.8571428571428571,1,2,False,0.42857142857142855
joint_heat_region_lead_shrinkage_loco_kg_temporal_and_spatial_margin2p5_windows3_maxmargin0p5,region_lead_shrinkage_loco,temporal_and_spatial,2.5,3.0,0.5,37,14,6,0.42857142857142855,23,17,0.7391304347826086,0.5838509316770186,9,4,0.4444444444444444,7,6,0.8571428571428571,1,2,False,0.42857142857142855
joint_heat_blend025_pooled_loco_kg_temporal_near_threshold_margin0p5_windows3_maxmargin0p0,blend025_pooled_loco,temporal_near_threshold,0.5,3.0,0.0,37,14,6,0.42857142857142855,23,17,0.7391304347826086,0.5838509316770186,9,4,0.4444444444444444,7,6,0.8571428571428571,2,1,False,0.42857142857142855
joint_heat_blend025_pooled_loco_kg_temporal_near_threshold_margin0p5_windows3_maxmargin0p5,blend025_pooled_loco,temporal_near_threshold,0.5,3.0,0.5,37,14,6,0.42857142857142855,23,17,0.7391304347826086,0.5838509316770186,9,4,0.4444444444444444,7,6,0.8571428571428571,2,1,False,0.42857142857142855
joint_heat_blend025_pooled_loco_kg_temporal_near_threshold_margin0p5_windows3_maxmargin1p0,blend025_pooled_loco,temporal_near_threshold,0.5,3.0,1.0,37,14,6,0.42857142857142855,23,17,0.7391304347826086,0.5838509316770186,9,4,0.4444444444444444,7,6,0.8571428571428571,2,1,False,0.42857142857142855
joint_heat_blend025_pooled_loco_kg_temporal_near_threshold_margin0p75_windows3_maxmargin0p0,blend025_pooled_loco,temporal_near_threshold,0.75,3.0,0.0,37,14,6,0.42857142857142855,23,17,0.7391304347826086,0.5838509316770186,9,4,0.4444444444444444,7,6,0.8571428571428571,2,1,False,0.42857142857142855
joint_heat_blend025_pooled_loco_kg_temporal_near_threshold_margin0p75_windows3_maxmargin0p5,blend025_pooled_loco,temporal_near_threshold,0.75,3.0,0.5,37,14,6,0.42857142857142855,23,17,0.7391304347826086,0.5838509316770186,9,4,0.4444444444444444,7,6,0.8571428571428571,2,1,False,0.42857142857142855
joint_heat_blend025_pooled_loco_kg_temporal_near_threshold_margin0p75_windows3_maxmargin1p0,blend025_pooled_loco,temporal_near_threshold,0.75,3.0,1.0,37,14,6,0.42857142857142855,23,17,0.7391304347826086,0.5838509316770186,9,4,0.4444444444444444,7,6,0.8571428571428571,2,1,False,0.42857142857142855
joint_heat_pooled_median_loco_kg_temporal_near_threshold_margin0p5_windows3_maxmargin0p0,pooled_median_loco,temporal_near_threshold,0.5,3.0,0.0,37,14,6,0.42857142857142855,23,17,0.7391304347826086,0.5838509316770186,9,4,0.4444444444444444,7,6,0.8571428571428571,2,1,False,0.42857142857142855
joint_heat_pooled_median_loco_kg_temporal_near_threshold_margin0p5_windows3_maxmargin0p5,pooled_median_loco,temporal_near_threshold,0.5,3.0,0.5,37,14,6,0.42857142857142855,23,17,0.7391304347826086,0.5838509316770186,9,4,0.4444444444444444,7,6,0.8571428571428571,2,1,False,0.42857142857142855
joint_heat_pooled_median_loco_kg_temporal_near_threshold_margin0p5_windows3_maxmargin1p0,pooled_median_loco,temporal_near_threshold,0.5,3.0,1.0,37,14,6,0.42857142857142855,23,17,0.7391304347826086,0.5838509316770186,9,4,0.4444444444444444,7,6,0.8571428571428571,2,1,False,0.42857142857142855
joint_heat_blend025_pooled_loco_kg_temporal_and_spatial_margin0p5_windows3_maxmargin1p0,blend025_pooled_loco,temporal_and_spatial,0.5,3.0,1.0,37,14,6,0.42857142857142855,23,17,0.7391304347826086,0.5838509316770186,9,4,0.4444444444444444,7,6,0.8571428571428571,2,2,False,0.42857142857142855
joint_heat_blend025_pooled_loco_kg_temporal_and_spatial_margin0p75_windows3_maxmargin1p0,blend025_pooled_loco,temporal_and_spatial,0.75,3.0,1.0,37,14,6,0.42857142857142855,23,17,0.7391304347826086,0.5838509316770186,9,4,0.4444444444444444,7,6,0.8571428571428571,2,2,False,0.42857142857142855
joint_heat_pooled_median_loco_kg_temporal_and_spatial_margin0p5_windows3_maxmargin1p0,pooled_median_loco,temporal_and_spatial,0.5,3.0,1.0,37,14,6,0.42857142857142855,23,17,0.7391304347826086,0.5838509316770186,9,4,0.4444444444444444,7,6,0.8571428571428571,2,2,False,0.42857142857142855
joint_heat_pooled_median_loco_kg_temporal_or_spatial_margin0p5_windows3_maxmargin0p0,pooled_median_loco,temporal_or_spatial,0.5,3.0,0.0,37,14,6,0.42857142857142855,23,17,0.7391304347826086,0.5838509316770186,9,4,0.4444444444444444,7,6,0.8571428571428571,2,3,False,0.42857142857142855
joint_heat_pooled_median_loco_kg_temporal_or_spatial_margin0p5_windows3_maxmargin0p5,pooled_median_loco,temporal_or_spatial,0.5,3.0,0.5,37,14,6,0.42857142857142855,23,17,0.7391304347826086,0.5838509316770186,9,4,0.4444444444444444,7,6,0.8571428571428571,2,3,False,0.42857142857142855
joint_heat_blend050_pooled_loco_kg_temporal_near_threshold_margin0p75_windows3_maxmargin0p0,blend050_pooled_loco,temporal_near_threshold,0.75,3.0,0.0,37,14,6,0.42857142857142855,23,17,0.7391304347826086,0.5838509316770186,9,4,0.4444444444444444,7,6,0.8571428571428571,5,1,False,0.42857142857142855
joint_heat_blend050_pooled_loco_kg_temporal_near_threshold_margin0p75_windows3_maxmargin0p5,blend050_pooled_loco,temporal_near_threshold,0.75,3.0,0.5,37,14,6,0.42857142857142855,23,17,0.7391304347826086,0.5838509316770186,9,4,0.4444444444444444,7,6,0.8571428571428571,5,1,False,0.42857142857142855
joint_heat_blend050_pooled_loco_kg_temporal_near_threshold_margin0p75_windows3_maxmargin1p0,blend050_pooled_loco,temporal_near_threshold,0.75,3.0,1.0,37,14,6,0.42857142857142855,23,17,0.7391304347826086,0.5838509316770186,9,4,0.4444444444444444,7,6,0.8571428571428571,5,1,False,0.42857142857142855
joint_heat_blend050_pooled_loco_kg_temporal_near_threshold_margin1p0_windows3_maxmargin0p0,blend050_pooled_loco,temporal_near_threshold,1.0,3.0,0.0,37,14,6,0.42857142857142855,23,17,0.7391304347826086,0.5838509316770186,9,4,0.4444444444444444,7,6,0.8571428571428571,5,1,False,0.42857142857142855
joint_heat_blend050_pooled_loco_kg_temporal_near_threshold_margin1p0_windows3_maxmargin0p5,blend050_pooled_loco,temporal_near_threshold,1.0,3.0,0.5,37,14,6,0.42857142857142855,23,17,0.7391304347826086,0.5838509316770186,9,4,0.4444444444444444,7,6,0.8571428571428571,5,1,False,0.42857142857142855
joint_heat_blend050_pooled_loco_kg_temporal_near_threshold_margin1p0_windows3_maxmargin1p0,blend050_pooled_loco,temporal_near_threshold,1.0,3.0,1.0,37,14,6,0.42857142857142855,23,17,0.7391304347826086,0.5838509316770186,9,4,0.4444444444444444,7,6,0.8571428571428571,5,1,False,0.42857142857142855
joint_heat_blend050_pooled_loco_kg_temporal_and_spatial_margin0p75_windows3_maxmargin1p0,blend050_pooled_loco,temporal_and_spatial,0.75,3.0,1.0,37,14,6,0.42857142857142855,23,17,0.7391304347826086,0.5838509316770186,9,4,0.4444444444444444,7,6,0.8571428571428571,5,2,False,0.42857142857142855
joint_heat_blend050_pooled_loco_kg_temporal_and_spatial_margin1p0_windows3_maxmargin1p0,blend050_pooled_loco,temporal_and_spatial,1.0,3.0,1.0,37,14,6,0.42857142857142855,23,17,0.7391304347826086,0.5838509316770186,9,4,0.4444444444444444,7,6,0.8571428571428571,5,2,False,0.42857142857142855
joint_heat_ridge_state_loco_lambda100_kg_temporal_near_threshold_margin1p0_windows3_maxmargin0p0,ridge_state_loco_lambda100,temporal_near_threshold,1.0,3.0,0.0,37,14,6,0.42857142857142855,23,17,0.7391304347826086,0.5838509316770186,9,4,0.4444444444444444,7,6,0.8571428571428571,7,1,False,0.42857142857142855
joint_heat_ridge_state_loco_lambda100_kg_temporal_near_threshold_margin1p0_windows3_maxmargin0p5,ridge_state_loco_lambda100,temporal_near_threshold,1.0,3.0,0.5,37,14,6,0.42857142857142855,23,17,0.7391304347826086,0.5838509316770186,9,4,0.4444444444444444,7,6,0.8571428571428571,7,1,False,0.42857142857142855
joint_heat_ridge_state_loco_lambda100_kg_temporal_near_threshold_margin1p0_windows3_maxmargin1p0,ridge_state_loco_lambda100,temporal_near_threshold,1.0,3.0,1.0,37,14,6,0.42857142857142855,23,17,0.7391304347826086,0.5838509316770186,9,4,0.4444444444444444,7,6,0.8571428571428571,7,1,False,0.42857142857142855
joint_heat_ridge_state_loco_lambda100_kg_temporal_near_threshold_margin1p25_windows3_maxmargin0p0,ridge_state_loco_lambda100,temporal_near_threshold,1.25,3.0,0.0,37,14,6,0.42857142857142855,23,17,0.7391304347826086,0.5838509316770186,9,4,0.4444444444444444,7,6,0.8571428571428571,7,1,False,0.42857142857142855
joint_heat_ridge_state_loco_lambda100_kg_temporal_near_threshold_margin1p25_windows3_maxmargin0p5,ridge_state_loco_lambda100,temporal_near_threshold,1.25,3.0,0.5,37,14,6,0.42857142857142855,23,17,0.7391304347826086,0.5838509316770186,9,4,0.4444444444444444,7,6,0.8571428571428571,7,1,False,0.42857142857142855
joint_heat_ridge_state_loco_lambda100_kg_temporal_near_threshold_margin1p25_windows3_maxmargin1p0,ridge_state_loco_lambda100,temporal_near_threshold,1.25,3.0,1.0,37,14,6,0.42857142857142855,23,17,0.7391304347826086,0.5838509316770186,9,4,0.4444444444444444,7,6,0.8571428571428571,7,1,False,0.42857142857142855
joint_heat_ridge_state_loco_lambda100_kg_temporal_and_spatial_margin1p0_windows3_maxmargin1p0,ridge_state_loco_lambda100,temporal_and_spatial,1.0,3.0,1.0,37,14,6,0.42857142857142855,23,17,0.7391304347826086,0.5838509316770186,9,4,0.4444444444444444,7,6,0.8571428571428571,7,2,False,0.42857142857142855
joint_heat_ridge_state_loco_lambda100_kg_temporal_and_spatial_margin1p25_windows3_maxmargin1p0,ridge_state_loco_lambda100,temporal_and_spatial,1.25,3.0,1.0,37,14,6,0.42857142857142855,23,17,0.7391304347826086,0.5838509316770186,9,4,0.4444444444444444,7,6,0.8571428571428571,7,2,False,0.42857142857142855
joint_heat_ridge_state_loco_lambda100_kg_temporal_or_spatial_margin1p0_windows3_maxmargin0p0,ridge_state_loco_lambda100,temporal_or_spatial,1.0,3.0,0.0,37,14,6,0.42857142857142855,23,17,0.7391304347826086,0.5838509316770186,9,4,0.4444444444444444,7,6,0.8571428571428571,7,3,False,0.42857142857142855
joint_heat_ridge_state_loco_lambda100_kg_temporal_or_spatial_margin1p0_windows3_maxmargin0p5,ridge_state_loco_lambda100,temporal_or_spatial,1.0,3.0,0.5,37,14,6,0.42857142857142855,23,17,0.7391304347826086,0.5838509316770186,9,4,0.4444444444444444,7,6,0.8571428571428571,7,3,False,0.42857142857142855
joint_heat_ridge_state_loco_lambda100_kg_temporal_or_spatial_margin1p25_windows3_maxmargin0p0,ridge_state_loco_lambda100,temporal_or_spatial,1.25,3.0,0.0,37,14,6,0.42857142857142855,23,17,0.7391304347826086,0.5838509316770186,9,4,0.4444444444444444,7,6,0.8571428571428571,7,3,False,0.42857142857142855
joint_heat_ridge_state_loco_lambda100_kg_temporal_or_spatial_margin1p25_windows3_maxmargin0p5,ridge_state_loco_lambda100,temporal_or_spatial,1.25,3.0,0.5,37,14,6,0.42857142857142855,23,17,0.7391304347826086,0.5838509316770186,9,4,0.4444444444444444,7,6,0.8571428571428571,7,3,False,0.42857142857142855
joint_heat_ridge_state_loco_lambda10_kg_temporal_near_threshold_margin1p25_windows3_maxmargin0p0,ridge_state_loco_lambda10,temporal_near_threshold,1.25,3.0,0.0,37,14,6,0.42857142857142855,23,17,0.7391304347826086,0.5838509316770186,9,4,0.4444444444444444,7,6,0.8571428571428571,9,1,False,0.42857142857142855
joint_heat_ridge_state_loco_lambda10_kg_temporal_near_threshold_margin1p25_windows3_maxmargin0p5,ridge_state_loco_lambda10,temporal_near_threshold,1.25,3.0,0.5,37,14,6,0.42857142857142855,23,17,0.7391304347826086,0.5838509316770186,9,4,0.4444444444444444,7,6,0.8571428571428571,9,1,False,0.42857142857142855
joint_heat_ridge_state_loco_lambda10_kg_temporal_near_threshold_margin1p25_windows3_maxmargin1p0,ridge_state_loco_lambda10,temporal_near_threshold,1.25,3.0,1.0,37,14,6,0.42857142857142855,23,17,0.7391304347826086,0.5838509316770186,9,4,0.4444444444444444,7,6,0.8571428571428571,9,1,False,0.42857142857142855
joint_heat_ridge_state_loco_lambda10_kg_temporal_and_spatial_margin1p25_windows3_maxmargin1p0,ridge_state_loco_lambda10,temporal_and_spatial,1.25,3.0,1.0,37,14,6,0.42857142857142855,23,17,0.7391304347826086,0.5838509316770186,9,4,0.4444444444444444,7,6,0.8571428571428571,9,2,False,0.42857142857142855
joint_heat_raw_spatial_p95_kg_temporal_near_threshold_margin2p0_windows3_maxmargin0p0,raw_spatial_p95,temporal_near_threshold,2.0,3.0,0.0,37,14,6,0.42857142857142855,23,17,0.7391304347826086,0.5838509316770186,9,4,0.4444444444444444,7,6,0.8571428571428571,11,1,False,0.42857142857142855
joint_heat_raw_spatial_p95_kg_temporal_near_threshold_margin2p0_windows3_maxmargin0p5,raw_spatial_p95,temporal_near_threshold,2.0,3.0,0.5,37,14,6,0.42857142857142855,23,17,0.7391304347826086,0.5838509316770186,9,4,0.4444444444444444,7,6,0.8571428571428571,11,1,False,0.42857142857142855
joint_heat_raw_spatial_p95_kg_temporal_near_threshold_margin2p0_windows3_maxmargin1p0,raw_spatial_p95,temporal_near_threshold,2.0,3.0,1.0,37,14,6,0.42857142857142855,23,17,0.7391304347826086,0.5838509316770186,9,4,0.4444444444444444,7,6,0.8571428571428571,11,1,False,0.42857142857142855
joint_heat_raw_spatial_p95_kg_temporal_and_spatial_margin2p0_windows3_maxmargin1p0,raw_spatial_p95,temporal_and_spatial,2.0,3.0,1.0,37,14,6,0.42857142857142855,23,17,0.7391304347826086,0.5838509316770186,9,4,0.4444444444444444,7,6,0.8571428571428571,11,2,False,0.42857142857142855
joint_heat_raw_spatial_p95_kg_temporal_or_spatial_margin2p0_windows3_maxmargin0p0,raw_spatial_p95,temporal_or_spatial,2.0,3.0,0.0,37,14,6,0.42857142857142855,23,17,0.7391304347826086,0.5838509316770186,9,4,0.4444444444444444,7,6,0.8571428571428571,11,3,False,0.42857142857142855
joint_heat_raw_spatial_p95_kg_temporal_or_spatial_margin2p0_windows3_maxmargin0p5,raw_spatial_p95,temporal_or_spatial,2.0,3.0,0.5,37,14,6,0.42857142857142855,23,17,0.7391304347826086,0.5838509316770186,9,4,0.4444444444444444,7,6,0.8571428571428571,11,3,False,0.42857142857142855
joint_heat_blend025_pooled_loco_kg_spatial_hotspot_margin0p25_windows2_maxmargin1p0,blend025_pooled_loco,spatial_hotspot,0.25,2.0,1.0,37,14,6,0.42857142857142855,23,17,0.7391304347826086,0.5838509316770186,9,4,0.4444444444444444,7,5,0.7142857142857143,2,1,False,0.42857142857142855
joint_heat_blend025_pooled_loco_kg_spatial_hotspot_margin0p25_windows3_maxmargin1p0,blend025_pooled_loco,spatial_hotspot,0.25,3.0,1.0,37,14,6,0.42857142857142855,23,17,0.7391304347826086,0.5838509316770186,9,4,0.4444444444444444,7,5,0.7142857142857143,2,1,False,0.42857142857142855
joint_heat_blend025_pooled_loco_kg_temporal_near_threshold_margin0p25_windows2_maxmargin0p0,blend025_pooled_loco,temporal_near_threshold,0.25,2.0,0.0,37,14,6,0.42857142857142855,23,17,0.7391304347826086,0.5838509316770186,9,4,0.4444444444444444,7,5,0.7142857142857143,2,1,False,0.42857142857142855
joint_heat_blend025_pooled_loco_kg_temporal_near_threshold_margin0p25_windows2_maxmargin0p5,blend025_pooled_loco,temporal_near_threshold,0.25,2.0,0.5,37,14,6,0.42857142857142855,23,17,0.7391304347826086,0.5838509316770186,9,4,0.4444444444444444,7,5,0.7142857142857143,2,1,False,0.42857142857142855
joint_heat_blend025_pooled_loco_kg_temporal_near_threshold_margin0p25_windows2_maxmargin1p0,blend025_pooled_loco,temporal_near_threshold,0.25,2.0,1.0,37,14,6,0.42857142857142855,23,17,0.7391304347826086,0.5838509316770186,9,4,0.4444444444444444,7,5,0.7142857142857143,2,1,False,0.42857142857142855
joint_heat_pooled_median_loco_kg_spatial_hotspot_margin0p25_windows2_maxmargin1p0,pooled_median_loco,spatial_hotspot,0.25,2.0,1.0,37,14,6,0.42857142857142855,23,17,0.7391304347826086,0.5838509316770186,9,4,0.4444444444444444,7,5,0.7142857142857143,2,1,False,0.42857142857142855
joint_heat_pooled_median_loco_kg_spatial_hotspot_margin0p25_windows3_maxmargin1p0,pooled_median_loco,spatial_hotspot,0.25,3.0,1.0,37,14,6,0.42857142857142855,23,17,0.7391304347826086,0.5838509316770186,9,4,0.4444444444444444,7,5,0.7142857142857143,2,1,False,0.42857142857142855
joint_heat_pooled_median_loco_kg_temporal_near_threshold_margin0p25_windows2_maxmargin0p0,pooled_median_loco,temporal_near_threshold,0.25,2.0,0.0,37,14,6,0.42857142857142855,23,17,0.7391304347826086,0.5838509316770186,9,4,0.4444444444444444,7,5,0.7142857142857143,2,1,False,0.42857142857142855
joint_heat_pooled_median_loco_kg_temporal_near_threshold_margin0p25_windows2_maxmargin0p5,pooled_median_loco,temporal_near_threshold,0.25,2.0,0.5,37,14,6,0.42857142857142855,23,17,0.7391304347826086,0.5838509316770186,9,4,0.4444444444444444,7,5,0.7142857142857143,2,1,False,0.42857142857142855
joint_heat_pooled_median_loco_kg_temporal_near_threshold_margin0p25_windows2_maxmargin1p0,pooled_median_loco,temporal_near_threshold,0.25,2.0,1.0,37,14,6,0.42857142857142855,23,17,0.7391304347826086,0.5838509316770186,9,4,0.4444444444444444,7,5,0.7142857142857143,2,1,False,0.42857142857142855
joint_heat_blend025_pooled_loco_kg_temporal_and_spatial_margin0p25_windows2_maxmargin1p0,blend025_pooled_loco,temporal_and_spatial,0.25,2.0,1.0,37,14,6,0.42857142857142855,23,17,0.7391304347826086,0.5838509316770186,9,4,0.4444444444444444,7,5,0.7142857142857143,2,2,False,0.42857142857142855
joint_heat_pooled_median_loco_kg_temporal_and_spatial_margin0p25_windows2_maxmargin1p0,pooled_median_loco,temporal_and_spatial,0.25,2.0,1.0,37,14,6,0.42857142857142855,23,17,0.7391304347826086,0.5838509316770186,9,4,0.4444444444444444,7,5,0.7142857142857143,2,2,False,0.42857142857142855
joint_heat_blend025_pooled_loco_kg_temporal_or_spatial_margin0p25_windows2_maxmargin0p0,blend025_pooled_loco,temporal_or_spatial,0.25,2.0,0.0,37,14,6,0.42857142857142855,23,17,0.7391304347826086,0.5838509316770186,9,4,0.4444444444444444,7,5,0.7142857142857143,2,3,False,0.42857142857142855
joint_heat_blend025_pooled_loco_kg_temporal_or_spatial_margin0p25_windows2_maxmargin0p5,blend025_pooled_loco,temporal_or_spatial,0.25,2.0,0.5,37,14,6,0.42857142857142855,23,17,0.7391304347826086,0.5838509316770186,9,4,0.4444444444444444,7,5,0.7142857142857143,2,3,False,0.42857142857142855
joint_heat_blend025_pooled_loco_kg_temporal_or_spatial_margin0p25_windows2_maxmargin1p0,blend025_pooled_loco,temporal_or_spatial,0.25,2.0,1.0,37,14,6,0.42857142857142855,23,17,0.7391304347826086,0.5838509316770186,9,4,0.4444444444444444,7,5,0.7142857142857143,2,3,False,0.42857142857142855
joint_heat_blend025_pooled_loco_kg_temporal_or_spatial_margin0p25_windows3_maxmargin1p0,blend025_pooled_loco,temporal_or_spatial,0.25,3.0,1.0,37,14,6,0.42857142857142855,23,17,0.7391304347826086,0.5838509316770186,9,4,0.4444444444444444,7,5,0.7142857142857143,2,3,False,0.42857142857142855
joint_heat_pooled_median_loco_kg_temporal_or_spatial_margin0p25_windows2_maxmargin0p0,pooled_median_loco,temporal_or_spatial,0.25,2.0,0.0,37,14,6,0.42857142857142855,23,17,0.7391304347826086,0.5838509316770186,9,4,0.4444444444444444,7,5,0.7142857142857143,2,3,False,0.42857142857142855
joint_heat_pooled_median_loco_kg_temporal_or_spatial_margin0p25_windows2_maxmargin0p5,pooled_median_loco,temporal_or_spatial,0.25,2.0,0.5,37,14,6,0.42857142857142855,23,17,0.7391304347826086,0.5838509316770186,9,4,0.4444444444444444,7,5,0.7142857142857143,2,3,False,0.42857142857142855
joint_heat_pooled_median_loco_kg_temporal_or_spatial_margin0p25_windows2_maxmargin1p0,pooled_median_loco,temporal_or_spatial,0.25,2.0,1.0,37,14,6,0.42857142857142855,23,17,0.7391304347826086,0.5838509316770186,9,4,0.4444444444444444,7,5,0.7142857142857143,2,3,False,0.42857142857142855
joint_heat_pooled_median_loco_kg_temporal_or_spatial_margin0p25_windows3_maxmargin1p0,pooled_median_loco,temporal_or_spatial,0.25,3.0,1.0,37,14,6,0.42857142857142855,23,17,0.7391304347826086,0.5838509316770186,9,4,0.4444444444444444,7,5,0.7142857142857143,2,3,False,0.42857142857142855
joint_heat_ridge_state_loco_lambda100_kg_spatial_hotspot_margin0p75_windows2_maxmargin1p0,ridge_state_loco_lambda100,spatial_hotspot,0.75,2.0,1.0,37,14,6,0.42857142857142855,23,17,0.7391304347826086,0.5838509316770186,9,4,0.4444444444444444,7,5,0.7142857142857143,7,1,False,0.42857142857142855
joint_heat_ridge_state_loco_lambda100_kg_spatial_hotspot_margin0p75_windows3_maxmargin1p0,ridge_state_loco_lambda100,spatial_hotspot,0.75,3.0,1.0,37,14,6,0.42857142857142855,23,17,0.7391304347826086,0.5838509316770186,9,4,0.4444444444444444,7,5,0.7142857142857143,7,1,False,0.42857142857142855
joint_heat_ridge_state_loco_lambda100_kg_temporal_near_threshold_margin0p75_windows2_maxmargin0p0,ridge_state_loco_lambda100,temporal_near_threshold,0.75,2.0,0.0,37,14,6,0.42857142857142855,23,17,0.7391304347826086,0.5838509316770186,9,4,0.4444444444444444,7,5,0.7142857142857143,7,1,False,0.42857142857142855
joint_heat_ridge_state_loco_lambda100_kg_temporal_near_threshold_margin0p75_windows2_maxmargin0p5,ridge_state_loco_lambda100,temporal_near_threshold,0.75,2.0,0.5,37,14,6,0.42857142857142855,23,17,0.7391304347826086,0.5838509316770186,9,4,0.4444444444444444,7,5,0.7142857142857143,7,1,False,0.42857142857142855
joint_heat_ridge_state_loco_lambda100_kg_temporal_near_threshold_margin0p75_windows2_maxmargin1p0,ridge_state_loco_lambda100,temporal_near_threshold,0.75,2.0,1.0,37,14,6,0.42857142857142855,23,17,0.7391304347826086,0.5838509316770186,9,4,0.4444444444444444,7,5,0.7142857142857143,7,1,False,0.42857142857142855
joint_heat_ridge_state_loco_lambda100_kg_temporal_and_spatial_margin0p75_windows2_maxmargin1p0,ridge_state_loco_lambda100,temporal_and_spatial,0.75,2.0,1.0,37,14,6,0.42857142857142855,23,17,0.7391304347826086,0.5838509316770186,9,4,0.4444444444444444,7,5,0.7142857142857143,7,2,False,0.42857142857142855
joint_heat_ridge_state_loco_lambda100_kg_temporal_or_spatial_margin0p75_windows2_maxmargin0p0,ridge_state_loco_lambda100,temporal_or_spatial,0.75,2.0,0.0,37,14,6,0.42857142857142855,23,17,0.7391304347826086,0.5838509316770186,9,4,0.4444444444444444,7,5,0.7142857142857143,7,3,False,0.42857142857142855
joint_heat_ridge_state_loco_lambda100_kg_temporal_or_spatial_margin0p75_windows2_maxmargin0p5,ridge_state_loco_lambda100,temporal_or_spatial,0.75,2.0,0.5,37,14,6,0.42857142857142855,23,17,0.7391304347826086,0.5838509316770186,9,4,0.4444444444444444,7,5,0.7142857142857143,7,3,False,0.42857142857142855
joint_heat_ridge_state_loco_lambda100_kg_temporal_or_spatial_margin0p75_windows2_maxmargin1p0,ridge_state_loco_lambda100,temporal_or_spatial,0.75,2.0,1.0,37,14,6,0.42857142857142855,23,17,0.7391304347826086,0.5838509316770186,9,4,0.4444444444444444,7,5,0.7142857142857143,7,3,False,0.42857142857142855
joint_heat_ridge_state_loco_lambda100_kg_temporal_or_spatial_margin0p75_windows3_maxmargin1p0,ridge_state_loco_lambda100,temporal_or_spatial,0.75,3.0,1.0,37,14,6,0.42857142857142855,23,17,0.7391304347826086,0.5838509316770186,9,4,0.4444444444444444,7,5,0.7142857142857143,7,3,False,0.42857142857142855
joint_heat_ridge_state_loco_lambda10_kg_spatial_hotspot_margin1p0_windows2_maxmargin1p0,ridge_state_loco_lambda10,spatial_hotspot,1.0,2.0,1.0,37,14,6,0.42857142857142855,23,17,0.7391304347826086,0.5838509316770186,9,4,0.4444444444444444,7,5,0.7142857142857143,9,1,False,0.42857142857142855
joint_heat_ridge_state_loco_lambda10_kg_spatial_hotspot_margin1p0_windows3_maxmargin1p0,ridge_state_loco_lambda10,spatial_hotspot,1.0,3.0,1.0,37,14,6,0.42857142857142855,23,17,0.7391304347826086,0.5838509316770186,9,4,0.4444444444444444,7,5,0.7142857142857143,9,1,False,0.42857142857142855
joint_heat_ridge_state_loco_lambda10_kg_temporal_near_threshold_margin1p0_windows2_maxmargin0p0,ridge_state_loco_lambda10,temporal_near_threshold,1.0,2.0,0.0,37,14,6,0.42857142857142855,23,17,0.7391304347826086,0.5838509316770186,9,4,0.4444444444444444,7,5,0.7142857142857143,9,1,False,0.42857142857142855
joint_heat_ridge_state_loco_lambda10_kg_temporal_near_threshold_margin1p0_windows2_maxmargin0p5,ridge_state_loco_lambda10,temporal_near_threshold,1.0,2.0,0.5,37,14,6,0.42857142857142855,23,17,0.7391304347826086,0.5838509316770186,9,4,0.4444444444444444,7,5,0.7142857142857143,9,1,False,0.42857142857142855
joint_heat_ridge_state_loco_lambda10_kg_temporal_near_threshold_margin1p0_windows2_maxmargin1p0,ridge_state_loco_lambda10,temporal_near_threshold,1.0,2.0,1.0,37,14,6,0.42857142857142855,23,17,0.7391304347826086,0.5838509316770186,9,4,0.4444444444444444,7,5,0.7142857142857143,9,1,False,0.42857142857142855
joint_heat_ridge_state_loco_lambda10_kg_temporal_and_spatial_margin1p0_windows2_maxmargin1p0,ridge_state_loco_lambda10,temporal_and_spatial,1.0,2.0,1.0,37,14,6,0.42857142857142855,23,17,0.7391304347826086,0.5838509316770186,9,4,0.4444444444444444,7,5,0.7142857142857143,9,2,False,0.42857142857142855
joint_heat_ridge_state_loco_lambda10_kg_temporal_or_spatial_margin1p0_windows2_maxmargin0p0,ridge_state_loco_lambda10,temporal_or_spatial,1.0,2.0,0.0,37,14,6,0.42857142857142855,23,17,0.7391304347826086,0.5838509316770186,9,4,0.4444444444444444,7,5,0.7142857142857143,9,3,False,0.42857142857142855
joint_heat_ridge_state_loco_lambda10_kg_temporal_or_spatial_margin1p0_windows2_maxmargin0p5,ridge_state_loco_lambda10,temporal_or_spatial,1.0,2.0,0.5,37,14,6,0.42857142857142855,23,17,0.7391304347826086,0.5838509316770186,9,4,0.4444444444444444,7,5,0.7142857142857143,9,3,False,0.42857142857142855
joint_heat_ridge_state_loco_lambda10_kg_temporal_or_spatial_margin1p0_windows2_maxmargin1p0,ridge_state_loco_lambda10,temporal_or_spatial,1.0,2.0,1.0,37,14,6,0.42857142857142855,23,17,0.7391304347826086,0.5838509316770186,9,4,0.4444444444444444,7,5,0.7142857142857143,9,3,False,0.42857142857142855
joint_heat_ridge_state_loco_lambda10_kg_temporal_or_spatial_margin1p0_windows3_maxmargin1p0,ridge_state_loco_lambda10,temporal_or_spatial,1.0,3.0,1.0,37,14,6,0.42857142857142855,23,17,0.7391304347826086,0.5838509316770186,9,4,0.4444444444444444,7,5,0.7142857142857143,9,3,False,0.42857142857142855
joint_heat_blend025_pooled_loco_kg_temporal_near_threshold_margin0p5_windows2_maxmargin0p0,blend025_pooled_loco,temporal_near_threshold,0.5,2.0,0.0,37,14,6,0.42857142857142855,23,15,0.6521739130434783,0.5403726708074534,9,4,0.4444444444444444,7,5,0.7142857142857143,4,1,False,0.42857142857142855
joint_heat_blend025_pooled_loco_kg_temporal_near_threshold_margin0p5_windows2_maxmargin0p5,blend025_pooled_loco,temporal_near_threshold,0.5,2.0,0.5,37,14,6,0.42857142857142855,23,15,0.6521739130434783,0.5403726708074534,9,4,0.4444444444444444,7,5,0.7142857142857143,4,1,False,0.42857142857142855
joint_heat_blend025_pooled_loco_kg_temporal_near_threshold_margin0p5_windows2_maxmargin1p0,blend025_pooled_loco,temporal_near_threshold,0.5,2.0,1.0,37,14,6,0.42857142857142855,23,15,0.6521739130434783,0.5403726708074534,9,4,0.4444444444444444,7,5,0.7142857142857143,4,1,False,0.42857142857142855
joint_heat_pooled_median_loco_kg_temporal_near_threshold_margin0p5_windows2_maxmargin0p0,pooled_median_loco,temporal_near_threshold,0.5,2.0,0.0,37,14,6,0.42857142857142855,23,15,0.6521739130434783,0.5403726708074534,9,4,0.4444444444444444,7,5,0.7142857142857143,4,1,False,0.42857142857142855
joint_heat_pooled_median_loco_kg_temporal_near_threshold_margin0p5_windows2_maxmargin0p5,pooled_median_loco,temporal_near_threshold,0.5,2.0,0.5,37,14,6,0.42857142857142855,23,15,0.6521739130434783,0.5403726708074534,9,4,0.4444444444444444,7,5,0.7142857142857143,4,1,False,0.42857142857142855
joint_heat_pooled_median_loco_kg_temporal_near_threshold_margin0p5_windows2_maxmargin1p0,pooled_median_loco,temporal_near_threshold,0.5,2.0,1.0,37,14,6,0.42857142857142855,23,15,0.6521739130434783,0.5403726708074534,9,4,0.4444444444444444,7,5,0.7142857142857143,4,1,False,0.42857142857142855
joint_heat_blend025_pooled_loco_kg_temporal_and_spatial_margin0p5_windows2_maxmargin1p0,blend025_pooled_loco,temporal_and_spatial,0.5,2.0,1.0,37,14,6,0.42857142857142855,23,15,0.6521739130434783,0.5403726708074534,9,4,0.4444444444444444,7,5,0.7142857142857143,4,2,False,0.42857142857142855
joint_heat_pooled_median_loco_kg_temporal_and_spatial_margin0p5_windows2_maxmargin1p0,pooled_median_loco,temporal_and_spatial,0.5,2.0,1.0,37,14,6,0.42857142857142855,23,15,0.6521739130434783,0.5403726708074534,9,4,0.4444444444444444,7,5,0.7142857142857143,4,2,False,0.42857142857142855
joint_heat_pooled_median_loco_kg_temporal_or_spatial_margin0p5_windows2_maxmargin0p0,pooled_median_loco,temporal_or_spatial,0.5,2.0,0.0,37,14,6,0.42857142857142855,23,15,0.6521739130434783,0.5403726708074534,9,4,0.4444444444444444,7,5,0.7142857142857143,4,3,False,0.42857142857142855
joint_heat_pooled_median_loco_kg_temporal_or_spatial_margin0p5_windows2_maxmargin0p5,pooled_median_loco,temporal_or_spatial,0.5,2.0,0.5,37,14,6,0.42857142857142855,23,15,0.6521739130434783,0.5403726708074534,9,4,0.4444444444444444,7,5,0.7142857142857143,4,3,False,0.42857142857142855
joint_heat_blend050_pooled_loco_kg_temporal_near_threshold_margin0p75_windows2_maxmargin0p0,blend050_pooled_loco,temporal_near_threshold,0.75,2.0,0.0,37,14,6,0.42857142857142855,23,15,0.6521739130434783,0.5403726708074534,9,4,0.4444444444444444,7,5,0.7142857142857143,7,1,False,0.42857142857142855
joint_heat_blend050_pooled_loco_kg_temporal_near_threshold_margin0p75_windows2_maxmargin0p5,blend050_pooled_loco,temporal_near_threshold,0.75,2.0,0.5,37,14,6,0.42857142857142855,23,15,0.6521739130434783,0.5403726708074534,9,4,0.4444444444444444,7,5,0.7142857142857143,7,1,False,0.42857142857142855
joint_heat_blend050_pooled_loco_kg_temporal_near_threshold_margin0p75_windows2_maxmargin1p0,blend050_pooled_loco,temporal_near_threshold,0.75,2.0,1.0,37,14,6,0.42857142857142855,23,15,0.6521739130434783,0.5403726708074534,9,4,0.4444444444444444,7,5,0.7142857142857143,7,1,False,0.42857142857142855
joint_heat_blend050_pooled_loco_kg_temporal_and_spatial_margin0p75_windows2_maxmargin1p0,blend050_pooled_loco,temporal_and_spatial,0.75,2.0,1.0,37,14,6,0.42857142857142855,23,15,0.6521739130434783,0.5403726708074534,9,4,0.4444444444444444,7,5,0.7142857142857143,7,2,False,0.42857142857142855
joint_heat_ridge_state_loco_lambda100_kg_spatial_hotspot_margin1p0_windows2_maxmargin1p0,ridge_state_loco_lambda100,spatial_hotspot,1.0,2.0,1.0,37,14,6,0.42857142857142855,23,15,0.6521739130434783,0.5403726708074534,9,4,0.4444444444444444,7,5,0.7142857142857143,9,1,False,0.42857142857142855
joint_heat_ridge_state_loco_lambda100_kg_spatial_hotspot_margin1p0_windows3_maxmargin1p0,ridge_state_loco_lambda100,spatial_hotspot,1.0,3.0,1.0,37,14,6,0.42857142857142855,23,15,0.6521739130434783,0.5403726708074534,9,4,0.4444444444444444,7,5,0.7142857142857143,9,1,False,0.42857142857142855
joint_heat_ridge_state_loco_lambda100_kg_temporal_near_threshold_margin1p0_windows2_maxmargin0p0,ridge_state_loco_lambda100,temporal_near_threshold,1.0,2.0,0.0,37,14,6,0.42857142857142855,23,15,0.6521739130434783,0.5403726708074534,9,4,0.4444444444444444,7,5,0.7142857142857143,9,1,False,0.42857142857142855
joint_heat_ridge_state_loco_lambda100_kg_temporal_near_threshold_margin1p0_windows2_maxmargin0p5,ridge_state_loco_lambda100,temporal_near_threshold,1.0,2.0,0.5,37,14,6,0.42857142857142855,23,15,0.6521739130434783,0.5403726708074534,9,4,0.4444444444444444,7,5,0.7142857142857143,9,1,False,0.42857142857142855
joint_heat_ridge_state_loco_lambda100_kg_temporal_near_threshold_margin1p0_windows2_maxmargin1p0,ridge_state_loco_lambda100,temporal_near_threshold,1.0,2.0,1.0,37,14,6,0.42857142857142855,23,15,0.6521739130434783,0.5403726708074534,9,4,0.4444444444444444,7,5,0.7142857142857143,9,1,False,0.42857142857142855
joint_heat_ridge_state_loco_lambda100_kg_temporal_and_spatial_margin1p0_windows2_maxmargin1p0,ridge_state_loco_lambda100,temporal_and_spatial,1.0,2.0,1.0,37,14,6,0.42857142857142855,23,15,0.6521739130434783,0.5403726708074534,9,4,0.4444444444444444,7,5,0.7142857142857143,9,2,False,0.42857142857142855
joint_heat_ridge_state_loco_lambda100_kg_temporal_or_spatial_margin1p0_windows2_maxmargin0p0,ridge_state_loco_lambda100,temporal_or_spatial,1.0,2.0,0.0,37,14,6,0.42857142857142855,23,15,0.6521739130434783,0.5403726708074534,9,4,0.4444444444444444,7,5,0.7142857142857143,9,3,False,0.42857142857142855
joint_heat_ridge_state_loco_lambda100_kg_temporal_or_spatial_margin1p0_windows2_maxmargin0p5,ridge_state_loco_lambda100,temporal_or_spatial,1.0,2.0,0.5,37,14,6,0.42857142857142855,23,15,0.6521739130434783,0.5403726708074534,9,4,0.4444444444444444,7,5,0.7142857142857143,9,3,False,0.42857142857142855
joint_heat_ridge_state_loco_lambda100_kg_temporal_or_spatial_margin1p0_windows2_maxmargin1p0,ridge_state_loco_lambda100,temporal_or_spatial,1.0,2.0,1.0,37,14,6,0.42857142857142855,23,15,0.6521739130434783,0.5403726708074534,9,4,0.4444444444444444,7,5,0.7142857142857143,9,3,False,0.42857142857142855
joint_heat_ridge_state_loco_lambda100_kg_temporal_or_spatial_margin1p0_windows3_maxmargin1p0,ridge_state_loco_lambda100,temporal_or_spatial,1.0,3.0,1.0,37,14,6,0.42857142857142855,23,15,0.6521739130434783,0.5403726708074534,9,4,0.4444444444444444,7,5,0.7142857142857143,9,3,False,0.42857142857142855
joint_heat_ridge_state_loco_lambda10_kg_temporal_near_threshold_margin1p25_windows2_maxmargin0p0,ridge_state_loco_lambda10,temporal_near_threshold,1.25,2.0,0.0,37,14,6,0.42857142857142855,23,15,0.6521739130434783,0.5403726708074534,9,4,0.4444444444444444,7,5,0.7142857142857143,11,1,False,0.42857142857142855
joint_heat_ridge_state_loco_lambda10_kg_temporal_near_threshold_margin1p25_windows2_maxmargin0p5,ridge_state_loco_lambda10,temporal_near_threshold,1.25,2.0,0.5,37,14,6,0.42857142857142855,23,15,0.6521739130434783,0.5403726708074534,9,4,0.4444444444444444,7,5,0.7142857142857143,11,1,False,0.42857142857142855
joint_heat_ridge_state_loco_lambda10_kg_temporal_near_threshold_margin1p25_windows2_maxmargin1p0,ridge_state_loco_lambda10,temporal_near_threshold,1.25,2.0,1.0,37,14,6,0.42857142857142855,23,15,0.6521739130434783,0.5403726708074534,9,4,0.4444444444444444,7,5,0.7142857142857143,11,1,False,0.42857142857142855
joint_heat_ridge_state_loco_lambda10_kg_temporal_and_spatial_margin1p25_windows2_maxmargin1p0,ridge_state_loco_lambda10,temporal_and_spatial,1.25,2.0,1.0,37,14,6,0.42857142857142855,23,15,0.6521739130434783,0.5403726708074534,9,4,0.4444444444444444,7,5,0.7142857142857143,11,2,False,0.42857142857142855
joint_heat_blend025_pooled_loco_kg_temporal_or_spatial_margin2p0_windows2_maxmargin0p0,blend025_pooled_loco,temporal_or_spatial,2.0,2.0,0.0,37,14,14,1.0,23,9,0.391304347826087,0.6956521739130435,9,9,1.0,7,4,0.5714285714285714,22,3,False,0.391304347826087
joint_heat_blend025_pooled_loco_kg_temporal_or_spatial_margin2p0_windows2_maxmargin0p5,blend025_pooled_loco,temporal_or_spatial,2.0,2.0,0.5,37,14,14,1.0,23,9,0.391304347826087,0.6956521739130435,9,9,1.0,7,4,0.5714285714285714,22,3,False,0.391304347826087
joint_heat_blend025_pooled_loco_kg_temporal_or_spatial_margin2p0_windows2_maxmargin1p0,blend025_pooled_loco,temporal_or_spatial,2.0,2.0,1.0,37,14,14,1.0,23,9,0.391304347826087,0.6956521739130435,9,9,1.0,7,4,0.5714285714285714,22,3,False,0.391304347826087
joint_heat_pooled_median_loco_kg_temporal_or_spatial_margin2p0_windows2_maxmargin0p0,pooled_median_loco,temporal_or_spatial,2.0,2.0,0.0,37,14,14,1.0,23,9,0.391304347826087,0.6956521739130435,9,9,1.0,7,4,0.5714285714285714,22,3,False,0.391304347826087
joint_heat_pooled_median_loco_kg_temporal_or_spatial_margin2p0_windows2_maxmargin0p5,pooled_median_loco,temporal_or_spatial,2.0,2.0,0.5,37,14,14,1.0,23,9,0.391304347826087,0.6956521739130435,9,9,1.0,7,4,0.5714285714285714,22,3,False,0.391304347826087
joint_heat_pooled_median_loco_kg_temporal_or_spatial_margin2p0_windows2_maxmargin1p0,pooled_median_loco,temporal_or_spatial,2.0,2.0,1.0,37,14,14,1.0,23,9,0.391304347826087,0.6956521739130435,9,9,1.0,7,4,0.5714285714285714,22,3,False,0.391304347826087
joint_heat_blend025_pooled_loco_kg_temporal_near_threshold_margin2p5_windows3_maxmargin0p0,blend025_pooled_loco,temporal_near_threshold,2.5,3.0,0.0,37,14,14,1.0,23,9,0.391304347826087,0.6956521739130435,9,9,1.0,7,4,0.5714285714285714,23,1,False,0.391304347826087
joint_heat_blend025_pooled_loco_kg_temporal_near_threshold_margin2p5_windows3_maxmargin0p5,blend025_pooled_loco,temporal_near_threshold,2.5,3.0,0.5,37,14,14,1.0,23,9,0.391304347826087,0.6956521739130435,9,9,1.0,7,4,0.5714285714285714,23,1,False,0.391304347826087
joint_heat_blend025_pooled_loco_kg_temporal_near_threshold_margin2p5_windows3_maxmargin1p0,blend025_pooled_loco,temporal_near_threshold,2.5,3.0,1.0,37,14,14,1.0,23,9,0.391304347826087,0.6956521739130435,9,9,1.0,7,4,0.5714285714285714,23,1,False,0.391304347826087
joint_heat_pooled_median_loco_kg_temporal_near_threshold_margin2p5_windows3_maxmargin0p0,pooled_median_loco,temporal_near_threshold,2.5,3.0,0.0,37,14,14,1.0,23,9,0.391304347826087,0.6956521739130435,9,9,1.0,7,4,0.5714285714285714,23,1,False,0.391304347826087
joint_heat_pooled_median_loco_kg_temporal_near_threshold_margin2p5_windows3_maxmargin0p5,pooled_median_loco,temporal_near_threshold,2.5,3.0,0.5,37,14,14,1.0,23,9,0.391304347826087,0.6956521739130435,9,9,1.0,7,4,0.5714285714285714,23,1,False,0.391304347826087
joint_heat_pooled_median_loco_kg_temporal_near_threshold_margin2p5_windows3_maxmargin1p0,pooled_median_loco,temporal_near_threshold,2.5,3.0,1.0,37,14,14,1.0,23,9,0.391304347826087,0.6956521739130435,9,9,1.0,7,4,0.5714285714285714,23,1,False,0.391304347826087
joint_heat_ridge_state_loco_lambda100_kg_temporal_or_spatial_margin2p5_windows2_maxmargin0p0,ridge_state_loco_lambda100,temporal_or_spatial,2.5,2.0,0.0,37,14,14,1.0,23,9,0.391304347826087,0.6956521739130435,9,9,1.0,7,4,0.5714285714285714,27,3,False,0.391304347826087
joint_heat_ridge_state_loco_lambda100_kg_temporal_or_spatial_margin2p5_windows2_maxmargin0p5,ridge_state_loco_lambda100,temporal_or_spatial,2.5,2.0,0.5,37,14,14,1.0,23,9,0.391304347826087,0.6956521739130435,9,9,1.0,7,4,0.5714285714285714,27,3,False,0.391304347826087
joint_heat_ridge_state_loco_lambda100_kg_temporal_or_spatial_margin2p5_windows2_maxmargin1p0,ridge_state_loco_lambda100,temporal_or_spatial,2.5,2.0,1.0,37,14,14,1.0,23,9,0.391304347826087,0.6956521739130435,9,9,1.0,7,4,0.5714285714285714,27,3,False,0.391304347826087
joint_heat_region_median_loco_kg_temporal_or_spatial_margin2p0_windows3_maxmargin0p0,region_median_loco,temporal_or_spatial,2.0,3.0,0.0,37,14,13,0.9285714285714286,23,9,0.391304347826087,0.6599378881987578,9,8,0.8888888888888888,7,4,0.5714285714285714,21,3,False,0.391304347826087
joint_heat_region_median_loco_kg_temporal_or_spatial_margin2p0_windows3_maxmargin0p5,region_median_loco,temporal_or_spatial,2.0,3.0,0.5,37,14,13,0.9285714285714286,23,9,0.391304347826087,0.6599378881987578,9,8,0.8888888888888888,7,4,0.5714285714285714,21,3,False,0.391304347826087
joint_heat_region_median_loco_kg_temporal_or_spatial_margin2p0_windows3_maxmargin1p0,region_median_loco,temporal_or_spatial,2.0,3.0,1.0,37,14,13,0.9285714285714286,23,9,0.391304347826087,0.6599378881987578,9,8,0.8888888888888888,7,4,0.5714285714285714,21,3,False,0.391304347826087
joint_heat_ridge_state_loco_lambda1_kg_temporal_or_spatial_margin2p5_windows3_maxmargin0p0,ridge_state_loco_lambda1,temporal_or_spatial,2.5,3.0,0.0,37,14,13,0.9285714285714286,23,9,0.391304347826087,0.6599378881987578,9,8,0.8888888888888888,7,4,0.5714285714285714,25,3,False,0.391304347826087
joint_heat_ridge_state_loco_lambda1_kg_temporal_or_spatial_margin2p5_windows3_maxmargin0p5,ridge_state_loco_lambda1,temporal_or_spatial,2.5,3.0,0.5,37,14,13,0.9285714285714286,23,9,0.391304347826087,0.6599378881987578,9,8,0.8888888888888888,7,4,0.5714285714285714,25,3,False,0.391304347826087
joint_heat_ridge_state_loco_lambda1_kg_temporal_or_spatial_margin2p5_windows3_maxmargin1p0,ridge_state_loco_lambda1,temporal_or_spatial,2.5,3.0,1.0,37,14,13,0.9285714285714286,23,9,0.391304347826087,0.6599378881987578,9,8,0.8888888888888888,7,4,0.5714285714285714,25,3,False,0.391304347826087
joint_heat_ridge_state_loco_lambda1_kg_temporal_near_threshold_margin2p5_windows3_maxmargin0p0,ridge_state_loco_lambda1,temporal_near_threshold,2.5,3.0,0.0,37,14,12,0.8571428571428571,23,9,0.391304347826087,0.6242236024844721,9,8,0.8888888888888888,7,4,0.5714285714285714,24,1,False,0.391304347826087
joint_heat_ridge_state_loco_lambda1_kg_temporal_near_threshold_margin2p5_windows3_maxmargin0p5,ridge_state_loco_lambda1,temporal_near_threshold,2.5,3.0,0.5,37,14,12,0.8571428571428571,23,9,0.391304347826087,0.6242236024844721,9,8,0.8888888888888888,7,4,0.5714285714285714,24,1,False,0.391304347826087
joint_heat_ridge_state_loco_lambda1_kg_temporal_near_threshold_margin2p5_windows3_maxmargin1p0,ridge_state_loco_lambda1,temporal_near_threshold,2.5,3.0,1.0,37,14,12,0.8571428571428571,23,9,0.391304347826087,0.6242236024844721,9,8,0.8888888888888888,7,4,0.5714285714285714,24,1,False,0.391304347826087
joint_heat_lead_median_loco_kg_temporal_or_spatial_margin2p5_windows3_maxmargin0p0,lead_median_loco,temporal_or_spatial,2.5,3.0,0.0,37,14,11,0.7857142857142857,23,9,0.391304347826087,0.5885093167701864,9,7,0.7777777777777778,7,4,0.5714285714285714,18,3,False,0.391304347826087
joint_heat_lead_median_loco_kg_temporal_or_spatial_margin2p5_windows3_maxmargin0p5,lead_median_loco,temporal_or_spatial,2.5,3.0,0.5,37,14,11,0.7857142857142857,23,9,0.391304347826087,0.5885093167701864,9,7,0.7777777777777778,7,4,0.5714285714285714,18,3,False,0.391304347826087
joint_heat_lead_median_loco_kg_temporal_or_spatial_margin2p5_windows3_maxmargin1p0,lead_median_loco,temporal_or_spatial,2.5,3.0,1.0,37,14,11,0.7857142857142857,23,9,0.391304347826087,0.5885093167701864,9,7,0.7777777777777778,7,4,0.5714285714285714,18,3,False,0.391304347826087
joint_heat_blend025_pooled_loco_kg_temporal_or_spatial_margin2p0_windows3_maxmargin0p0,blend025_pooled_loco,temporal_or_spatial,2.0,3.0,0.0,37,14,11,0.7857142857142857,23,9,0.391304347826087,0.5885093167701864,9,7,0.7777777777777778,7,4,0.5714285714285714,19,3,False,0.391304347826087
joint_heat_blend025_pooled_loco_kg_temporal_or_spatial_margin2p0_windows3_maxmargin0p5,blend025_pooled_loco,temporal_or_spatial,2.0,3.0,0.5,37,14,11,0.7857142857142857,23,9,0.391304347826087,0.5885093167701864,9,7,0.7777777777777778,7,4,0.5714285714285714,19,3,False,0.391304347826087
joint_heat_blend025_pooled_loco_kg_temporal_or_spatial_margin2p0_windows3_maxmargin1p0,blend025_pooled_loco,temporal_or_spatial,2.0,3.0,1.0,37,14,11,0.7857142857142857,23,9,0.391304347826087,0.5885093167701864,9,7,0.7777777777777778,7,4,0.5714285714285714,19,3,False,0.391304347826087
joint_heat_pooled_median_loco_kg_temporal_or_spatial_margin2p0_windows3_maxmargin0p0,pooled_median_loco,temporal_or_spatial,2.0,3.0,0.0,37,14,11,0.7857142857142857,23,9,0.391304347826087,0.5885093167701864,9,7,0.7777777777777778,7,4,0.5714285714285714,19,3,False,0.391304347826087
joint_heat_pooled_median_loco_kg_temporal_or_spatial_margin2p0_windows3_maxmargin0p5,pooled_median_loco,temporal_or_spatial,2.0,3.0,0.5,37,14,11,0.7857142857142857,23,9,0.391304347826087,0.5885093167701864,9,7,0.7777777777777778,7,4,0.5714285714285714,19,3,False,0.391304347826087
joint_heat_pooled_median_loco_kg_temporal_or_spatial_margin2p0_windows3_maxmargin1p0,pooled_median_loco,temporal_or_spatial,2.0,3.0,1.0,37,14,11,0.7857142857142857,23,9,0.391304347826087,0.5885093167701864,9,7,0.7777777777777778,7,4,0.5714285714285714,19,3,False,0.391304347826087
joint_heat_maximum_pooled_loco_kg_temporal_near_threshold_margin2p5_windows3_maxmargin0p0,maximum_pooled_loco,temporal_near_threshold,2.5,3.0,0.0,37,14,11,0.7857142857142857,23,9,0.391304347826087,0.5885093167701864,9,7,0.7777777777777778,7,4,0.5714285714285714,21,1,False,0.391304347826087
joint_heat_maximum_pooled_loco_kg_temporal_near_threshold_margin2p5_windows3_maxmargin0p5,maximum_pooled_loco,temporal_near_threshold,2.5,3.0,0.5,37,14,11,0.7857142857142857,23,9,0.391304347826087,0.5885093167701864,9,7,0.7777777777777778,7,4,0.5714285714285714,21,1,False,0.391304347826087
joint_heat_maximum_pooled_loco_kg_temporal_near_threshold_margin2p5_windows3_maxmargin1p0,maximum_pooled_loco,temporal_near_threshold,2.5,3.0,1.0,37,14,11,0.7857142857142857,23,9,0.391304347826087,0.5885093167701864,9,7,0.7777777777777778,7,4,0.5714285714285714,21,1,False,0.391304347826087
joint_heat_maximum_pooled_loco_kg_temporal_or_spatial_margin2p5_windows3_maxmargin0p0,maximum_pooled_loco,temporal_or_spatial,2.5,3.0,0.0,37,14,11,0.7857142857142857,23,9,0.391304347826087,0.5885093167701864,9,7,0.7777777777777778,7,4,0.5714285714285714,21,3,False,0.391304347826087
joint_heat_maximum_pooled_loco_kg_temporal_or_spatial_margin2p5_windows3_maxmargin0p5,maximum_pooled_loco,temporal_or_spatial,2.5,3.0,0.5,37,14,11,0.7857142857142857,23,9,0.391304347826087,0.5885093167701864,9,7,0.7777777777777778,7,4,0.5714285714285714,21,3,False,0.391304347826087
joint_heat_maximum_pooled_loco_kg_temporal_or_spatial_margin2p5_windows3_maxmargin1p0,maximum_pooled_loco,temporal_or_spatial,2.5,3.0,1.0,37,14,11,0.7857142857142857,23,9,0.391304347826087,0.5885093167701864,9,7,0.7777777777777778,7,4,0.5714285714285714,21,3,False,0.391304347826087
joint_heat_blend050_pooled_loco_kg_temporal_or_spatial_margin2p5_windows3_maxmargin0p0,blend050_pooled_loco,temporal_or_spatial,2.5,3.0,0.0,37,14,11,0.7857142857142857,23,9,0.391304347826087,0.5885093167701864,9,7,0.7777777777777778,7,4,0.5714285714285714,22,3,False,0.391304347826087
joint_heat_blend050_pooled_loco_kg_temporal_or_spatial_margin2p5_windows3_maxmargin0p5,blend050_pooled_loco,temporal_or_spatial,2.5,3.0,0.5,37,14,11,0.7857142857142857,23,9,0.391304347826087,0.5885093167701864,9,7,0.7777777777777778,7,4,0.5714285714285714,22,3,False,0.391304347826087
joint_heat_blend050_pooled_loco_kg_temporal_or_spatial_margin2p5_windows3_maxmargin1p0,blend050_pooled_loco,temporal_or_spatial,2.5,3.0,1.0,37,14,11,0.7857142857142857,23,9,0.391304347826087,0.5885093167701864,9,7,0.7777777777777778,7,4,0.5714285714285714,22,3,False,0.391304347826087
joint_heat_blend075_pooled_loco_kg_temporal_or_spatial_margin2p5_windows3_maxmargin0p0,blend075_pooled_loco,temporal_or_spatial,2.5,3.0,0.0,37,14,11,0.7857142857142857,23,9,0.391304347826087,0.5885093167701864,9,7,0.7777777777777778,7,4,0.5714285714285714,22,3,False,0.391304347826087
joint_heat_blend075_pooled_loco_kg_temporal_or_spatial_margin2p5_windows3_maxmargin0p5,blend075_pooled_loco,temporal_or_spatial,2.5,3.0,0.5,37,14,11,0.7857142857142857,23,9,0.391304347826087,0.5885093167701864,9,7,0.7777777777777778,7,4,0.5714285714285714,22,3,False,0.391304347826087
joint_heat_blend075_pooled_loco_kg_temporal_or_spatial_margin2p5_windows3_maxmargin1p0,blend075_pooled_loco,temporal_or_spatial,2.5,3.0,1.0,37,14,11,0.7857142857142857,23,9,0.391304347826087,0.5885093167701864,9,7,0.7777777777777778,7,4,0.5714285714285714,22,3,False,0.391304347826087
joint_heat_ridge_state_loco_lambda100_kg_temporal_or_spatial_margin2p5_windows3_maxmargin0p0,ridge_state_loco_lambda100,temporal_or_spatial,2.5,3.0,0.0,37,14,11,0.7857142857142857,23,9,0.391304347826087,0.5885093167701864,9,7,0.7777777777777778,7,4,0.5714285714285714,24,3,False,0.391304347826087
joint_heat_ridge_state_loco_lambda100_kg_temporal_or_spatial_margin2p5_windows3_maxmargin0p5,ridge_state_loco_lambda100,temporal_or_spatial,2.5,3.0,0.5,37,14,11,0.7857142857142857,23,9,0.391304347826087,0.5885093167701864,9,7,0.7777777777777778,7,4,0.5714285714285714,24,3,False,0.391304347826087
joint_heat_ridge_state_loco_lambda100_kg_temporal_or_spatial_margin2p5_windows3_maxmargin1p0,ridge_state_loco_lambda100,temporal_or_spatial,2.5,3.0,1.0,37,14,11,0.7857142857142857,23,9,0.391304347826087,0.5885093167701864,9,7,0.7777777777777778,7,4,0.5714285714285714,24,3,False,0.391304347826087
joint_heat_blend050_pooled_loco_kg_none,blend050_pooled_loco,none,,,,37,14,5,0.35714285714285715,23,21,0.9130434782608695,0.6350931677018633,9,4,0.4444444444444444,7,7,1.0,0,0,False,0.35714285714285715
joint_heat_blend050_pooled_loco_kg_temporal_and_spatial_margin0p25_windows2_maxmargin0p0,blend050_pooled_loco,temporal_and_spatial,0.25,2.0,0.0,37,14,5,0.35714285714285715,23,21,0.9130434782608695,0.6350931677018633,9,4,0.4444444444444444,7,7,1.0,0,2,False,0.35714285714285715
joint_heat_blend050_pooled_loco_kg_temporal_and_spatial_margin0p25_windows3_maxmargin0p0,blend050_pooled_loco,temporal_and_spatial,0.25,3.0,0.0,37,14,5,0.35714285714285715,23,21,0.9130434782608695,0.6350931677018633,9,4,0.4444444444444444,7,7,1.0,0,2,False,0.35714285714285715
joint_heat_blend050_pooled_loco_kg_temporal_and_spatial_margin0p5_windows2_maxmargin0p0,blend050_pooled_loco,temporal_and_spatial,0.5,2.0,0.0,37,14,5,0.35714285714285715,23,21,0.9130434782608695,0.6350931677018633,9,4,0.4444444444444444,7,7,1.0,0,2,False,0.35714285714285715
joint_heat_blend050_pooled_loco_kg_temporal_and_spatial_margin0p5_windows3_maxmargin0p0,blend050_pooled_loco,temporal_and_spatial,0.5,3.0,0.0,37,14,5,0.35714285714285715,23,21,0.9130434782608695,0.6350931677018633,9,4,0.4444444444444444,7,7,1.0,0,2,False,0.35714285714285715
joint_heat_blend050_pooled_loco_kg_temporal_and_spatial_margin0p75_windows2_maxmargin0p0,blend050_pooled_loco,temporal_and_spatial,0.75,2.0,0.0,37,14,5,0.35714285714285715,23,21,0.9130434782608695,0.6350931677018633,9,4,0.4444444444444444,7,7,1.0,0,2,False,0.35714285714285715
joint_heat_blend050_pooled_loco_kg_temporal_and_spatial_margin0p75_windows3_maxmargin0p0,blend050_pooled_loco,temporal_and_spatial,0.75,3.0,0.0,37,14,5,0.35714285714285715,23,21,0.9130434782608695,0.6350931677018633,9,4,0.4444444444444444,7,7,1.0,0,2,False,0.35714285714285715
joint_heat_blend050_pooled_loco_kg_temporal_and_spatial_margin1p0_windows2_maxmargin0p0,blend050_pooled_loco,temporal_and_spatial,1.0,2.0,0.0,37,14,5,0.35714285714285715,23,21,0.9130434782608695,0.6350931677018633,9,4,0.4444444444444444,7,7,1.0,0,2,False,0.35714285714285715
joint_heat_blend050_pooled_loco_kg_temporal_and_spatial_margin1p0_windows3_maxmargin0p0,blend050_pooled_loco,temporal_and_spatial,1.0,3.0,0.0,37,14,5,0.35714285714285715,23,21,0.9130434782608695,0.6350931677018633,9,4,0.4444444444444444,7,7,1.0,0,2,False,0.35714285714285715
joint_heat_blend050_pooled_loco_kg_temporal_and_spatial_margin1p25_windows2_maxmargin0p0,blend050_pooled_loco,temporal_and_spatial,1.25,2.0,0.0,37,14,5,0.35714285714285715,23,21,0.9130434782608695,0.6350931677018633,9,4,0.4444444444444444,7,7,1.0,0,2,False,0.35714285714285715
joint_heat_blend050_pooled_loco_kg_temporal_and_spatial_margin1p25_windows3_maxmargin0p0,blend050_pooled_loco,temporal_and_spatial,1.25,3.0,0.0,37,14,5,0.35714285714285715,23,21,0.9130434782608695,0.6350931677018633,9,4,0.4444444444444444,7,7,1.0,0,2,False,0.35714285714285715
joint_heat_blend050_pooled_loco_kg_temporal_and_spatial_margin1p5_windows2_maxmargin0p0,blend050_pooled_loco,temporal_and_spatial,1.5,2.0,0.0,37,14,5,0.35714285714285715,23,21,0.9130434782608695,0.6350931677018633,9,4,0.4444444444444444,7,7,1.0,0,2,False,0.35714285714285715
joint_heat_blend050_pooled_loco_kg_temporal_and_spatial_margin1p5_windows3_maxmargin0p0,blend050_pooled_loco,temporal_and_spatial,1.5,3.0,0.0,37,14,5,0.35714285714285715,23,21,0.9130434782608695,0.6350931677018633,9,4,0.4444444444444444,7,7,1.0,0,2,False,0.35714285714285715
joint_heat_blend050_pooled_loco_kg_temporal_and_spatial_margin2p0_windows3_maxmargin0p0,blend050_pooled_loco,temporal_and_spatial,2.0,3.0,0.0,37,14,5,0.35714285714285715,23,21,0.9130434782608695,0.6350931677018633,9,4,0.4444444444444444,7,7,1.0,0,2,False,0.35714285714285715
joint_heat_blend050_pooled_loco_kg_temporal_and_spatial_margin2p5_windows3_maxmargin0p0,blend050_pooled_loco,temporal_and_spatial,2.5,3.0,0.0,37,14,5,0.35714285714285715,23,21,0.9130434782608695,0.6350931677018633,9,4,0.4444444444444444,7,7,1.0,0,2,False,0.35714285714285715
joint_heat_ridge_state_loco_lambda100_kg_spatial_hotspot_margin0p25_windows2_maxmargin0p5,ridge_state_loco_lambda100,spatial_hotspot,0.25,2.0,0.5,37,14,5,0.35714285714285715,23,21,0.9130434782608695,0.6350931677018633,9,4,0.4444444444444444,7,7,1.0,2,1,False,0.35714285714285715
joint_heat_ridge_state_loco_lambda100_kg_spatial_hotspot_margin0p25_windows2_maxmargin1p0,ridge_state_loco_lambda100,spatial_hotspot,0.25,2.0,1.0,37,14,5,0.35714285714285715,23,21,0.9130434782608695,0.6350931677018633,9,4,0.4444444444444444,7,7,1.0,2,1,False,0.35714285714285715
joint_heat_ridge_state_loco_lambda100_kg_spatial_hotspot_margin0p25_windows3_maxmargin0p5,ridge_state_loco_lambda100,spatial_hotspot,0.25,3.0,0.5,37,14,5,0.35714285714285715,23,21,0.9130434782608695,0.6350931677018633,9,4,0.4444444444444444,7,7,1.0,2,1,False,0.35714285714285715
joint_heat_ridge_state_loco_lambda100_kg_spatial_hotspot_margin0p25_windows3_maxmargin1p0,ridge_state_loco_lambda100,spatial_hotspot,0.25,3.0,1.0,37,14,5,0.35714285714285715,23,21,0.9130434782608695,0.6350931677018633,9,4,0.4444444444444444,7,7,1.0,2,1,False,0.35714285714285715
joint_heat_ridge_state_loco_lambda100_kg_spatial_hotspot_margin0p5_windows2_maxmargin0p5,ridge_state_loco_lambda100,spatial_hotspot,0.5,2.0,0.5,37,14,5,0.35714285714285715,23,21,0.9130434782608695,0.6350931677018633,9,4,0.4444444444444444,7,7,1.0,2,1,False,0.35714285714285715
joint_heat_ridge_state_loco_lambda100_kg_spatial_hotspot_margin0p5_windows3_maxmargin0p5,ridge_state_loco_lambda100,spatial_hotspot,0.5,3.0,0.5,37,14,5,0.35714285714285715,23,21,0.9130434782608695,0.6350931677018633,9,4,0.4444444444444444,7,7,1.0,2,1,False,0.35714285714285715
joint_heat_ridge_state_loco_lambda100_kg_temporal_near_threshold_margin0p25_windows2_maxmargin0p0,ridge_state_loco_lambda100,temporal_near_threshold,0.25,2.0,0.0,37,14,5,0.35714285714285715,23,21,0.9130434782608695,0.6350931677018633,9,4,0.4444444444444444,7,7,1.0,2,1,False,0.35714285714285715
joint_heat_ridge_state_loco_lambda100_kg_temporal_near_threshold_margin0p25_windows2_maxmargin0p5,ridge_state_loco_lambda100,temporal_near_threshold,0.25,2.0,0.5,37,14,5,0.35714285714285715,23,21,0.9130434782608695,0.6350931677018633,9,4,0.4444444444444444,7,7,1.0,2,1,False,0.35714285714285715
joint_heat_ridge_state_loco_lambda100_kg_temporal_near_threshold_margin0p25_windows2_maxmargin1p0,ridge_state_loco_lambda100,temporal_near_threshold,0.25,2.0,1.0,37,14,5,0.35714285714285715,23,21,0.9130434782608695,0.6350931677018633,9,4,0.4444444444444444,7,7,1.0,2,1,False,0.35714285714285715
joint_heat_ridge_state_loco_lambda100_kg_temporal_and_spatial_margin0p25_windows2_maxmargin0p5,ridge_state_loco_lambda100,temporal_and_spatial,0.25,2.0,0.5,37,14,5,0.35714285714285715,23,21,0.9130434782608695,0.6350931677018633,9,4,0.4444444444444444,7,7,1.0,2,2,False,0.35714285714285715
joint_heat_ridge_state_loco_lambda100_kg_temporal_and_spatial_margin0p25_windows2_maxmargin1p0,ridge_state_loco_lambda100,temporal_and_spatial,0.25,2.0,1.0,37,14,5,0.35714285714285715,23,21,0.9130434782608695,0.6350931677018633,9,4,0.4444444444444444,7,7,1.0,2,2,False,0.35714285714285715
joint_heat_ridge_state_loco_lambda100_kg_temporal_and_spatial_margin0p5_windows2_maxmargin0p5,ridge_state_loco_lambda100,temporal_and_spatial,0.5,2.0,0.5,37,14,5,0.35714285714285715,23,21,0.9130434782608695,0.6350931677018633,9,4,0.4444444444444444,7,7,1.0,2,2,False,0.35714285714285715
joint_heat_ridge_state_loco_lambda100_kg_temporal_or_spatial_margin0p25_windows2_maxmargin0p0,ridge_state_loco_lambda100,temporal_or_spatial,0.25,2.0,0.0,37,14,5,0.35714285714285715,23,21,0.9130434782608695,0.6350931677018633,9,4,0.4444444444444444,7,7,1.0,2,3,False,0.35714285714285715
joint_heat_ridge_state_loco_lambda100_kg_temporal_or_spatial_margin0p25_windows2_maxmargin0p5,ridge_state_loco_lambda100,temporal_or_spatial,0.25,2.0,0.5,37,14,5,0.35714285714285715,23,21,0.9130434782608695,0.6350931677018633,9,4,0.4444444444444444,7,7,1.0,2,3,False,0.35714285714285715
joint_heat_ridge_state_loco_lambda100_kg_temporal_or_spatial_margin0p25_windows2_maxmargin1p0,ridge_state_loco_lambda100,temporal_or_spatial,0.25,2.0,1.0,37,14,5,0.35714285714285715,23,21,0.9130434782608695,0.6350931677018633,9,4,0.4444444444444444,7,7,1.0,2,3,False,0.35714285714285715
joint_heat_ridge_state_loco_lambda100_kg_temporal_or_spatial_margin0p25_windows3_maxmargin0p5,ridge_state_loco_lambda100,temporal_or_spatial,0.25,3.0,0.5,37,14,5,0.35714285714285715,23,21,0.9130434782608695,0.6350931677018633,9,4,0.4444444444444444,7,7,1.0,2,3,False,0.35714285714285715
joint_heat_ridge_state_loco_lambda100_kg_temporal_or_spatial_margin0p25_windows3_maxmargin1p0,ridge_state_loco_lambda100,temporal_or_spatial,0.25,3.0,1.0,37,14,5,0.35714285714285715,23,21,0.9130434782608695,0.6350931677018633,9,4,0.4444444444444444,7,7,1.0,2,3,False,0.35714285714285715
joint_heat_ridge_state_loco_lambda100_kg_temporal_or_spatial_margin0p5_windows3_maxmargin0p5,ridge_state_loco_lambda100,temporal_or_spatial,0.5,3.0,0.5,37,14,5,0.35714285714285715,23,21,0.9130434782608695,0.6350931677018633,9,4,0.4444444444444444,7,7,1.0,2,3,False,0.35714285714285715
joint_heat_ridge_state_loco_lambda10_kg_spatial_hotspot_margin0p25_windows2_maxmargin0p5,ridge_state_loco_lambda10,spatial_hotspot,0.25,2.0,0.5,37,14,5,0.35714285714285715,23,21,0.9130434782608695,0.6350931677018633,9,4,0.4444444444444444,7,7,1.0,4,1,False,0.35714285714285715
joint_heat_ridge_state_loco_lambda10_kg_spatial_hotspot_margin0p25_windows2_maxmargin1p0,ridge_state_loco_lambda10,spatial_hotspot,0.25,2.0,1.0,37,14,5,0.35714285714285715,23,21,0.9130434782608695,0.6350931677018633,9,4,0.4444444444444444,7,7,1.0,4,1,False,0.35714285714285715
joint_heat_ridge_state_loco_lambda10_kg_spatial_hotspot_margin0p25_windows3_maxmargin0p5,ridge_state_loco_lambda10,spatial_hotspot,0.25,3.0,0.5,37,14,5,0.35714285714285715,23,21,0.9130434782608695,0.6350931677018633,9,4,0.4444444444444444,7,7,1.0,4,1,False,0.35714285714285715
joint_heat_ridge_state_loco_lambda10_kg_spatial_hotspot_margin0p25_windows3_maxmargin1p0,ridge_state_loco_lambda10,spatial_hotspot,0.25,3.0,1.0,37,14,5,0.35714285714285715,23,21,0.9130434782608695,0.6350931677018633,9,4,0.4444444444444444,7,7,1.0,4,1,False,0.35714285714285715
joint_heat_ridge_state_loco_lambda10_kg_spatial_hotspot_margin0p5_windows2_maxmargin0p5,ridge_state_loco_lambda10,spatial_hotspot,0.5,2.0,0.5,37,14,5,0.35714285714285715,23,21,0.9130434782608695,0.6350931677018633,9,4,0.4444444444444444,7,7,1.0,4,1,False,0.35714285714285715
joint_heat_ridge_state_loco_lambda10_kg_spatial_hotspot_margin0p5_windows3_maxmargin0p5,ridge_state_loco_lambda10,spatial_hotspot,0.5,3.0,0.5,37,14,5,0.35714285714285715,23,21,0.9130434782608695,0.6350931677018633,9,4,0.4444444444444444,7,7,1.0,4,1,False,0.35714285714285715
joint_heat_ridge_state_loco_lambda10_kg_temporal_near_threshold_margin0p25_windows2_maxmargin0p0,ridge_state_loco_lambda10,temporal_near_threshold,0.25,2.0,0.0,37,14,5,0.35714285714285715,23,21,0.9130434782608695,0.6350931677018633,9,4,0.4444444444444444,7,7,1.0,4,1,False,0.35714285714285715
joint_heat_ridge_state_loco_lambda10_kg_temporal_near_threshold_margin0p25_windows2_maxmargin0p5,ridge_state_loco_lambda10,temporal_near_threshold,0.25,2.0,0.5,37,14,5,0.35714285714285715,23,21,0.9130434782608695,0.6350931677018633,9,4,0.4444444444444444,7,7,1.0,4,1,False,0.35714285714285715
joint_heat_ridge_state_loco_lambda10_kg_temporal_near_threshold_margin0p25_windows2_maxmargin1p0,ridge_state_loco_lambda10,temporal_near_threshold,0.25,2.0,1.0,37,14,5,0.35714285714285715,23,21,0.9130434782608695,0.6350931677018633,9,4,0.4444444444444444,7,7,1.0,4,1,False,0.35714285714285715
joint_heat_ridge_state_loco_lambda10_kg_temporal_and_spatial_margin0p25_windows2_maxmargin0p5,ridge_state_loco_lambda10,temporal_and_spatial,0.25,2.0,0.5,37,14,5,0.35714285714285715,23,21,0.9130434782608695,0.6350931677018633,9,4,0.4444444444444444,7,7,1.0,4,2,False,0.35714285714285715
joint_heat_ridge_state_loco_lambda10_kg_temporal_and_spatial_margin0p25_windows2_maxmargin1p0,ridge_state_loco_lambda10,temporal_and_spatial,0.25,2.0,1.0,37,14,5,0.35714285714285715,23,21,0.9130434782608695,0.6350931677018633,9,4,0.4444444444444444,7,7,1.0,4,2,False,0.35714285714285715
joint_heat_ridge_state_loco_lambda10_kg_temporal_and_spatial_margin0p5_windows2_maxmargin0p5,ridge_state_loco_lambda10,temporal_and_spatial,0.5,2.0,0.5,37,14,5,0.35714285714285715,23,21,0.9130434782608695,0.6350931677018633,9,4,0.4444444444444444,7,7,1.0,4,2,False,0.35714285714285715
joint_heat_ridge_state_loco_lambda10_kg_temporal_or_spatial_margin0p25_windows2_maxmargin0p0,ridge_state_loco_lambda10,temporal_or_spatial,0.25,2.0,0.0,37,14,5,0.35714285714285715,23,21,0.9130434782608695,0.6350931677018633,9,4,0.4444444444444444,7,7,1.0,4,3,False,0.35714285714285715
joint_heat_ridge_state_loco_lambda10_kg_temporal_or_spatial_margin0p25_windows2_maxmargin0p5,ridge_state_loco_lambda10,temporal_or_spatial,0.25,2.0,0.5,37,14,5,0.35714285714285715,23,21,0.9130434782608695,0.6350931677018633,9,4,0.4444444444444444,7,7,1.0,4,3,False,0.35714285714285715
joint_heat_ridge_state_loco_lambda10_kg_temporal_or_spatial_margin0p25_windows2_maxmargin1p0,ridge_state_loco_lambda10,temporal_or_spatial,0.25,2.0,1.0,37,14,5,0.35714285714285715,23,21,0.9130434782608695,0.6350931677018633,9,4,0.4444444444444444,7,7,1.0,4,3,False,0.35714285714285715
joint_heat_ridge_state_loco_lambda10_kg_temporal_or_spatial_margin0p25_windows3_maxmargin0p5,ridge_state_loco_lambda10,temporal_or_spatial,0.25,3.0,0.5,37,14,5,0.35714285714285715,23,21,0.9130434782608695,0.6350931677018633,9,4,0.4444444444444444,7,7,1.0,4,3,False,0.35714285714285715
joint_heat_ridge_state_loco_lambda10_kg_temporal_or_spatial_margin0p25_windows3_maxmargin1p0,ridge_state_loco_lambda10,temporal_or_spatial,0.25,3.0,1.0,37,14,5,0.35714285714285715,23,21,0.9130434782608695,0.6350931677018633,9,4,0.4444444444444444,7,7,1.0,4,3,False,0.35714285714285715
joint_heat_ridge_state_loco_lambda10_kg_temporal_or_spatial_margin0p5_windows3_maxmargin0p5,ridge_state_loco_lambda10,temporal_or_spatial,0.5,3.0,0.5,37,14,5,0.35714285714285715,23,21,0.9130434782608695,0.6350931677018633,9,4,0.4444444444444444,7,7,1.0,4,3,False,0.35714285714285715
joint_heat_raw_spatial_p95_kg_spatial_hotspot_margin1p0_windows2_maxmargin0p5,raw_spatial_p95,spatial_hotspot,1.0,2.0,0.5,37,14,5,0.35714285714285715,23,21,0.9130434782608695,0.6350931677018633,9,4,0.4444444444444444,7,7,1.0,6,1,False,0.35714285714285715
joint_heat_raw_spatial_p95_kg_spatial_hotspot_margin1p0_windows2_maxmargin1p0,raw_spatial_p95,spatial_hotspot,1.0,2.0,1.0,37,14,5,0.35714285714285715,23,21,0.9130434782608695,0.6350931677018633,9,4,0.4444444444444444,7,7,1.0,6,1,False,0.35714285714285715
joint_heat_raw_spatial_p95_kg_spatial_hotspot_margin1p0_windows3_maxmargin0p5,raw_spatial_p95,spatial_hotspot,1.0,3.0,0.5,37,14,5,0.35714285714285715,23,21,0.9130434782608695,0.6350931677018633,9,4,0.4444444444444444,7,7,1.0,6,1,False,0.35714285714285715
joint_heat_raw_spatial_p95_kg_spatial_hotspot_margin1p0_windows3_maxmargin1p0,raw_spatial_p95,spatial_hotspot,1.0,3.0,1.0,37,14,5,0.35714285714285715,23,21,0.9130434782608695,0.6350931677018633,9,4,0.4444444444444444,7,7,1.0,6,1,False,0.35714285714285715
joint_heat_raw_spatial_p95_kg_spatial_hotspot_margin1p25_windows2_maxmargin0p5,raw_spatial_p95,spatial_hotspot,1.25,2.0,0.5,37,14,5,0.35714285714285715,23,21,0.9130434782608695,0.6350931677018633,9,4,0.4444444444444444,7,7,1.0,6,1,False,0.35714285714285715
joint_heat_raw_spatial_p95_kg_spatial_hotspot_margin1p25_windows2_maxmargin1p0,raw_spatial_p95,spatial_hotspot,1.25,2.0,1.0,37,14,5,0.35714285714285715,23,21,0.9130434782608695,0.6350931677018633,9,4,0.4444444444444444,7,7,1.0,6,1,False,0.35714285714285715
joint_heat_raw_spatial_p95_kg_spatial_hotspot_margin1p25_windows3_maxmargin0p5,raw_spatial_p95,spatial_hotspot,1.25,3.0,0.5,37,14,5,0.35714285714285715,23,21,0.9130434782608695,0.6350931677018633,9,4,0.4444444444444444,7,7,1.0,6,1,False,0.35714285714285715
joint_heat_raw_spatial_p95_kg_spatial_hotspot_margin1p25_windows3_maxmargin1p0,raw_spatial_p95,spatial_hotspot,1.25,3.0,1.0,37,14,5,0.35714285714285715,23,21,0.9130434782608695,0.6350931677018633,9,4,0.4444444444444444,7,7,1.0,6,1,False,0.35714285714285715
joint_heat_raw_spatial_p95_kg_temporal_near_threshold_margin1p0_windows2_maxmargin0p0,raw_spatial_p95,temporal_near_threshold,1.0,2.0,0.0,37,14,5,0.35714285714285715,23,21,0.9130434782608695,0.6350931677018633,9,4,0.4444444444444444,7,7,1.0,6,1,False,0.35714285714285715
joint_heat_raw_spatial_p95_kg_temporal_near_threshold_margin1p0_windows2_maxmargin0p5,raw_spatial_p95,temporal_near_threshold,1.0,2.0,0.5,37,14,5,0.35714285714285715,23,21,0.9130434782608695,0.6350931677018633,9,4,0.4444444444444444,7,7,1.0,6,1,False,0.35714285714285715
joint_heat_raw_spatial_p95_kg_temporal_near_threshold_margin1p0_windows2_maxmargin1p0,raw_spatial_p95,temporal_near_threshold,1.0,2.0,1.0,37,14,5,0.35714285714285715,23,21,0.9130434782608695,0.6350931677018633,9,4,0.4444444444444444,7,7,1.0,6,1,False,0.35714285714285715
joint_heat_raw_spatial_p95_kg_temporal_near_threshold_margin1p25_windows2_maxmargin0p0,raw_spatial_p95,temporal_near_threshold,1.25,2.0,0.0,37,14,5,0.35714285714285715,23,21,0.9130434782608695,0.6350931677018633,9,4,0.4444444444444444,7,7,1.0,6,1,False,0.35714285714285715
joint_heat_raw_spatial_p95_kg_temporal_near_threshold_margin1p25_windows2_maxmargin0p5,raw_spatial_p95,temporal_near_threshold,1.25,2.0,0.5,37,14,5,0.35714285714285715,23,21,0.9130434782608695,0.6350931677018633,9,4,0.4444444444444444,7,7,1.0,6,1,False,0.35714285714285715
joint_heat_raw_spatial_p95_kg_temporal_near_threshold_margin1p25_windows2_maxmargin1p0,raw_spatial_p95,temporal_near_threshold,1.25,2.0,1.0,37,14,5,0.35714285714285715,23,21,0.9130434782608695,0.6350931677018633,9,4,0.4444444444444444,7,7,1.0,6,1,False,0.35714285714285715
joint_heat_raw_spatial_p95_kg_temporal_and_spatial_margin1p0_windows2_maxmargin0p5,raw_spatial_p95,temporal_and_spatial,1.0,2.0,0.5,37,14,5,0.35714285714285715,23,21,0.9130434782608695,0.6350931677018633,9,4,0.4444444444444444,7,7,1.0,6,2,False,0.35714285714285715
joint_heat_raw_spatial_p95_kg_temporal_and_spatial_margin1p0_windows2_maxmargin1p0,raw_spatial_p95,temporal_and_spatial,1.0,2.0,1.0,37,14,5,0.35714285714285715,23,21,0.9130434782608695,0.6350931677018633,9,4,0.4444444444444444,7,7,1.0,6,2,False,0.35714285714285715
joint_heat_raw_spatial_p95_kg_temporal_and_spatial_margin1p25_windows2_maxmargin0p5,raw_spatial_p95,temporal_and_spatial,1.25,2.0,0.5,37,14,5,0.35714285714285715,23,21,0.9130434782608695,0.6350931677018633,9,4,0.4444444444444444,7,7,1.0,6,2,False,0.35714285714285715
joint_heat_raw_spatial_p95_kg_temporal_and_spatial_margin1p25_windows2_maxmargin1p0,raw_spatial_p95,temporal_and_spatial,1.25,2.0,1.0,37,14,5,0.35714285714285715,23,21,0.9130434782608695,0.6350931677018633,9,4,0.4444444444444444,7,7,1.0,6,2,False,0.35714285714285715
joint_heat_raw_spatial_p95_kg_temporal_or_spatial_margin1p0_windows2_maxmargin0p0,raw_spatial_p95,temporal_or_spatial,1.0,2.0,0.0,37,14,5,0.35714285714285715,23,21,0.9130434782608695,0.6350931677018633,9,4,0.4444444444444444,7,7,1.0,6,3,False,0.35714285714285715
joint_heat_raw_spatial_p95_kg_temporal_or_spatial_margin1p0_windows2_maxmargin0p5,raw_spatial_p95,temporal_or_spatial,1.0,2.0,0.5,37,14,5,0.35714285714285715,23,21,0.9130434782608695,0.6350931677018633,9,4,0.4444444444444444,7,7,1.0,6,3,False,0.35714285714285715
joint_heat_raw_spatial_p95_kg_temporal_or_spatial_margin1p0_windows2_maxmargin1p0,raw_spatial_p95,temporal_or_spatial,1.0,2.0,1.0,37,14,5,0.35714285714285715,23,21,0.9130434782608695,0.6350931677018633,9,4,0.4444444444444444,7,7,1.0,6,3,False,0.35714285714285715
joint_heat_raw_spatial_p95_kg_temporal_or_spatial_margin1p0_windows3_maxmargin0p5,raw_spatial_p95,temporal_or_spatial,1.0,3.0,0.5,37,14,5,0.35714285714285715,23,21,0.9130434782608695,0.6350931677018633,9,4,0.4444444444444444,7,7,1.0,6,3,False,0.35714285714285715
joint_heat_raw_spatial_p95_kg_temporal_or_spatial_margin1p0_windows3_maxmargin1p0,raw_spatial_p95,temporal_or_spatial,1.0,3.0,1.0,37,14,5,0.35714285714285715,23,21,0.9130434782608695,0.6350931677018633,9,4,0.4444444444444444,7,7,1.0,6,3,False,0.35714285714285715
joint_heat_raw_spatial_p95_kg_temporal_or_spatial_margin1p25_windows2_maxmargin0p0,raw_spatial_p95,temporal_or_spatial,1.25,2.0,0.0,37,14,5,0.35714285714285715,23,21,0.9130434782608695,0.6350931677018633,9,4,0.4444444444444444,7,7,1.0,6,3,False,0.35714285714285715
joint_heat_raw_spatial_p95_kg_temporal_or_spatial_margin1p25_windows2_maxmargin0p5,raw_spatial_p95,temporal_or_spatial,1.25,2.0,0.5,37,14,5,0.35714285714285715,23,21,0.9130434782608695,0.6350931677018633,9,4,0.4444444444444444,7,7,1.0,6,3,False,0.35714285714285715
joint_heat_raw_spatial_p95_kg_temporal_or_spatial_margin1p25_windows2_maxmargin1p0,raw_spatial_p95,temporal_or_spatial,1.25,2.0,1.0,37,14,5,0.35714285714285715,23,21,0.9130434782608695,0.6350931677018633,9,4,0.4444444444444444,7,7,1.0,6,3,False,0.35714285714285715
joint_heat_raw_spatial_p95_kg_temporal_or_spatial_margin1p25_windows3_maxmargin0p5,raw_spatial_p95,temporal_or_spatial,1.25,3.0,0.5,37,14,5,0.35714285714285715,23,21,0.9130434782608695,0.6350931677018633,9,4,0.4444444444444444,7,7,1.0,6,3,False,0.35714285714285715
joint_heat_raw_spatial_p95_kg_temporal_or_spatial_margin1p25_windows3_maxmargin1p0,raw_spatial_p95,temporal_or_spatial,1.25,3.0,1.0,37,14,5,0.35714285714285715,23,21,0.9130434782608695,0.6350931677018633,9,4,0.4444444444444444,7,7,1.0,6,3,False,0.35714285714285715
joint_heat_ridge_state_loco_lambda100_kg_temporal_near_threshold_margin0p5_windows2_maxmargin0p0,ridge_state_loco_lambda100,temporal_near_threshold,0.5,2.0,0.0,37,14,5,0.35714285714285715,23,19,0.8260869565217391,0.5916149068322981,9,4,0.4444444444444444,7,6,0.8571428571428571,4,1,False,0.35714285714285715
joint_heat_ridge_state_loco_lambda100_kg_temporal_near_threshold_margin0p5_windows2_maxmargin0p5,ridge_state_loco_lambda100,temporal_near_threshold,0.5,2.0,0.5,37,14,5,0.35714285714285715,23,19,0.8260869565217391,0.5916149068322981,9,4,0.4444444444444444,7,6,0.8571428571428571,4,1,False,0.35714285714285715
joint_heat_ridge_state_loco_lambda100_kg_temporal_near_threshold_margin0p5_windows2_maxmargin1p0,ridge_state_loco_lambda100,temporal_near_threshold,0.5,2.0,1.0,37,14,5,0.35714285714285715,23,19,0.8260869565217391,0.5916149068322981,9,4,0.4444444444444444,7,6,0.8571428571428571,4,1,False,0.35714285714285715
joint_heat_ridge_state_loco_lambda100_kg_temporal_and_spatial_margin0p5_windows2_maxmargin1p0,ridge_state_loco_lambda100,temporal_and_spatial,0.5,2.0,1.0,37,14,5,0.35714285714285715,23,19,0.8260869565217391,0.5916149068322981,9,4,0.4444444444444444,7,6,0.8571428571428571,4,2,False,0.35714285714285715
joint_heat_ridge_state_loco_lambda100_kg_temporal_or_spatial_margin0p5_windows2_maxmargin0p0,ridge_state_loco_lambda100,temporal_or_spatial,0.5,2.0,0.0,37,14,5,0.35714285714285715,23,19,0.8260869565217391,0.5916149068322981,9,4,0.4444444444444444,7,6,0.8571428571428571,4,3,False,0.35714285714285715
joint_heat_ridge_state_loco_lambda100_kg_temporal_or_spatial_margin0p5_windows2_maxmargin0p5,ridge_state_loco_lambda100,temporal_or_spatial,0.5,2.0,0.5,37,14,5,0.35714285714285715,23,19,0.8260869565217391,0.5916149068322981,9,4,0.4444444444444444,7,6,0.8571428571428571,4,3,False,0.35714285714285715
joint_heat_ridge_state_loco_lambda10_kg_temporal_near_threshold_margin0p5_windows2_maxmargin0p0,ridge_state_loco_lambda10,temporal_near_threshold,0.5,2.0,0.0,37,14,5,0.35714285714285715,23,19,0.8260869565217391,0.5916149068322981,9,4,0.4444444444444444,7,6,0.8571428571428571,6,1,False,0.35714285714285715
joint_heat_ridge_state_loco_lambda10_kg_temporal_near_threshold_margin0p5_windows2_maxmargin0p5,ridge_state_loco_lambda10,temporal_near_threshold,0.5,2.0,0.5,37,14,5,0.35714285714285715,23,19,0.8260869565217391,0.5916149068322981,9,4,0.4444444444444444,7,6,0.8571428571428571,6,1,False,0.35714285714285715
joint_heat_ridge_state_loco_lambda10_kg_temporal_near_threshold_margin0p5_windows2_maxmargin1p0,ridge_state_loco_lambda10,temporal_near_threshold,0.5,2.0,1.0,37,14,5,0.35714285714285715,23,19,0.8260869565217391,0.5916149068322981,9,4,0.4444444444444444,7,6,0.8571428571428571,6,1,False,0.35714285714285715
joint_heat_ridge_state_loco_lambda10_kg_temporal_and_spatial_margin0p5_windows2_maxmargin1p0,ridge_state_loco_lambda10,temporal_and_spatial,0.5,2.0,1.0,37,14,5,0.35714285714285715,23,19,0.8260869565217391,0.5916149068322981,9,4,0.4444444444444444,7,6,0.8571428571428571,6,2,False,0.35714285714285715
joint_heat_ridge_state_loco_lambda10_kg_temporal_or_spatial_margin0p5_windows2_maxmargin0p0,ridge_state_loco_lambda10,temporal_or_spatial,0.5,2.0,0.0,37,14,5,0.35714285714285715,23,19,0.8260869565217391,0.5916149068322981,9,4,0.4444444444444444,7,6,0.8571428571428571,6,3,False,0.35714285714285715
joint_heat_ridge_state_loco_lambda10_kg_temporal_or_spatial_margin0p5_windows2_maxmargin0p5,ridge_state_loco_lambda10,temporal_or_spatial,0.5,2.0,0.5,37,14,5,0.35714285714285715,23,19,0.8260869565217391,0.5916149068322981,9,4,0.4444444444444444,7,6,0.8571428571428571,6,3,False,0.35714285714285715
joint_heat_ridge_state_loco_lambda100_kg_spatial_hotspot_margin0p5_windows2_maxmargin1p0,ridge_state_loco_lambda100,spatial_hotspot,0.5,2.0,1.0,37,14,5,0.35714285714285715,23,18,0.782608695652174,0.5698757763975155,9,4,0.4444444444444444,7,6,0.8571428571428571,5,1,False,0.35714285714285715
joint_heat_ridge_state_loco_lambda100_kg_spatial_hotspot_margin0p5_windows3_maxmargin1p0,ridge_state_loco_lambda100,spatial_hotspot,0.5,3.0,1.0,37,14,5,0.35714285714285715,23,18,0.782608695652174,0.5698757763975155,9,4,0.4444444444444444,7,6,0.8571428571428571,5,1,False,0.35714285714285715
joint_heat_ridge_state_loco_lambda100_kg_temporal_or_spatial_margin0p5_windows2_maxmargin1p0,ridge_state_loco_lambda100,temporal_or_spatial,0.5,2.0,1.0,37,14,5,0.35714285714285715,23,18,0.782608695652174,0.5698757763975155,9,4,0.4444444444444444,7,6,0.8571428571428571,5,3,False,0.35714285714285715
joint_heat_ridge_state_loco_lambda100_kg_temporal_or_spatial_margin0p5_windows3_maxmargin1p0,ridge_state_loco_lambda100,temporal_or_spatial,0.5,3.0,1.0,37,14,5,0.35714285714285715,23,18,0.782608695652174,0.5698757763975155,9,4,0.4444444444444444,7,6,0.8571428571428571,5,3,False,0.35714285714285715
joint_heat_ridge_state_loco_lambda10_kg_spatial_hotspot_margin0p5_windows2_maxmargin1p0,ridge_state_loco_lambda10,spatial_hotspot,0.5,2.0,1.0,37,14,5,0.35714285714285715,23,18,0.782608695652174,0.5698757763975155,9,4,0.4444444444444444,7,6,0.8571428571428571,7,1,False,0.35714285714285715
joint_heat_ridge_state_loco_lambda10_kg_spatial_hotspot_margin0p5_windows3_maxmargin1p0,ridge_state_loco_lambda10,spatial_hotspot,0.5,3.0,1.0,37,14,5,0.35714285714285715,23,18,0.782608695652174,0.5698757763975155,9,4,0.4444444444444444,7,6,0.8571428571428571,7,1,False,0.35714285714285715
joint_heat_ridge_state_loco_lambda10_kg_temporal_or_spatial_margin0p5_windows2_maxmargin1p0,ridge_state_loco_lambda10,temporal_or_spatial,0.5,2.0,1.0,37,14,5,0.35714285714285715,23,18,0.782608695652174,0.5698757763975155,9,4,0.4444444444444444,7,6,0.8571428571428571,7,3,False,0.35714285714285715
joint_heat_ridge_state_loco_lambda10_kg_temporal_or_spatial_margin0p5_windows3_maxmargin1p0,ridge_state_loco_lambda10,temporal_or_spatial,0.5,3.0,1.0,37,14,5,0.35714285714285715,23,18,0.782608695652174,0.5698757763975155,9,4,0.4444444444444444,7,6,0.8571428571428571,7,3,False,0.35714285714285715
joint_heat_blend025_pooled_loco_kg_temporal_or_spatial_margin2p5_windows3_maxmargin0p0,blend025_pooled_loco,temporal_or_spatial,2.5,3.0,0.0,37,14,14,1.0,23,8,0.34782608695652173,0.6739130434782609,9,9,1.0,7,4,0.5714285714285714,24,3,False,0.34782608695652173
joint_heat_blend025_pooled_loco_kg_temporal_or_spatial_margin2p5_windows3_maxmargin0p5,blend025_pooled_loco,temporal_or_spatial,2.5,3.0,0.5,37,14,14,1.0,23,8,0.34782608695652173,0.6739130434782609,9,9,1.0,7,4,0.5714285714285714,24,3,False,0.34782608695652173
joint_heat_blend025_pooled_loco_kg_temporal_or_spatial_margin2p5_windows3_maxmargin1p0,blend025_pooled_loco,temporal_or_spatial,2.5,3.0,1.0,37,14,14,1.0,23,8,0.34782608695652173,0.6739130434782609,9,9,1.0,7,4,0.5714285714285714,24,3,False,0.34782608695652173
joint_heat_pooled_median_loco_kg_temporal_or_spatial_margin2p5_windows3_maxmargin0p0,pooled_median_loco,temporal_or_spatial,2.5,3.0,0.0,37,14,14,1.0,23,8,0.34782608695652173,0.6739130434782609,9,9,1.0,7,4,0.5714285714285714,24,3,False,0.34782608695652173
joint_heat_pooled_median_loco_kg_temporal_or_spatial_margin2p5_windows3_maxmargin0p5,pooled_median_loco,temporal_or_spatial,2.5,3.0,0.5,37,14,14,1.0,23,8,0.34782608695652173,0.6739130434782609,9,9,1.0,7,4,0.5714285714285714,24,3,False,0.34782608695652173
joint_heat_pooled_median_loco_kg_temporal_or_spatial_margin2p5_windows3_maxmargin1p0,pooled_median_loco,temporal_or_spatial,2.5,3.0,1.0,37,14,14,1.0,23,8,0.34782608695652173,0.6739130434782609,9,9,1.0,7,4,0.5714285714285714,24,3,False,0.34782608695652173
joint_heat_region_lead_shrinkage_loco_kg_temporal_near_threshold_margin2p5_windows2_maxmargin0p0,region_lead_shrinkage_loco,temporal_near_threshold,2.5,2.0,0.0,37,14,14,1.0,23,8,0.34782608695652173,0.6739130434782609,9,9,1.0,7,3,0.42857142857142855,21,1,False,0.34782608695652173
joint_heat_region_lead_shrinkage_loco_kg_temporal_near_threshold_margin2p5_windows2_maxmargin0p5,region_lead_shrinkage_loco,temporal_near_threshold,2.5,2.0,0.5,37,14,14,1.0,23,8,0.34782608695652173,0.6739130434782609,9,9,1.0,7,3,0.42857142857142855,21,1,False,0.34782608695652173
joint_heat_region_lead_shrinkage_loco_kg_temporal_near_threshold_margin2p5_windows2_maxmargin1p0,region_lead_shrinkage_loco,temporal_near_threshold,2.5,2.0,1.0,37,14,14,1.0,23,8,0.34782608695652173,0.6739130434782609,9,9,1.0,7,3,0.42857142857142855,21,1,False,0.34782608695652173
joint_heat_region_lead_shrinkage_loco_kg_temporal_or_spatial_margin2p5_windows2_maxmargin0p0,region_lead_shrinkage_loco,temporal_or_spatial,2.5,2.0,0.0,37,14,14,1.0,23,8,0.34782608695652173,0.6739130434782609,9,9,1.0,7,3,0.42857142857142855,21,3,False,0.34782608695652173
joint_heat_region_lead_shrinkage_loco_kg_temporal_or_spatial_margin2p5_windows2_maxmargin0p5,region_lead_shrinkage_loco,temporal_or_spatial,2.5,2.0,0.5,37,14,14,1.0,23,8,0.34782608695652173,0.6739130434782609,9,9,1.0,7,3,0.42857142857142855,21,3,False,0.34782608695652173
joint_heat_region_lead_shrinkage_loco_kg_temporal_or_spatial_margin2p5_windows2_maxmargin1p0,region_lead_shrinkage_loco,temporal_or_spatial,2.5,2.0,1.0,37,14,14,1.0,23,8,0.34782608695652173,0.6739130434782609,9,9,1.0,7,3,0.42857142857142855,21,3,False,0.34782608695652173
joint_heat_lead_median_loco_kg_temporal_near_threshold_margin2p5_windows2_maxmargin0p0,lead_median_loco,temporal_near_threshold,2.5,2.0,0.0,37,14,14,1.0,23,8,0.34782608695652173,0.6739130434782609,9,9,1.0,7,3,0.42857142857142855,22,1,False,0.34782608695652173
joint_heat_lead_median_loco_kg_temporal_near_threshold_margin2p5_windows2_maxmargin0p5,lead_median_loco,temporal_near_threshold,2.5,2.0,0.5,37,14,14,1.0,23,8,0.34782608695652173,0.6739130434782609,9,9,1.0,7,3,0.42857142857142855,22,1,False,0.34782608695652173
joint_heat_lead_median_loco_kg_temporal_near_threshold_margin2p5_windows2_maxmargin1p0,lead_median_loco,temporal_near_threshold,2.5,2.0,1.0,37,14,14,1.0,23,8,0.34782608695652173,0.6739130434782609,9,9,1.0,7,3,0.42857142857142855,22,1,False,0.34782608695652173
joint_heat_lead_median_loco_kg_temporal_or_spatial_margin2p5_windows2_maxmargin0p0,lead_median_loco,temporal_or_spatial,2.5,2.0,0.0,37,14,14,1.0,23,8,0.34782608695652173,0.6739130434782609,9,9,1.0,7,3,0.42857142857142855,22,3,False,0.34782608695652173
joint_heat_lead_median_loco_kg_temporal_or_spatial_margin2p5_windows2_maxmargin0p5,lead_median_loco,temporal_or_spatial,2.5,2.0,0.5,37,14,14,1.0,23,8,0.34782608695652173,0.6739130434782609,9,9,1.0,7,3,0.42857142857142855,22,3,False,0.34782608695652173
joint_heat_lead_median_loco_kg_temporal_or_spatial_margin2p5_windows2_maxmargin1p0,lead_median_loco,temporal_or_spatial,2.5,2.0,1.0,37,14,14,1.0,23,8,0.34782608695652173,0.6739130434782609,9,9,1.0,7,3,0.42857142857142855,22,3,False,0.34782608695652173
joint_heat_blend050_pooled_loco_kg_temporal_near_threshold_margin2p5_windows2_maxmargin0p0,blend050_pooled_loco,temporal_near_threshold,2.5,2.0,0.0,37,14,14,1.0,23,8,0.34782608695652173,0.6739130434782609,9,9,1.0,7,3,0.42857142857142855,26,1,False,0.34782608695652173
joint_heat_blend050_pooled_loco_kg_temporal_near_threshold_margin2p5_windows2_maxmargin0p5,blend050_pooled_loco,temporal_near_threshold,2.5,2.0,0.5,37,14,14,1.0,23,8,0.34782608695652173,0.6739130434782609,9,9,1.0,7,3,0.42857142857142855,26,1,False,0.34782608695652173
joint_heat_blend050_pooled_loco_kg_temporal_near_threshold_margin2p5_windows2_maxmargin1p0,blend050_pooled_loco,temporal_near_threshold,2.5,2.0,1.0,37,14,14,1.0,23,8,0.34782608695652173,0.6739130434782609,9,9,1.0,7,3,0.42857142857142855,26,1,False,0.34782608695652173
joint_heat_blend075_pooled_loco_kg_temporal_near_threshold_margin2p5_windows2_maxmargin0p0,blend075_pooled_loco,temporal_near_threshold,2.5,2.0,0.0,37,14,14,1.0,23,8,0.34782608695652173,0.6739130434782609,9,9,1.0,7,3,0.42857142857142855,26,1,False,0.34782608695652173
joint_heat_blend075_pooled_loco_kg_temporal_near_threshold_margin2p5_windows2_maxmargin0p5,blend075_pooled_loco,temporal_near_threshold,2.5,2.0,0.5,37,14,14,1.0,23,8,0.34782608695652173,0.6739130434782609,9,9,1.0,7,3,0.42857142857142855,26,1,False,0.34782608695652173
joint_heat_blend075_pooled_loco_kg_temporal_near_threshold_margin2p5_windows2_maxmargin1p0,blend075_pooled_loco,temporal_near_threshold,2.5,2.0,1.0,37,14,14,1.0,23,8,0.34782608695652173,0.6739130434782609,9,9,1.0,7,3,0.42857142857142855,26,1,False,0.34782608695652173
joint_heat_blend050_pooled_loco_kg_temporal_or_spatial_margin2p5_windows2_maxmargin0p0,blend050_pooled_loco,temporal_or_spatial,2.5,2.0,0.0,37,14,14,1.0,23,8,0.34782608695652173,0.6739130434782609,9,9,1.0,7,3,0.42857142857142855,26,3,False,0.34782608695652173
joint_heat_blend050_pooled_loco_kg_temporal_or_spatial_margin2p5_windows2_maxmargin0p5,blend050_pooled_loco,temporal_or_spatial,2.5,2.0,0.5,37,14,14,1.0,23,8,0.34782608695652173,0.6739130434782609,9,9,1.0,7,3,0.42857142857142855,26,3,False,0.34782608695652173
joint_heat_blend050_pooled_loco_kg_temporal_or_spatial_margin2p5_windows2_maxmargin1p0,blend050_pooled_loco,temporal_or_spatial,2.5,2.0,1.0,37,14,14,1.0,23,8,0.34782608695652173,0.6739130434782609,9,9,1.0,7,3,0.42857142857142855,26,3,False,0.34782608695652173
joint_heat_blend075_pooled_loco_kg_temporal_or_spatial_margin2p5_windows2_maxmargin0p0,blend075_pooled_loco,temporal_or_spatial,2.5,2.0,0.0,37,14,14,1.0,23,8,0.34782608695652173,0.6739130434782609,9,9,1.0,7,3,0.42857142857142855,26,3,False,0.34782608695652173
joint_heat_blend075_pooled_loco_kg_temporal_or_spatial_margin2p5_windows2_maxmargin0p5,blend075_pooled_loco,temporal_or_spatial,2.5,2.0,0.5,37,14,14,1.0,23,8,0.34782608695652173,0.6739130434782609,9,9,1.0,7,3,0.42857142857142855,26,3,False,0.34782608695652173
joint_heat_blend075_pooled_loco_kg_temporal_or_spatial_margin2p5_windows2_maxmargin1p0,blend075_pooled_loco,temporal_or_spatial,2.5,2.0,1.0,37,14,14,1.0,23,8,0.34782608695652173,0.6739130434782609,9,9,1.0,7,3,0.42857142857142855,26,3,False,0.34782608695652173
joint_heat_ridge_state_loco_lambda10_kg_temporal_near_threshold_margin2p5_windows2_maxmargin0p0,ridge_state_loco_lambda10,temporal_near_threshold,2.5,2.0,0.0,37,14,14,1.0,23,8,0.34782608695652173,0.6739130434782609,9,9,1.0,7,3,0.42857142857142855,30,1,False,0.34782608695652173
joint_heat_ridge_state_loco_lambda10_kg_temporal_near_threshold_margin2p5_windows2_maxmargin0p5,ridge_state_loco_lambda10,temporal_near_threshold,2.5,2.0,0.5,37,14,14,1.0,23,8,0.34782608695652173,0.6739130434782609,9,9,1.0,7,3,0.42857142857142855,30,1,False,0.34782608695652173
joint_heat_ridge_state_loco_lambda10_kg_temporal_near_threshold_margin2p5_windows2_maxmargin1p0,ridge_state_loco_lambda10,temporal_near_threshold,2.5,2.0,1.0,37,14,14,1.0,23,8,0.34782608695652173,0.6739130434782609,9,9,1.0,7,3,0.42857142857142855,30,1,False,0.34782608695652173
joint_heat_ridge_state_loco_lambda10_kg_temporal_or_spatial_margin2p5_windows2_maxmargin0p0,ridge_state_loco_lambda10,temporal_or_spatial,2.5,2.0,0.0,37,14,14,1.0,23,8,0.34782608695652173,0.6739130434782609,9,9,1.0,7,3,0.42857142857142855,30,3,False,0.34782608695652173
joint_heat_ridge_state_loco_lambda10_kg_temporal_or_spatial_margin2p5_windows2_maxmargin0p5,ridge_state_loco_lambda10,temporal_or_spatial,2.5,2.0,0.5,37,14,14,1.0,23,8,0.34782608695652173,0.6739130434782609,9,9,1.0,7,3,0.42857142857142855,30,3,False,0.34782608695652173
joint_heat_ridge_state_loco_lambda10_kg_temporal_or_spatial_margin2p5_windows2_maxmargin1p0,ridge_state_loco_lambda10,temporal_or_spatial,2.5,2.0,1.0,37,14,14,1.0,23,8,0.34782608695652173,0.6739130434782609,9,9,1.0,7,3,0.42857142857142855,30,3,False,0.34782608695652173
joint_heat_region_median_loco_kg_temporal_or_spatial_margin2p0_windows2_maxmargin0p0,region_median_loco,temporal_or_spatial,2.0,2.0,0.0,37,14,13,0.9285714285714286,23,8,0.34782608695652173,0.6381987577639752,9,8,0.8888888888888888,7,3,0.42857142857142855,22,3,False,0.34782608695652173
joint_heat_region_median_loco_kg_temporal_or_spatial_margin2p0_windows2_maxmargin0p5,region_median_loco,temporal_or_spatial,2.0,2.0,0.5,37,14,13,0.9285714285714286,23,8,0.34782608695652173,0.6381987577639752,9,8,0.8888888888888888,7,3,0.42857142857142855,22,3,False,0.34782608695652173
joint_heat_region_median_loco_kg_temporal_or_spatial_margin2p0_windows2_maxmargin1p0,region_median_loco,temporal_or_spatial,2.0,2.0,1.0,37,14,13,0.9285714285714286,23,8,0.34782608695652173,0.6381987577639752,9,8,0.8888888888888888,7,3,0.42857142857142855,22,3,False,0.34782608695652173
joint_heat_region_median_loco_kg_temporal_near_threshold_margin2p0_windows2_maxmargin0p0,region_median_loco,temporal_near_threshold,2.0,2.0,0.0,37,14,12,0.8571428571428571,23,8,0.34782608695652173,0.6024844720496894,9,8,0.8888888888888888,7,3,0.42857142857142855,21,1,False,0.34782608695652173
joint_heat_region_median_loco_kg_temporal_near_threshold_margin2p0_windows2_maxmargin0p5,region_median_loco,temporal_near_threshold,2.0,2.0,0.5,37,14,12,0.8571428571428571,23,8,0.34782608695652173,0.6024844720496894,9,8,0.8888888888888888,7,3,0.42857142857142855,21,1,False,0.34782608695652173
joint_heat_region_median_loco_kg_temporal_near_threshold_margin2p0_windows2_maxmargin1p0,region_median_loco,temporal_near_threshold,2.0,2.0,1.0,37,14,12,0.8571428571428571,23,8,0.34782608695652173,0.6024844720496894,9,8,0.8888888888888888,7,3,0.42857142857142855,21,1,False,0.34782608695652173
joint_heat_maximum_pooled_loco_kg_temporal_near_threshold_margin2p5_windows2_maxmargin0p0,maximum_pooled_loco,temporal_near_threshold,2.5,2.0,0.0,37,14,12,0.8571428571428571,23,8,0.34782608695652173,0.6024844720496894,9,8,0.8888888888888888,7,3,0.42857142857142855,23,1,False,0.34782608695652173
joint_heat_maximum_pooled_loco_kg_temporal_near_threshold_margin2p5_windows2_maxmargin0p5,maximum_pooled_loco,temporal_near_threshold,2.5,2.0,0.5,37,14,12,0.8571428571428571,23,8,0.34782608695652173,0.6024844720496894,9,8,0.8888888888888888,7,3,0.42857142857142855,23,1,False,0.34782608695652173
joint_heat_maximum_pooled_loco_kg_temporal_near_threshold_margin2p5_windows2_maxmargin1p0,maximum_pooled_loco,temporal_near_threshold,2.5,2.0,1.0,37,14,12,0.8571428571428571,23,8,0.34782608695652173,0.6024844720496894,9,8,0.8888888888888888,7,3,0.42857142857142855,23,1,False,0.34782608695652173
joint_heat_maximum_pooled_loco_kg_temporal_or_spatial_margin2p5_windows2_maxmargin0p0,maximum_pooled_loco,temporal_or_spatial,2.5,2.0,0.0,37,14,12,0.8571428571428571,23,8,0.34782608695652173,0.6024844720496894,9,8,0.8888888888888888,7,3,0.42857142857142855,23,3,False,0.34782608695652173
joint_heat_maximum_pooled_loco_kg_temporal_or_spatial_margin2p5_windows2_maxmargin0p5,maximum_pooled_loco,temporal_or_spatial,2.5,2.0,0.5,37,14,12,0.8571428571428571,23,8,0.34782608695652173,0.6024844720496894,9,8,0.8888888888888888,7,3,0.42857142857142855,23,3,False,0.34782608695652173
joint_heat_maximum_pooled_loco_kg_temporal_or_spatial_margin2p5_windows2_maxmargin1p0,maximum_pooled_loco,temporal_or_spatial,2.5,2.0,1.0,37,14,12,0.8571428571428571,23,8,0.34782608695652173,0.6024844720496894,9,8,0.8888888888888888,7,3,0.42857142857142855,23,3,False,0.34782608695652173
joint_heat_ridge_state_loco_lambda1_kg_spatial_hotspot_margin1p5_windows2_maxmargin0p0,ridge_state_loco_lambda1,spatial_hotspot,1.5,2.0,0.0,37,14,7,0.5,23,22,0.9565217391304348,0.7282608695652174,9,3,0.3333333333333333,7,7,1.0,2,1,False,0.3333333333333333
joint_heat_ridge_state_loco_lambda1_kg_spatial_hotspot_margin1p5_windows3_maxmargin0p0,ridge_state_loco_lambda1,spatial_hotspot,1.5,3.0,0.0,37,14,7,0.5,23,22,0.9565217391304348,0.7282608695652174,9,3,0.3333333333333333,7,7,1.0,2,1,False,0.3333333333333333
joint_heat_ridge_state_loco_lambda1_kg_spatial_hotspot_margin2p0_windows2_maxmargin0p0,ridge_state_loco_lambda1,spatial_hotspot,2.0,2.0,0.0,37,14,7,0.5,23,21,0.9130434782608695,0.7065217391304348,9,3,0.3333333333333333,7,7,1.0,3,1,False,0.3333333333333333
joint_heat_ridge_state_loco_lambda1_kg_spatial_hotspot_margin2p0_windows3_maxmargin0p0,ridge_state_loco_lambda1,spatial_hotspot,2.0,3.0,0.0,37,14,7,0.5,23,21,0.9130434782608695,0.7065217391304348,9,3,0.3333333333333333,7,7,1.0,3,1,False,0.3333333333333333
joint_heat_ridge_state_loco_lambda1_kg_spatial_hotspot_margin2p5_windows2_maxmargin0p0,ridge_state_loco_lambda1,spatial_hotspot,2.5,2.0,0.0,37,14,7,0.5,23,21,0.9130434782608695,0.7065217391304348,9,3,0.3333333333333333,7,7,1.0,3,1,False,0.3333333333333333
joint_heat_ridge_state_loco_lambda1_kg_spatial_hotspot_margin2p5_windows3_maxmargin0p0,ridge_state_loco_lambda1,spatial_hotspot,2.5,3.0,0.0,37,14,7,0.5,23,21,0.9130434782608695,0.7065217391304348,9,3,0.3333333333333333,7,7,1.0,3,1,False,0.3333333333333333
joint_heat_ridge_state_loco_lambda1_kg_temporal_and_spatial_margin2p5_windows2_maxmargin0p0,ridge_state_loco_lambda1,temporal_and_spatial,2.5,2.0,0.0,37,14,7,0.5,23,21,0.9130434782608695,0.7065217391304348,9,3,0.3333333333333333,7,7,1.0,3,2,False,0.3333333333333333
joint_heat_blend075_pooled_loco_kg_none,blend075_pooled_loco,none,,,,37,14,6,0.42857142857142855,23,22,0.9565217391304348,0.6925465838509317,9,3,0.3333333333333333,7,7,1.0,0,0,False,0.3333333333333333
joint_heat_blend075_pooled_loco_kg_spatial_hotspot_margin0p25_windows2_maxmargin0p0,blend075_pooled_loco,spatial_hotspot,0.25,2.0,0.0,37,14,6,0.42857142857142855,23,22,0.9565217391304348,0.6925465838509317,9,3,0.3333333333333333,7,7,1.0,0,1,False,0.3333333333333333
joint_heat_blend075_pooled_loco_kg_spatial_hotspot_margin0p25_windows3_maxmargin0p0,blend075_pooled_loco,spatial_hotspot,0.25,3.0,0.0,37,14,6,0.42857142857142855,23,22,0.9565217391304348,0.6925465838509317,9,3,0.3333333333333333,7,7,1.0,0,1,False,0.3333333333333333
joint_heat_blend075_pooled_loco_kg_temporal_and_spatial_margin0p25_windows2_maxmargin0p0,blend075_pooled_loco,temporal_and_spatial,0.25,2.0,0.0,37,14,6,0.42857142857142855,23,22,0.9565217391304348,0.6925465838509317,9,3,0.3333333333333333,7,7,1.0,0,2,False,0.3333333333333333
joint_heat_blend075_pooled_loco_kg_temporal_and_spatial_margin0p25_windows3_maxmargin0p0,blend075_pooled_loco,temporal_and_spatial,0.25,3.0,0.0,37,14,6,0.42857142857142855,23,22,0.9565217391304348,0.6925465838509317,9,3,0.3333333333333333,7,7,1.0,0,2,False,0.3333333333333333
joint_heat_blend075_pooled_loco_kg_temporal_and_spatial_margin0p5_windows2_maxmargin0p0,blend075_pooled_loco,temporal_and_spatial,0.5,2.0,0.0,37,14,6,0.42857142857142855,23,22,0.9565217391304348,0.6925465838509317,9,3,0.3333333333333333,7,7,1.0,0,2,False,0.3333333333333333
joint_heat_blend075_pooled_loco_kg_temporal_and_spatial_margin0p5_windows3_maxmargin0p0,blend075_pooled_loco,temporal_and_spatial,0.5,3.0,0.0,37,14,6,0.42857142857142855,23,22,0.9565217391304348,0.6925465838509317,9,3,0.3333333333333333,7,7,1.0,0,2,False,0.3333333333333333
joint_heat_blend075_pooled_loco_kg_temporal_and_spatial_margin0p75_windows2_maxmargin0p0,blend075_pooled_loco,temporal_and_spatial,0.75,2.0,0.0,37,14,6,0.42857142857142855,23,22,0.9565217391304348,0.6925465838509317,9,3,0.3333333333333333,7,7,1.0,0,2,False,0.3333333333333333
joint_heat_blend075_pooled_loco_kg_temporal_and_spatial_margin0p75_windows3_maxmargin0p0,blend075_pooled_loco,temporal_and_spatial,0.75,3.0,0.0,37,14,6,0.42857142857142855,23,22,0.9565217391304348,0.6925465838509317,9,3,0.3333333333333333,7,7,1.0,0,2,False,0.3333333333333333
joint_heat_blend075_pooled_loco_kg_temporal_and_spatial_margin1p0_windows2_maxmargin0p0,blend075_pooled_loco,temporal_and_spatial,1.0,2.0,0.0,37,14,6,0.42857142857142855,23,22,0.9565217391304348,0.6925465838509317,9,3,0.3333333333333333,7,7,1.0,0,2,False,0.3333333333333333
joint_heat_blend075_pooled_loco_kg_temporal_and_spatial_margin1p0_windows3_maxmargin0p0,blend075_pooled_loco,temporal_and_spatial,1.0,3.0,0.0,37,14,6,0.42857142857142855,23,22,0.9565217391304348,0.6925465838509317,9,3,0.3333333333333333,7,7,1.0,0,2,False,0.3333333333333333
joint_heat_blend075_pooled_loco_kg_temporal_and_spatial_margin1p25_windows2_maxmargin0p0,blend075_pooled_loco,temporal_and_spatial,1.25,2.0,0.0,37,14,6,0.42857142857142855,23,22,0.9565217391304348,0.6925465838509317,9,3,0.3333333333333333,7,7,1.0,0,2,False,0.3333333333333333
joint_heat_blend075_pooled_loco_kg_temporal_and_spatial_margin1p25_windows3_maxmargin0p0,blend075_pooled_loco,temporal_and_spatial,1.25,3.0,0.0,37,14,6,0.42857142857142855,23,22,0.9565217391304348,0.6925465838509317,9,3,0.3333333333333333,7,7,1.0,0,2,False,0.3333333333333333
joint_heat_blend075_pooled_loco_kg_temporal_and_spatial_margin1p5_windows2_maxmargin0p0,blend075_pooled_loco,temporal_and_spatial,1.5,2.0,0.0,37,14,6,0.42857142857142855,23,22,0.9565217391304348,0.6925465838509317,9,3,0.3333333333333333,7,7,1.0,0,2,False,0.3333333333333333
joint_heat_blend075_pooled_loco_kg_temporal_and_spatial_margin1p5_windows3_maxmargin0p0,blend075_pooled_loco,temporal_and_spatial,1.5,3.0,0.0,37,14,6,0.42857142857142855,23,22,0.9565217391304348,0.6925465838509317,9,3,0.3333333333333333,7,7,1.0,0,2,False,0.3333333333333333
joint_heat_blend075_pooled_loco_kg_temporal_and_spatial_margin2p0_windows2_maxmargin0p0,blend075_pooled_loco,temporal_and_spatial,2.0,2.0,0.0,37,14,6,0.42857142857142855,23,22,0.9565217391304348,0.6925465838509317,9,3,0.3333333333333333,7,7,1.0,0,2,False,0.3333333333333333
joint_heat_blend075_pooled_loco_kg_temporal_and_spatial_margin2p0_windows3_maxmargin0p0,blend075_pooled_loco,temporal_and_spatial,2.0,3.0,0.0,37,14,6,0.42857142857142855,23,22,0.9565217391304348,0.6925465838509317,9,3,0.3333333333333333,7,7,1.0,0,2,False,0.3333333333333333
joint_heat_blend075_pooled_loco_kg_temporal_and_spatial_margin2p5_windows3_maxmargin0p0,blend075_pooled_loco,temporal_and_spatial,2.5,3.0,0.0,37,14,6,0.42857142857142855,23,22,0.9565217391304348,0.6925465838509317,9,3,0.3333333333333333,7,7,1.0,0,2,False,0.3333333333333333
joint_heat_ridge_state_loco_lambda1_kg_spatial_hotspot_margin0p25_windows2_maxmargin0p0,ridge_state_loco_lambda1,spatial_hotspot,0.25,2.0,0.0,37,14,6,0.42857142857142855,23,22,0.9565217391304348,0.6925465838509317,9,3,0.3333333333333333,7,7,1.0,1,1,False,0.3333333333333333
joint_heat_ridge_state_loco_lambda1_kg_spatial_hotspot_margin0p25_windows3_maxmargin0p0,ridge_state_loco_lambda1,spatial_hotspot,0.25,3.0,0.0,37,14,6,0.42857142857142855,23,22,0.9565217391304348,0.6925465838509317,9,3,0.3333333333333333,7,7,1.0,1,1,False,0.3333333333333333
joint_heat_ridge_state_loco_lambda1_kg_spatial_hotspot_margin0p5_windows2_maxmargin0p0,ridge_state_loco_lambda1,spatial_hotspot,0.5,2.0,0.0,37,14,6,0.42857142857142855,23,22,0.9565217391304348,0.6925465838509317,9,3,0.3333333333333333,7,7,1.0,1,1,False,0.3333333333333333
joint_heat_ridge_state_loco_lambda1_kg_spatial_hotspot_margin0p5_windows3_maxmargin0p0,ridge_state_loco_lambda1,spatial_hotspot,0.5,3.0,0.0,37,14,6,0.42857142857142855,23,22,0.9565217391304348,0.6925465838509317,9,3,0.3333333333333333,7,7,1.0,1,1,False,0.3333333333333333
joint_heat_ridge_state_loco_lambda1_kg_spatial_hotspot_margin0p75_windows2_maxmargin0p0,ridge_state_loco_lambda1,spatial_hotspot,0.75,2.0,0.0,37,14,6,0.42857142857142855,23,22,0.9565217391304348,0.6925465838509317,9,3,0.3333333333333333,7,7,1.0,1,1,False,0.3333333333333333
joint_heat_ridge_state_loco_lambda1_kg_spatial_hotspot_margin0p75_windows3_maxmargin0p0,ridge_state_loco_lambda1,spatial_hotspot,0.75,3.0,0.0,37,14,6,0.42857142857142855,23,22,0.9565217391304348,0.6925465838509317,9,3,0.3333333333333333,7,7,1.0,1,1,False,0.3333333333333333
joint_heat_ridge_state_loco_lambda1_kg_spatial_hotspot_margin1p0_windows2_maxmargin0p0,ridge_state_loco_lambda1,spatial_hotspot,1.0,2.0,0.0,37,14,6,0.42857142857142855,23,22,0.9565217391304348,0.6925465838509317,9,3,0.3333333333333333,7,7,1.0,1,1,False,0.3333333333333333
joint_heat_ridge_state_loco_lambda1_kg_spatial_hotspot_margin1p0_windows3_maxmargin0p0,ridge_state_loco_lambda1,spatial_hotspot,1.0,3.0,0.0,37,14,6,0.42857142857142855,23,22,0.9565217391304348,0.6925465838509317,9,3,0.3333333333333333,7,7,1.0,1,1,False,0.3333333333333333
joint_heat_ridge_state_loco_lambda1_kg_spatial_hotspot_margin1p25_windows2_maxmargin0p0,ridge_state_loco_lambda1,spatial_hotspot,1.25,2.0,0.0,37,14,6,0.42857142857142855,23,22,0.9565217391304348,0.6925465838509317,9,3,0.3333333333333333,7,7,1.0,1,1,False,0.3333333333333333
joint_heat_ridge_state_loco_lambda1_kg_spatial_hotspot_margin1p25_windows3_maxmargin0p0,ridge_state_loco_lambda1,spatial_hotspot,1.25,3.0,0.0,37,14,6,0.42857142857142855,23,22,0.9565217391304348,0.6925465838509317,9,3,0.3333333333333333,7,7,1.0,1,1,False,0.3333333333333333
joint_heat_ridge_state_loco_lambda1_kg_temporal_near_threshold_margin0p25_windows3_maxmargin0p0,ridge_state_loco_lambda1,temporal_near_threshold,0.25,3.0,0.0,37,14,6,0.42857142857142855,23,22,0.9565217391304348,0.6925465838509317,9,3,0.3333333333333333,7,7,1.0,1,1,False,0.3333333333333333
joint_heat_ridge_state_loco_lambda1_kg_temporal_near_threshold_margin0p25_windows3_maxmargin0p5,ridge_state_loco_lambda1,temporal_near_threshold,0.25,3.0,0.5,37,14,6,0.42857142857142855,23,22,0.9565217391304348,0.6925465838509317,9,3,0.3333333333333333,7,7,1.0,1,1,False,0.3333333333333333
joint_heat_ridge_state_loco_lambda1_kg_temporal_near_threshold_margin0p25_windows3_maxmargin1p0,ridge_state_loco_lambda1,temporal_near_threshold,0.25,3.0,1.0,37,14,6,0.42857142857142855,23,22,0.9565217391304348,0.6925465838509317,9,3,0.3333333333333333,7,7,1.0,1,1,False,0.3333333333333333
joint_heat_ridge_state_loco_lambda1_kg_temporal_near_threshold_margin0p5_windows3_maxmargin0p0,ridge_state_loco_lambda1,temporal_near_threshold,0.5,3.0,0.0,37,14,6,0.42857142857142855,23,22,0.9565217391304348,0.6925465838509317,9,3,0.3333333333333333,7,7,1.0,1,1,False,0.3333333333333333
joint_heat_ridge_state_loco_lambda1_kg_temporal_near_threshold_margin0p5_windows3_maxmargin0p5,ridge_state_loco_lambda1,temporal_near_threshold,0.5,3.0,0.5,37,14,6,0.42857142857142855,23,22,0.9565217391304348,0.6925465838509317,9,3,0.3333333333333333,7,7,1.0,1,1,False,0.3333333333333333
joint_heat_ridge_state_loco_lambda1_kg_temporal_near_threshold_margin0p5_windows3_maxmargin1p0,ridge_state_loco_lambda1,temporal_near_threshold,0.5,3.0,1.0,37,14,6,0.42857142857142855,23,22,0.9565217391304348,0.6925465838509317,9,3,0.3333333333333333,7,7,1.0,1,1,False,0.3333333333333333
joint_heat_ridge_state_loco_lambda1_kg_temporal_and_spatial_margin0p25_windows2_maxmargin0p0,ridge_state_loco_lambda1,temporal_and_spatial,0.25,2.0,0.0,37,14,6,0.42857142857142855,23,22,0.9565217391304348,0.6925465838509317,9,3,0.3333333333333333,7,7,1.0,1,2,False,0.3333333333333333
joint_heat_ridge_state_loco_lambda1_kg_temporal_and_spatial_margin0p25_windows3_maxmargin0p0,ridge_state_loco_lambda1,temporal_and_spatial,0.25,3.0,0.0,37,14,6,0.42857142857142855,23,22,0.9565217391304348,0.6925465838509317,9,3,0.3333333333333333,7,7,1.0,1,2,False,0.3333333333333333
joint_heat_ridge_state_loco_lambda1_kg_temporal_and_spatial_margin0p25_windows3_maxmargin0p5,ridge_state_loco_lambda1,temporal_and_spatial,0.25,3.0,0.5,37,14,6,0.42857142857142855,23,22,0.9565217391304348,0.6925465838509317,9,3,0.3333333333333333,7,7,1.0,1,2,False,0.3333333333333333
joint_heat_ridge_state_loco_lambda1_kg_temporal_and_spatial_margin0p25_windows3_maxmargin1p0,ridge_state_loco_lambda1,temporal_and_spatial,0.25,3.0,1.0,37,14,6,0.42857142857142855,23,22,0.9565217391304348,0.6925465838509317,9,3,0.3333333333333333,7,7,1.0,1,2,False,0.3333333333333333
joint_heat_ridge_state_loco_lambda1_kg_temporal_and_spatial_margin0p5_windows2_maxmargin0p0,ridge_state_loco_lambda1,temporal_and_spatial,0.5,2.0,0.0,37,14,6,0.42857142857142855,23,22,0.9565217391304348,0.6925465838509317,9,3,0.3333333333333333,7,7,1.0,1,2,False,0.3333333333333333
joint_heat_ridge_state_loco_lambda1_kg_temporal_and_spatial_margin0p5_windows3_maxmargin0p0,ridge_state_loco_lambda1,temporal_and_spatial,0.5,3.0,0.0,37,14,6,0.42857142857142855,23,22,0.9565217391304348,0.6925465838509317,9,3,0.3333333333333333,7,7,1.0,1,2,False,0.3333333333333333
joint_heat_ridge_state_loco_lambda1_kg_temporal_and_spatial_margin0p5_windows3_maxmargin0p5,ridge_state_loco_lambda1,temporal_and_spatial,0.5,3.0,0.5,37,14,6,0.42857142857142855,23,22,0.9565217391304348,0.6925465838509317,9,3,0.3333333333333333,7,7,1.0,1,2,False,0.3333333333333333
joint_heat_ridge_state_loco_lambda1_kg_temporal_and_spatial_margin0p5_windows3_maxmargin1p0,ridge_state_loco_lambda1,temporal_and_spatial,0.5,3.0,1.0,37,14,6,0.42857142857142855,23,22,0.9565217391304348,0.6925465838509317,9,3,0.3333333333333333,7,7,1.0,1,2,False,0.3333333333333333
joint_heat_ridge_state_loco_lambda1_kg_temporal_and_spatial_margin0p75_windows2_maxmargin0p0,ridge_state_loco_lambda1,temporal_and_spatial,0.75,2.0,0.0,37,14,6,0.42857142857142855,23,22,0.9565217391304348,0.6925465838509317,9,3,0.3333333333333333,7,7,1.0,1,2,False,0.3333333333333333
joint_heat_ridge_state_loco_lambda1_kg_temporal_and_spatial_margin0p75_windows3_maxmargin0p0,ridge_state_loco_lambda1,temporal_and_spatial,0.75,3.0,0.0,37,14,6,0.42857142857142855,23,22,0.9565217391304348,0.6925465838509317,9,3,0.3333333333333333,7,7,1.0,1,2,False,0.3333333333333333
joint_heat_ridge_state_loco_lambda1_kg_temporal_and_spatial_margin1p0_windows2_maxmargin0p0,ridge_state_loco_lambda1,temporal_and_spatial,1.0,2.0,0.0,37,14,6,0.42857142857142855,23,22,0.9565217391304348,0.6925465838509317,9,3,0.3333333333333333,7,7,1.0,1,2,False,0.3333333333333333
joint_heat_ridge_state_loco_lambda1_kg_temporal_and_spatial_margin1p0_windows3_maxmargin0p0,ridge_state_loco_lambda1,temporal_and_spatial,1.0,3.0,0.0,37,14,6,0.42857142857142855,23,22,0.9565217391304348,0.6925465838509317,9,3,0.3333333333333333,7,7,1.0,1,2,False,0.3333333333333333
joint_heat_ridge_state_loco_lambda1_kg_temporal_and_spatial_margin1p25_windows2_maxmargin0p0,ridge_state_loco_lambda1,temporal_and_spatial,1.25,2.0,0.0,37,14,6,0.42857142857142855,23,22,0.9565217391304348,0.6925465838509317,9,3,0.3333333333333333,7,7,1.0,1,2,False,0.3333333333333333
joint_heat_ridge_state_loco_lambda1_kg_temporal_and_spatial_margin1p25_windows3_maxmargin0p0,ridge_state_loco_lambda1,temporal_and_spatial,1.25,3.0,0.0,37,14,6,0.42857142857142855,23,22,0.9565217391304348,0.6925465838509317,9,3,0.3333333333333333,7,7,1.0,1,2,False,0.3333333333333333
joint_heat_ridge_state_loco_lambda1_kg_temporal_and_spatial_margin1p5_windows2_maxmargin0p0,ridge_state_loco_lambda1,temporal_and_spatial,1.5,2.0,0.0,37,14,6,0.42857142857142855,23,22,0.9565217391304348,0.6925465838509317,9,3,0.3333333333333333,7,7,1.0,1,2,False,0.3333333333333333
joint_heat_ridge_state_loco_lambda1_kg_temporal_and_spatial_margin1p5_windows3_maxmargin0p0,ridge_state_loco_lambda1,temporal_and_spatial,1.5,3.0,0.0,37,14,6,0.42857142857142855,23,22,0.9565217391304348,0.6925465838509317,9,3,0.3333333333333333,7,7,1.0,1,2,False,0.3333333333333333
joint_heat_ridge_state_loco_lambda1_kg_temporal_and_spatial_margin2p0_windows3_maxmargin0p0,ridge_state_loco_lambda1,temporal_and_spatial,2.0,3.0,0.0,37,14,6,0.42857142857142855,23,22,0.9565217391304348,0.6925465838509317,9,3,0.3333333333333333,7,7,1.0,1,2,False,0.3333333333333333
joint_heat_ridge_state_loco_lambda1_kg_temporal_or_spatial_margin0p25_windows3_maxmargin0p0,ridge_state_loco_lambda1,temporal_or_spatial,0.25,3.0,0.0,37,14,6,0.42857142857142855,23,22,0.9565217391304348,0.6925465838509317,9,3,0.3333333333333333,7,7,1.0,1,3,False,0.3333333333333333
joint_heat_ridge_state_loco_lambda1_kg_temporal_or_spatial_margin0p5_windows3_maxmargin0p0,ridge_state_loco_lambda1,temporal_or_spatial,0.5,3.0,0.0,37,14,6,0.42857142857142855,23,22,0.9565217391304348,0.6925465838509317,9,3,0.3333333333333333,7,7,1.0,1,3,False,0.3333333333333333
joint_heat_ridge_state_loco_lambda100_kg_spatial_hotspot_margin1p5_windows2_maxmargin0p0,ridge_state_loco_lambda100,spatial_hotspot,1.5,2.0,0.0,37,14,6,0.42857142857142855,23,22,0.9565217391304348,0.6925465838509317,9,3,0.3333333333333333,7,7,1.0,2,1,False,0.3333333333333333
joint_heat_ridge_state_loco_lambda100_kg_spatial_hotspot_margin1p5_windows3_maxmargin0p0,ridge_state_loco_lambda100,spatial_hotspot,1.5,3.0,0.0,37,14,6,0.42857142857142855,23,22,0.9565217391304348,0.6925465838509317,9,3,0.3333333333333333,7,7,1.0,2,1,False,0.3333333333333333
joint_heat_ridge_state_loco_lambda100_kg_spatial_hotspot_margin2p0_windows2_maxmargin0p0,ridge_state_loco_lambda100,spatial_hotspot,2.0,2.0,0.0,37,14,6,0.42857142857142855,23,22,0.9565217391304348,0.6925465838509317,9,3,0.3333333333333333,7,7,1.0,2,1,False,0.3333333333333333
joint_heat_ridge_state_loco_lambda100_kg_spatial_hotspot_margin2p0_windows3_maxmargin0p0,ridge_state_loco_lambda100,spatial_hotspot,2.0,3.0,0.0,37,14,6,0.42857142857142855,23,22,0.9565217391304348,0.6925465838509317,9,3,0.3333333333333333,7,7,1.0,2,1,False,0.3333333333333333
joint_heat_ridge_state_loco_lambda100_kg_temporal_and_spatial_margin2p0_windows2_maxmargin0p0,ridge_state_loco_lambda100,temporal_and_spatial,2.0,2.0,0.0,37,14,6,0.42857142857142855,23,22,0.9565217391304348,0.6925465838509317,9,3,0.3333333333333333,7,7,1.0,2,2,False,0.3333333333333333
joint_heat_ridge_state_loco_lambda100_kg_temporal_and_spatial_margin2p5_windows2_maxmargin0p0,ridge_state_loco_lambda100,temporal_and_spatial,2.5,2.0,0.0,37,14,6,0.42857142857142855,23,22,0.9565217391304348,0.6925465838509317,9,3,0.3333333333333333,7,7,1.0,2,2,False,0.3333333333333333
joint_heat_maximum_pooled_loco_kg_spatial_hotspot_margin0p25_windows2_maxmargin0p5,maximum_pooled_loco,spatial_hotspot,0.25,2.0,0.5,37,14,7,0.5,23,20,0.8695652173913043,0.6847826086956521,9,3,0.3333333333333333,7,7,1.0,2,1,False,0.3333333333333333
joint_heat_maximum_pooled_loco_kg_spatial_hotspot_margin0p25_windows2_maxmargin1p0,maximum_pooled_loco,spatial_hotspot,0.25,2.0,1.0,37,14,7,0.5,23,20,0.8695652173913043,0.6847826086956521,9,3,0.3333333333333333,7,7,1.0,2,1,False,0.3333333333333333
joint_heat_maximum_pooled_loco_kg_spatial_hotspot_margin0p25_windows3_maxmargin0p5,maximum_pooled_loco,spatial_hotspot,0.25,3.0,0.5,37,14,7,0.5,23,20,0.8695652173913043,0.6847826086956521,9,3,0.3333333333333333,7,7,1.0,2,1,False,0.3333333333333333
joint_heat_maximum_pooled_loco_kg_spatial_hotspot_margin0p25_windows3_maxmargin1p0,maximum_pooled_loco,spatial_hotspot,0.25,3.0,1.0,37,14,7,0.5,23,20,0.8695652173913043,0.6847826086956521,9,3,0.3333333333333333,7,7,1.0,2,1,False,0.3333333333333333
joint_heat_maximum_pooled_loco_kg_temporal_near_threshold_margin0p25_windows2_maxmargin0p0,maximum_pooled_loco,temporal_near_threshold,0.25,2.0,0.0,37,14,7,0.5,23,20,0.8695652173913043,0.6847826086956521,9,3,0.3333333333333333,7,7,1.0,2,1,False,0.3333333333333333
joint_heat_maximum_pooled_loco_kg_temporal_near_threshold_margin0p25_windows2_maxmargin0p5,maximum_pooled_loco,temporal_near_threshold,0.25,2.0,0.5,37,14,7,0.5,23,20,0.8695652173913043,0.6847826086956521,9,3,0.3333333333333333,7,7,1.0,2,1,False,0.3333333333333333
joint_heat_maximum_pooled_loco_kg_temporal_near_threshold_margin0p25_windows2_maxmargin1p0,maximum_pooled_loco,temporal_near_threshold,0.25,2.0,1.0,37,14,7,0.5,23,20,0.8695652173913043,0.6847826086956521,9,3,0.3333333333333333,7,7,1.0,2,1,False,0.3333333333333333
joint_heat_maximum_pooled_loco_kg_temporal_and_spatial_margin0p25_windows2_maxmargin0p5,maximum_pooled_loco,temporal_and_spatial,0.25,2.0,0.5,37,14,7,0.5,23,20,0.8695652173913043,0.6847826086956521,9,3,0.3333333333333333,7,7,1.0,2,2,False,0.3333333333333333
joint_heat_maximum_pooled_loco_kg_temporal_and_spatial_margin0p25_windows2_maxmargin1p0,maximum_pooled_loco,temporal_and_spatial,0.25,2.0,1.0,37,14,7,0.5,23,20,0.8695652173913043,0.6847826086956521,9,3,0.3333333333333333,7,7,1.0,2,2,False,0.3333333333333333
joint_heat_maximum_pooled_loco_kg_temporal_or_spatial_margin0p25_windows2_maxmargin0p0,maximum_pooled_loco,temporal_or_spatial,0.25,2.0,0.0,37,14,7,0.5,23,20,0.8695652173913043,0.6847826086956521,9,3,0.3333333333333333,7,7,1.0,2,3,False,0.3333333333333333
joint_heat_maximum_pooled_loco_kg_temporal_or_spatial_margin0p25_windows2_maxmargin0p5,maximum_pooled_loco,temporal_or_spatial,0.25,2.0,0.5,37,14,7,0.5,23,20,0.8695652173913043,0.6847826086956521,9,3,0.3333333333333333,7,7,1.0,2,3,False,0.3333333333333333
joint_heat_maximum_pooled_loco_kg_temporal_or_spatial_margin0p25_windows2_maxmargin1p0,maximum_pooled_loco,temporal_or_spatial,0.25,2.0,1.0,37,14,7,0.5,23,20,0.8695652173913043,0.6847826086956521,9,3,0.3333333333333333,7,7,1.0,2,3,False,0.3333333333333333
joint_heat_maximum_pooled_loco_kg_temporal_or_spatial_margin0p25_windows3_maxmargin0p5,maximum_pooled_loco,temporal_or_spatial,0.25,3.0,0.5,37,14,7,0.5,23,20,0.8695652173913043,0.6847826086956521,9,3,0.3333333333333333,7,7,1.0,2,3,False,0.3333333333333333
joint_heat_maximum_pooled_loco_kg_temporal_or_spatial_margin0p25_windows3_maxmargin1p0,maximum_pooled_loco,temporal_or_spatial,0.25,3.0,1.0,37,14,7,0.5,23,20,0.8695652173913043,0.6847826086956521,9,3,0.3333333333333333,7,7,1.0,2,3,False,0.3333333333333333
joint_heat_blend075_pooled_loco_kg_spatial_hotspot_margin0p5_windows2_maxmargin0p0,blend075_pooled_loco,spatial_hotspot,0.5,2.0,0.0,37,14,6,0.42857142857142855,23,21,0.9130434782608695,0.670807453416149,9,3,0.3333333333333333,7,7,1.0,1,1,False,0.3333333333333333
joint_heat_blend075_pooled_loco_kg_spatial_hotspot_margin0p5_windows3_maxmargin0p0,blend075_pooled_loco,spatial_hotspot,0.5,3.0,0.0,37,14,6,0.42857142857142855,23,21,0.9130434782608695,0.670807453416149,9,3,0.3333333333333333,7,7,1.0,1,1,False,0.3333333333333333
joint_heat_blend075_pooled_loco_kg_spatial_hotspot_margin0p75_windows2_maxmargin0p0,blend075_pooled_loco,spatial_hotspot,0.75,2.0,0.0,37,14,6,0.42857142857142855,23,21,0.9130434782608695,0.670807453416149,9,3,0.3333333333333333,7,7,1.0,1,1,False,0.3333333333333333
joint_heat_blend075_pooled_loco_kg_spatial_hotspot_margin0p75_windows3_maxmargin0p0,blend075_pooled_loco,spatial_hotspot,0.75,3.0,0.0,37,14,6,0.42857142857142855,23,21,0.9130434782608695,0.670807453416149,9,3,0.3333333333333333,7,7,1.0,1,1,False,0.3333333333333333
joint_heat_blend075_pooled_loco_kg_spatial_hotspot_margin1p0_windows2_maxmargin0p0,blend075_pooled_loco,spatial_hotspot,1.0,2.0,0.0,37,14,6,0.42857142857142855,23,21,0.9130434782608695,0.670807453416149,9,3,0.3333333333333333,7,7,1.0,1,1,False,0.3333333333333333
joint_heat_blend075_pooled_loco_kg_spatial_hotspot_margin1p0_windows3_maxmargin0p0,blend075_pooled_loco,spatial_hotspot,1.0,3.0,0.0,37,14,6,0.42857142857142855,23,21,0.9130434782608695,0.670807453416149,9,3,0.3333333333333333,7,7,1.0,1,1,False,0.3333333333333333
joint_heat_blend075_pooled_loco_kg_spatial_hotspot_margin1p25_windows2_maxmargin0p0,blend075_pooled_loco,spatial_hotspot,1.25,2.0,0.0,37,14,6,0.42857142857142855,23,21,0.9130434782608695,0.670807453416149,9,3,0.3333333333333333,7,7,1.0,1,1,False,0.3333333333333333
joint_heat_blend075_pooled_loco_kg_spatial_hotspot_margin1p25_windows3_maxmargin0p0,blend075_pooled_loco,spatial_hotspot,1.25,3.0,0.0,37,14,6,0.42857142857142855,23,21,0.9130434782608695,0.670807453416149,9,3,0.3333333333333333,7,7,1.0,1,1,False,0.3333333333333333
joint_heat_blend075_pooled_loco_kg_spatial_hotspot_margin1p5_windows2_maxmargin0p0,blend075_pooled_loco,spatial_hotspot,1.5,2.0,0.0,37,14,6,0.42857142857142855,23,21,0.9130434782608695,0.670807453416149,9,3,0.3333333333333333,7,7,1.0,1,1,False,0.3333333333333333
joint_heat_blend075_pooled_loco_kg_spatial_hotspot_margin1p5_windows3_maxmargin0p0,blend075_pooled_loco,spatial_hotspot,1.5,3.0,0.0,37,14,6,0.42857142857142855,23,21,0.9130434782608695,0.670807453416149,9,3,0.3333333333333333,7,7,1.0,1,1,False,0.3333333333333333
joint_heat_blend075_pooled_loco_kg_spatial_hotspot_margin2p0_windows2_maxmargin0p0,blend075_pooled_loco,spatial_hotspot,2.0,2.0,0.0,37,14,6,0.42857142857142855,23,21,0.9130434782608695,0.670807453416149,9,3,0.3333333333333333,7,7,1.0,1,1,False,0.3333333333333333
joint_heat_blend075_pooled_loco_kg_spatial_hotspot_margin2p0_windows3_maxmargin0p0,blend075_pooled_loco,spatial_hotspot,2.0,3.0,0.0,37,14,6,0.42857142857142855,23,21,0.9130434782608695,0.670807453416149,9,3,0.3333333333333333,7,7,1.0,1,1,False,0.3333333333333333
joint_heat_blend075_pooled_loco_kg_spatial_hotspot_margin2p5_windows2_maxmargin0p0,blend075_pooled_loco,spatial_hotspot,2.5,2.0,0.0,37,14,6,0.42857142857142855,23,21,0.9130434782608695,0.670807453416149,9,3,0.3333333333333333,7,7,1.0,1,1,False,0.3333333333333333
joint_heat_blend075_pooled_loco_kg_spatial_hotspot_margin2p5_windows3_maxmargin0p0,blend075_pooled_loco,spatial_hotspot,2.5,3.0,0.0,37,14,6,0.42857142857142855,23,21,0.9130434782608695,0.670807453416149,9,3,0.3333333333333333,7,7,1.0,1,1,False,0.3333333333333333
joint_heat_blend075_pooled_loco_kg_temporal_and_spatial_margin2p5_windows2_maxmargin0p0,blend075_pooled_loco,temporal_and_spatial,2.5,2.0,0.0,37,14,6,0.42857142857142855,23,21,0.9130434782608695,0.670807453416149,9,3,0.3333333333333333,7,7,1.0,1,2,False,0.3333333333333333
joint_heat_ridge_state_loco_lambda1_kg_temporal_and_spatial_margin2p0_windows2_maxmargin0p0,ridge_state_loco_lambda1,temporal_and_spatial,2.0,2.0,0.0,37,14,6,0.42857142857142855,23,21,0.9130434782608695,0.670807453416149,9,3,0.3333333333333333,7,7,1.0,2,2,False,0.3333333333333333
joint_heat_ridge_state_loco_lambda1_kg_temporal_and_spatial_margin2p5_windows3_maxmargin0p0,ridge_state_loco_lambda1,temporal_and_spatial,2.5,3.0,0.0,37,14,6,0.42857142857142855,23,21,0.9130434782608695,0.670807453416149,9,3,0.3333333333333333,7,7,1.0,2,2,False,0.3333333333333333
joint_heat_ridge_state_loco_lambda100_kg_spatial_hotspot_margin2p5_windows2_maxmargin0p0,ridge_state_loco_lambda100,spatial_hotspot,2.5,2.0,0.0,37,14,6,0.42857142857142855,23,21,0.9130434782608695,0.670807453416149,9,3,0.3333333333333333,7,7,1.0,3,1,False,0.3333333333333333
joint_heat_ridge_state_loco_lambda100_kg_spatial_hotspot_margin2p5_windows3_maxmargin0p0,ridge_state_loco_lambda100,spatial_hotspot,2.5,3.0,0.0,37,14,6,0.42857142857142855,23,21,0.9130434782608695,0.670807453416149,9,3,0.3333333333333333,7,7,1.0,3,1,False,0.3333333333333333
joint_heat_ridge_state_loco_lambda1_kg_none,ridge_state_loco_lambda1,none,,,,37,14,5,0.35714285714285715,23,22,0.9565217391304348,0.656832298136646,9,3,0.3333333333333333,7,7,1.0,0,0,False,0.3333333333333333
joint_heat_ridge_state_loco_lambda100_kg_spatial_hotspot_margin0p25_windows2_maxmargin0p0,ridge_state_loco_lambda100,spatial_hotspot,0.25,2.0,0.0,37,14,5,0.35714285714285715,23,22,0.9565217391304348,0.656832298136646,9,3,0.3333333333333333,7,7,1.0,1,1,False,0.3333333333333333
joint_heat_ridge_state_loco_lambda100_kg_spatial_hotspot_margin0p25_windows3_maxmargin0p0,ridge_state_loco_lambda100,spatial_hotspot,0.25,3.0,0.0,37,14,5,0.35714285714285715,23,22,0.9565217391304348,0.656832298136646,9,3,0.3333333333333333,7,7,1.0,1,1,False,0.3333333333333333
joint_heat_ridge_state_loco_lambda100_kg_spatial_hotspot_margin0p5_windows2_maxmargin0p0,ridge_state_loco_lambda100,spatial_hotspot,0.5,2.0,0.0,37,14,5,0.35714285714285715,23,22,0.9565217391304348,0.656832298136646,9,3,0.3333333333333333,7,7,1.0,1,1,False,0.3333333333333333
joint_heat_ridge_state_loco_lambda100_kg_spatial_hotspot_margin0p5_windows3_maxmargin0p0,ridge_state_loco_lambda100,spatial_hotspot,0.5,3.0,0.0,37,14,5,0.35714285714285715,23,22,0.9565217391304348,0.656832298136646,9,3,0.3333333333333333,7,7,1.0,1,1,False,0.3333333333333333
joint_heat_ridge_state_loco_lambda100_kg_spatial_hotspot_margin0p75_windows2_maxmargin0p0,ridge_state_loco_lambda100,spatial_hotspot,0.75,2.0,0.0,37,14,5,0.35714285714285715,23,22,0.9565217391304348,0.656832298136646,9,3,0.3333333333333333,7,7,1.0,1,1,False,0.3333333333333333
joint_heat_ridge_state_loco_lambda100_kg_spatial_hotspot_margin0p75_windows3_maxmargin0p0,ridge_state_loco_lambda100,spatial_hotspot,0.75,3.0,0.0,37,14,5,0.35714285714285715,23,22,0.9565217391304348,0.656832298136646,9,3,0.3333333333333333,7,7,1.0,1,1,False,0.3333333333333333
joint_heat_ridge_state_loco_lambda100_kg_spatial_hotspot_margin1p0_windows2_maxmargin0p0,ridge_state_loco_lambda100,spatial_hotspot,1.0,2.0,0.0,37,14,5,0.35714285714285715,23,22,0.9565217391304348,0.656832298136646,9,3,0.3333333333333333,7,7,1.0,1,1,False,0.3333333333333333
joint_heat_ridge_state_loco_lambda100_kg_spatial_hotspot_margin1p0_windows3_maxmargin0p0,ridge_state_loco_lambda100,spatial_hotspot,1.0,3.0,0.0,37,14,5,0.35714285714285715,23,22,0.9565217391304348,0.656832298136646,9,3,0.3333333333333333,7,7,1.0,1,1,False,0.3333333333333333
joint_heat_ridge_state_loco_lambda100_kg_spatial_hotspot_margin1p25_windows2_maxmargin0p0,ridge_state_loco_lambda100,spatial_hotspot,1.25,2.0,0.0,37,14,5,0.35714285714285715,23,22,0.9565217391304348,0.656832298136646,9,3,0.3333333333333333,7,7,1.0,1,1,False,0.3333333333333333
joint_heat_ridge_state_loco_lambda100_kg_spatial_hotspot_margin1p25_windows3_maxmargin0p0,ridge_state_loco_lambda100,spatial_hotspot,1.25,3.0,0.0,37,14,5,0.35714285714285715,23,22,0.9565217391304348,0.656832298136646,9,3,0.3333333333333333,7,7,1.0,1,1,False,0.3333333333333333
joint_heat_ridge_state_loco_lambda100_kg_temporal_near_threshold_margin0p25_windows3_maxmargin0p0,ridge_state_loco_lambda100,temporal_near_threshold,0.25,3.0,0.0,37,14,5,0.35714285714285715,23,22,0.9565217391304348,0.656832298136646,9,3,0.3333333333333333,7,7,1.0,1,1,False,0.3333333333333333
joint_heat_ridge_state_loco_lambda100_kg_temporal_near_threshold_margin0p25_windows3_maxmargin0p5,ridge_state_loco_lambda100,temporal_near_threshold,0.25,3.0,0.5,37,14,5,0.35714285714285715,23,22,0.9565217391304348,0.656832298136646,9,3,0.3333333333333333,7,7,1.0,1,1,False,0.3333333333333333
joint_heat_ridge_state_loco_lambda100_kg_temporal_near_threshold_margin0p25_windows3_maxmargin1p0,ridge_state_loco_lambda100,temporal_near_threshold,0.25,3.0,1.0,37,14,5,0.35714285714285715,23,22,0.9565217391304348,0.656832298136646,9,3,0.3333333333333333,7,7,1.0,1,1,False,0.3333333333333333
joint_heat_ridge_state_loco_lambda100_kg_temporal_near_threshold_margin0p5_windows3_maxmargin0p0,ridge_state_loco_lambda100,temporal_near_threshold,0.5,3.0,0.0,37,14,5,0.35714285714285715,23,22,0.9565217391304348,0.656832298136646,9,3,0.3333333333333333,7,7,1.0,1,1,False,0.3333333333333333
joint_heat_ridge_state_loco_lambda100_kg_temporal_near_threshold_margin0p5_windows3_maxmargin0p5,ridge_state_loco_lambda100,temporal_near_threshold,0.5,3.0,0.5,37,14,5,0.35714285714285715,23,22,0.9565217391304348,0.656832298136646,9,3,0.3333333333333333,7,7,1.0,1,1,False,0.3333333333333333
joint_heat_ridge_state_loco_lambda100_kg_temporal_near_threshold_margin0p5_windows3_maxmargin1p0,ridge_state_loco_lambda100,temporal_near_threshold,0.5,3.0,1.0,37,14,5,0.35714285714285715,23,22,0.9565217391304348,0.656832298136646,9,3,0.3333333333333333,7,7,1.0,1,1,False,0.3333333333333333
joint_heat_ridge_state_loco_lambda100_kg_temporal_and_spatial_margin0p25_windows2_maxmargin0p0,ridge_state_loco_lambda100,temporal_and_spatial,0.25,2.0,0.0,37,14,5,0.35714285714285715,23,22,0.9565217391304348,0.656832298136646,9,3,0.3333333333333333,7,7,1.0,1,2,False,0.3333333333333333
joint_heat_ridge_state_loco_lambda100_kg_temporal_and_spatial_margin0p25_windows3_maxmargin0p0,ridge_state_loco_lambda100,temporal_and_spatial,0.25,3.0,0.0,37,14,5,0.35714285714285715,23,22,0.9565217391304348,0.656832298136646,9,3,0.3333333333333333,7,7,1.0,1,2,False,0.3333333333333333
joint_heat_ridge_state_loco_lambda100_kg_temporal_and_spatial_margin0p25_windows3_maxmargin0p5,ridge_state_loco_lambda100,temporal_and_spatial,0.25,3.0,0.5,37,14,5,0.35714285714285715,23,22,0.9565217391304348,0.656832298136646,9,3,0.3333333333333333,7,7,1.0,1,2,False,0.3333333333333333
joint_heat_ridge_state_loco_lambda100_kg_temporal_and_spatial_margin0p25_windows3_maxmargin1p0,ridge_state_loco_lambda100,temporal_and_spatial,0.25,3.0,1.0,37,14,5,0.35714285714285715,23,22,0.9565217391304348,0.656832298136646,9,3,0.3333333333333333,7,7,1.0,1,2,False,0.3333333333333333
joint_heat_ridge_state_loco_lambda100_kg_temporal_and_spatial_margin0p5_windows2_maxmargin0p0,ridge_state_loco_lambda100,temporal_and_spatial,0.5,2.0,0.0,37,14,5,0.35714285714285715,23,22,0.9565217391304348,0.656832298136646,9,3,0.3333333333333333,7,7,1.0,1,2,False,0.3333333333333333
joint_heat_ridge_state_loco_lambda100_kg_temporal_and_spatial_margin0p5_windows3_maxmargin0p0,ridge_state_loco_lambda100,temporal_and_spatial,0.5,3.0,0.0,37,14,5,0.35714285714285715,23,22,0.9565217391304348,0.656832298136646,9,3,0.3333333333333333,7,7,1.0,1,2,False,0.3333333333333333
joint_heat_ridge_state_loco_lambda100_kg_temporal_and_spatial_margin0p5_windows3_maxmargin0p5,ridge_state_loco_lambda100,temporal_and_spatial,0.5,3.0,0.5,37,14,5,0.35714285714285715,23,22,0.9565217391304348,0.656832298136646,9,3,0.3333333333333333,7,7,1.0,1,2,False,0.3333333333333333
joint_heat_ridge_state_loco_lambda100_kg_temporal_and_spatial_margin0p5_windows3_maxmargin1p0,ridge_state_loco_lambda100,temporal_and_spatial,0.5,3.0,1.0,37,14,5,0.35714285714285715,23,22,0.9565217391304348,0.656832298136646,9,3,0.3333333333333333,7,7,1.0,1,2,False,0.3333333333333333
joint_heat_ridge_state_loco_lambda100_kg_temporal_and_spatial_margin0p75_windows2_maxmargin0p0,ridge_state_loco_lambda100,temporal_and_spatial,0.75,2.0,0.0,37,14,5,0.35714285714285715,23,22,0.9565217391304348,0.656832298136646,9,3,0.3333333333333333,7,7,1.0,1,2,False,0.3333333333333333
joint_heat_ridge_state_loco_lambda100_kg_temporal_and_spatial_margin0p75_windows3_maxmargin0p0,ridge_state_loco_lambda100,temporal_and_spatial,0.75,3.0,0.0,37,14,5,0.35714285714285715,23,22,0.9565217391304348,0.656832298136646,9,3,0.3333333333333333,7,7,1.0,1,2,False,0.3333333333333333
joint_heat_ridge_state_loco_lambda100_kg_temporal_and_spatial_margin1p0_windows2_maxmargin0p0,ridge_state_loco_lambda100,temporal_and_spatial,1.0,2.0,0.0,37,14,5,0.35714285714285715,23,22,0.9565217391304348,0.656832298136646,9,3,0.3333333333333333,7,7,1.0,1,2,False,0.3333333333333333
joint_heat_ridge_state_loco_lambda100_kg_temporal_and_spatial_margin1p0_windows3_maxmargin0p0,ridge_state_loco_lambda100,temporal_and_spatial,1.0,3.0,0.0,37,14,5,0.35714285714285715,23,22,0.9565217391304348,0.656832298136646,9,3,0.3333333333333333,7,7,1.0,1,2,False,0.3333333333333333
joint_heat_ridge_state_loco_lambda100_kg_temporal_and_spatial_margin1p25_windows2_maxmargin0p0,ridge_state_loco_lambda100,temporal_and_spatial,1.25,2.0,0.0,37,14,5,0.35714285714285715,23,22,0.9565217391304348,0.656832298136646,9,3,0.3333333333333333,7,7,1.0,1,2,False,0.3333333333333333
joint_heat_ridge_state_loco_lambda100_kg_temporal_and_spatial_margin1p25_windows3_maxmargin0p0,ridge_state_loco_lambda100,temporal_and_spatial,1.25,3.0,0.0,37,14,5,0.35714285714285715,23,22,0.9565217391304348,0.656832298136646,9,3,0.3333333333333333,7,7,1.0,1,2,False,0.3333333333333333
joint_heat_ridge_state_loco_lambda100_kg_temporal_and_spatial_margin1p5_windows2_maxmargin0p0,ridge_state_loco_lambda100,temporal_and_spatial,1.5,2.0,0.0,37,14,5,0.35714285714285715,23,22,0.9565217391304348,0.656832298136646,9,3,0.3333333333333333,7,7,1.0,1,2,False,0.3333333333333333
joint_heat_ridge_state_loco_lambda100_kg_temporal_and_spatial_margin1p5_windows3_maxmargin0p0,ridge_state_loco_lambda100,temporal_and_spatial,1.5,3.0,0.0,37,14,5,0.35714285714285715,23,22,0.9565217391304348,0.656832298136646,9,3,0.3333333333333333,7,7,1.0,1,2,False,0.3333333333333333
joint_heat_ridge_state_loco_lambda100_kg_temporal_and_spatial_margin2p0_windows3_maxmargin0p0,ridge_state_loco_lambda100,temporal_and_spatial,2.0,3.0,0.0,37,14,5,0.35714285714285715,23,22,0.9565217391304348,0.656832298136646,9,3,0.3333333333333333,7,7,1.0,1,2,False,0.3333333333333333
joint_heat_ridge_state_loco_lambda100_kg_temporal_and_spatial_margin2p5_windows3_maxmargin0p0,ridge_state_loco_lambda100,temporal_and_spatial,2.5,3.0,0.0,37,14,5,0.35714285714285715,23,22,0.9565217391304348,0.656832298136646,9,3,0.3333333333333333,7,7,1.0,1,2,False,0.3333333333333333
joint_heat_ridge_state_loco_lambda100_kg_temporal_or_spatial_margin0p25_windows3_maxmargin0p0,ridge_state_loco_lambda100,temporal_or_spatial,0.25,3.0,0.0,37,14,5,0.35714285714285715,23,22,0.9565217391304348,0.656832298136646,9,3,0.3333333333333333,7,7,1.0,1,3,False,0.3333333333333333
joint_heat_ridge_state_loco_lambda100_kg_temporal_or_spatial_margin0p5_windows3_maxmargin0p0,ridge_state_loco_lambda100,temporal_or_spatial,0.5,3.0,0.0,37,14,5,0.35714285714285715,23,22,0.9565217391304348,0.656832298136646,9,3,0.3333333333333333,7,7,1.0,1,3,False,0.3333333333333333
joint_heat_maximum_pooled_loco_kg_temporal_near_threshold_margin0p25_windows3_maxmargin0p0,maximum_pooled_loco,temporal_near_threshold,0.25,3.0,0.0,37,14,6,0.42857142857142855,23,20,0.8695652173913043,0.6490683229813664,9,3,0.3333333333333333,7,7,1.0,1,1,False,0.3333333333333333
joint_heat_maximum_pooled_loco_kg_temporal_near_threshold_margin0p25_windows3_maxmargin0p5,maximum_pooled_loco,temporal_near_threshold,0.25,3.0,0.5,37,14,6,0.42857142857142855,23,20,0.8695652173913043,0.6490683229813664,9,3,0.3333333333333333,7,7,1.0,1,1,False,0.3333333333333333
joint_heat_maximum_pooled_loco_kg_temporal_near_threshold_margin0p25_windows3_maxmargin1p0,maximum_pooled_loco,temporal_near_threshold,0.25,3.0,1.0,37,14,6,0.42857142857142855,23,20,0.8695652173913043,0.6490683229813664,9,3,0.3333333333333333,7,7,1.0,1,1,False,0.3333333333333333
joint_heat_maximum_pooled_loco_kg_temporal_and_spatial_margin0p25_windows3_maxmargin0p5,maximum_pooled_loco,temporal_and_spatial,0.25,3.0,0.5,37,14,6,0.42857142857142855,23,20,0.8695652173913043,0.6490683229813664,9,3,0.3333333333333333,7,7,1.0,1,2,False,0.3333333333333333
joint_heat_maximum_pooled_loco_kg_temporal_and_spatial_margin0p25_windows3_maxmargin1p0,maximum_pooled_loco,temporal_and_spatial,0.25,3.0,1.0,37,14,6,0.42857142857142855,23,20,0.8695652173913043,0.6490683229813664,9,3,0.3333333333333333,7,7,1.0,1,2,False,0.3333333333333333
joint_heat_maximum_pooled_loco_kg_temporal_or_spatial_margin0p25_windows3_maxmargin0p0,maximum_pooled_loco,temporal_or_spatial,0.25,3.0,0.0,37,14,6,0.42857142857142855,23,20,0.8695652173913043,0.6490683229813664,9,3,0.3333333333333333,7,7,1.0,1,3,False,0.3333333333333333
joint_heat_ridge_state_loco_lambda10_kg_temporal_near_threshold_margin0p75_windows3_maxmargin0p0,ridge_state_loco_lambda10,temporal_near_threshold,0.75,3.0,0.0,37,14,5,0.35714285714285715,23,21,0.9130434782608695,0.6350931677018633,9,3,0.3333333333333333,7,7,1.0,4,1,False,0.3333333333333333
joint_heat_ridge_state_loco_lambda10_kg_temporal_near_threshold_margin0p75_windows3_maxmargin0p5,ridge_state_loco_lambda10,temporal_near_threshold,0.75,3.0,0.5,37,14,5,0.35714285714285715,23,21,0.9130434782608695,0.6350931677018633,9,3,0.3333333333333333,7,7,1.0,4,1,False,0.3333333333333333
joint_heat_ridge_state_loco_lambda10_kg_temporal_near_threshold_margin0p75_windows3_maxmargin1p0,ridge_state_loco_lambda10,temporal_near_threshold,0.75,3.0,1.0,37,14,5,0.35714285714285715,23,21,0.9130434782608695,0.6350931677018633,9,3,0.3333333333333333,7,7,1.0,4,1,False,0.3333333333333333
joint_heat_ridge_state_loco_lambda10_kg_temporal_near_threshold_margin1p0_windows3_maxmargin0p0,ridge_state_loco_lambda10,temporal_near_threshold,1.0,3.0,0.0,37,14,5,0.35714285714285715,23,21,0.9130434782608695,0.6350931677018633,9,3,0.3333333333333333,7,7,1.0,4,1,False,0.3333333333333333
joint_heat_ridge_state_loco_lambda10_kg_temporal_near_threshold_margin1p0_windows3_maxmargin0p5,ridge_state_loco_lambda10,temporal_near_threshold,1.0,3.0,0.5,37,14,5,0.35714285714285715,23,21,0.9130434782608695,0.6350931677018633,9,3,0.3333333333333333,7,7,1.0,4,1,False,0.3333333333333333
joint_heat_ridge_state_loco_lambda10_kg_temporal_near_threshold_margin1p0_windows3_maxmargin1p0,ridge_state_loco_lambda10,temporal_near_threshold,1.0,3.0,1.0,37,14,5,0.35714285714285715,23,21,0.9130434782608695,0.6350931677018633,9,3,0.3333333333333333,7,7,1.0,4,1,False,0.3333333333333333
joint_heat_ridge_state_loco_lambda10_kg_temporal_and_spatial_margin0p75_windows3_maxmargin0p5,ridge_state_loco_lambda10,temporal_and_spatial,0.75,3.0,0.5,37,14,5,0.35714285714285715,23,21,0.9130434782608695,0.6350931677018633,9,3,0.3333333333333333,7,7,1.0,4,2,False,0.3333333333333333
joint_heat_ridge_state_loco_lambda10_kg_temporal_and_spatial_margin0p75_windows3_maxmargin1p0,ridge_state_loco_lambda10,temporal_and_spatial,0.75,3.0,1.0,37,14,5,0.35714285714285715,23,21,0.9130434782608695,0.6350931677018633,9,3,0.3333333333333333,7,7,1.0,4,2,False,0.3333333333333333
joint_heat_ridge_state_loco_lambda10_kg_temporal_and_spatial_margin1p0_windows3_maxmargin0p5,ridge_state_loco_lambda10,temporal_and_spatial,1.0,3.0,0.5,37,14,5,0.35714285714285715,23,21,0.9130434782608695,0.6350931677018633,9,3,0.3333333333333333,7,7,1.0,4,2,False,0.3333333333333333
joint_heat_ridge_state_loco_lambda10_kg_temporal_and_spatial_margin1p0_windows3_maxmargin1p0,ridge_state_loco_lambda10,temporal_and_spatial,1.0,3.0,1.0,37,14,5,0.35714285714285715,23,21,0.9130434782608695,0.6350931677018633,9,3,0.3333333333333333,7,7,1.0,4,2,False,0.3333333333333333
joint_heat_ridge_state_loco_lambda10_kg_temporal_or_spatial_margin0p75_windows3_maxmargin0p0,ridge_state_loco_lambda10,temporal_or_spatial,0.75,3.0,0.0,37,14,5,0.35714285714285715,23,21,0.9130434782608695,0.6350931677018633,9,3,0.3333333333333333,7,7,1.0,4,3,False,0.3333333333333333
joint_heat_ridge_state_loco_lambda10_kg_temporal_or_spatial_margin1p0_windows3_maxmargin0p0,ridge_state_loco_lambda10,temporal_or_spatial,1.0,3.0,0.0,37,14,5,0.35714285714285715,23,21,0.9130434782608695,0.6350931677018633,9,3,0.3333333333333333,7,7,1.0,4,3,False,0.3333333333333333
joint_heat_raw_spatial_p95_kg_temporal_or_spatial_margin1p5_windows3_maxmargin0p0,raw_spatial_p95,temporal_or_spatial,1.5,3.0,0.0,37,14,5,0.35714285714285715,23,21,0.9130434782608695,0.6350931677018633,9,3,0.3333333333333333,7,7,1.0,6,3,False,0.3333333333333333
joint_heat_blend025_pooled_loco_kg_temporal_near_threshold_margin2p5_windows2_maxmargin0p0,blend025_pooled_loco,temporal_near_threshold,2.5,2.0,0.0,37,14,14,1.0,23,7,0.30434782608695654,0.6521739130434783,9,9,1.0,7,3,0.42857142857142855,25,1,False,0.30434782608695654
joint_heat_blend025_pooled_loco_kg_temporal_near_threshold_margin2p5_windows2_maxmargin0p5,blend025_pooled_loco,temporal_near_threshold,2.5,2.0,0.5,37,14,14,1.0,23,7,0.30434782608695654,0.6521739130434783,9,9,1.0,7,3,0.42857142857142855,25,1,False,0.30434782608695654
joint_heat_blend025_pooled_loco_kg_temporal_near_threshold_margin2p5_windows2_maxmargin1p0,blend025_pooled_loco,temporal_near_threshold,2.5,2.0,1.0,37,14,14,1.0,23,7,0.30434782608695654,0.6521739130434783,9,9,1.0,7,3,0.42857142857142855,25,1,False,0.30434782608695654
joint_heat_pooled_median_loco_kg_temporal_near_threshold_margin2p5_windows2_maxmargin0p0,pooled_median_loco,temporal_near_threshold,2.5,2.0,0.0,37,14,14,1.0,23,7,0.30434782608695654,0.6521739130434783,9,9,1.0,7,3,0.42857142857142855,25,1,False,0.30434782608695654
joint_heat_pooled_median_loco_kg_temporal_near_threshold_margin2p5_windows2_maxmargin0p5,pooled_median_loco,temporal_near_threshold,2.5,2.0,0.5,37,14,14,1.0,23,7,0.30434782608695654,0.6521739130434783,9,9,1.0,7,3,0.42857142857142855,25,1,False,0.30434782608695654
joint_heat_pooled_median_loco_kg_temporal_near_threshold_margin2p5_windows2_maxmargin1p0,pooled_median_loco,temporal_near_threshold,2.5,2.0,1.0,37,14,14,1.0,23,7,0.30434782608695654,0.6521739130434783,9,9,1.0,7,3,0.42857142857142855,25,1,False,0.30434782608695654
joint_heat_blend025_pooled_loco_kg_temporal_or_spatial_margin2p5_windows2_maxmargin0p0,blend025_pooled_loco,temporal_or_spatial,2.5,2.0,0.0,37,14,14,1.0,23,7,0.30434782608695654,0.6521739130434783,9,9,1.0,7,3,0.42857142857142855,25,3,False,0.30434782608695654
joint_heat_blend025_pooled_loco_kg_temporal_or_spatial_margin2p5_windows2_maxmargin0p5,blend025_pooled_loco,temporal_or_spatial,2.5,2.0,0.5,37,14,14,1.0,23,7,0.30434782608695654,0.6521739130434783,9,9,1.0,7,3,0.42857142857142855,25,3,False,0.30434782608695654
joint_heat_blend025_pooled_loco_kg_temporal_or_spatial_margin2p5_windows2_maxmargin1p0,blend025_pooled_loco,temporal_or_spatial,2.5,2.0,1.0,37,14,14,1.0,23,7,0.30434782608695654,0.6521739130434783,9,9,1.0,7,3,0.42857142857142855,25,3,False,0.30434782608695654
joint_heat_pooled_median_loco_kg_temporal_or_spatial_margin2p5_windows2_maxmargin0p0,pooled_median_loco,temporal_or_spatial,2.5,2.0,0.0,37,14,14,1.0,23,7,0.30434782608695654,0.6521739130434783,9,9,1.0,7,3,0.42857142857142855,25,3,False,0.30434782608695654
joint_heat_pooled_median_loco_kg_temporal_or_spatial_margin2p5_windows2_maxmargin0p5,pooled_median_loco,temporal_or_spatial,2.5,2.0,0.5,37,14,14,1.0,23,7,0.30434782608695654,0.6521739130434783,9,9,1.0,7,3,0.42857142857142855,25,3,False,0.30434782608695654
joint_heat_pooled_median_loco_kg_temporal_or_spatial_margin2p5_windows2_maxmargin1p0,pooled_median_loco,temporal_or_spatial,2.5,2.0,1.0,37,14,14,1.0,23,7,0.30434782608695654,0.6521739130434783,9,9,1.0,7,3,0.42857142857142855,25,3,False,0.30434782608695654
joint_heat_ridge_state_loco_lambda1_kg_temporal_near_threshold_margin2p5_windows2_maxmargin0p0,ridge_state_loco_lambda1,temporal_near_threshold,2.5,2.0,0.0,37,14,14,1.0,23,7,0.30434782608695654,0.6521739130434783,9,9,1.0,7,3,0.42857142857142855,28,1,False,0.30434782608695654
joint_heat_ridge_state_loco_lambda1_kg_temporal_near_threshold_margin2p5_windows2_maxmargin0p5,ridge_state_loco_lambda1,temporal_near_threshold,2.5,2.0,0.5,37,14,14,1.0,23,7,0.30434782608695654,0.6521739130434783,9,9,1.0,7,3,0.42857142857142855,28,1,False,0.30434782608695654
joint_heat_ridge_state_loco_lambda1_kg_temporal_near_threshold_margin2p5_windows2_maxmargin1p0,ridge_state_loco_lambda1,temporal_near_threshold,2.5,2.0,1.0,37,14,14,1.0,23,7,0.30434782608695654,0.6521739130434783,9,9,1.0,7,3,0.42857142857142855,28,1,False,0.30434782608695654
joint_heat_ridge_state_loco_lambda1_kg_temporal_or_spatial_margin2p5_windows2_maxmargin0p0,ridge_state_loco_lambda1,temporal_or_spatial,2.5,2.0,0.0,37,14,14,1.0,23,7,0.30434782608695654,0.6521739130434783,9,9,1.0,7,3,0.42857142857142855,28,3,False,0.30434782608695654
joint_heat_ridge_state_loco_lambda1_kg_temporal_or_spatial_margin2p5_windows2_maxmargin0p5,ridge_state_loco_lambda1,temporal_or_spatial,2.5,2.0,0.5,37,14,14,1.0,23,7,0.30434782608695654,0.6521739130434783,9,9,1.0,7,3,0.42857142857142855,28,3,False,0.30434782608695654
joint_heat_ridge_state_loco_lambda1_kg_temporal_or_spatial_margin2p5_windows2_maxmargin1p0,ridge_state_loco_lambda1,temporal_or_spatial,2.5,2.0,1.0,37,14,14,1.0,23,7,0.30434782608695654,0.6521739130434783,9,9,1.0,7,3,0.42857142857142855,28,3,False,0.30434782608695654
joint_heat_region_median_loco_kg_temporal_or_spatial_margin2p5_windows2_maxmargin0p0,region_median_loco,temporal_or_spatial,2.5,2.0,0.0,37,14,13,0.9285714285714286,23,7,0.30434782608695654,0.6164596273291926,9,8,0.8888888888888888,7,3,0.42857142857142855,23,3,False,0.30434782608695654
joint_heat_region_median_loco_kg_temporal_or_spatial_margin2p5_windows2_maxmargin0p5,region_median_loco,temporal_or_spatial,2.5,2.0,0.5,37,14,13,0.9285714285714286,23,7,0.30434782608695654,0.6164596273291926,9,8,0.8888888888888888,7,3,0.42857142857142855,23,3,False,0.30434782608695654
joint_heat_region_median_loco_kg_temporal_or_spatial_margin2p5_windows2_maxmargin1p0,region_median_loco,temporal_or_spatial,2.5,2.0,1.0,37,14,13,0.9285714285714286,23,7,0.30434782608695654,0.6164596273291926,9,8,0.8888888888888888,7,3,0.42857142857142855,23,3,False,0.30434782608695654
joint_heat_region_median_loco_kg_temporal_or_spatial_margin2p5_windows3_maxmargin0p0,region_median_loco,temporal_or_spatial,2.5,3.0,0.0,37,14,13,0.9285714285714286,23,7,0.30434782608695654,0.6164596273291926,9,8,0.8888888888888888,7,3,0.42857142857142855,23,3,False,0.30434782608695654
joint_heat_region_median_loco_kg_temporal_or_spatial_margin2p5_windows3_maxmargin0p5,region_median_loco,temporal_or_spatial,2.5,3.0,0.5,37,14,13,0.9285714285714286,23,7,0.30434782608695654,0.6164596273291926,9,8,0.8888888888888888,7,3,0.42857142857142855,23,3,False,0.30434782608695654
joint_heat_region_median_loco_kg_temporal_or_spatial_margin2p5_windows3_maxmargin1p0,region_median_loco,temporal_or_spatial,2.5,3.0,1.0,37,14,13,0.9285714285714286,23,7,0.30434782608695654,0.6164596273291926,9,8,0.8888888888888888,7,3,0.42857142857142855,23,3,False,0.30434782608695654
joint_heat_region_median_loco_kg_temporal_near_threshold_margin2p5_windows2_maxmargin0p0,region_median_loco,temporal_near_threshold,2.5,2.0,0.0,37,14,12,0.8571428571428571,23,7,0.30434782608695654,0.5807453416149069,9,8,0.8888888888888888,7,3,0.42857142857142855,22,1,False,0.30434782608695654
joint_heat_region_median_loco_kg_temporal_near_threshold_margin2p5_windows2_maxmargin0p5,region_median_loco,temporal_near_threshold,2.5,2.0,0.5,37,14,12,0.8571428571428571,23,7,0.30434782608695654,0.5807453416149069,9,8,0.8888888888888888,7,3,0.42857142857142855,22,1,False,0.30434782608695654
joint_heat_region_median_loco_kg_temporal_near_threshold_margin2p5_windows2_maxmargin1p0,region_median_loco,temporal_near_threshold,2.5,2.0,1.0,37,14,12,0.8571428571428571,23,7,0.30434782608695654,0.5807453416149069,9,8,0.8888888888888888,7,3,0.42857142857142855,22,1,False,0.30434782608695654
joint_heat_region_median_loco_kg_temporal_near_threshold_margin2p5_windows3_maxmargin0p0,region_median_loco,temporal_near_threshold,2.5,3.0,0.0,37,14,12,0.8571428571428571,23,7,0.30434782608695654,0.5807453416149069,9,8,0.8888888888888888,7,3,0.42857142857142855,22,1,False,0.30434782608695654
joint_heat_region_median_loco_kg_temporal_near_threshold_margin2p5_windows3_maxmargin0p5,region_median_loco,temporal_near_threshold,2.5,3.0,0.5,37,14,12,0.8571428571428571,23,7,0.30434782608695654,0.5807453416149069,9,8,0.8888888888888888,7,3,0.42857142857142855,22,1,False,0.30434782608695654
joint_heat_region_median_loco_kg_temporal_near_threshold_margin2p5_windows3_maxmargin1p0,region_median_loco,temporal_near_threshold,2.5,3.0,1.0,37,14,12,0.8571428571428571,23,7,0.30434782608695654,0.5807453416149069,9,8,0.8888888888888888,7,3,0.42857142857142855,22,1,False,0.30434782608695654
joint_heat_ridge_state_loco_lambda100_kg_none,ridge_state_loco_lambda100,none,,,,37,14,4,0.2857142857142857,23,22,0.9565217391304348,0.6211180124223603,9,3,0.3333333333333333,7,7,1.0,0,0,False,0.2857142857142857
joint_heat_raw_spatial_p95_kg_temporal_near_threshold_margin0p75_windows2_maxmargin0p0,raw_spatial_p95,temporal_near_threshold,0.75,2.0,0.0,37,14,4,0.2857142857142857,23,22,0.9565217391304348,0.6211180124223603,9,3,0.3333333333333333,7,7,1.0,3,1,False,0.2857142857142857
joint_heat_raw_spatial_p95_kg_temporal_near_threshold_margin0p75_windows2_maxmargin0p5,raw_spatial_p95,temporal_near_threshold,0.75,2.0,0.5,37,14,4,0.2857142857142857,23,22,0.9565217391304348,0.6211180124223603,9,3,0.3333333333333333,7,7,1.0,3,1,False,0.2857142857142857
joint_heat_raw_spatial_p95_kg_temporal_near_threshold_margin0p75_windows2_maxmargin1p0,raw_spatial_p95,temporal_near_threshold,0.75,2.0,1.0,37,14,4,0.2857142857142857,23,22,0.9565217391304348,0.6211180124223603,9,3,0.3333333333333333,7,7,1.0,3,1,False,0.2857142857142857
joint_heat_raw_spatial_p95_kg_temporal_and_spatial_margin0p75_windows2_maxmargin0p5,raw_spatial_p95,temporal_and_spatial,0.75,2.0,0.5,37,14,4,0.2857142857142857,23,22,0.9565217391304348,0.6211180124223603,9,3,0.3333333333333333,7,7,1.0,3,2,False,0.2857142857142857
joint_heat_raw_spatial_p95_kg_temporal_and_spatial_margin0p75_windows2_maxmargin1p0,raw_spatial_p95,temporal_and_spatial,0.75,2.0,1.0,37,14,4,0.2857142857142857,23,22,0.9565217391304348,0.6211180124223603,9,3,0.3333333333333333,7,7,1.0,3,2,False,0.2857142857142857
joint_heat_raw_spatial_p95_kg_spatial_hotspot_margin0p75_windows2_maxmargin0p5,raw_spatial_p95,spatial_hotspot,0.75,2.0,0.5,37,14,4,0.2857142857142857,23,22,0.9565217391304348,0.6211180124223603,9,3,0.3333333333333333,7,7,1.0,4,1,False,0.2857142857142857
joint_heat_raw_spatial_p95_kg_spatial_hotspot_margin0p75_windows2_maxmargin1p0,raw_spatial_p95,spatial_hotspot,0.75,2.0,1.0,37,14,4,0.2857142857142857,23,22,0.9565217391304348,0.6211180124223603,9,3,0.3333333333333333,7,7,1.0,4,1,False,0.2857142857142857
joint_heat_raw_spatial_p95_kg_spatial_hotspot_margin0p75_windows3_maxmargin0p5,raw_spatial_p95,spatial_hotspot,0.75,3.0,0.5,37,14,4,0.2857142857142857,23,22,0.9565217391304348,0.6211180124223603,9,3,0.3333333333333333,7,7,1.0,4,1,False,0.2857142857142857
joint_heat_raw_spatial_p95_kg_spatial_hotspot_margin0p75_windows3_maxmargin1p0,raw_spatial_p95,spatial_hotspot,0.75,3.0,1.0,37,14,4,0.2857142857142857,23,22,0.9565217391304348,0.6211180124223603,9,3,0.3333333333333333,7,7,1.0,4,1,False,0.2857142857142857
joint_heat_raw_spatial_p95_kg_temporal_or_spatial_margin0p75_windows2_maxmargin0p0,raw_spatial_p95,temporal_or_spatial,0.75,2.0,0.0,37,14,4,0.2857142857142857,23,22,0.9565217391304348,0.6211180124223603,9,3,0.3333333333333333,7,7,1.0,4,3,False,0.2857142857142857
joint_heat_raw_spatial_p95_kg_temporal_or_spatial_margin0p75_windows2_maxmargin0p5,raw_spatial_p95,temporal_or_spatial,0.75,2.0,0.5,37,14,4,0.2857142857142857,23,22,0.9565217391304348,0.6211180124223603,9,3,0.3333333333333333,7,7,1.0,4,3,False,0.2857142857142857
joint_heat_raw_spatial_p95_kg_temporal_or_spatial_margin0p75_windows2_maxmargin1p0,raw_spatial_p95,temporal_or_spatial,0.75,2.0,1.0,37,14,4,0.2857142857142857,23,22,0.9565217391304348,0.6211180124223603,9,3,0.3333333333333333,7,7,1.0,4,3,False,0.2857142857142857
joint_heat_raw_spatial_p95_kg_temporal_or_spatial_margin0p75_windows3_maxmargin0p5,raw_spatial_p95,temporal_or_spatial,0.75,3.0,0.5,37,14,4,0.2857142857142857,23,22,0.9565217391304348,0.6211180124223603,9,3,0.3333333333333333,7,7,1.0,4,3,False,0.2857142857142857
joint_heat_raw_spatial_p95_kg_temporal_or_spatial_margin0p75_windows3_maxmargin1p0,raw_spatial_p95,temporal_or_spatial,0.75,3.0,1.0,37,14,4,0.2857142857142857,23,22,0.9565217391304348,0.6211180124223603,9,3,0.3333333333333333,7,7,1.0,4,3,False,0.2857142857142857
joint_heat_raw_spatial_p95_kg_temporal_near_threshold_margin1p5_windows3_maxmargin0p0,raw_spatial_p95,temporal_near_threshold,1.5,3.0,0.0,37,14,4,0.2857142857142857,23,21,0.9130434782608695,0.5993788819875776,9,3,0.3333333333333333,7,7,1.0,5,1,False,0.2857142857142857
joint_heat_raw_spatial_p95_kg_temporal_near_threshold_margin1p5_windows3_maxmargin0p5,raw_spatial_p95,temporal_near_threshold,1.5,3.0,0.5,37,14,4,0.2857142857142857,23,21,0.9130434782608695,0.5993788819875776,9,3,0.3333333333333333,7,7,1.0,5,1,False,0.2857142857142857
joint_heat_raw_spatial_p95_kg_temporal_near_threshold_margin1p5_windows3_maxmargin1p0,raw_spatial_p95,temporal_near_threshold,1.5,3.0,1.0,37,14,4,0.2857142857142857,23,21,0.9130434782608695,0.5993788819875776,9,3,0.3333333333333333,7,7,1.0,5,1,False,0.2857142857142857
joint_heat_raw_spatial_p95_kg_temporal_and_spatial_margin1p5_windows3_maxmargin0p5,raw_spatial_p95,temporal_and_spatial,1.5,3.0,0.5,37,14,4,0.2857142857142857,23,21,0.9130434782608695,0.5993788819875776,9,3,0.3333333333333333,7,7,1.0,5,2,False,0.2857142857142857
joint_heat_raw_spatial_p95_kg_temporal_and_spatial_margin1p5_windows3_maxmargin1p0,raw_spatial_p95,temporal_and_spatial,1.5,3.0,1.0,37,14,4,0.2857142857142857,23,21,0.9130434782608695,0.5993788819875776,9,3,0.3333333333333333,7,7,1.0,5,2,False,0.2857142857142857
joint_heat_ridge_state_loco_lambda10_kg_spatial_hotspot_margin1p25_windows2_maxmargin0p0,ridge_state_loco_lambda10,spatial_hotspot,1.25,2.0,0.0,37,14,5,0.35714285714285715,23,22,0.9565217391304348,0.656832298136646,9,2,0.2222222222222222,7,7,1.0,3,1,False,0.2222222222222222
joint_heat_ridge_state_loco_lambda10_kg_spatial_hotspot_margin1p25_windows3_maxmargin0p0,ridge_state_loco_lambda10,spatial_hotspot,1.25,3.0,0.0,37,14,5,0.35714285714285715,23,22,0.9565217391304348,0.656832298136646,9,2,0.2222222222222222,7,7,1.0,3,1,False,0.2222222222222222
joint_heat_ridge_state_loco_lambda10_kg_spatial_hotspot_margin1p5_windows2_maxmargin0p0,ridge_state_loco_lambda10,spatial_hotspot,1.5,2.0,0.0,37,14,5,0.35714285714285715,23,22,0.9565217391304348,0.656832298136646,9,2,0.2222222222222222,7,7,1.0,3,1,False,0.2222222222222222
joint_heat_ridge_state_loco_lambda10_kg_spatial_hotspot_margin1p5_windows3_maxmargin0p0,ridge_state_loco_lambda10,spatial_hotspot,1.5,3.0,0.0,37,14,5,0.35714285714285715,23,22,0.9565217391304348,0.656832298136646,9,2,0.2222222222222222,7,7,1.0,3,1,False,0.2222222222222222
joint_heat_ridge_state_loco_lambda10_kg_spatial_hotspot_margin2p0_windows2_maxmargin0p0,ridge_state_loco_lambda10,spatial_hotspot,2.0,2.0,0.0,37,14,5,0.35714285714285715,23,22,0.9565217391304348,0.656832298136646,9,2,0.2222222222222222,7,7,1.0,3,1,False,0.2222222222222222
joint_heat_ridge_state_loco_lambda10_kg_spatial_hotspot_margin2p0_windows3_maxmargin0p0,ridge_state_loco_lambda10,spatial_hotspot,2.0,3.0,0.0,37,14,5,0.35714285714285715,23,22,0.9565217391304348,0.656832298136646,9,2,0.2222222222222222,7,7,1.0,3,1,False,0.2222222222222222
joint_heat_ridge_state_loco_lambda10_kg_temporal_and_spatial_margin2p0_windows2_maxmargin0p0,ridge_state_loco_lambda10,temporal_and_spatial,2.0,2.0,0.0,37,14,5,0.35714285714285715,23,22,0.9565217391304348,0.656832298136646,9,2,0.2222222222222222,7,7,1.0,3,2,False,0.2222222222222222
joint_heat_raw_spatial_p95_kg_spatial_hotspot_margin2p5_windows2_maxmargin0p0,raw_spatial_p95,spatial_hotspot,2.5,2.0,0.0,37,14,5,0.35714285714285715,23,22,0.9565217391304348,0.656832298136646,9,2,0.2222222222222222,7,7,1.0,5,1,False,0.2222222222222222
joint_heat_raw_spatial_p95_kg_spatial_hotspot_margin2p5_windows3_maxmargin0p0,raw_spatial_p95,spatial_hotspot,2.5,3.0,0.0,37,14,5,0.35714285714285715,23,22,0.9565217391304348,0.656832298136646,9,2,0.2222222222222222,7,7,1.0,5,1,False,0.2222222222222222
joint_heat_ridge_state_loco_lambda10_kg_spatial_hotspot_margin2p5_windows2_maxmargin0p0,ridge_state_loco_lambda10,spatial_hotspot,2.5,2.0,0.0,37,14,5,0.35714285714285715,23,21,0.9130434782608695,0.6350931677018633,9,2,0.2222222222222222,7,7,1.0,4,1,False,0.2222222222222222
joint_heat_ridge_state_loco_lambda10_kg_spatial_hotspot_margin2p5_windows3_maxmargin0p0,ridge_state_loco_lambda10,spatial_hotspot,2.5,3.0,0.0,37,14,5,0.35714285714285715,23,21,0.9130434782608695,0.6350931677018633,9,2,0.2222222222222222,7,7,1.0,4,1,False,0.2222222222222222
joint_heat_ridge_state_loco_lambda10_kg_temporal_and_spatial_margin2p5_windows2_maxmargin0p0,ridge_state_loco_lambda10,temporal_and_spatial,2.5,2.0,0.0,37,14,5,0.35714285714285715,23,21,0.9130434782608695,0.6350931677018633,9,2,0.2222222222222222,7,7,1.0,4,2,False,0.2222222222222222
joint_heat_ridge_state_loco_lambda10_kg_spatial_hotspot_margin0p25_windows2_maxmargin0p0,ridge_state_loco_lambda10,spatial_hotspot,0.25,2.0,0.0,37,14,4,0.2857142857142857,23,22,0.9565217391304348,0.6211180124223603,9,2,0.2222222222222222,7,7,1.0,2,1,False,0.2222222222222222
joint_heat_ridge_state_loco_lambda10_kg_spatial_hotspot_margin0p25_windows3_maxmargin0p0,ridge_state_loco_lambda10,spatial_hotspot,0.25,3.0,0.0,37,14,4,0.2857142857142857,23,22,0.9565217391304348,0.6211180124223603,9,2,0.2222222222222222,7,7,1.0,2,1,False,0.2222222222222222
joint_heat_ridge_state_loco_lambda10_kg_spatial_hotspot_margin0p5_windows2_maxmargin0p0,ridge_state_loco_lambda10,spatial_hotspot,0.5,2.0,0.0,37,14,4,0.2857142857142857,23,22,0.9565217391304348,0.6211180124223603,9,2,0.2222222222222222,7,7,1.0,2,1,False,0.2222222222222222
joint_heat_ridge_state_loco_lambda10_kg_spatial_hotspot_margin0p5_windows3_maxmargin0p0,ridge_state_loco_lambda10,spatial_hotspot,0.5,3.0,0.0,37,14,4,0.2857142857142857,23,22,0.9565217391304348,0.6211180124223603,9,2,0.2222222222222222,7,7,1.0,2,1,False,0.2222222222222222
joint_heat_ridge_state_loco_lambda10_kg_spatial_hotspot_margin0p75_windows2_maxmargin0p0,ridge_state_loco_lambda10,spatial_hotspot,0.75,2.0,0.0,37,14,4,0.2857142857142857,23,22,0.9565217391304348,0.6211180124223603,9,2,0.2222222222222222,7,7,1.0,2,1,False,0.2222222222222222
joint_heat_ridge_state_loco_lambda10_kg_spatial_hotspot_margin0p75_windows3_maxmargin0p0,ridge_state_loco_lambda10,spatial_hotspot,0.75,3.0,0.0,37,14,4,0.2857142857142857,23,22,0.9565217391304348,0.6211180124223603,9,2,0.2222222222222222,7,7,1.0,2,1,False,0.2222222222222222
joint_heat_ridge_state_loco_lambda10_kg_spatial_hotspot_margin1p0_windows2_maxmargin0p0,ridge_state_loco_lambda10,spatial_hotspot,1.0,2.0,0.0,37,14,4,0.2857142857142857,23,22,0.9565217391304348,0.6211180124223603,9,2,0.2222222222222222,7,7,1.0,2,1,False,0.2222222222222222
joint_heat_ridge_state_loco_lambda10_kg_spatial_hotspot_margin1p0_windows3_maxmargin0p0,ridge_state_loco_lambda10,spatial_hotspot,1.0,3.0,0.0,37,14,4,0.2857142857142857,23,22,0.9565217391304348,0.6211180124223603,9,2,0.2222222222222222,7,7,1.0,2,1,False,0.2222222222222222
joint_heat_ridge_state_loco_lambda10_kg_temporal_near_threshold_margin0p25_windows3_maxmargin0p0,ridge_state_loco_lambda10,temporal_near_threshold,0.25,3.0,0.0,37,14,4,0.2857142857142857,23,22,0.9565217391304348,0.6211180124223603,9,2,0.2222222222222222,7,7,1.0,2,1,False,0.2222222222222222
joint_heat_ridge_state_loco_lambda10_kg_temporal_near_threshold_margin0p25_windows3_maxmargin0p5,ridge_state_loco_lambda10,temporal_near_threshold,0.25,3.0,0.5,37,14,4,0.2857142857142857,23,22,0.9565217391304348,0.6211180124223603,9,2,0.2222222222222222,7,7,1.0,2,1,False,0.2222222222222222
joint_heat_ridge_state_loco_lambda10_kg_temporal_near_threshold_margin0p25_windows3_maxmargin1p0,ridge_state_loco_lambda10,temporal_near_threshold,0.25,3.0,1.0,37,14,4,0.2857142857142857,23,22,0.9565217391304348,0.6211180124223603,9,2,0.2222222222222222,7,7,1.0,2,1,False,0.2222222222222222
joint_heat_ridge_state_loco_lambda10_kg_temporal_near_threshold_margin0p5_windows3_maxmargin0p0,ridge_state_loco_lambda10,temporal_near_threshold,0.5,3.0,0.0,37,14,4,0.2857142857142857,23,22,0.9565217391304348,0.6211180124223603,9,2,0.2222222222222222,7,7,1.0,2,1,False,0.2222222222222222
joint_heat_ridge_state_loco_lambda10_kg_temporal_near_threshold_margin0p5_windows3_maxmargin0p5,ridge_state_loco_lambda10,temporal_near_threshold,0.5,3.0,0.5,37,14,4,0.2857142857142857,23,22,0.9565217391304348,0.6211180124223603,9,2,0.2222222222222222,7,7,1.0,2,1,False,0.2222222222222222
joint_heat_ridge_state_loco_lambda10_kg_temporal_near_threshold_margin0p5_windows3_maxmargin1p0,ridge_state_loco_lambda10,temporal_near_threshold,0.5,3.0,1.0,37,14,4,0.2857142857142857,23,22,0.9565217391304348,0.6211180124223603,9,2,0.2222222222222222,7,7,1.0,2,1,False,0.2222222222222222
joint_heat_ridge_state_loco_lambda10_kg_temporal_and_spatial_margin0p25_windows2_maxmargin0p0,ridge_state_loco_lambda10,temporal_and_spatial,0.25,2.0,0.0,37,14,4,0.2857142857142857,23,22,0.9565217391304348,0.6211180124223603,9,2,0.2222222222222222,7,7,1.0,2,2,False,0.2222222222222222
joint_heat_ridge_state_loco_lambda10_kg_temporal_and_spatial_margin0p25_windows3_maxmargin0p0,ridge_state_loco_lambda10,temporal_and_spatial,0.25,3.0,0.0,37,14,4,0.2857142857142857,23,22,0.9565217391304348,0.6211180124223603,9,2,0.2222222222222222,7,7,1.0,2,2,False,0.2222222222222222
joint_heat_ridge_state_loco_lambda10_kg_temporal_and_spatial_margin0p25_windows3_maxmargin0p5,ridge_state_loco_lambda10,temporal_and_spatial,0.25,3.0,0.5,37,14,4,0.2857142857142857,23,22,0.9565217391304348,0.6211180124223603,9,2,0.2222222222222222,7,7,1.0,2,2,False,0.2222222222222222
joint_heat_ridge_state_loco_lambda10_kg_temporal_and_spatial_margin0p25_windows3_maxmargin1p0,ridge_state_loco_lambda10,temporal_and_spatial,0.25,3.0,1.0,37,14,4,0.2857142857142857,23,22,0.9565217391304348,0.6211180124223603,9,2,0.2222222222222222,7,7,1.0,2,2,False,0.2222222222222222
joint_heat_ridge_state_loco_lambda10_kg_temporal_and_spatial_margin0p5_windows2_maxmargin0p0,ridge_state_loco_lambda10,temporal_and_spatial,0.5,2.0,0.0,37,14,4,0.2857142857142857,23,22,0.9565217391304348,0.6211180124223603,9,2,0.2222222222222222,7,7,1.0,2,2,False,0.2222222222222222
joint_heat_ridge_state_loco_lambda10_kg_temporal_and_spatial_margin0p5_windows3_maxmargin0p0,ridge_state_loco_lambda10,temporal_and_spatial,0.5,3.0,0.0,37,14,4,0.2857142857142857,23,22,0.9565217391304348,0.6211180124223603,9,2,0.2222222222222222,7,7,1.0,2,2,False,0.2222222222222222
joint_heat_ridge_state_loco_lambda10_kg_temporal_and_spatial_margin0p5_windows3_maxmargin0p5,ridge_state_loco_lambda10,temporal_and_spatial,0.5,3.0,0.5,37,14,4,0.2857142857142857,23,22,0.9565217391304348,0.6211180124223603,9,2,0.2222222222222222,7,7,1.0,2,2,False,0.2222222222222222
joint_heat_ridge_state_loco_lambda10_kg_temporal_and_spatial_margin0p5_windows3_maxmargin1p0,ridge_state_loco_lambda10,temporal_and_spatial,0.5,3.0,1.0,37,14,4,0.2857142857142857,23,22,0.9565217391304348,0.6211180124223603,9,2,0.2222222222222222,7,7,1.0,2,2,False,0.2222222222222222
joint_heat_ridge_state_loco_lambda10_kg_temporal_and_spatial_margin0p75_windows2_maxmargin0p0,ridge_state_loco_lambda10,temporal_and_spatial,0.75,2.0,0.0,37,14,4,0.2857142857142857,23,22,0.9565217391304348,0.6211180124223603,9,2,0.2222222222222222,7,7,1.0,2,2,False,0.2222222222222222
joint_heat_ridge_state_loco_lambda10_kg_temporal_and_spatial_margin0p75_windows3_maxmargin0p0,ridge_state_loco_lambda10,temporal_and_spatial,0.75,3.0,0.0,37,14,4,0.2857142857142857,23,22,0.9565217391304348,0.6211180124223603,9,2,0.2222222222222222,7,7,1.0,2,2,False,0.2222222222222222
joint_heat_ridge_state_loco_lambda10_kg_temporal_and_spatial_margin1p0_windows2_maxmargin0p0,ridge_state_loco_lambda10,temporal_and_spatial,1.0,2.0,0.0,37,14,4,0.2857142857142857,23,22,0.9565217391304348,0.6211180124223603,9,2,0.2222222222222222,7,7,1.0,2,2,False,0.2222222222222222
joint_heat_ridge_state_loco_lambda10_kg_temporal_and_spatial_margin1p0_windows3_maxmargin0p0,ridge_state_loco_lambda10,temporal_and_spatial,1.0,3.0,0.0,37,14,4,0.2857142857142857,23,22,0.9565217391304348,0.6211180124223603,9,2,0.2222222222222222,7,7,1.0,2,2,False,0.2222222222222222
joint_heat_ridge_state_loco_lambda10_kg_temporal_and_spatial_margin1p25_windows2_maxmargin0p0,ridge_state_loco_lambda10,temporal_and_spatial,1.25,2.0,0.0,37,14,4,0.2857142857142857,23,22,0.9565217391304348,0.6211180124223603,9,2,0.2222222222222222,7,7,1.0,2,2,False,0.2222222222222222
joint_heat_ridge_state_loco_lambda10_kg_temporal_and_spatial_margin1p25_windows3_maxmargin0p0,ridge_state_loco_lambda10,temporal_and_spatial,1.25,3.0,0.0,37,14,4,0.2857142857142857,23,22,0.9565217391304348,0.6211180124223603,9,2,0.2222222222222222,7,7,1.0,2,2,False,0.2222222222222222
joint_heat_ridge_state_loco_lambda10_kg_temporal_and_spatial_margin1p5_windows2_maxmargin0p0,ridge_state_loco_lambda10,temporal_and_spatial,1.5,2.0,0.0,37,14,4,0.2857142857142857,23,22,0.9565217391304348,0.6211180124223603,9,2,0.2222222222222222,7,7,1.0,2,2,False,0.2222222222222222
joint_heat_ridge_state_loco_lambda10_kg_temporal_and_spatial_margin1p5_windows3_maxmargin0p0,ridge_state_loco_lambda10,temporal_and_spatial,1.5,3.0,0.0,37,14,4,0.2857142857142857,23,22,0.9565217391304348,0.6211180124223603,9,2,0.2222222222222222,7,7,1.0,2,2,False,0.2222222222222222
joint_heat_ridge_state_loco_lambda10_kg_temporal_and_spatial_margin2p0_windows3_maxmargin0p0,ridge_state_loco_lambda10,temporal_and_spatial,2.0,3.0,0.0,37,14,4,0.2857142857142857,23,22,0.9565217391304348,0.6211180124223603,9,2,0.2222222222222222,7,7,1.0,2,2,False,0.2222222222222222
joint_heat_ridge_state_loco_lambda10_kg_temporal_and_spatial_margin2p5_windows3_maxmargin0p0,ridge_state_loco_lambda10,temporal_and_spatial,2.5,3.0,0.0,37,14,4,0.2857142857142857,23,22,0.9565217391304348,0.6211180124223603,9,2,0.2222222222222222,7,7,1.0,2,2,False,0.2222222222222222
joint_heat_ridge_state_loco_lambda10_kg_temporal_or_spatial_margin0p25_windows3_maxmargin0p0,ridge_state_loco_lambda10,temporal_or_spatial,0.25,3.0,0.0,37,14,4,0.2857142857142857,23,22,0.9565217391304348,0.6211180124223603,9,2,0.2222222222222222,7,7,1.0,2,3,False,0.2222222222222222
joint_heat_ridge_state_loco_lambda10_kg_temporal_or_spatial_margin0p5_windows3_maxmargin0p0,ridge_state_loco_lambda10,temporal_or_spatial,0.5,3.0,0.0,37,14,4,0.2857142857142857,23,22,0.9565217391304348,0.6211180124223603,9,2,0.2222222222222222,7,7,1.0,2,3,False,0.2222222222222222
joint_heat_raw_spatial_p95_kg_spatial_hotspot_margin1p0_windows2_maxmargin0p0,raw_spatial_p95,spatial_hotspot,1.0,2.0,0.0,37,14,4,0.2857142857142857,23,22,0.9565217391304348,0.6211180124223603,9,2,0.2222222222222222,7,7,1.0,4,1,False,0.2222222222222222
joint_heat_raw_spatial_p95_kg_spatial_hotspot_margin1p0_windows3_maxmargin0p0,raw_spatial_p95,spatial_hotspot,1.0,3.0,0.0,37,14,4,0.2857142857142857,23,22,0.9565217391304348,0.6211180124223603,9,2,0.2222222222222222,7,7,1.0,4,1,False,0.2222222222222222
joint_heat_raw_spatial_p95_kg_spatial_hotspot_margin1p25_windows2_maxmargin0p0,raw_spatial_p95,spatial_hotspot,1.25,2.0,0.0,37,14,4,0.2857142857142857,23,22,0.9565217391304348,0.6211180124223603,9,2,0.2222222222222222,7,7,1.0,4,1,False,0.2222222222222222
joint_heat_raw_spatial_p95_kg_spatial_hotspot_margin1p25_windows3_maxmargin0p0,raw_spatial_p95,spatial_hotspot,1.25,3.0,0.0,37,14,4,0.2857142857142857,23,22,0.9565217391304348,0.6211180124223603,9,2,0.2222222222222222,7,7,1.0,4,1,False,0.2222222222222222
joint_heat_raw_spatial_p95_kg_spatial_hotspot_margin1p5_windows2_maxmargin0p0,raw_spatial_p95,spatial_hotspot,1.5,2.0,0.0,37,14,4,0.2857142857142857,23,22,0.9565217391304348,0.6211180124223603,9,2,0.2222222222222222,7,7,1.0,4,1,False,0.2222222222222222
joint_heat_raw_spatial_p95_kg_spatial_hotspot_margin1p5_windows3_maxmargin0p0,raw_spatial_p95,spatial_hotspot,1.5,3.0,0.0,37,14,4,0.2857142857142857,23,22,0.9565217391304348,0.6211180124223603,9,2,0.2222222222222222,7,7,1.0,4,1,False,0.2222222222222222
joint_heat_raw_spatial_p95_kg_spatial_hotspot_margin2p0_windows2_maxmargin0p0,raw_spatial_p95,spatial_hotspot,2.0,2.0,0.0,37,14,4,0.2857142857142857,23,22,0.9565217391304348,0.6211180124223603,9,2,0.2222222222222222,7,7,1.0,4,1,False,0.2222222222222222
joint_heat_raw_spatial_p95_kg_spatial_hotspot_margin2p0_windows3_maxmargin0p0,raw_spatial_p95,spatial_hotspot,2.0,3.0,0.0,37,14,4,0.2857142857142857,23,22,0.9565217391304348,0.6211180124223603,9,2,0.2222222222222222,7,7,1.0,4,1,False,0.2222222222222222
joint_heat_raw_spatial_p95_kg_temporal_and_spatial_margin1p0_windows2_maxmargin0p0,raw_spatial_p95,temporal_and_spatial,1.0,2.0,0.0,37,14,4,0.2857142857142857,23,22,0.9565217391304348,0.6211180124223603,9,2,0.2222222222222222,7,7,1.0,4,2,False,0.2222222222222222
joint_heat_raw_spatial_p95_kg_temporal_and_spatial_margin1p25_windows2_maxmargin0p0,raw_spatial_p95,temporal_and_spatial,1.25,2.0,0.0,37,14,4,0.2857142857142857,23,22,0.9565217391304348,0.6211180124223603,9,2,0.2222222222222222,7,7,1.0,4,2,False,0.2222222222222222
joint_heat_raw_spatial_p95_kg_temporal_and_spatial_margin1p5_windows2_maxmargin0p0,raw_spatial_p95,temporal_and_spatial,1.5,2.0,0.0,37,14,4,0.2857142857142857,23,22,0.9565217391304348,0.6211180124223603,9,2,0.2222222222222222,7,7,1.0,4,2,False,0.2222222222222222
joint_heat_raw_spatial_p95_kg_temporal_and_spatial_margin2p0_windows2_maxmargin0p0,raw_spatial_p95,temporal_and_spatial,2.0,2.0,0.0,37,14,4,0.2857142857142857,23,22,0.9565217391304348,0.6211180124223603,9,2,0.2222222222222222,7,7,1.0,4,2,False,0.2222222222222222
joint_heat_raw_spatial_p95_kg_temporal_and_spatial_margin2p0_windows3_maxmargin0p0,raw_spatial_p95,temporal_and_spatial,2.0,3.0,0.0,37,14,4,0.2857142857142857,23,22,0.9565217391304348,0.6211180124223603,9,2,0.2222222222222222,7,7,1.0,4,2,False,0.2222222222222222
joint_heat_raw_spatial_p95_kg_temporal_and_spatial_margin2p5_windows2_maxmargin0p0,raw_spatial_p95,temporal_and_spatial,2.5,2.0,0.0,37,14,4,0.2857142857142857,23,22,0.9565217391304348,0.6211180124223603,9,2,0.2222222222222222,7,7,1.0,4,2,False,0.2222222222222222
joint_heat_raw_spatial_p95_kg_temporal_and_spatial_margin2p5_windows3_maxmargin0p0,raw_spatial_p95,temporal_and_spatial,2.5,3.0,0.0,37,14,4,0.2857142857142857,23,22,0.9565217391304348,0.6211180124223603,9,2,0.2222222222222222,7,7,1.0,4,2,False,0.2222222222222222
joint_heat_raw_spatial_p95_kg_temporal_or_spatial_margin1p0_windows3_maxmargin0p0,raw_spatial_p95,temporal_or_spatial,1.0,3.0,0.0,37,14,4,0.2857142857142857,23,22,0.9565217391304348,0.6211180124223603,9,2,0.2222222222222222,7,7,1.0,4,3,False,0.2222222222222222
joint_heat_raw_spatial_p95_kg_temporal_or_spatial_margin1p25_windows3_maxmargin0p0,raw_spatial_p95,temporal_or_spatial,1.25,3.0,0.0,37,14,4,0.2857142857142857,23,22,0.9565217391304348,0.6211180124223603,9,2,0.2222222222222222,7,7,1.0,4,3,False,0.2222222222222222
joint_heat_maximum_pooled_loco_kg_none,maximum_pooled_loco,none,,,,37,14,5,0.35714285714285715,23,20,0.8695652173913043,0.6133540372670807,9,2,0.2222222222222222,7,7,1.0,0,0,False,0.2222222222222222
joint_heat_maximum_pooled_loco_kg_spatial_hotspot_margin0p25_windows2_maxmargin0p0,maximum_pooled_loco,spatial_hotspot,0.25,2.0,0.0,37,14,5,0.35714285714285715,23,20,0.8695652173913043,0.6133540372670807,9,2,0.2222222222222222,7,7,1.0,0,1,False,0.2222222222222222
joint_heat_maximum_pooled_loco_kg_spatial_hotspot_margin0p25_windows3_maxmargin0p0,maximum_pooled_loco,spatial_hotspot,0.25,3.0,0.0,37,14,5,0.35714285714285715,23,20,0.8695652173913043,0.6133540372670807,9,2,0.2222222222222222,7,7,1.0,0,1,False,0.2222222222222222
joint_heat_maximum_pooled_loco_kg_spatial_hotspot_margin0p5_windows2_maxmargin0p0,maximum_pooled_loco,spatial_hotspot,0.5,2.0,0.0,37,14,5,0.35714285714285715,23,20,0.8695652173913043,0.6133540372670807,9,2,0.2222222222222222,7,7,1.0,0,1,False,0.2222222222222222
joint_heat_maximum_pooled_loco_kg_spatial_hotspot_margin0p5_windows3_maxmargin0p0,maximum_pooled_loco,spatial_hotspot,0.5,3.0,0.0,37,14,5,0.35714285714285715,23,20,0.8695652173913043,0.6133540372670807,9,2,0.2222222222222222,7,7,1.0,0,1,False,0.2222222222222222
joint_heat_maximum_pooled_loco_kg_spatial_hotspot_margin0p75_windows2_maxmargin0p0,maximum_pooled_loco,spatial_hotspot,0.75,2.0,0.0,37,14,5,0.35714285714285715,23,20,0.8695652173913043,0.6133540372670807,9,2,0.2222222222222222,7,7,1.0,0,1,False,0.2222222222222222
joint_heat_maximum_pooled_loco_kg_spatial_hotspot_margin0p75_windows3_maxmargin0p0,maximum_pooled_loco,spatial_hotspot,0.75,3.0,0.0,37,14,5,0.35714285714285715,23,20,0.8695652173913043,0.6133540372670807,9,2,0.2222222222222222,7,7,1.0,0,1,False,0.2222222222222222
joint_heat_maximum_pooled_loco_kg_spatial_hotspot_margin1p0_windows2_maxmargin0p0,maximum_pooled_loco,spatial_hotspot,1.0,2.0,0.0,37,14,5,0.35714285714285715,23,20,0.8695652173913043,0.6133540372670807,9,2,0.2222222222222222,7,7,1.0,0,1,False,0.2222222222222222
joint_heat_maximum_pooled_loco_kg_spatial_hotspot_margin1p0_windows3_maxmargin0p0,maximum_pooled_loco,spatial_hotspot,1.0,3.0,0.0,37,14,5,0.35714285714285715,23,20,0.8695652173913043,0.6133540372670807,9,2,0.2222222222222222,7,7,1.0,0,1,False,0.2222222222222222
joint_heat_maximum_pooled_loco_kg_spatial_hotspot_margin1p25_windows2_maxmargin0p0,maximum_pooled_loco,spatial_hotspot,1.25,2.0,0.0,37,14,5,0.35714285714285715,23,20,0.8695652173913043,0.6133540372670807,9,2,0.2222222222222222,7,7,1.0,0,1,False,0.2222222222222222
joint_heat_maximum_pooled_loco_kg_spatial_hotspot_margin1p25_windows3_maxmargin0p0,maximum_pooled_loco,spatial_hotspot,1.25,3.0,0.0,37,14,5,0.35714285714285715,23,20,0.8695652173913043,0.6133540372670807,9,2,0.2222222222222222,7,7,1.0,0,1,False,0.2222222222222222
joint_heat_maximum_pooled_loco_kg_spatial_hotspot_margin1p5_windows2_maxmargin0p0,maximum_pooled_loco,spatial_hotspot,1.5,2.0,0.0,37,14,5,0.35714285714285715,23,20,0.8695652173913043,0.6133540372670807,9,2,0.2222222222222222,7,7,1.0,0,1,False,0.2222222222222222
joint_heat_maximum_pooled_loco_kg_spatial_hotspot_margin1p5_windows3_maxmargin0p0,maximum_pooled_loco,spatial_hotspot,1.5,3.0,0.0,37,14,5,0.35714285714285715,23,20,0.8695652173913043,0.6133540372670807,9,2,0.2222222222222222,7,7,1.0,0,1,False,0.2222222222222222
joint_heat_maximum_pooled_loco_kg_spatial_hotspot_margin2p0_windows2_maxmargin0p0,maximum_pooled_loco,spatial_hotspot,2.0,2.0,0.0,37,14,5,0.35714285714285715,23,20,0.8695652173913043,0.6133540372670807,9,2,0.2222222222222222,7,7,1.0,0,1,False,0.2222222222222222
joint_heat_maximum_pooled_loco_kg_spatial_hotspot_margin2p0_windows3_maxmargin0p0,maximum_pooled_loco,spatial_hotspot,2.0,3.0,0.0,37,14,5,0.35714285714285715,23,20,0.8695652173913043,0.6133540372670807,9,2,0.2222222222222222,7,7,1.0,0,1,False,0.2222222222222222
joint_heat_maximum_pooled_loco_kg_spatial_hotspot_margin2p5_windows2_maxmargin0p0,maximum_pooled_loco,spatial_hotspot,2.5,2.0,0.0,37,14,5,0.35714285714285715,23,20,0.8695652173913043,0.6133540372670807,9,2,0.2222222222222222,7,7,1.0,0,1,False,0.2222222222222222
joint_heat_maximum_pooled_loco_kg_spatial_hotspot_margin2p5_windows3_maxmargin0p0,maximum_pooled_loco,spatial_hotspot,2.5,3.0,0.0,37,14,5,0.35714285714285715,23,20,0.8695652173913043,0.6133540372670807,9,2,0.2222222222222222,7,7,1.0,0,1,False,0.2222222222222222
joint_heat_maximum_pooled_loco_kg_temporal_and_spatial_margin0p25_windows2_maxmargin0p0,maximum_pooled_loco,temporal_and_spatial,0.25,2.0,0.0,37,14,5,0.35714285714285715,23,20,0.8695652173913043,0.6133540372670807,9,2,0.2222222222222222,7,7,1.0,0,2,False,0.2222222222222222
joint_heat_maximum_pooled_loco_kg_temporal_and_spatial_margin0p25_windows3_maxmargin0p0,maximum_pooled_loco,temporal_and_spatial,0.25,3.0,0.0,37,14,5,0.35714285714285715,23,20,0.8695652173913043,0.6133540372670807,9,2,0.2222222222222222,7,7,1.0,0,2,False,0.2222222222222222
joint_heat_maximum_pooled_loco_kg_temporal_and_spatial_margin0p5_windows2_maxmargin0p0,maximum_pooled_loco,temporal_and_spatial,0.5,2.0,0.0,37,14,5,0.35714285714285715,23,20,0.8695652173913043,0.6133540372670807,9,2,0.2222222222222222,7,7,1.0,0,2,False,0.2222222222222222
joint_heat_maximum_pooled_loco_kg_temporal_and_spatial_margin0p5_windows3_maxmargin0p0,maximum_pooled_loco,temporal_and_spatial,0.5,3.0,0.0,37,14,5,0.35714285714285715,23,20,0.8695652173913043,0.6133540372670807,9,2,0.2222222222222222,7,7,1.0,0,2,False,0.2222222222222222
joint_heat_maximum_pooled_loco_kg_temporal_and_spatial_margin0p75_windows2_maxmargin0p0,maximum_pooled_loco,temporal_and_spatial,0.75,2.0,0.0,37,14,5,0.35714285714285715,23,20,0.8695652173913043,0.6133540372670807,9,2,0.2222222222222222,7,7,1.0,0,2,False,0.2222222222222222
joint_heat_maximum_pooled_loco_kg_temporal_and_spatial_margin0p75_windows3_maxmargin0p0,maximum_pooled_loco,temporal_and_spatial,0.75,3.0,0.0,37,14,5,0.35714285714285715,23,20,0.8695652173913043,0.6133540372670807,9,2,0.2222222222222222,7,7,1.0,0,2,False,0.2222222222222222
joint_heat_maximum_pooled_loco_kg_temporal_and_spatial_margin1p0_windows2_maxmargin0p0,maximum_pooled_loco,temporal_and_spatial,1.0,2.0,0.0,37,14,5,0.35714285714285715,23,20,0.8695652173913043,0.6133540372670807,9,2,0.2222222222222222,7,7,1.0,0,2,False,0.2222222222222222
joint_heat_maximum_pooled_loco_kg_temporal_and_spatial_margin1p0_windows3_maxmargin0p0,maximum_pooled_loco,temporal_and_spatial,1.0,3.0,0.0,37,14,5,0.35714285714285715,23,20,0.8695652173913043,0.6133540372670807,9,2,0.2222222222222222,7,7,1.0,0,2,False,0.2222222222222222
joint_heat_maximum_pooled_loco_kg_temporal_and_spatial_margin1p25_windows2_maxmargin0p0,maximum_pooled_loco,temporal_and_spatial,1.25,2.0,0.0,37,14,5,0.35714285714285715,23,20,0.8695652173913043,0.6133540372670807,9,2,0.2222222222222222,7,7,1.0,0,2,False,0.2222222222222222
joint_heat_maximum_pooled_loco_kg_temporal_and_spatial_margin1p25_windows3_maxmargin0p0,maximum_pooled_loco,temporal_and_spatial,1.25,3.0,0.0,37,14,5,0.35714285714285715,23,20,0.8695652173913043,0.6133540372670807,9,2,0.2222222222222222,7,7,1.0,0,2,False,0.2222222222222222
joint_heat_maximum_pooled_loco_kg_temporal_and_spatial_margin1p5_windows2_maxmargin0p0,maximum_pooled_loco,temporal_and_spatial,1.5,2.0,0.0,37,14,5,0.35714285714285715,23,20,0.8695652173913043,0.6133540372670807,9,2,0.2222222222222222,7,7,1.0,0,2,False,0.2222222222222222
joint_heat_maximum_pooled_loco_kg_temporal_and_spatial_margin1p5_windows3_maxmargin0p0,maximum_pooled_loco,temporal_and_spatial,1.5,3.0,0.0,37,14,5,0.35714285714285715,23,20,0.8695652173913043,0.6133540372670807,9,2,0.2222222222222222,7,7,1.0,0,2,False,0.2222222222222222
joint_heat_maximum_pooled_loco_kg_temporal_and_spatial_margin2p0_windows2_maxmargin0p0,maximum_pooled_loco,temporal_and_spatial,2.0,2.0,0.0,37,14,5,0.35714285714285715,23,20,0.8695652173913043,0.6133540372670807,9,2,0.2222222222222222,7,7,1.0,0,2,False,0.2222222222222222
joint_heat_maximum_pooled_loco_kg_temporal_and_spatial_margin2p0_windows3_maxmargin0p0,maximum_pooled_loco,temporal_and_spatial,2.0,3.0,0.0,37,14,5,0.35714285714285715,23,20,0.8695652173913043,0.6133540372670807,9,2,0.2222222222222222,7,7,1.0,0,2,False,0.2222222222222222
joint_heat_maximum_pooled_loco_kg_temporal_and_spatial_margin2p5_windows2_maxmargin0p0,maximum_pooled_loco,temporal_and_spatial,2.5,2.0,0.0,37,14,5,0.35714285714285715,23,20,0.8695652173913043,0.6133540372670807,9,2,0.2222222222222222,7,7,1.0,0,2,False,0.2222222222222222
joint_heat_maximum_pooled_loco_kg_temporal_and_spatial_margin2p5_windows3_maxmargin0p0,maximum_pooled_loco,temporal_and_spatial,2.5,3.0,0.0,37,14,5,0.35714285714285715,23,20,0.8695652173913043,0.6133540372670807,9,2,0.2222222222222222,7,7,1.0,0,2,False,0.2222222222222222
joint_heat_raw_spatial_p95_kg_temporal_near_threshold_margin1p0_windows3_maxmargin0p0,raw_spatial_p95,temporal_near_threshold,1.0,3.0,0.0,37,14,3,0.21428571428571427,23,22,0.9565217391304348,0.5854037267080745,9,2,0.2222222222222222,7,7,1.0,2,1,False,0.21428571428571427
joint_heat_raw_spatial_p95_kg_temporal_near_threshold_margin1p0_windows3_maxmargin0p5,raw_spatial_p95,temporal_near_threshold,1.0,3.0,0.5,37,14,3,0.21428571428571427,23,22,0.9565217391304348,0.5854037267080745,9,2,0.2222222222222222,7,7,1.0,2,1,False,0.21428571428571427
joint_heat_raw_spatial_p95_kg_temporal_near_threshold_margin1p0_windows3_maxmargin1p0,raw_spatial_p95,temporal_near_threshold,1.0,3.0,1.0,37,14,3,0.21428571428571427,23,22,0.9565217391304348,0.5854037267080745,9,2,0.2222222222222222,7,7,1.0,2,1,False,0.21428571428571427
joint_heat_raw_spatial_p95_kg_temporal_near_threshold_margin1p25_windows3_maxmargin0p0,raw_spatial_p95,temporal_near_threshold,1.25,3.0,0.0,37,14,3,0.21428571428571427,23,22,0.9565217391304348,0.5854037267080745,9,2,0.2222222222222222,7,7,1.0,2,1,False,0.21428571428571427
joint_heat_raw_spatial_p95_kg_temporal_near_threshold_margin1p25_windows3_maxmargin0p5,raw_spatial_p95,temporal_near_threshold,1.25,3.0,0.5,37,14,3,0.21428571428571427,23,22,0.9565217391304348,0.5854037267080745,9,2,0.2222222222222222,7,7,1.0,2,1,False,0.21428571428571427
joint_heat_raw_spatial_p95_kg_temporal_near_threshold_margin1p25_windows3_maxmargin1p0,raw_spatial_p95,temporal_near_threshold,1.25,3.0,1.0,37,14,3,0.21428571428571427,23,22,0.9565217391304348,0.5854037267080745,9,2,0.2222222222222222,7,7,1.0,2,1,False,0.21428571428571427
joint_heat_raw_spatial_p95_kg_temporal_and_spatial_margin0p75_windows2_maxmargin0p0,raw_spatial_p95,temporal_and_spatial,0.75,2.0,0.0,37,14,3,0.21428571428571427,23,22,0.9565217391304348,0.5854037267080745,9,2,0.2222222222222222,7,7,1.0,2,2,False,0.21428571428571427
joint_heat_raw_spatial_p95_kg_temporal_and_spatial_margin1p0_windows3_maxmargin0p0,raw_spatial_p95,temporal_and_spatial,1.0,3.0,0.0,37,14,3,0.21428571428571427,23,22,0.9565217391304348,0.5854037267080745,9,2,0.2222222222222222,7,7,1.0,2,2,False,0.21428571428571427
joint_heat_raw_spatial_p95_kg_temporal_and_spatial_margin1p0_windows3_maxmargin0p5,raw_spatial_p95,temporal_and_spatial,1.0,3.0,0.5,37,14,3,0.21428571428571427,23,22,0.9565217391304348,0.5854037267080745,9,2,0.2222222222222222,7,7,1.0,2,2,False,0.21428571428571427
joint_heat_raw_spatial_p95_kg_temporal_and_spatial_margin1p0_windows3_maxmargin1p0,raw_spatial_p95,temporal_and_spatial,1.0,3.0,1.0,37,14,3,0.21428571428571427,23,22,0.9565217391304348,0.5854037267080745,9,2,0.2222222222222222,7,7,1.0,2,2,False,0.21428571428571427
joint_heat_raw_spatial_p95_kg_temporal_and_spatial_margin1p25_windows3_maxmargin0p0,raw_spatial_p95,temporal_and_spatial,1.25,3.0,0.0,37,14,3,0.21428571428571427,23,22,0.9565217391304348,0.5854037267080745,9,2,0.2222222222222222,7,7,1.0,2,2,False,0.21428571428571427
joint_heat_raw_spatial_p95_kg_temporal_and_spatial_margin1p25_windows3_maxmargin0p5,raw_spatial_p95,temporal_and_spatial,1.25,3.0,0.5,37,14,3,0.21428571428571427,23,22,0.9565217391304348,0.5854037267080745,9,2,0.2222222222222222,7,7,1.0,2,2,False,0.21428571428571427
joint_heat_raw_spatial_p95_kg_temporal_and_spatial_margin1p25_windows3_maxmargin1p0,raw_spatial_p95,temporal_and_spatial,1.25,3.0,1.0,37,14,3,0.21428571428571427,23,22,0.9565217391304348,0.5854037267080745,9,2,0.2222222222222222,7,7,1.0,2,2,False,0.21428571428571427
joint_heat_raw_spatial_p95_kg_spatial_hotspot_margin0p75_windows2_maxmargin0p0,raw_spatial_p95,spatial_hotspot,0.75,2.0,0.0,37,14,3,0.21428571428571427,23,22,0.9565217391304348,0.5854037267080745,9,2,0.2222222222222222,7,7,1.0,3,1,False,0.21428571428571427
joint_heat_raw_spatial_p95_kg_spatial_hotspot_margin0p75_windows3_maxmargin0p0,raw_spatial_p95,spatial_hotspot,0.75,3.0,0.0,37,14,3,0.21428571428571427,23,22,0.9565217391304348,0.5854037267080745,9,2,0.2222222222222222,7,7,1.0,3,1,False,0.21428571428571427
joint_heat_raw_spatial_p95_kg_temporal_and_spatial_margin1p5_windows3_maxmargin0p0,raw_spatial_p95,temporal_and_spatial,1.5,3.0,0.0,37,14,3,0.21428571428571427,23,22,0.9565217391304348,0.5854037267080745,9,2,0.2222222222222222,7,7,1.0,3,2,False,0.21428571428571427
joint_heat_raw_spatial_p95_kg_temporal_or_spatial_margin0p75_windows3_maxmargin0p0,raw_spatial_p95,temporal_or_spatial,0.75,3.0,0.0,37,14,3,0.21428571428571427,23,22,0.9565217391304348,0.5854037267080745,9,2,0.2222222222222222,7,7,1.0,3,3,False,0.21428571428571427
joint_heat_ridge_state_loco_lambda10_kg_none,ridge_state_loco_lambda10,none,,,,37,14,2,0.14285714285714285,23,22,0.9565217391304348,0.5496894409937888,9,1,0.1111111111111111,7,7,1.0,0,0,False,0.1111111111111111
joint_heat_raw_spatial_p95_kg_none,raw_spatial_p95,none,,,,37,14,1,0.07142857142857142,23,22,0.9565217391304348,0.5139751552795031,9,1,0.1111111111111111,7,7,1.0,0,0,False,0.07142857142857142
joint_heat_raw_spatial_p95_kg_temporal_near_threshold_margin0p25_windows2_maxmargin0p0,raw_spatial_p95,temporal_near_threshold,0.25,2.0,0.0,37,14,1,0.07142857142857142,23,22,0.9565217391304348,0.5139751552795031,9,1,0.1111111111111111,7,7,1.0,0,1,False,0.07142857142857142
joint_heat_raw_spatial_p95_kg_temporal_near_threshold_margin0p25_windows2_maxmargin0p5,raw_spatial_p95,temporal_near_threshold,0.25,2.0,0.5,37,14,1,0.07142857142857142,23,22,0.9565217391304348,0.5139751552795031,9,1,0.1111111111111111,7,7,1.0,0,1,False,0.07142857142857142
joint_heat_raw_spatial_p95_kg_temporal_near_threshold_margin0p25_windows2_maxmargin1p0,raw_spatial_p95,temporal_near_threshold,0.25,2.0,1.0,37,14,1,0.07142857142857142,23,22,0.9565217391304348,0.5139751552795031,9,1,0.1111111111111111,7,7,1.0,0,1,False,0.07142857142857142
joint_heat_raw_spatial_p95_kg_temporal_near_threshold_margin0p25_windows3_maxmargin0p0,raw_spatial_p95,temporal_near_threshold,0.25,3.0,0.0,37,14,1,0.07142857142857142,23,22,0.9565217391304348,0.5139751552795031,9,1,0.1111111111111111,7,7,1.0,0,1,False,0.07142857142857142
joint_heat_raw_spatial_p95_kg_temporal_near_threshold_margin0p25_windows3_maxmargin0p5,raw_spatial_p95,temporal_near_threshold,0.25,3.0,0.5,37,14,1,0.07142857142857142,23,22,0.9565217391304348,0.5139751552795031,9,1,0.1111111111111111,7,7,1.0,0,1,False,0.07142857142857142
joint_heat_raw_spatial_p95_kg_temporal_near_threshold_margin0p25_windows3_maxmargin1p0,raw_spatial_p95,temporal_near_threshold,0.25,3.0,1.0,37,14,1,0.07142857142857142,23,22,0.9565217391304348,0.5139751552795031,9,1,0.1111111111111111,7,7,1.0,0,1,False,0.07142857142857142
joint_heat_raw_spatial_p95_kg_temporal_near_threshold_margin0p5_windows2_maxmargin0p0,raw_spatial_p95,temporal_near_threshold,0.5,2.0,0.0,37,14,1,0.07142857142857142,23,22,0.9565217391304348,0.5139751552795031,9,1,0.1111111111111111,7,7,1.0,0,1,False,0.07142857142857142
joint_heat_raw_spatial_p95_kg_temporal_near_threshold_margin0p5_windows2_maxmargin0p5,raw_spatial_p95,temporal_near_threshold,0.5,2.0,0.5,37,14,1,0.07142857142857142,23,22,0.9565217391304348,0.5139751552795031,9,1,0.1111111111111111,7,7,1.0,0,1,False,0.07142857142857142
joint_heat_raw_spatial_p95_kg_temporal_near_threshold_margin0p5_windows2_maxmargin1p0,raw_spatial_p95,temporal_near_threshold,0.5,2.0,1.0,37,14,1,0.07142857142857142,23,22,0.9565217391304348,0.5139751552795031,9,1,0.1111111111111111,7,7,1.0,0,1,False,0.07142857142857142
joint_heat_raw_spatial_p95_kg_temporal_near_threshold_margin0p5_windows3_maxmargin0p0,raw_spatial_p95,temporal_near_threshold,0.5,3.0,0.0,37,14,1,0.07142857142857142,23,22,0.9565217391304348,0.5139751552795031,9,1,0.1111111111111111,7,7,1.0,0,1,False,0.07142857142857142
joint_heat_raw_spatial_p95_kg_temporal_near_threshold_margin0p5_windows3_maxmargin0p5,raw_spatial_p95,temporal_near_threshold,0.5,3.0,0.5,37,14,1,0.07142857142857142,23,22,0.9565217391304348,0.5139751552795031,9,1,0.1111111111111111,7,7,1.0,0,1,False,0.07142857142857142
joint_heat_raw_spatial_p95_kg_temporal_near_threshold_margin0p5_windows3_maxmargin1p0,raw_spatial_p95,temporal_near_threshold,0.5,3.0,1.0,37,14,1,0.07142857142857142,23,22,0.9565217391304348,0.5139751552795031,9,1,0.1111111111111111,7,7,1.0,0,1,False,0.07142857142857142
joint_heat_raw_spatial_p95_kg_temporal_near_threshold_margin0p75_windows3_maxmargin0p0,raw_spatial_p95,temporal_near_threshold,0.75,3.0,0.0,37,14,1,0.07142857142857142,23,22,0.9565217391304348,0.5139751552795031,9,1,0.1111111111111111,7,7,1.0,0,1,False,0.07142857142857142
joint_heat_raw_spatial_p95_kg_temporal_near_threshold_margin0p75_windows3_maxmargin0p5,raw_spatial_p95,temporal_near_threshold,0.75,3.0,0.5,37,14,1,0.07142857142857142,23,22,0.9565217391304348,0.5139751552795031,9,1,0.1111111111111111,7,7,1.0,0,1,False,0.07142857142857142
joint_heat_raw_spatial_p95_kg_temporal_near_threshold_margin0p75_windows3_maxmargin1p0,raw_spatial_p95,temporal_near_threshold,0.75,3.0,1.0,37,14,1,0.07142857142857142,23,22,0.9565217391304348,0.5139751552795031,9,1,0.1111111111111111,7,7,1.0,0,1,False,0.07142857142857142
joint_heat_raw_spatial_p95_kg_temporal_and_spatial_margin0p25_windows2_maxmargin0p0,raw_spatial_p95,temporal_and_spatial,0.25,2.0,0.0,37,14,1,0.07142857142857142,23,22,0.9565217391304348,0.5139751552795031,9,1,0.1111111111111111,7,7,1.0,0,2,False,0.07142857142857142
joint_heat_raw_spatial_p95_kg_temporal_and_spatial_margin0p25_windows2_maxmargin0p5,raw_spatial_p95,temporal_and_spatial,0.25,2.0,0.5,37,14,1,0.07142857142857142,23,22,0.9565217391304348,0.5139751552795031,9,1,0.1111111111111111,7,7,1.0,0,2,False,0.07142857142857142
joint_heat_raw_spatial_p95_kg_temporal_and_spatial_margin0p25_windows2_maxmargin1p0,raw_spatial_p95,temporal_and_spatial,0.25,2.0,1.0,37,14,1,0.07142857142857142,23,22,0.9565217391304348,0.5139751552795031,9,1,0.1111111111111111,7,7,1.0,0,2,False,0.07142857142857142
joint_heat_raw_spatial_p95_kg_temporal_and_spatial_margin0p25_windows3_maxmargin0p0,raw_spatial_p95,temporal_and_spatial,0.25,3.0,0.0,37,14,1,0.07142857142857142,23,22,0.9565217391304348,0.5139751552795031,9,1,0.1111111111111111,7,7,1.0,0,2,False,0.07142857142857142
joint_heat_raw_spatial_p95_kg_temporal_and_spatial_margin0p25_windows3_maxmargin0p5,raw_spatial_p95,temporal_and_spatial,0.25,3.0,0.5,37,14,1,0.07142857142857142,23,22,0.9565217391304348,0.5139751552795031,9,1,0.1111111111111111,7,7,1.0,0,2,False,0.07142857142857142
joint_heat_raw_spatial_p95_kg_temporal_and_spatial_margin0p25_windows3_maxmargin1p0,raw_spatial_p95,temporal_and_spatial,0.25,3.0,1.0,37,14,1,0.07142857142857142,23,22,0.9565217391304348,0.5139751552795031,9,1,0.1111111111111111,7,7,1.0,0,2,False,0.07142857142857142
joint_heat_raw_spatial_p95_kg_temporal_and_spatial_margin0p5_windows2_maxmargin0p0,raw_spatial_p95,temporal_and_spatial,0.5,2.0,0.0,37,14,1,0.07142857142857142,23,22,0.9565217391304348,0.5139751552795031,9,1,0.1111111111111111,7,7,1.0,0,2,False,0.07142857142857142
joint_heat_raw_spatial_p95_kg_temporal_and_spatial_margin0p5_windows2_maxmargin0p5,raw_spatial_p95,temporal_and_spatial,0.5,2.0,0.5,37,14,1,0.07142857142857142,23,22,0.9565217391304348,0.5139751552795031,9,1,0.1111111111111111,7,7,1.0,0,2,False,0.07142857142857142
joint_heat_raw_spatial_p95_kg_temporal_and_spatial_margin0p5_windows2_maxmargin1p0,raw_spatial_p95,temporal_and_spatial,0.5,2.0,1.0,37,14,1,0.07142857142857142,23,22,0.9565217391304348,0.5139751552795031,9,1,0.1111111111111111,7,7,1.0,0,2,False,0.07142857142857142
joint_heat_raw_spatial_p95_kg_temporal_and_spatial_margin0p5_windows3_maxmargin0p0,raw_spatial_p95,temporal_and_spatial,0.5,3.0,0.0,37,14,1,0.07142857142857142,23,22,0.9565217391304348,0.5139751552795031,9,1,0.1111111111111111,7,7,1.0,0,2,False,0.07142857142857142
joint_heat_raw_spatial_p95_kg_temporal_and_spatial_margin0p5_windows3_maxmargin0p5,raw_spatial_p95,temporal_and_spatial,0.5,3.0,0.5,37,14,1,0.07142857142857142,23,22,0.9565217391304348,0.5139751552795031,9,1,0.1111111111111111,7,7,1.0,0,2,False,0.07142857142857142
joint_heat_raw_spatial_p95_kg_temporal_and_spatial_margin0p5_windows3_maxmargin1p0,raw_spatial_p95,temporal_and_spatial,0.5,3.0,1.0,37,14,1,0.07142857142857142,23,22,0.9565217391304348,0.5139751552795031,9,1,0.1111111111111111,7,7,1.0,0,2,False,0.07142857142857142
joint_heat_raw_spatial_p95_kg_temporal_and_spatial_margin0p75_windows3_maxmargin0p0,raw_spatial_p95,temporal_and_spatial,0.75,3.0,0.0,37,14,1,0.07142857142857142,23,22,0.9565217391304348,0.5139751552795031,9,1,0.1111111111111111,7,7,1.0,0,2,False,0.07142857142857142
joint_heat_raw_spatial_p95_kg_temporal_and_spatial_margin0p75_windows3_maxmargin0p5,raw_spatial_p95,temporal_and_spatial,0.75,3.0,0.5,37,14,1,0.07142857142857142,23,22,0.9565217391304348,0.5139751552795031,9,1,0.1111111111111111,7,7,1.0,0,2,False,0.07142857142857142
joint_heat_raw_spatial_p95_kg_temporal_and_spatial_margin0p75_windows3_maxmargin1p0,raw_spatial_p95,temporal_and_spatial,0.75,3.0,1.0,37,14,1,0.07142857142857142,23,22,0.9565217391304348,0.5139751552795031,9,1,0.1111111111111111,7,7,1.0,0,2,False,0.07142857142857142
joint_heat_raw_spatial_p95_kg_spatial_hotspot_margin0p25_windows2_maxmargin0p0,raw_spatial_p95,spatial_hotspot,0.25,2.0,0.0,37,14,1,0.07142857142857142,23,22,0.9565217391304348,0.5139751552795031,9,1,0.1111111111111111,7,7,1.0,1,1,False,0.07142857142857142
joint_heat_raw_spatial_p95_kg_spatial_hotspot_margin0p25_windows2_maxmargin0p5,raw_spatial_p95,spatial_hotspot,0.25,2.0,0.5,37,14,1,0.07142857142857142,23,22,0.9565217391304348,0.5139751552795031,9,1,0.1111111111111111,7,7,1.0,1,1,False,0.07142857142857142
joint_heat_raw_spatial_p95_kg_spatial_hotspot_margin0p25_windows2_maxmargin1p0,raw_spatial_p95,spatial_hotspot,0.25,2.0,1.0,37,14,1,0.07142857142857142,23,22,0.9565217391304348,0.5139751552795031,9,1,0.1111111111111111,7,7,1.0,1,1,False,0.07142857142857142
joint_heat_raw_spatial_p95_kg_spatial_hotspot_margin0p25_windows3_maxmargin0p0,raw_spatial_p95,spatial_hotspot,0.25,3.0,0.0,37,14,1,0.07142857142857142,23,22,0.9565217391304348,0.5139751552795031,9,1,0.1111111111111111,7,7,1.0,1,1,False,0.07142857142857142
joint_heat_raw_spatial_p95_kg_spatial_hotspot_margin0p25_windows3_maxmargin0p5,raw_spatial_p95,spatial_hotspot,0.25,3.0,0.5,37,14,1,0.07142857142857142,23,22,0.9565217391304348,0.5139751552795031,9,1,0.1111111111111111,7,7,1.0,1,1,False,0.07142857142857142
joint_heat_raw_spatial_p95_kg_spatial_hotspot_margin0p25_windows3_maxmargin1p0,raw_spatial_p95,spatial_hotspot,0.25,3.0,1.0,37,14,1,0.07142857142857142,23,22,0.9565217391304348,0.5139751552795031,9,1,0.1111111111111111,7,7,1.0,1,1,False,0.07142857142857142
joint_heat_raw_spatial_p95_kg_spatial_hotspot_margin0p5_windows2_maxmargin0p0,raw_spatial_p95,spatial_hotspot,0.5,2.0,0.0,37,14,1,0.07142857142857142,23,22,0.9565217391304348,0.5139751552795031,9,1,0.1111111111111111,7,7,1.0,1,1,False,0.07142857142857142
joint_heat_raw_spatial_p95_kg_spatial_hotspot_margin0p5_windows2_maxmargin0p5,raw_spatial_p95,spatial_hotspot,0.5,2.0,0.5,37,14,1,0.07142857142857142,23,22,0.9565217391304348,0.5139751552795031,9,1,0.1111111111111111,7,7,1.0,1,1,False,0.07142857142857142
joint_heat_raw_spatial_p95_kg_spatial_hotspot_margin0p5_windows2_maxmargin1p0,raw_spatial_p95,spatial_hotspot,0.5,2.0,1.0,37,14,1,0.07142857142857142,23,22,0.9565217391304348,0.5139751552795031,9,1,0.1111111111111111,7,7,1.0,1,1,False,0.07142857142857142
joint_heat_raw_spatial_p95_kg_spatial_hotspot_margin0p5_windows3_maxmargin0p0,raw_spatial_p95,spatial_hotspot,0.5,3.0,0.0,37,14,1,0.07142857142857142,23,22,0.9565217391304348,0.5139751552795031,9,1,0.1111111111111111,7,7,1.0,1,1,False,0.07142857142857142
joint_heat_raw_spatial_p95_kg_spatial_hotspot_margin0p5_windows3_maxmargin0p5,raw_spatial_p95,spatial_hotspot,0.5,3.0,0.5,37,14,1,0.07142857142857142,23,22,0.9565217391304348,0.5139751552795031,9,1,0.1111111111111111,7,7,1.0,1,1,False,0.07142857142857142
joint_heat_raw_spatial_p95_kg_spatial_hotspot_margin0p5_windows3_maxmargin1p0,raw_spatial_p95,spatial_hotspot,0.5,3.0,1.0,37,14,1,0.07142857142857142,23,22,0.9565217391304348,0.5139751552795031,9,1,0.1111111111111111,7,7,1.0,1,1,False,0.07142857142857142
joint_heat_raw_spatial_p95_kg_temporal_or_spatial_margin0p25_windows2_maxmargin0p0,raw_spatial_p95,temporal_or_spatial,0.25,2.0,0.0,37,14,1,0.07142857142857142,23,22,0.9565217391304348,0.5139751552795031,9,1,0.1111111111111111,7,7,1.0,1,3,False,0.07142857142857142
joint_heat_raw_spatial_p95_kg_temporal_or_spatial_margin0p25_windows2_maxmargin0p5,raw_spatial_p95,temporal_or_spatial,0.25,2.0,0.5,37,14,1,0.07142857142857142,23,22,0.9565217391304348,0.5139751552795031,9,1,0.1111111111111111,7,7,1.0,1,3,False,0.07142857142857142
joint_heat_raw_spatial_p95_kg_temporal_or_spatial_margin0p25_windows2_maxmargin1p0,raw_spatial_p95,temporal_or_spatial,0.25,2.0,1.0,37,14,1,0.07142857142857142,23,22,0.9565217391304348,0.5139751552795031,9,1,0.1111111111111111,7,7,1.0,1,3,False,0.07142857142857142
joint_heat_raw_spatial_p95_kg_temporal_or_spatial_margin0p25_windows3_maxmargin0p0,raw_spatial_p95,temporal_or_spatial,0.25,3.0,0.0,37,14,1,0.07142857142857142,23,22,0.9565217391304348,0.5139751552795031,9,1,0.1111111111111111,7,7,1.0,1,3,False,0.07142857142857142
joint_heat_raw_spatial_p95_kg_temporal_or_spatial_margin0p25_windows3_maxmargin0p5,raw_spatial_p95,temporal_or_spatial,0.25,3.0,0.5,37,14,1,0.07142857142857142,23,22,0.9565217391304348,0.5139751552795031,9,1,0.1111111111111111,7,7,1.0,1,3,False,0.07142857142857142
joint_heat_raw_spatial_p95_kg_temporal_or_spatial_margin0p25_windows3_maxmargin1p0,raw_spatial_p95,temporal_or_spatial,0.25,3.0,1.0,37,14,1,0.07142857142857142,23,22,0.9565217391304348,0.5139751552795031,9,1,0.1111111111111111,7,7,1.0,1,3,False,0.07142857142857142
joint_heat_raw_spatial_p95_kg_temporal_or_spatial_margin0p5_windows2_maxmargin0p0,raw_spatial_p95,temporal_or_spatial,0.5,2.0,0.0,37,14,1,0.07142857142857142,23,22,0.9565217391304348,0.5139751552795031,9,1,0.1111111111111111,7,7,1.0,1,3,False,0.07142857142857142
joint_heat_raw_spatial_p95_kg_temporal_or_spatial_margin0p5_windows2_maxmargin0p5,raw_spatial_p95,temporal_or_spatial,0.5,2.0,0.5,37,14,1,0.07142857142857142,23,22,0.9565217391304348,0.5139751552795031,9,1,0.1111111111111111,7,7,1.0,1,3,False,0.07142857142857142
joint_heat_raw_spatial_p95_kg_temporal_or_spatial_margin0p5_windows2_maxmargin1p0,raw_spatial_p95,temporal_or_spatial,0.5,2.0,1.0,37,14,1,0.07142857142857142,23,22,0.9565217391304348,0.5139751552795031,9,1,0.1111111111111111,7,7,1.0,1,3,False,0.07142857142857142
joint_heat_raw_spatial_p95_kg_temporal_or_spatial_margin0p5_windows3_maxmargin0p0,raw_spatial_p95,temporal_or_spatial,0.5,3.0,0.0,37,14,1,0.07142857142857142,23,22,0.9565217391304348,0.5139751552795031,9,1,0.1111111111111111,7,7,1.0,1,3,False,0.07142857142857142
joint_heat_raw_spatial_p95_kg_temporal_or_spatial_margin0p5_windows3_maxmargin0p5,raw_spatial_p95,temporal_or_spatial,0.5,3.0,0.5,37,14,1,0.07142857142857142,23,22,0.9565217391304348,0.5139751552795031,9,1,0.1111111111111111,7,7,1.0,1,3,False,0.07142857142857142
joint_heat_raw_spatial_p95_kg_temporal_or_spatial_margin0p5_windows3_maxmargin1p0,raw_spatial_p95,temporal_or_spatial,0.5,3.0,1.0,37,14,1,0.07142857142857142,23,22,0.9565217391304348,0.5139751552795031,9,1,0.1111111111111111,7,7,1.0,1,3,False,0.07142857142857142
