method,source_group,case_id,case_role,region_id,lead_time_hours,evaluation_scope,source_spatial_p95_degc,raw_forecast_tmax_degc,source_maximum_degc,maximum_weight,base_aggregated_tmax_degc,correction_degc,candidate_tmax_degc,observed_tmax_degc,hot_day_threshold_degc,severe_hot_day_threshold_degc,observed_hot_day,candidate_hot_day,candidate_severe_hot_day,forecast_hot_day_streak,candidate_positive
raw_spatial_p95,2018_cross_year_prospective,20180601_00,event,SA-04,24,target_window,45.509152,45.509152,47.119934,0.0,45.509152,0.0,45.509152,47.0,47.249969,49.078418,False,False,False,0,False
raw_spatial_p95,2018_cross_year_prospective,20180601_00,event,SA-04,48,target_window,46.568024,46.568024,47.063049,0.0,46.568024,0.0,46.568024,48.2,47.249969,49.078418,True,False,False,0,False
raw_spatial_p95,2018_cross_year_prospective,20180601_00,event,SA-04,72,target_window,46.616957,46.616957,47.945801,0.0,46.616957,0.0,46.616957,47.3,47.249969,49.078418,True,False,False,0,False
raw_spatial_p95,2018_cross_year_prospective,20180614_00,control,SA-04,24,target_window,45.632617,45.632617,46.299377,0.0,45.632617,0.0,45.632617,43.3,47.249969,49.078418,False,False,False,0,False
raw_spatial_p95,2018_cross_year_prospective,20180614_00,control,SA-04,48,target_window,45.749274,45.749274,46.285767,0.0,45.749274,0.0,45.749274,43.0,47.249969,49.078418,False,False,False,0,False
raw_spatial_p95,2018_cross_year_prospective,20180614_00,control,SA-04,72,target_window,44.504704,44.504704,44.945923,0.0,44.504704,0.0,44.504704,42.8,47.249969,49.078418,False,False,False,0,False
raw_spatial_p95,2018_cross_year_prospective,20180619_00,event,SA-03,24,target_window,43.52858,43.52858,44.153992,0.0,43.52858,0.0,43.52858,45.0,47.0,49.0,False,False,False,0,False
raw_spatial_p95,2018_cross_year_prospective,20180619_00,event,SA-03,48,target_window,44.2686,44.2686,45.414276,0.0,44.2686,0.0,44.2686,47.0,47.0,49.0,True,False,False,0,False
raw_spatial_p95,2018_cross_year_prospective,20180619_00,event,SA-03,72,target_window,44.862366,44.862366,47.78302,0.0,44.862366,0.0,44.862366,47.0,47.0,49.0,True,False,False,0,False
raw_spatial_p95,2018_cross_year_prospective,20180623_00,control,SA-03,24,target_window,43.710217,43.710217,47.004944,0.0,43.710217,0.0,43.710217,43.4,47.0,49.0,False,False,False,0,False
raw_spatial_p95,2018_cross_year_prospective,20180623_00,control,SA-03,48,target_window,43.328873,43.328873,44.586487,0.0,43.328873,0.0,43.328873,44.0,47.0,49.0,False,False,False,0,False
raw_spatial_p95,2018_cross_year_prospective,20180623_00,control,SA-03,72,target_window,42.828177,42.828177,43.891113,0.0,42.828177,0.0,42.828177,43.0,47.0,49.0,False,False,False,0,False
raw_spatial_p95,2018_cross_year_prospective,20180709_00,event,SA-04,24,target_window,47.452081,47.452081,48.143402,0.0,47.452081,0.0,47.452081,47.0,47.249969,49.078418,False,True,False,1,False
raw_spatial_p95,2018_cross_year_prospective,20180709_00,event,SA-04,48,target_window,46.501558,46.501558,47.531647,0.0,46.501558,0.0,46.501558,48.0,47.249969,49.078418,True,False,False,0,False
raw_spatial_p95,2018_cross_year_prospective,20180709_00,event,SA-04,72,target_window,46.41606,46.41606,47.837372,0.0,46.41606,0.0,46.41606,48.0,47.249969,49.078418,True,False,False,0,False
raw_spatial_p95,2018_cross_year_prospective,20180719_00,control,SA-04,24,target_window,45.306812,45.306812,46.342468,0.0,45.306812,0.0,45.306812,45.0,47.249969,49.078418,False,False,False,0,False
raw_spatial_p95,2018_cross_year_prospective,20180719_00,control,SA-04,48,target_window,45.943123,45.943123,46.409851,0.0,45.943123,0.0,45.943123,45.0,47.249969,49.078418,False,False,False,0,False
raw_spatial_p95,2018_cross_year_prospective,20180719_00,control,SA-04,72,target_window,45.913065,45.913065,46.644348,0.0,45.913065,0.0,45.913065,44.0,47.249969,49.078418,False,False,False,0,False
raw_spatial_p95,2020_retrospective_sa04,20200619_00,control,SA-04,24,context_only,43.867627,43.867627,44.670044,0.0,43.867627,0.0,43.867627,44.1,47.249969,49.078418,False,False,False,0,False
raw_spatial_p95,2020_retrospective_sa04,20200619_00,control,SA-04,48,target_window,44.084943,44.084943,44.893799,0.0,44.084943,0.0,44.084943,43.1,47.249969,49.078418,False,False,False,0,False
raw_spatial_p95,2020_retrospective_sa04,20200619_00,control,SA-04,72,target_window,44.450366,44.450366,45.464539,0.0,44.450366,0.0,44.450366,43.0,47.249969,49.078418,False,False,False,0,False
raw_spatial_p95,2020_retrospective_sa04,20200622_00,control,SA-04,24,context_only,43.013921,43.013921,43.666168,0.0,43.013921,0.0,43.013921,41.0,47.249969,49.078418,False,False,False,0,False
raw_spatial_p95,2020_retrospective_sa04,20200622_00,control,SA-04,48,target_window,42.062547,42.062547,43.851593,0.0,42.062547,0.0,42.062547,44.0,47.249969,49.078418,False,False,False,0,False
raw_spatial_p95,2020_retrospective_sa04,20200622_00,control,SA-04,72,target_window,42.636359,42.636359,44.274292,0.0,42.636359,0.0,42.636359,44.1,47.249969,49.078418,False,False,False,0,False
raw_spatial_p95,2020_prospective_sa08,20200623_00,control,SA-08,24,context_only,40.433228,40.433228,40.785156,0.0,40.433228,0.0,40.433228,42.0,47.0,49.0,False,False,False,0,False
raw_spatial_p95,2020_prospective_sa08,20200623_00,control,SA-08,48,target_window,39.605121,39.605121,40.024261,0.0,39.605121,0.0,39.605121,42.0,47.0,49.0,False,False,False,0,False
raw_spatial_p95,2020_prospective_sa08,20200623_00,control,SA-08,72,target_window,39.205518,39.205518,39.506744,0.0,39.205518,0.0,39.205518,42.0,47.0,49.0,False,False,False,0,False
raw_spatial_p95,2020_retrospective_sa04,20200627_00,event,SA-04,24,context_only,44.956194,44.956194,45.773193,0.0,44.956194,0.0,44.956194,46.0,47.249969,49.078418,False,False,False,0,False
raw_spatial_p95,2020_retrospective_sa04,20200627_00,event,SA-04,48,target_window,45.007985,45.007985,46.384705,0.0,45.007985,0.0,45.007985,47.0,47.249969,49.078418,False,False,False,0,False
raw_spatial_p95,2020_retrospective_sa04,20200627_00,event,SA-04,72,target_window,45.463254,45.463254,45.994537,0.0,45.463254,0.0,45.463254,48.0,47.249969,49.078418,True,False,False,0,False
raw_spatial_p95,2020_prospective_sa08,20200702_00,event,SA-08,24,context_only,43.316388,43.316388,44.237,0.0,43.316388,0.0,43.316388,44.2,47.0,49.0,False,False,False,0,False
raw_spatial_p95,2020_prospective_sa08,20200702_00,event,SA-08,48,target_window,44.190881,44.190881,44.5672,0.0,44.190881,0.0,44.190881,47.0,47.0,49.0,True,False,False,0,False
raw_spatial_p95,2020_prospective_sa08,20200702_00,event,SA-08,72,target_window,45.036707,45.036707,45.202515,0.0,45.036707,0.0,45.036707,47.0,47.0,49.0,True,False,False,0,False
raw_spatial_p95,2020_retrospective_sa04,20200706_00,event,SA-04,24,context_only,47.378952,47.378952,48.129761,0.0,47.378952,0.0,47.378952,49.0,47.249969,49.078418,True,True,False,1,False
raw_spatial_p95,2020_retrospective_sa04,20200706_00,event,SA-04,48,target_window,47.848279,47.848279,48.488251,0.0,47.848279,0.0,47.848279,50.0,47.249969,49.078418,True,True,False,2,True
raw_spatial_p95,2020_retrospective_sa04,20200706_00,event,SA-04,72,context_only,47.985997,47.985997,48.391327,0.0,47.985997,0.0,47.985997,48.0,47.249969,49.078418,True,True,False,3,True
raw_spatial_p95,2020_retrospective_sa04,20200715_00,event,SA-04,24,context_only,47.150662,47.150662,47.497131,0.0,47.150662,0.0,47.150662,48.0,47.249969,49.078418,True,False,False,0,False
raw_spatial_p95,2020_retrospective_sa04,20200715_00,event,SA-04,48,target_window,46.327307,46.327307,46.84787,0.0,46.327307,0.0,46.327307,46.0,47.249969,49.078418,False,False,False,0,False
raw_spatial_p95,2020_retrospective_sa04,20200715_00,event,SA-04,72,target_window,45.934428,45.934428,47.112854,0.0,45.934428,0.0,45.934428,48.0,47.249969,49.078418,True,False,False,0,False
raw_spatial_p95,2020_retrospective_sa04,20200806_00,event,SA-04,24,context_only,45.273853,45.273853,46.228577,0.0,45.273853,0.0,45.273853,46.0,47.249969,49.078418,False,False,False,0,False
raw_spatial_p95,2020_retrospective_sa04,20200806_00,event,SA-04,48,target_window,45.082336,45.082336,45.62616,0.0,45.082336,0.0,45.082336,47.0,47.249969,49.078418,False,False,False,0,False
raw_spatial_p95,2020_retrospective_sa04,20200806_00,event,SA-04,72,target_window,45.384962,45.384962,46.726837,0.0,45.384962,0.0,45.384962,49.0,47.249969,49.078418,True,False,False,0,False
raw_spatial_p95,2020_retrospective_sa04,20200908_00,event,SA-04,24,context_only,44.458691,44.458691,46.451538,0.0,44.458691,0.0,44.458691,46.0,47.0,49.0,False,False,False,0,False
raw_spatial_p95,2020_retrospective_sa04,20200908_00,event,SA-04,48,target_window,44.70089,44.70089,45.819611,0.0,44.70089,0.0,44.70089,48.0,47.0,49.0,True,False,False,0,False
raw_spatial_p95,2020_retrospective_sa04,20200908_00,event,SA-04,72,target_window,44.312521,44.312521,45.126556,0.0,44.312521,0.0,44.312521,47.0,47.0,49.0,True,False,False,0,False
raw_spatial_p95,2020_retrospective_sa04,20200927_00,control,SA-04,24,context_only,42.87088,42.87088,44.483429,0.0,42.87088,0.0,42.87088,45.0,47.0,49.0,False,False,False,0,False
raw_spatial_p95,2020_retrospective_sa04,20200927_00,control,SA-04,48,target_window,40.859718,40.859718,41.427032,0.0,40.859718,0.0,40.859718,41.0,47.0,49.0,False,False,False,0,False
raw_spatial_p95,2020_retrospective_sa04,20200927_00,control,SA-04,72,target_window,40.499168,40.499168,40.668945,0.0,40.499168,0.0,40.499168,42.0,47.0,49.0,False,False,False,0,False
pooled_median_loco,2018_cross_year_prospective,20180601_00,event,SA-04,24,target_window,45.509152,45.509152,47.119934,0.0,45.509152,1.471420000000002,46.980572,47.0,47.249969,49.078418,False,False,False,0,False
pooled_median_loco,2018_cross_year_prospective,20180601_00,event,SA-04,48,target_window,46.568024,46.568024,47.063049,0.0,46.568024,1.471420000000002,48.039444,48.2,47.249969,49.078418,True,True,False,1,False
pooled_median_loco,2018_cross_year_prospective,20180601_00,event,SA-04,72,target_window,46.616957,46.616957,47.945801,0.0,46.616957,1.471420000000002,48.088377,47.3,47.249969,49.078418,True,True,False,2,True
pooled_median_loco,2018_cross_year_prospective,20180614_00,control,SA-04,24,target_window,45.632617,45.632617,46.299377,0.0,45.632617,1.4984419999999972,47.131059,43.3,47.249969,49.078418,False,False,False,0,False
pooled_median_loco,2018_cross_year_prospective,20180614_00,control,SA-04,48,target_window,45.749274,45.749274,46.285767,0.0,45.749274,1.4984419999999972,47.247716,43.0,47.249969,49.078418,False,False,False,0,False
pooled_median_loco,2018_cross_year_prospective,20180614_00,control,SA-04,72,target_window,44.504704,44.504704,44.945923,0.0,44.504704,1.4984419999999972,46.003145999999994,42.8,47.249969,49.078418,False,False,False,0,False
pooled_median_loco,2018_cross_year_prospective,20180619_00,event,SA-03,24,target_window,43.52858,43.52858,44.153992,0.0,43.52858,1.4636410000000026,44.992221,45.0,47.0,49.0,False,False,False,0,False
pooled_median_loco,2018_cross_year_prospective,20180619_00,event,SA-03,48,target_window,44.2686,44.2686,45.414276,0.0,44.2686,1.4636410000000026,45.732241,47.0,47.0,49.0,True,False,False,0,False
pooled_median_loco,2018_cross_year_prospective,20180619_00,event,SA-03,72,target_window,44.862366,44.862366,47.78302,0.0,44.862366,1.4636410000000026,46.326007000000004,47.0,47.0,49.0,True,False,False,0,False
pooled_median_loco,2018_cross_year_prospective,20180623_00,control,SA-03,24,target_window,43.710217,43.710217,47.004944,0.0,43.710217,1.4984419999999972,45.208659,43.4,47.0,49.0,False,False,False,0,False
pooled_median_loco,2018_cross_year_prospective,20180623_00,control,SA-03,48,target_window,43.328873,43.328873,44.586487,0.0,43.328873,1.4984419999999972,44.827315,44.0,47.0,49.0,False,False,False,0,False
pooled_median_loco,2018_cross_year_prospective,20180623_00,control,SA-03,72,target_window,42.828177,42.828177,43.891113,0.0,42.828177,1.4984419999999972,44.326618999999994,43.0,47.0,49.0,False,False,False,0,False
pooled_median_loco,2018_cross_year_prospective,20180709_00,event,SA-04,24,target_window,47.452081,47.452081,48.143402,0.0,47.452081,1.471420000000002,48.923501,47.0,47.249969,49.078418,False,True,False,1,False
pooled_median_loco,2018_cross_year_prospective,20180709_00,event,SA-04,48,target_window,46.501558,46.501558,47.531647,0.0,46.501558,1.471420000000002,47.972978000000005,48.0,47.249969,49.078418,True,True,False,2,True
pooled_median_loco,2018_cross_year_prospective,20180709_00,event,SA-04,72,target_window,46.41606,46.41606,47.837372,0.0,46.41606,1.471420000000002,47.887480000000004,48.0,47.249969,49.078418,True,True,False,3,True
pooled_median_loco,2018_cross_year_prospective,20180719_00,control,SA-04,24,target_window,45.306812,45.306812,46.342468,0.0,45.306812,1.4984419999999972,46.805254,45.0,47.249969,49.078418,False,False,False,0,False
pooled_median_loco,2018_cross_year_prospective,20180719_00,control,SA-04,48,target_window,45.943123,45.943123,46.409851,0.0,45.943123,1.4984419999999972,47.441565,45.0,47.249969,49.078418,False,True,False,1,False
pooled_median_loco,2018_cross_year_prospective,20180719_00,control,SA-04,72,target_window,45.913065,45.913065,46.644348,0.0,45.913065,1.4984419999999972,47.411507,44.0,47.249969,49.078418,False,True,False,2,True
pooled_median_loco,2020_retrospective_sa04,20200619_00,control,SA-04,24,context_only,43.867627,43.867627,44.670044,0.0,43.867627,1.4984419999999972,45.366068999999996,44.1,47.249969,49.078418,False,False,False,0,False
pooled_median_loco,2020_retrospective_sa04,20200619_00,control,SA-04,48,target_window,44.084943,44.084943,44.893799,0.0,44.084943,1.4984419999999972,45.583385,43.1,47.249969,49.078418,False,False,False,0,False
pooled_median_loco,2020_retrospective_sa04,20200619_00,control,SA-04,72,target_window,44.450366,44.450366,45.464539,0.0,44.450366,1.4984419999999972,45.948808,43.0,47.249969,49.078418,False,False,False,0,False
pooled_median_loco,2020_retrospective_sa04,20200622_00,control,SA-04,24,context_only,43.013921,43.013921,43.666168,0.0,43.013921,1.4908479999999997,44.504769,41.0,47.249969,49.078418,False,False,False,0,False
pooled_median_loco,2020_retrospective_sa04,20200622_00,control,SA-04,48,target_window,42.062547,42.062547,43.851593,0.0,42.062547,1.4908479999999997,43.553395,44.0,47.249969,49.078418,False,False,False,0,False
pooled_median_loco,2020_retrospective_sa04,20200622_00,control,SA-04,72,target_window,42.636359,42.636359,44.274292,0.0,42.636359,1.4908479999999997,44.127207,44.1,47.249969,49.078418,False,False,False,0,False
pooled_median_loco,2020_prospective_sa08,20200623_00,control,SA-08,24,context_only,40.433228,40.433228,40.785156,0.0,40.433228,1.4636410000000026,41.896869,42.0,47.0,49.0,False,False,False,0,False
pooled_median_loco,2020_prospective_sa08,20200623_00,control,SA-08,48,target_window,39.605121,39.605121,40.024261,0.0,39.605121,1.4636410000000026,41.068762,42.0,47.0,49.0,False,False,False,0,False
pooled_median_loco,2020_prospective_sa08,20200623_00,control,SA-08,72,target_window,39.205518,39.205518,39.506744,0.0,39.205518,1.4636410000000026,40.669159,42.0,47.0,49.0,False,False,False,0,False
pooled_median_loco,2020_retrospective_sa04,20200627_00,event,SA-04,24,context_only,44.956194,44.956194,45.773193,0.0,44.956194,1.471420000000002,46.427614000000005,46.0,47.249969,49.078418,False,False,False,0,False
pooled_median_loco,2020_retrospective_sa04,20200627_00,event,SA-04,48,target_window,45.007985,45.007985,46.384705,0.0,45.007985,1.471420000000002,46.479405,47.0,47.249969,49.078418,False,False,False,0,False
pooled_median_loco,2020_retrospective_sa04,20200627_00,event,SA-04,72,target_window,45.463254,45.463254,45.994537,0.0,45.463254,1.471420000000002,46.934674,48.0,47.249969,49.078418,True,False,False,0,False
pooled_median_loco,2020_prospective_sa08,20200702_00,event,SA-08,24,context_only,43.316388,43.316388,44.237,0.0,43.316388,1.471420000000002,44.787808000000005,44.2,47.0,49.0,False,False,False,0,False
pooled_median_loco,2020_prospective_sa08,20200702_00,event,SA-08,48,target_window,44.190881,44.190881,44.5672,0.0,44.190881,1.471420000000002,45.662301,47.0,47.0,49.0,True,False,False,0,False
pooled_median_loco,2020_prospective_sa08,20200702_00,event,SA-08,72,target_window,45.036707,45.036707,45.202515,0.0,45.036707,1.471420000000002,46.508127,47.0,47.0,49.0,True,False,False,0,False
pooled_median_loco,2020_retrospective_sa04,20200706_00,event,SA-04,24,context_only,47.378952,47.378952,48.129761,0.0,47.378952,1.471420000000002,48.850372,49.0,47.249969,49.078418,True,True,False,1,False
pooled_median_loco,2020_retrospective_sa04,20200706_00,event,SA-04,48,target_window,47.848279,47.848279,48.488251,0.0,47.848279,1.471420000000002,49.319699,50.0,47.249969,49.078418,True,True,True,2,True
pooled_median_loco,2020_retrospective_sa04,20200706_00,event,SA-04,72,context_only,47.985997,47.985997,48.391327,0.0,47.985997,1.471420000000002,49.457417,48.0,47.249969,49.078418,True,True,True,3,True
pooled_median_loco,2020_retrospective_sa04,20200715_00,event,SA-04,24,context_only,47.150662,47.150662,47.497131,0.0,47.150662,1.4908479999999997,48.64151,48.0,47.249969,49.078418,True,True,False,1,False
pooled_median_loco,2020_retrospective_sa04,20200715_00,event,SA-04,48,target_window,46.327307,46.327307,46.84787,0.0,46.327307,1.4908479999999997,47.818155,46.0,47.249969,49.078418,False,True,False,2,True
pooled_median_loco,2020_retrospective_sa04,20200715_00,event,SA-04,72,target_window,45.934428,45.934428,47.112854,0.0,45.934428,1.4908479999999997,47.425276,48.0,47.249969,49.078418,True,True,False,3,True
pooled_median_loco,2020_retrospective_sa04,20200806_00,event,SA-04,24,context_only,45.273853,45.273853,46.228577,0.0,45.273853,1.471420000000002,46.745273000000005,46.0,47.249969,49.078418,False,False,False,0,False
pooled_median_loco,2020_retrospective_sa04,20200806_00,event,SA-04,48,target_window,45.082336,45.082336,45.62616,0.0,45.082336,1.471420000000002,46.553756,47.0,47.249969,49.078418,False,False,False,0,False
pooled_median_loco,2020_retrospective_sa04,20200806_00,event,SA-04,72,target_window,45.384962,45.384962,46.726837,0.0,45.384962,1.471420000000002,46.856382,49.0,47.249969,49.078418,True,False,False,0,False
pooled_median_loco,2020_retrospective_sa04,20200908_00,event,SA-04,24,context_only,44.458691,44.458691,46.451538,0.0,44.458691,1.4636410000000026,45.922332000000004,46.0,47.0,49.0,False,False,False,0,False
pooled_median_loco,2020_retrospective_sa04,20200908_00,event,SA-04,48,target_window,44.70089,44.70089,45.819611,0.0,44.70089,1.4636410000000026,46.164531000000004,48.0,47.0,49.0,True,False,False,0,False
pooled_median_loco,2020_retrospective_sa04,20200908_00,event,SA-04,72,target_window,44.312521,44.312521,45.126556,0.0,44.312521,1.4636410000000026,45.776162,47.0,47.0,49.0,True,False,False,0,False
pooled_median_loco,2020_retrospective_sa04,20200927_00,control,SA-04,24,context_only,42.87088,42.87088,44.483429,0.0,42.87088,1.471420000000002,44.3423,45.0,47.0,49.0,False,False,False,0,False
pooled_median_loco,2020_retrospective_sa04,20200927_00,control,SA-04,48,target_window,40.859718,40.859718,41.427032,0.0,40.859718,1.471420000000002,42.331138,41.0,47.0,49.0,False,False,False,0,False
pooled_median_loco,2020_retrospective_sa04,20200927_00,control,SA-04,72,target_window,40.499168,40.499168,40.668945,0.0,40.499168,1.471420000000002,41.970588,42.0,47.0,49.0,False,False,False,0,False
lead_median_loco,2018_cross_year_prospective,20180601_00,event,SA-04,24,target_window,45.509152,45.509152,47.119934,0.0,45.509152,0.849338000000003,46.35849,47.0,47.249969,49.078418,False,False,False,0,False
lead_median_loco,2018_cross_year_prospective,20180601_00,event,SA-04,48,target_window,46.568024,46.568024,47.063049,0.0,46.568024,1.917664000000002,48.485688,48.2,47.249969,49.078418,True,True,False,1,False
lead_median_loco,2018_cross_year_prospective,20180601_00,event,SA-04,72,target_window,46.616957,46.616957,47.945801,0.0,46.616957,1.5839399999999983,48.200897,47.3,47.249969,49.078418,True,True,False,2,True
lead_median_loco,2018_cross_year_prospective,20180614_00,control,SA-04,24,target_window,45.632617,45.632617,46.299377,0.0,45.632617,0.8836119999999994,46.516229,43.3,47.249969,49.078418,False,False,False,0,False
lead_median_loco,2018_cross_year_prospective,20180614_00,control,SA-04,48,target_window,45.749274,45.749274,46.285767,0.0,45.749274,1.917664000000002,47.666938,43.0,47.249969,49.078418,False,True,False,1,False
lead_median_loco,2018_cross_year_prospective,20180614_00,control,SA-04,72,target_window,44.504704,44.504704,44.945923,0.0,44.504704,1.5839399999999983,46.088643999999995,42.8,47.249969,49.078418,False,False,False,0,False
lead_median_loco,2018_cross_year_prospective,20180619_00,event,SA-03,24,target_window,43.52858,43.52858,44.153992,0.0,43.52858,0.849338000000003,44.377918,45.0,47.0,49.0,False,False,False,0,False
lead_median_loco,2018_cross_year_prospective,20180619_00,event,SA-03,48,target_window,44.2686,44.2686,45.414276,0.0,44.2686,1.6319760000000016,45.900576,47.0,47.0,49.0,True,False,False,0,False
lead_median_loco,2018_cross_year_prospective,20180619_00,event,SA-03,72,target_window,44.862366,44.862366,47.78302,0.0,44.862366,1.5008320000000026,46.363198000000004,47.0,47.0,49.0,True,False,False,0,False
lead_median_loco,2018_cross_year_prospective,20180623_00,control,SA-03,24,target_window,43.710217,43.710217,47.004944,0.0,43.710217,0.8836119999999994,44.593829,43.4,47.0,49.0,False,False,False,0,False
lead_median_loco,2018_cross_year_prospective,20180623_00,control,SA-03,48,target_window,43.328873,43.328873,44.586487,0.0,43.328873,1.917664000000002,45.246537000000004,44.0,47.0,49.0,False,False,False,0,False
lead_median_loco,2018_cross_year_prospective,20180623_00,control,SA-03,72,target_window,42.828177,42.828177,43.891113,0.0,42.828177,1.5839399999999983,44.412116999999995,43.0,47.0,49.0,False,False,False,0,False
lead_median_loco,2018_cross_year_prospective,20180709_00,event,SA-04,24,target_window,47.452081,47.452081,48.143402,0.0,47.452081,0.8836119999999994,48.335693,47.0,47.249969,49.078418,False,True,False,1,False
lead_median_loco,2018_cross_year_prospective,20180709_00,event,SA-04,48,target_window,46.501558,46.501558,47.531647,0.0,46.501558,1.917664000000002,48.419222000000005,48.0,47.249969,49.078418,True,True,False,2,True
lead_median_loco,2018_cross_year_prospective,20180709_00,event,SA-04,72,target_window,46.41606,46.41606,47.837372,0.0,46.41606,1.5008320000000026,47.916892000000004,48.0,47.249969,49.078418,True,True,False,3,True
lead_median_loco,2018_cross_year_prospective,20180719_00,control,SA-04,24,target_window,45.306812,45.306812,46.342468,0.0,45.306812,0.8836119999999994,46.190424,45.0,47.249969,49.078418,False,False,False,0,False
lead_median_loco,2018_cross_year_prospective,20180719_00,control,SA-04,48,target_window,45.943123,45.943123,46.409851,0.0,45.943123,1.917664000000002,47.860787,45.0,47.249969,49.078418,False,True,False,1,False
lead_median_loco,2018_cross_year_prospective,20180719_00,control,SA-04,72,target_window,45.913065,45.913065,46.644348,0.0,45.913065,1.5839399999999983,47.497005,44.0,47.249969,49.078418,False,True,False,2,True
lead_median_loco,2020_retrospective_sa04,20200619_00,control,SA-04,24,context_only,43.867627,43.867627,44.670044,0.0,43.867627,0.8836119999999994,44.751239,44.1,47.249969,49.078418,False,False,False,0,False
lead_median_loco,2020_retrospective_sa04,20200619_00,control,SA-04,48,target_window,44.084943,44.084943,44.893799,0.0,44.084943,1.917664000000002,46.002607000000005,43.1,47.249969,49.078418,False,False,False,0,False
lead_median_loco,2020_retrospective_sa04,20200619_00,control,SA-04,72,target_window,44.450366,44.450366,45.464539,0.0,44.450366,1.5839399999999983,46.034306,43.0,47.249969,49.078418,False,False,False,0,False
lead_median_loco,2020_retrospective_sa04,20200622_00,control,SA-04,24,context_only,43.013921,43.013921,43.666168,0.0,43.013921,0.8836119999999994,43.897533,41.0,47.249969,49.078418,False,False,False,0,False
lead_median_loco,2020_retrospective_sa04,20200622_00,control,SA-04,48,target_window,42.062547,42.062547,43.851593,0.0,42.062547,1.6319760000000016,43.694523000000004,44.0,47.249969,49.078418,False,False,False,0,False
lead_median_loco,2020_retrospective_sa04,20200622_00,control,SA-04,72,target_window,42.636359,42.636359,44.274292,0.0,42.636359,1.5839399999999983,44.220299,44.1,47.249969,49.078418,False,False,False,0,False
lead_median_loco,2020_prospective_sa08,20200623_00,control,SA-08,24,context_only,40.433228,40.433228,40.785156,0.0,40.433228,0.849338000000003,41.282566,42.0,47.0,49.0,False,False,False,0,False
lead_median_loco,2020_prospective_sa08,20200623_00,control,SA-08,48,target_window,39.605121,39.605121,40.024261,0.0,39.605121,1.6319760000000016,41.237097,42.0,47.0,49.0,False,False,False,0,False
lead_median_loco,2020_prospective_sa08,20200623_00,control,SA-08,72,target_window,39.205518,39.205518,39.506744,0.0,39.205518,1.5008320000000026,40.70635,42.0,47.0,49.0,False,False,False,0,False
lead_median_loco,2020_retrospective_sa04,20200627_00,event,SA-04,24,context_only,44.956194,44.956194,45.773193,0.0,44.956194,0.849338000000003,45.80553200000001,46.0,47.249969,49.078418,False,False,False,0,False
lead_median_loco,2020_retrospective_sa04,20200627_00,event,SA-04,48,target_window,45.007985,45.007985,46.384705,0.0,45.007985,1.6319760000000016,46.639961,47.0,47.249969,49.078418,False,False,False,0,False
lead_median_loco,2020_retrospective_sa04,20200627_00,event,SA-04,72,target_window,45.463254,45.463254,45.994537,0.0,45.463254,1.5008320000000026,46.964086,48.0,47.249969,49.078418,True,False,False,0,False
lead_median_loco,2020_prospective_sa08,20200702_00,event,SA-08,24,context_only,43.316388,43.316388,44.237,0.0,43.316388,0.849338000000003,44.16572600000001,44.2,47.0,49.0,False,False,False,0,False
lead_median_loco,2020_prospective_sa08,20200702_00,event,SA-08,48,target_window,44.190881,44.190881,44.5672,0.0,44.190881,1.6319760000000016,45.822857,47.0,47.0,49.0,True,False,False,0,False
lead_median_loco,2020_prospective_sa08,20200702_00,event,SA-08,72,target_window,45.036707,45.036707,45.202515,0.0,45.036707,1.5008320000000026,46.537539,47.0,47.0,49.0,True,False,False,0,False
lead_median_loco,2020_retrospective_sa04,20200706_00,event,SA-04,24,context_only,47.378952,47.378952,48.129761,0.0,47.378952,0.849338000000003,48.22829,49.0,47.249969,49.078418,True,True,False,1,False
lead_median_loco,2020_retrospective_sa04,20200706_00,event,SA-04,48,target_window,47.848279,47.848279,48.488251,0.0,47.848279,1.6319760000000016,49.480255,50.0,47.249969,49.078418,True,True,True,2,True
lead_median_loco,2020_retrospective_sa04,20200706_00,event,SA-04,72,context_only,47.985997,47.985997,48.391327,0.0,47.985997,1.5839399999999983,49.569936999999996,48.0,47.249969,49.078418,True,True,True,3,True
lead_median_loco,2020_retrospective_sa04,20200715_00,event,SA-04,24,context_only,47.150662,47.150662,47.497131,0.0,47.150662,0.8836119999999994,48.034273999999996,48.0,47.249969,49.078418,True,True,False,1,False
lead_median_loco,2020_retrospective_sa04,20200715_00,event,SA-04,48,target_window,46.327307,46.327307,46.84787,0.0,46.327307,1.917664000000002,48.244971,46.0,47.249969,49.078418,False,True,False,2,True
lead_median_loco,2020_retrospective_sa04,20200715_00,event,SA-04,72,target_window,45.934428,45.934428,47.112854,0.0,45.934428,1.5008320000000026,47.43526,48.0,47.249969,49.078418,True,True,False,3,True
lead_median_loco,2020_retrospective_sa04,20200806_00,event,SA-04,24,context_only,45.273853,45.273853,46.228577,0.0,45.273853,0.8836119999999994,46.157465,46.0,47.249969,49.078418,False,False,False,0,False
lead_median_loco,2020_retrospective_sa04,20200806_00,event,SA-04,48,target_window,45.082336,45.082336,45.62616,0.0,45.082336,1.6319760000000016,46.714312,47.0,47.249969,49.078418,False,False,False,0,False
lead_median_loco,2020_retrospective_sa04,20200806_00,event,SA-04,72,target_window,45.384962,45.384962,46.726837,0.0,45.384962,1.5008320000000026,46.885794000000004,49.0,47.249969,49.078418,True,False,False,0,False
lead_median_loco,2020_retrospective_sa04,20200908_00,event,SA-04,24,context_only,44.458691,44.458691,46.451538,0.0,44.458691,0.849338000000003,45.308029000000005,46.0,47.0,49.0,False,False,False,0,False
lead_median_loco,2020_retrospective_sa04,20200908_00,event,SA-04,48,target_window,44.70089,44.70089,45.819611,0.0,44.70089,1.6319760000000016,46.332866,48.0,47.0,49.0,True,False,False,0,False
lead_median_loco,2020_retrospective_sa04,20200908_00,event,SA-04,72,target_window,44.312521,44.312521,45.126556,0.0,44.312521,1.5008320000000026,45.813353,47.0,47.0,49.0,True,False,False,0,False
lead_median_loco,2020_retrospective_sa04,20200927_00,control,SA-04,24,context_only,42.87088,42.87088,44.483429,0.0,42.87088,0.849338000000003,43.720218,45.0,47.0,49.0,False,False,False,0,False
lead_median_loco,2020_retrospective_sa04,20200927_00,control,SA-04,48,target_window,40.859718,40.859718,41.427032,0.0,40.859718,1.917664000000002,42.777382,41.0,47.0,49.0,False,False,False,0,False
lead_median_loco,2020_retrospective_sa04,20200927_00,control,SA-04,72,target_window,40.499168,40.499168,40.668945,0.0,40.499168,1.5839399999999983,42.083107999999996,42.0,47.0,49.0,False,False,False,0,False
region_median_loco,2018_cross_year_prospective,20180601_00,event,SA-04,24,target_window,45.509152,45.509152,47.119934,0.0,45.509152,1.0438059999999965,46.552958,47.0,47.249969,49.078418,False,False,False,0,False
region_median_loco,2018_cross_year_prospective,20180601_00,event,SA-04,48,target_window,46.568024,46.568024,47.063049,0.0,46.568024,1.0438059999999965,47.61183,48.2,47.249969,49.078418,True,True,False,1,False
region_median_loco,2018_cross_year_prospective,20180601_00,event,SA-04,72,target_window,46.616957,46.616957,47.945801,0.0,46.616957,1.0438059999999965,47.660762999999996,47.3,47.249969,49.078418,True,True,False,2,True
region_median_loco,2018_cross_year_prospective,20180614_00,control,SA-04,24,target_window,45.632617,45.632617,46.299377,0.0,45.632617,1.4908479999999997,47.123465,43.3,47.249969,49.078418,False,False,False,0,False
region_median_loco,2018_cross_year_prospective,20180614_00,control,SA-04,48,target_window,45.749274,45.749274,46.285767,0.0,45.749274,1.4908479999999997,47.240122,43.0,47.249969,49.078418,False,False,False,0,False
region_median_loco,2018_cross_year_prospective,20180614_00,control,SA-04,72,target_window,44.504704,44.504704,44.945923,0.0,44.504704,1.4908479999999997,45.995551999999996,42.8,47.249969,49.078418,False,False,False,0,False
region_median_loco,2018_cross_year_prospective,20180619_00,event,SA-03,24,target_window,43.52858,43.52858,44.153992,0.0,43.52858,0.1718230000000034,43.700403,45.0,47.0,49.0,False,False,False,0,False
region_median_loco,2018_cross_year_prospective,20180619_00,event,SA-03,48,target_window,44.2686,44.2686,45.414276,0.0,44.2686,0.1718230000000034,44.440423,47.0,47.0,49.0,True,False,False,0,False
region_median_loco,2018_cross_year_prospective,20180619_00,event,SA-03,72,target_window,44.862366,44.862366,47.78302,0.0,44.862366,0.1718230000000034,45.034189000000005,47.0,47.0,49.0,True,False,False,0,False
region_median_loco,2018_cross_year_prospective,20180623_00,control,SA-03,24,target_window,43.710217,43.710217,47.004944,0.0,43.710217,2.1376339999999985,45.847851,43.4,47.0,49.0,False,False,False,0,False
region_median_loco,2018_cross_year_prospective,20180623_00,control,SA-03,48,target_window,43.328873,43.328873,44.586487,0.0,43.328873,2.1376339999999985,45.466507,44.0,47.0,49.0,False,False,False,0,False
region_median_loco,2018_cross_year_prospective,20180623_00,control,SA-03,72,target_window,42.828177,42.828177,43.891113,0.0,42.828177,2.1376339999999985,44.965810999999995,43.0,47.0,49.0,False,False,False,0,False
region_median_loco,2018_cross_year_prospective,20180709_00,event,SA-04,24,target_window,47.452081,47.452081,48.143402,0.0,47.452081,1.0438059999999965,48.495886999999996,47.0,47.249969,49.078418,False,True,False,1,False
region_median_loco,2018_cross_year_prospective,20180709_00,event,SA-04,48,target_window,46.501558,46.501558,47.531647,0.0,46.501558,1.0438059999999965,47.545364,48.0,47.249969,49.078418,True,True,False,2,True
region_median_loco,2018_cross_year_prospective,20180709_00,event,SA-04,72,target_window,46.41606,46.41606,47.837372,0.0,46.41606,1.0438059999999965,47.459866,48.0,47.249969,49.078418,True,True,False,3,True
region_median_loco,2018_cross_year_prospective,20180719_00,control,SA-04,24,target_window,45.306812,45.306812,46.342468,0.0,45.306812,1.4908479999999997,46.79766,45.0,47.249969,49.078418,False,False,False,0,False
region_median_loco,2018_cross_year_prospective,20180719_00,control,SA-04,48,target_window,45.943123,45.943123,46.409851,0.0,45.943123,1.4908479999999997,47.433971,45.0,47.249969,49.078418,False,True,False,1,False
region_median_loco,2018_cross_year_prospective,20180719_00,control,SA-04,72,target_window,45.913065,45.913065,46.644348,0.0,45.913065,1.4908479999999997,47.403913,44.0,47.249969,49.078418,False,True,False,2,True
region_median_loco,2020_retrospective_sa04,20200619_00,control,SA-04,24,context_only,43.867627,43.867627,44.670044,0.0,43.867627,1.4908479999999997,45.358475,44.1,47.249969,49.078418,False,False,False,0,False
region_median_loco,2020_retrospective_sa04,20200619_00,control,SA-04,48,target_window,44.084943,44.084943,44.893799,0.0,44.084943,1.4908479999999997,45.575791,43.1,47.249969,49.078418,False,False,False,0,False
region_median_loco,2020_retrospective_sa04,20200619_00,control,SA-04,72,target_window,44.450366,44.450366,45.464539,0.0,44.450366,1.4908479999999997,45.941214,43.0,47.249969,49.078418,False,False,False,0,False
region_median_loco,2020_retrospective_sa04,20200622_00,control,SA-04,24,context_only,43.013921,43.013921,43.666168,0.0,43.013921,1.0438059999999965,44.057727,41.0,47.249969,49.078418,False,False,False,0,False
region_median_loco,2020_retrospective_sa04,20200622_00,control,SA-04,48,target_window,42.062547,42.062547,43.851593,0.0,42.062547,1.0438059999999965,43.106353,44.0,47.249969,49.078418,False,False,False,0,False
region_median_loco,2020_retrospective_sa04,20200622_00,control,SA-04,72,target_window,42.636359,42.636359,44.274292,0.0,42.636359,1.0438059999999965,43.680164999999995,44.1,47.249969,49.078418,False,False,False,0,False
region_median_loco,2020_prospective_sa08,20200623_00,control,SA-08,24,context_only,40.433228,40.433228,40.785156,0.0,40.433228,1.9632930000000002,42.396521,42.0,47.0,49.0,False,False,False,0,False
region_median_loco,2020_prospective_sa08,20200623_00,control,SA-08,48,target_window,39.605121,39.605121,40.024261,0.0,39.605121,1.9632930000000002,41.568414,42.0,47.0,49.0,False,False,False,0,False
region_median_loco,2020_prospective_sa08,20200623_00,control,SA-08,72,target_window,39.205518,39.205518,39.506744,0.0,39.205518,1.9632930000000002,41.168811,42.0,47.0,49.0,False,False,False,0,False
region_median_loco,2020_retrospective_sa04,20200627_00,event,SA-04,24,context_only,44.956194,44.956194,45.773193,0.0,44.956194,0.849338000000003,45.80553200000001,46.0,47.249969,49.078418,False,False,False,0,False
region_median_loco,2020_retrospective_sa04,20200627_00,event,SA-04,48,target_window,45.007985,45.007985,46.384705,0.0,45.007985,0.849338000000003,45.857323,47.0,47.249969,49.078418,False,False,False,0,False
region_median_loco,2020_retrospective_sa04,20200627_00,event,SA-04,72,target_window,45.463254,45.463254,45.994537,0.0,45.463254,0.849338000000003,46.312592,48.0,47.249969,49.078418,True,False,False,0,False
region_median_loco,2020_prospective_sa08,20200702_00,event,SA-08,24,context_only,43.316388,43.316388,44.237,0.0,43.316388,2.394879000000003,45.71126700000001,44.2,47.0,49.0,False,False,False,0,False
region_median_loco,2020_prospective_sa08,20200702_00,event,SA-08,48,target_window,44.190881,44.190881,44.5672,0.0,44.190881,2.394879000000003,46.58576,47.0,47.0,49.0,True,False,False,0,False
region_median_loco,2020_prospective_sa08,20200702_00,event,SA-08,72,target_window,45.036707,45.036707,45.202515,0.0,45.036707,2.394879000000003,47.431586,47.0,47.0,49.0,True,True,False,1,False
region_median_loco,2020_retrospective_sa04,20200706_00,event,SA-04,24,context_only,47.378952,47.378952,48.129761,0.0,47.378952,1.0438059999999965,48.422757999999995,49.0,47.249969,49.078418,True,True,False,1,False
region_median_loco,2020_retrospective_sa04,20200706_00,event,SA-04,48,target_window,47.848279,47.848279,48.488251,0.0,47.848279,1.0438059999999965,48.892084999999994,50.0,47.249969,49.078418,True,True,False,2,True
region_median_loco,2020_retrospective_sa04,20200706_00,event,SA-04,72,context_only,47.985997,47.985997,48.391327,0.0,47.985997,1.0438059999999965,49.029802999999994,48.0,47.249969,49.078418,True,True,False,3,True
region_median_loco,2020_retrospective_sa04,20200715_00,event,SA-04,24,context_only,47.150662,47.150662,47.497131,0.0,47.150662,1.4636410000000026,48.614303,48.0,47.249969,49.078418,True,True,False,1,False
region_median_loco,2020_retrospective_sa04,20200715_00,event,SA-04,48,target_window,46.327307,46.327307,46.84787,0.0,46.327307,1.4636410000000026,47.790948,46.0,47.249969,49.078418,False,True,False,2,True
region_median_loco,2020_retrospective_sa04,20200715_00,event,SA-04,72,target_window,45.934428,45.934428,47.112854,0.0,45.934428,1.4636410000000026,47.398069,48.0,47.249969,49.078418,True,True,False,3,True
region_median_loco,2020_retrospective_sa04,20200806_00,event,SA-04,24,context_only,45.273853,45.273853,46.228577,0.0,45.273853,1.0438059999999965,46.317659,46.0,47.249969,49.078418,False,False,False,0,False
region_median_loco,2020_retrospective_sa04,20200806_00,event,SA-04,48,target_window,45.082336,45.082336,45.62616,0.0,45.082336,1.0438059999999965,46.126141999999994,47.0,47.249969,49.078418,False,False,False,0,False
region_median_loco,2020_retrospective_sa04,20200806_00,event,SA-04,72,target_window,45.384962,45.384962,46.726837,0.0,45.384962,1.0438059999999965,46.428768,49.0,47.249969,49.078418,True,False,False,0,False
region_median_loco,2020_retrospective_sa04,20200908_00,event,SA-04,24,context_only,44.458691,44.458691,46.451538,0.0,44.458691,0.849338000000003,45.308029000000005,46.0,47.0,49.0,False,False,False,0,False
region_median_loco,2020_retrospective_sa04,20200908_00,event,SA-04,48,target_window,44.70089,44.70089,45.819611,0.0,44.70089,0.849338000000003,45.550228000000004,48.0,47.0,49.0,True,False,False,0,False
region_median_loco,2020_retrospective_sa04,20200908_00,event,SA-04,72,target_window,44.312521,44.312521,45.126556,0.0,44.312521,0.849338000000003,45.161859,47.0,47.0,49.0,True,False,False,0,False
region_median_loco,2020_retrospective_sa04,20200927_00,control,SA-04,24,context_only,42.87088,42.87088,44.483429,0.0,42.87088,1.0438059999999965,43.914685999999996,45.0,47.0,49.0,False,False,False,0,False
region_median_loco,2020_retrospective_sa04,20200927_00,control,SA-04,48,target_window,40.859718,40.859718,41.427032,0.0,40.859718,1.0438059999999965,41.903524,41.0,47.0,49.0,False,False,False,0,False
region_median_loco,2020_retrospective_sa04,20200927_00,control,SA-04,72,target_window,40.499168,40.499168,40.668945,0.0,40.499168,1.0438059999999965,41.542973999999994,42.0,47.0,49.0,False,False,False,0,False
region_lead_shrinkage_loco,2018_cross_year_prospective,20180601_00,event,SA-04,24,target_window,45.509152,45.509152,47.119934,0.0,45.509152,0.7696261764705876,46.27877817647059,47.0,47.249969,49.078418,False,False,False,0,False
region_lead_shrinkage_loco,2018_cross_year_prospective,20180601_00,event,SA-04,48,target_window,46.568024,46.568024,47.063049,0.0,46.568024,1.6464027058823518,48.21442670588235,48.2,47.249969,49.078418,True,True,False,1,False
region_lead_shrinkage_loco,2018_cross_year_prospective,20180601_00,event,SA-04,72,target_window,46.616957,46.616957,47.945801,0.0,46.616957,1.5301642352941187,48.147121235294115,47.3,47.249969,49.078418,True,True,False,2,True
region_lead_shrinkage_loco,2018_cross_year_prospective,20180614_00,control,SA-04,24,target_window,45.632617,45.632617,46.299377,0.0,45.632617,0.8614347058823547,46.494051705882356,43.3,47.249969,49.078418,False,False,False,0,False
region_lead_shrinkage_loco,2018_cross_year_prospective,20180614_00,control,SA-04,48,target_window,45.749274,45.749274,46.285767,0.0,45.749274,1.7328070588235311,47.48208105882353,43.0,47.249969,49.078418,False,True,False,1,False
region_lead_shrinkage_loco,2018_cross_year_prospective,20180614_00,control,SA-04,72,target_window,44.504704,44.504704,44.945923,0.0,44.504704,1.5301642352941187,46.03486823529411,42.8,47.249969,49.078418,False,False,False,0,False
region_lead_shrinkage_loco,2018_cross_year_prospective,20180619_00,event,SA-03,24,target_window,43.52858,43.52858,44.153992,0.0,43.52858,0.6836872857142882,44.21226728571428,45.0,47.0,49.0,False,False,False,0,False
region_lead_shrinkage_loco,2018_cross_year_prospective,20180619_00,event,SA-03,48,target_window,44.2686,44.2686,45.414276,0.0,44.2686,1.4947118571428584,45.76331185714286,47.0,47.0,49.0,True,False,False,0,False
region_lead_shrinkage_loco,2018_cross_year_prospective,20180619_00,event,SA-03,72,target_window,44.862366,44.862366,47.78302,0.0,44.862366,1.3109735714285744,46.17333957142858,47.0,47.0,49.0,True,False,False,0,False
region_lead_shrinkage_loco,2018_cross_year_prospective,20180623_00,control,SA-03,24,target_window,43.710217,43.710217,47.004944,0.0,43.710217,0.9675845714285713,44.677801571428574,43.4,47.0,49.0,False,False,False,0,False
region_lead_shrinkage_loco,2018_cross_year_prospective,20180623_00,control,SA-03,48,target_window,43.328873,43.328873,44.586487,0.0,43.328873,2.0339120000000017,45.362785,44.0,47.0,49.0,False,False,False,0,False
region_lead_shrinkage_loco,2018_cross_year_prospective,20180623_00,control,SA-03,72,target_window,42.828177,42.828177,43.891113,0.0,42.828177,1.6630391428571412,44.49121614285714,43.0,47.0,49.0,False,False,False,0,False
region_lead_shrinkage_loco,2018_cross_year_prospective,20180709_00,event,SA-04,24,target_window,47.452081,47.452081,48.143402,0.0,47.452081,0.8614347058823547,48.31351570588235,47.0,47.249969,49.078418,False,True,False,1,False
region_lead_shrinkage_loco,2018_cross_year_prospective,20180709_00,event,SA-04,48,target_window,46.501558,46.501558,47.531647,0.0,46.501558,1.7328070588235311,48.234365058823535,48.0,47.249969,49.078418,True,True,False,2,True
region_lead_shrinkage_loco,2018_cross_year_prospective,20180709_00,event,SA-04,72,target_window,46.41606,46.41606,47.837372,0.0,46.41606,1.4767672352941204,47.89282723529412,48.0,47.249969,49.078418,True,True,False,3,True
region_lead_shrinkage_loco,2018_cross_year_prospective,20180719_00,control,SA-04,24,target_window,45.306812,45.306812,46.342468,0.0,45.306812,0.8614347058823547,46.16824670588235,45.0,47.249969,49.078418,False,False,False,0,False
region_lead_shrinkage_loco,2018_cross_year_prospective,20180719_00,control,SA-04,48,target_window,45.943123,45.943123,46.409851,0.0,45.943123,1.7328070588235311,47.67593005882353,45.0,47.249969,49.078418,False,True,False,1,False
region_lead_shrinkage_loco,2018_cross_year_prospective,20180719_00,control,SA-04,72,target_window,45.913065,45.913065,46.644348,0.0,45.913065,1.5301642352941187,47.44322923529412,44.0,47.249969,49.078418,False,True,False,2,True
region_lead_shrinkage_loco,2020_retrospective_sa04,20200619_00,control,SA-04,24,context_only,43.867627,43.867627,44.670044,0.0,43.867627,0.8614347058823547,44.72906170588235,44.1,47.249969,49.078418,False,False,False,0,False
region_lead_shrinkage_loco,2020_retrospective_sa04,20200619_00,control,SA-04,48,target_window,44.084943,44.084943,44.893799,0.0,44.084943,1.7328070588235311,45.817750058823535,43.1,47.249969,49.078418,False,False,False,0,False
region_lead_shrinkage_loco,2020_retrospective_sa04,20200619_00,control,SA-04,72,target_window,44.450366,44.450366,45.464539,0.0,44.450366,1.5301642352941187,45.98053023529412,43.0,47.249969,49.078418,False,False,False,0,False
region_lead_shrinkage_loco,2020_retrospective_sa04,20200622_00,control,SA-04,24,context_only,43.013921,43.013921,43.666168,0.0,43.013921,0.8614347058823547,43.875355705882356,41.0,47.249969,49.078418,False,False,False,0,False
region_lead_shrinkage_loco,2020_retrospective_sa04,20200622_00,control,SA-04,48,target_window,42.062547,42.062547,43.851593,0.0,42.062547,1.5455716470588223,43.608118647058824,44.0,47.249969,49.078418,False,False,False,0,False
region_lead_shrinkage_loco,2020_retrospective_sa04,20200622_00,control,SA-04,72,target_window,42.636359,42.636359,44.274292,0.0,42.636359,1.5301642352941187,44.166523235294115,44.1,47.249969,49.078418,False,False,False,0,False
region_lead_shrinkage_loco,2020_prospective_sa08,20200623_00,control,SA-08,24,context_only,40.433228,40.433228,40.785156,0.0,40.433228,0.8542342857142883,41.28746228571429,42.0,47.0,49.0,False,False,False,0,False
region_lead_shrinkage_loco,2020_prospective_sa08,20200623_00,control,SA-08,48,target_window,39.605121,39.605121,40.024261,0.0,39.605121,1.8001392857142875,41.405260285714284,42.0,47.0,49.0,False,False,False,0,False
region_lead_shrinkage_loco,2020_prospective_sa08,20200623_00,control,SA-08,72,target_window,39.205518,39.205518,39.506744,0.0,39.205518,1.5668978571428596,40.77241585714286,42.0,47.0,49.0,False,False,False,0,False
region_lead_shrinkage_loco,2020_retrospective_sa04,20200627_00,event,SA-04,24,context_only,44.956194,44.956194,45.773193,0.0,44.956194,0.7696261764705876,45.72582017647059,46.0,47.249969,49.078418,False,False,False,0,False
region_lead_shrinkage_loco,2020_retrospective_sa04,20200627_00,event,SA-04,48,target_window,45.007985,45.007985,46.384705,0.0,45.007985,1.5455716470588223,46.55355664705882,47.0,47.249969,49.078418,False,False,False,0,False
region_lead_shrinkage_loco,2020_retrospective_sa04,20200627_00,event,SA-04,72,target_window,45.463254,45.463254,45.994537,0.0,45.463254,1.4767672352941204,46.94002123529412,48.0,47.249969,49.078418,True,False,False,0,False
region_lead_shrinkage_loco,2020_prospective_sa08,20200702_00,event,SA-08,24,context_only,43.316388,43.316388,44.237,0.0,43.316388,0.9518285714285741,44.268216571428574,44.2,47.0,49.0,False,False,False,0,False
region_lead_shrinkage_loco,2020_prospective_sa08,20200702_00,event,SA-08,48,target_window,44.190881,44.190881,44.5672,0.0,44.190881,1.7409621428571447,45.93184314285714,47.0,47.0,49.0,True,False,False,0,False
region_lead_shrinkage_loco,2020_prospective_sa08,20200702_00,event,SA-08,72,target_window,45.036707,45.036707,45.202515,0.0,45.036707,1.6856391428571456,46.72234614285715,47.0,47.0,49.0,True,False,False,0,False
region_lead_shrinkage_loco,2020_retrospective_sa04,20200706_00,event,SA-04,24,context_only,47.378952,47.378952,48.129761,0.0,47.378952,0.7696261764705876,48.148578176470586,49.0,47.249969,49.078418,True,True,False,1,False
region_lead_shrinkage_loco,2020_retrospective_sa04,20200706_00,event,SA-04,48,target_window,47.848279,47.848279,48.488251,0.0,47.848279,1.5455716470588223,49.39385064705882,50.0,47.249969,49.078418,True,True,True,2,True
region_lead_shrinkage_loco,2020_retrospective_sa04,20200706_00,event,SA-04,72,context_only,47.985997,47.985997,48.391327,0.0,47.985997,1.5301642352941187,49.51616123529411,48.0,47.249969,49.078418,True,True,True,3,True
region_lead_shrinkage_loco,2020_retrospective_sa04,20200715_00,event,SA-04,24,context_only,47.150662,47.150662,47.497131,0.0,47.150662,0.7817228823529393,47.932384882352935,48.0,47.249969,49.078418,True,True,False,1,False
region_lead_shrinkage_loco,2020_retrospective_sa04,20200715_00,event,SA-04,48,target_window,46.327307,46.327307,46.84787,0.0,46.327307,1.7328070588235311,48.06011405882353,46.0,47.249969,49.078418,False,True,False,2,True
region_lead_shrinkage_loco,2020_retrospective_sa04,20200715_00,event,SA-04,72,target_window,45.934428,45.934428,47.112854,0.0,45.934428,1.4767672352941204,47.411195235294116,48.0,47.249969,49.078418,True,True,False,3,True
region_lead_shrinkage_loco,2020_retrospective_sa04,20200806_00,event,SA-04,24,context_only,45.273853,45.273853,46.228577,0.0,45.273853,0.8614347058823547,46.135287705882355,46.0,47.249969,49.078418,False,False,False,0,False
region_lead_shrinkage_loco,2020_retrospective_sa04,20200806_00,event,SA-04,48,target_window,45.082336,45.082336,45.62616,0.0,45.082336,1.5455716470588223,46.62790764705882,47.0,47.249969,49.078418,False,False,False,0,False
region_lead_shrinkage_loco,2020_retrospective_sa04,20200806_00,event,SA-04,72,target_window,45.384962,45.384962,46.726837,0.0,45.384962,1.4767672352941204,46.86172923529412,49.0,47.249969,49.078418,True,False,False,0,False
region_lead_shrinkage_loco,2020_retrospective_sa04,20200908_00,event,SA-04,24,context_only,44.458691,44.458691,46.451538,0.0,44.458691,0.7696261764705876,45.22831717647059,46.0,47.0,49.0,False,False,False,0,False
region_lead_shrinkage_loco,2020_retrospective_sa04,20200908_00,event,SA-04,48,target_window,44.70089,44.70089,45.819611,0.0,44.70089,1.5455716470588223,46.24646164705882,48.0,47.0,49.0,True,False,False,0,False
region_lead_shrinkage_loco,2020_retrospective_sa04,20200908_00,event,SA-04,72,target_window,44.312521,44.312521,45.126556,0.0,44.312521,1.4767672352941204,45.789288235294116,47.0,47.0,49.0,True,False,False,0,False
region_lead_shrinkage_loco,2020_retrospective_sa04,20200927_00,control,SA-04,24,context_only,42.87088,42.87088,44.483429,0.0,42.87088,0.7696261764705876,43.64050617647059,45.0,47.0,49.0,False,False,False,0,False
region_lead_shrinkage_loco,2020_retrospective_sa04,20200927_00,control,SA-04,48,target_window,40.859718,40.859718,41.427032,0.0,40.859718,1.7328070588235311,42.59252505882353,41.0,47.0,49.0,False,False,False,0,False
region_lead_shrinkage_loco,2020_retrospective_sa04,20200927_00,control,SA-04,72,target_window,40.499168,40.499168,40.668945,0.0,40.499168,1.5060994705882362,42.00526747058824,42.0,47.0,49.0,False,False,False,0,False
ridge_state_loco_lambda1,2018_cross_year_prospective,20180601_00,event,SA-04,24,target_window,45.509152,45.509152,47.119934,0.0,45.509152,0.26410081505683514,45.773252815056836,47.0,47.249969,49.078418,False,False,False,0,False
ridge_state_loco_lambda1,2018_cross_year_prospective,20180601_00,event,SA-04,48,target_window,46.568024,46.568024,47.063049,0.0,46.568024,0.7667690502542546,47.334793050254255,48.2,47.249969,49.078418,True,True,False,1,False
ridge_state_loco_lambda1,2018_cross_year_prospective,20180601_00,event,SA-04,72,target_window,46.616957,46.616957,47.945801,0.0,46.616957,0.8227142632359816,47.43967126323598,47.3,47.249969,49.078418,True,True,False,2,True
ridge_state_loco_lambda1,2018_cross_year_prospective,20180614_00,control,SA-04,24,target_window,45.632617,45.632617,46.299377,0.0,45.632617,0.6050042339483614,46.23762123394837,43.3,47.249969,49.078418,False,False,False,0,False
ridge_state_loco_lambda1,2018_cross_year_prospective,20180614_00,control,SA-04,48,target_window,45.749274,45.749274,46.285767,0.0,45.749274,1.1874987992692079,46.93677279926921,43.0,47.249969,49.078418,False,False,False,0,False
ridge_state_loco_lambda1,2018_cross_year_prospective,20180614_00,control,SA-04,72,target_window,44.504704,44.504704,44.945923,0.0,44.504704,1.13031654572196,45.63502054572196,42.8,47.249969,49.078418,False,False,False,0,False
ridge_state_loco_lambda1,2018_cross_year_prospective,20180619_00,event,SA-03,24,target_window,43.52858,43.52858,44.153992,0.0,43.52858,0.28261942200417844,43.81119942200418,45.0,47.0,49.0,False,False,False,0,False
ridge_state_loco_lambda1,2018_cross_year_prospective,20180619_00,event,SA-03,48,target_window,44.2686,44.2686,45.414276,0.0,44.2686,0.7313248730162375,44.999924873016234,47.0,47.0,49.0,True,False,False,0,False
ridge_state_loco_lambda1,2018_cross_year_prospective,20180619_00,event,SA-03,72,target_window,44.862366,44.862366,47.78302,0.0,44.862366,0.7405515955010675,45.60291759550107,47.0,47.0,49.0,True,False,False,0,False
ridge_state_loco_lambda1,2018_cross_year_prospective,20180623_00,control,SA-03,24,target_window,43.710217,43.710217,47.004944,0.0,43.710217,1.489975407633306,45.20019240763331,43.4,47.0,49.0,False,False,False,0,False
ridge_state_loco_lambda1,2018_cross_year_prospective,20180623_00,control,SA-03,48,target_window,43.328873,43.328873,44.586487,0.0,43.328873,2.003360778222762,45.332233778222765,44.0,47.0,49.0,False,False,False,0,False
ridge_state_loco_lambda1,2018_cross_year_prospective,20180623_00,control,SA-03,72,target_window,42.828177,42.828177,43.891113,0.0,42.828177,2.0545408722232033,44.882717872223196,43.0,47.0,49.0,False,False,False,0,False
ridge_state_loco_lambda1,2018_cross_year_prospective,20180709_00,event,SA-04,24,target_window,47.452081,47.452081,48.143402,0.0,47.452081,0.33223008777606794,47.78431108777607,47.0,47.249969,49.078418,False,True,False,1,False
ridge_state_loco_lambda1,2018_cross_year_prospective,20180709_00,event,SA-04,48,target_window,46.501558,46.501558,47.531647,0.0,46.501558,0.8062572733305808,47.30781527333058,48.0,47.249969,49.078418,True,True,False,2,True
ridge_state_loco_lambda1,2018_cross_year_prospective,20180709_00,event,SA-04,72,target_window,46.41606,46.41606,47.837372,0.0,46.41606,0.8019380837616399,47.21799808376164,48.0,47.249969,49.078418,True,False,False,0,False
ridge_state_loco_lambda1,2018_cross_year_prospective,20180719_00,control,SA-04,24,target_window,45.306812,45.306812,46.342468,0.0,45.306812,0.457459868098938,45.76427186809894,45.0,47.249969,49.078418,False,False,False,0,False
ridge_state_loco_lambda1,2018_cross_year_prospective,20180719_00,control,SA-04,48,target_window,45.943123,45.943123,46.409851,0.0,45.943123,1.0504572069583222,46.99358020695832,45.0,47.249969,49.078418,False,False,False,0,False
ridge_state_loco_lambda1,2018_cross_year_prospective,20180719_00,control,SA-04,72,target_window,45.913065,45.913065,46.644348,0.0,45.913065,1.1096266326599382,47.02269163265994,44.0,47.249969,49.078418,False,False,False,0,False
ridge_state_loco_lambda1,2020_retrospective_sa04,20200619_00,control,SA-04,24,context_only,43.867627,43.867627,44.670044,0.0,43.867627,0.48459825849723176,44.35222525849723,44.1,47.249969,49.078418,False,False,False,0,False
ridge_state_loco_lambda1,2020_retrospective_sa04,20200619_00,control,SA-04,48,target_window,44.084943,44.084943,44.893799,0.0,44.084943,1.091588654565868,45.17653165456587,43.1,47.249969,49.078418,False,False,False,0,False
ridge_state_loco_lambda1,2020_retrospective_sa04,20200619_00,control,SA-04,72,target_window,44.450366,44.450366,45.464539,0.0,44.450366,1.0995252166462925,45.549891216646294,43.0,47.249969,49.078418,False,False,False,0,False
ridge_state_loco_lambda1,2020_retrospective_sa04,20200622_00,control,SA-04,24,context_only,43.013921,43.013921,43.666168,0.0,43.013921,0.5804326582353915,43.59435365823539,41.0,47.249969,49.078418,False,False,False,0,False
ridge_state_loco_lambda1,2020_retrospective_sa04,20200622_00,control,SA-04,48,target_window,42.062547,42.062547,43.851593,0.0,42.062547,0.9477444784227188,43.01029147842272,44.0,47.249969,49.078418,False,False,False,0,False
ridge_state_loco_lambda1,2020_retrospective_sa04,20200622_00,control,SA-04,72,target_window,42.636359,42.636359,44.274292,0.0,42.636359,0.9549990227209256,43.591358022720925,44.1,47.249969,49.078418,False,False,False,0,False
ridge_state_loco_lambda1,2020_prospective_sa08,20200623_00,control,SA-08,24,context_only,40.433228,40.433228,40.785156,0.0,40.433228,1.352499678903543,41.78572767890354,42.0,47.0,49.0,False,False,False,0,False
ridge_state_loco_lambda1,2020_prospective_sa08,20200623_00,control,SA-08,48,target_window,39.605121,39.605121,40.024261,0.0,39.605121,1.8612825458188573,41.46640354581886,42.0,47.0,49.0,False,False,False,0,False
ridge_state_loco_lambda1,2020_prospective_sa08,20200623_00,control,SA-08,72,target_window,39.205518,39.205518,39.506744,0.0,39.205518,1.8328699318869255,41.03838793188692,42.0,47.0,49.0,False,False,False,0,False
ridge_state_loco_lambda1,2020_retrospective_sa04,20200627_00,event,SA-04,24,context_only,44.956194,44.956194,45.773193,0.0,44.956194,0.29057931100566736,45.24677331100567,46.0,47.249969,49.078418,False,False,False,0,False
ridge_state_loco_lambda1,2020_retrospective_sa04,20200627_00,event,SA-04,48,target_window,45.007985,45.007985,46.384705,0.0,45.007985,0.7927141139167115,45.80069911391671,47.0,47.249969,49.078418,False,False,False,0,False
ridge_state_loco_lambda1,2020_retrospective_sa04,20200627_00,event,SA-04,72,target_window,45.463254,45.463254,45.994537,0.0,45.463254,0.7429245257135604,46.20617852571356,48.0,47.249969,49.078418,True,False,False,0,False
ridge_state_loco_lambda1,2020_prospective_sa08,20200702_00,event,SA-08,24,context_only,43.316388,43.316388,44.237,0.0,43.316388,1.598414844502103,44.914802844502105,44.2,47.0,49.0,False,False,False,0,False
ridge_state_loco_lambda1,2020_prospective_sa08,20200702_00,event,SA-08,48,target_window,44.190881,44.190881,44.5672,0.0,44.190881,2.015700202502117,46.206581202502115,47.0,47.0,49.0,True,False,False,0,False
ridge_state_loco_lambda1,2020_prospective_sa08,20200702_00,event,SA-08,72,target_window,45.036707,45.036707,45.202515,0.0,45.036707,2.0404515562054644,47.07715855620546,47.0,47.0,49.0,True,True,False,1,False
ridge_state_loco_lambda1,2020_retrospective_sa04,20200706_00,event,SA-04,24,context_only,47.378952,47.378952,48.129761,0.0,47.378952,0.11843687790946245,47.49738887790946,49.0,47.249969,49.078418,True,True,False,1,False
ridge_state_loco_lambda1,2020_retrospective_sa04,20200706_00,event,SA-04,48,target_window,47.848279,47.848279,48.488251,0.0,47.848279,0.601819269569074,48.450098269569075,50.0,47.249969,49.078418,True,True,False,2,True
ridge_state_loco_lambda1,2020_retrospective_sa04,20200706_00,event,SA-04,72,context_only,47.985997,47.985997,48.391327,0.0,47.985997,0.7246240476686391,48.71062104766864,48.0,47.249969,49.078418,True,True,False,3,True
ridge_state_loco_lambda1,2020_retrospective_sa04,20200715_00,event,SA-04,24,context_only,47.150662,47.150662,47.497131,0.0,47.150662,0.26263295149168203,47.41329495149168,48.0,47.249969,49.078418,True,True,False,1,False
ridge_state_loco_lambda1,2020_retrospective_sa04,20200715_00,event,SA-04,48,target_window,46.327307,46.327307,46.84787,0.0,46.327307,0.9170946411022032,47.2444016411022,46.0,47.249969,49.078418,False,False,False,0,False
ridge_state_loco_lambda1,2020_retrospective_sa04,20200715_00,event,SA-04,72,target_window,45.934428,45.934428,47.112854,0.0,45.934428,0.7787587014156536,46.71318670141565,48.0,47.249969,49.078418,True,False,False,0,False
ridge_state_loco_lambda1,2020_retrospective_sa04,20200806_00,event,SA-04,24,context_only,45.273853,45.273853,46.228577,0.0,45.273853,0.2901062360068628,45.563959236006866,46.0,47.249969,49.078418,False,False,False,0,False
ridge_state_loco_lambda1,2020_retrospective_sa04,20200806_00,event,SA-04,48,target_window,45.082336,45.082336,45.62616,0.0,45.082336,0.7906746234397514,45.87301062343975,47.0,47.249969,49.078418,False,False,False,0,False
ridge_state_loco_lambda1,2020_retrospective_sa04,20200806_00,event,SA-04,72,target_window,45.384962,45.384962,46.726837,0.0,45.384962,0.6724631208887154,46.057425120888716,49.0,47.249969,49.078418,True,False,False,0,False
ridge_state_loco_lambda1,2020_retrospective_sa04,20200908_00,event,SA-04,24,context_only,44.458691,44.458691,46.451538,0.0,44.458691,0.2395614396486202,44.69825243964862,46.0,47.0,49.0,False,False,False,0,False
ridge_state_loco_lambda1,2020_retrospective_sa04,20200908_00,event,SA-04,48,target_window,44.70089,44.70089,45.819611,0.0,44.70089,0.6954341505445505,45.39632415054455,48.0,47.0,49.0,True,False,False,0,False
ridge_state_loco_lambda1,2020_retrospective_sa04,20200908_00,event,SA-04,72,target_window,44.312521,44.312521,45.126556,0.0,44.312521,0.7342637485055503,45.046784748505544,47.0,47.0,49.0,True,False,False,0,False
ridge_state_loco_lambda1,2020_retrospective_sa04,20200927_00,control,SA-04,24,context_only,42.87088,42.87088,44.483429,0.0,42.87088,0.24070932590308147,43.11158932590308,45.0,47.0,49.0,False,False,False,0,False
ridge_state_loco_lambda1,2020_retrospective_sa04,20200927_00,control,SA-04,48,target_window,40.859718,40.859718,41.427032,0.0,40.859718,0.9099099872168696,41.76962798721687,41.0,47.0,49.0,False,False,False,0,False
ridge_state_loco_lambda1,2020_retrospective_sa04,20200927_00,control,SA-04,72,target_window,40.499168,40.499168,40.668945,0.0,40.499168,0.8229317226430429,41.32209972264304,42.0,47.0,49.0,False,False,False,0,False
ridge_state_loco_lambda10,2018_cross_year_prospective,20180601_00,event,SA-04,24,target_window,45.509152,45.509152,47.119934,0.0,45.509152,0.5443782415982716,46.053530241598274,47.0,47.249969,49.078418,False,False,False,0,False
ridge_state_loco_lambda10,2018_cross_year_prospective,20180601_00,event,SA-04,48,target_window,46.568024,46.568024,47.063049,0.0,46.568024,0.6610532752495957,47.229077275249594,48.2,47.249969,49.078418,True,False,False,0,False
ridge_state_loco_lambda10,2018_cross_year_prospective,20180601_00,event,SA-04,72,target_window,46.616957,46.616957,47.945801,0.0,46.616957,0.6935870778709657,47.310544077870965,47.3,47.249969,49.078418,True,True,False,1,False
ridge_state_loco_lambda10,2018_cross_year_prospective,20180614_00,control,SA-04,24,target_window,45.632617,45.632617,46.299377,0.0,45.632617,0.8550120894208946,46.4876290894209,43.3,47.249969,49.078418,False,False,False,0,False
ridge_state_loco_lambda10,2018_cross_year_prospective,20180614_00,control,SA-04,48,target_window,45.749274,45.749274,46.285767,0.0,45.749274,1.0890170036535316,46.83829100365353,43.0,47.249969,49.078418,False,False,False,0,False
ridge_state_loco_lambda10,2018_cross_year_prospective,20180614_00,control,SA-04,72,target_window,44.504704,44.504704,44.945923,0.0,44.504704,1.1049683249565132,45.60967232495651,42.8,47.249969,49.078418,False,False,False,0,False
ridge_state_loco_lambda10,2018_cross_year_prospective,20180619_00,event,SA-03,24,target_window,43.52858,43.52858,44.153992,0.0,43.52858,0.8447269050122352,44.373306905012235,45.0,47.0,49.0,False,False,False,0,False
ridge_state_loco_lambda10,2018_cross_year_prospective,20180619_00,event,SA-03,48,target_window,44.2686,44.2686,45.414276,0.0,44.2686,0.9717195581372099,45.24031955813721,47.0,47.0,49.0,True,False,False,0,False
ridge_state_loco_lambda10,2018_cross_year_prospective,20180619_00,event,SA-03,72,target_window,44.862366,44.862366,47.78302,0.0,44.862366,0.9452062356292121,45.807572235629216,47.0,47.0,49.0,True,False,False,0,False
ridge_state_loco_lambda10,2018_cross_year_prospective,20180623_00,control,SA-03,24,target_window,43.710217,43.710217,47.004944,0.0,43.710217,1.241267005984701,44.9514840059847,43.4,47.0,49.0,False,False,False,0,False
ridge_state_loco_lambda10,2018_cross_year_prospective,20180623_00,control,SA-03,48,target_window,43.328873,43.328873,44.586487,0.0,43.328873,1.4680183742636421,44.796891374263645,44.0,47.0,49.0,False,False,False,0,False
ridge_state_loco_lambda10,2018_cross_year_prospective,20180623_00,control,SA-03,72,target_window,42.828177,42.828177,43.891113,0.0,42.828177,1.5316803513596058,44.3598573513596,43.0,47.0,49.0,False,False,False,0,False
ridge_state_loco_lambda10,2018_cross_year_prospective,20180709_00,event,SA-04,24,target_window,47.452081,47.452081,48.143402,0.0,47.452081,0.4684131944258608,47.920494194425864,47.0,47.249969,49.078418,False,True,False,1,False
ridge_state_loco_lambda10,2018_cross_year_prospective,20180709_00,event,SA-04,48,target_window,46.501558,46.501558,47.531647,0.0,46.501558,0.7178901783434095,47.21944817834341,48.0,47.249969,49.078418,True,False,False,0,False
ridge_state_loco_lambda10,2018_cross_year_prospective,20180709_00,event,SA-04,72,target_window,46.41606,46.41606,47.837372,0.0,46.41606,0.7199638397900412,47.13602383979004,48.0,47.249969,49.078418,True,False,False,0,False
ridge_state_loco_lambda10,2018_cross_year_prospective,20180719_00,control,SA-04,24,target_window,45.306812,45.306812,46.342468,0.0,45.306812,0.7573081626034612,46.06412016260346,45.0,47.249969,49.078418,False,False,False,0,False
ridge_state_loco_lambda10,2018_cross_year_prospective,20180719_00,control,SA-04,48,target_window,45.943123,45.943123,46.409851,0.0,45.943123,0.9575019782217955,46.90062497822179,45.0,47.249969,49.078418,False,False,False,0,False
ridge_state_loco_lambda10,2018_cross_year_prospective,20180719_00,control,SA-04,72,target_window,45.913065,45.913065,46.644348,0.0,45.913065,0.9966134926328922,46.90967849263289,44.0,47.249969,49.078418,False,False,False,0,False
ridge_state_loco_lambda10,2020_retrospective_sa04,20200619_00,control,SA-04,24,context_only,43.867627,43.867627,44.670044,0.0,43.867627,0.8439250885364515,44.71155208853645,44.1,47.249969,49.078418,False,False,False,0,False
ridge_state_loco_lambda10,2020_retrospective_sa04,20200619_00,control,SA-04,48,target_window,44.084943,44.084943,44.893799,0.0,44.084943,1.0668853382809471,45.15182833828095,43.1,47.249969,49.078418,False,False,False,0,False
ridge_state_loco_lambda10,2020_retrospective_sa04,20200619_00,control,SA-04,72,target_window,44.450366,44.450366,45.464539,0.0,44.450366,1.0502563484728842,45.50062234847289,43.0,47.249969,49.078418,False,False,False,0,False
ridge_state_loco_lambda10,2020_retrospective_sa04,20200622_00,control,SA-04,24,context_only,43.013921,43.013921,43.666168,0.0,43.013921,0.9025381388494245,43.916459138849426,41.0,47.249969,49.078418,False,False,False,0,False
ridge_state_loco_lambda10,2020_retrospective_sa04,20200622_00,control,SA-04,48,target_window,42.062547,42.062547,43.851593,0.0,42.062547,1.11356321385848,43.17611021385848,44.0,47.249969,49.078418,False,False,False,0,False
ridge_state_loco_lambda10,2020_retrospective_sa04,20200622_00,control,SA-04,72,target_window,42.636359,42.636359,44.274292,0.0,42.636359,1.0806313462345123,43.71699034623451,44.1,47.249969,49.078418,False,False,False,0,False
ridge_state_loco_lambda10,2020_prospective_sa08,20200623_00,control,SA-08,24,context_only,40.433228,40.433228,40.785156,0.0,40.433228,1.154520235251439,41.58774823525144,42.0,47.0,49.0,False,False,False,0,False
ridge_state_loco_lambda10,2020_prospective_sa08,20200623_00,control,SA-08,48,target_window,39.605121,39.605121,40.024261,0.0,39.605121,1.3741999932709457,40.979320993270946,42.0,47.0,49.0,False,False,False,0,False
ridge_state_loco_lambda10,2020_prospective_sa08,20200623_00,control,SA-08,72,target_window,39.205518,39.205518,39.506744,0.0,39.205518,1.3632318065338298,40.56874980653383,42.0,47.0,49.0,False,False,False,0,False
ridge_state_loco_lambda10,2020_retrospective_sa04,20200627_00,event,SA-04,24,context_only,44.956194,44.956194,45.773193,0.0,44.956194,0.5743900224198396,45.530584022419845,46.0,47.249969,49.078418,False,False,False,0,False
ridge_state_loco_lambda10,2020_retrospective_sa04,20200627_00,event,SA-04,48,target_window,45.007985,45.007985,46.384705,0.0,45.007985,0.7743291117574708,45.78231411175747,47.0,47.249969,49.078418,False,False,False,0,False
ridge_state_loco_lambda10,2020_retrospective_sa04,20200627_00,event,SA-04,72,target_window,45.463254,45.463254,45.994537,0.0,45.463254,0.7136426730500186,46.17689667305002,48.0,47.249969,49.078418,True,False,False,0,False
ridge_state_loco_lambda10,2020_prospective_sa08,20200702_00,event,SA-08,24,context_only,43.316388,43.316388,44.237,0.0,43.316388,1.1967483449481966,44.5131363449482,44.2,47.0,49.0,False,False,False,0,False
ridge_state_loco_lambda10,2020_prospective_sa08,20200702_00,event,SA-08,48,target_window,44.190881,44.190881,44.5672,0.0,44.190881,1.2884877666811074,45.479368766681105,47.0,47.0,49.0,True,False,False,0,False
ridge_state_loco_lambda10,2020_prospective_sa08,20200702_00,event,SA-08,72,target_window,45.036707,45.036707,45.202515,0.0,45.036707,1.244061722194025,46.280768722194026,47.0,47.0,49.0,True,False,False,0,False
ridge_state_loco_lambda10,2020_retrospective_sa04,20200706_00,event,SA-04,24,context_only,47.378952,47.378952,48.129761,0.0,47.378952,0.3034668474581173,47.682418847458116,49.0,47.249969,49.078418,True,True,False,1,False
ridge_state_loco_lambda10,2020_retrospective_sa04,20200706_00,event,SA-04,48,target_window,47.848279,47.848279,48.488251,0.0,47.848279,0.4388617173004106,48.28714071730041,50.0,47.249969,49.078418,True,True,False,2,True
ridge_state_loco_lambda10,2020_retrospective_sa04,20200706_00,event,SA-04,72,context_only,47.985997,47.985997,48.391327,0.0,47.985997,0.5073928351999442,48.49338983519994,48.0,47.249969,49.078418,True,True,False,3,True
ridge_state_loco_lambda10,2020_retrospective_sa04,20200715_00,event,SA-04,24,context_only,47.150662,47.150662,47.497131,0.0,47.150662,0.4590322842968892,47.609694284296886,48.0,47.249969,49.078418,True,True,False,1,False
ridge_state_loco_lambda10,2020_retrospective_sa04,20200715_00,event,SA-04,48,target_window,46.327307,46.327307,46.84787,0.0,46.327307,0.7904904297896005,47.1177974297896,46.0,47.249969,49.078418,False,False,False,0,False
ridge_state_loco_lambda10,2020_retrospective_sa04,20200715_00,event,SA-04,72,target_window,45.934428,45.934428,47.112854,0.0,45.934428,0.7248054369043588,46.65923343690436,48.0,47.249969,49.078418,True,False,False,0,False
ridge_state_loco_lambda10,2020_retrospective_sa04,20200806_00,event,SA-04,24,context_only,45.273853,45.273853,46.228577,0.0,45.273853,0.5407052044373427,45.81455820443735,46.0,47.249969,49.078418,False,False,False,0,False
ridge_state_loco_lambda10,2020_retrospective_sa04,20200806_00,event,SA-04,48,target_window,45.082336,45.082336,45.62616,0.0,45.082336,0.7657415435147575,45.848077543514755,47.0,47.249969,49.078418,False,False,False,0,False
ridge_state_loco_lambda10,2020_retrospective_sa04,20200806_00,event,SA-04,72,target_window,45.384962,45.384962,46.726837,0.0,45.384962,0.6706120541570096,46.05557405415701,49.0,47.249969,49.078418,True,False,False,0,False
ridge_state_loco_lambda10,2020_retrospective_sa04,20200908_00,event,SA-04,24,context_only,44.458691,44.458691,46.451538,0.0,44.458691,0.5618976499729738,45.02058864997298,46.0,47.0,49.0,False,False,False,0,False
ridge_state_loco_lambda10,2020_retrospective_sa04,20200908_00,event,SA-04,48,target_window,44.70089,44.70089,45.819611,0.0,44.70089,0.7224667526200552,45.42335675262006,48.0,47.0,49.0,True,False,False,0,False
ridge_state_loco_lambda10,2020_retrospective_sa04,20200908_00,event,SA-04,72,target_window,44.312521,44.312521,45.126556,0.0,44.312521,0.7710891593276712,45.08361015932767,47.0,47.0,49.0,True,False,False,0,False
ridge_state_loco_lambda10,2020_retrospective_sa04,20200927_00,control,SA-04,24,context_only,42.87088,42.87088,44.483429,0.0,42.87088,0.7524273291829777,43.62330732918298,45.0,47.0,49.0,False,False,False,0,False
ridge_state_loco_lambda10,2020_retrospective_sa04,20200927_00,control,SA-04,48,target_window,40.859718,40.859718,41.427032,0.0,40.859718,1.175560066571868,42.03527806657187,41.0,47.0,49.0,False,False,False,0,False
ridge_state_loco_lambda10,2020_retrospective_sa04,20200927_00,control,SA-04,72,target_window,40.499168,40.499168,40.668945,0.0,40.499168,1.1468201648684806,41.64598816486848,42.0,47.0,49.0,False,False,False,0,False
ridge_state_loco_lambda100,2018_cross_year_prospective,20180601_00,event,SA-04,24,target_window,45.509152,45.509152,47.119934,0.0,45.509152,0.7649015114794951,46.274053511479494,47.0,47.249969,49.078418,False,False,False,0,False
ridge_state_loco_lambda100,2018_cross_year_prospective,20180601_00,event,SA-04,48,target_window,46.568024,46.568024,47.063049,0.0,46.568024,0.7006294611614291,47.26865346116143,48.2,47.249969,49.078418,True,True,False,1,False
ridge_state_loco_lambda100,2018_cross_year_prospective,20180601_00,event,SA-04,72,target_window,46.616957,46.616957,47.945801,0.0,46.616957,0.7043318652912067,47.32128886529121,47.3,47.249969,49.078418,True,True,False,2,True
ridge_state_loco_lambda100,2018_cross_year_prospective,20180614_00,control,SA-04,24,target_window,45.632617,45.632617,46.299377,0.0,45.632617,1.0405207260494784,46.67313772604948,43.3,47.249969,49.078418,False,False,False,0,False
ridge_state_loco_lambda100,2018_cross_year_prospective,20180614_00,control,SA-04,48,target_window,45.749274,45.749274,46.285767,0.0,45.749274,1.0699131352865026,46.819187135286505,43.0,47.249969,49.078418,False,False,False,0,False
ridge_state_loco_lambda100,2018_cross_year_prospective,20180614_00,control,SA-04,72,target_window,44.504704,44.504704,44.945923,0.0,44.504704,1.1276507367950455,45.632354736795044,42.8,47.249969,49.078418,False,False,False,0,False
ridge_state_loco_lambda100,2018_cross_year_prospective,20180619_00,event,SA-03,24,target_window,43.52858,43.52858,44.153992,0.0,43.52858,0.92822770178826,44.45680770178826,45.0,47.0,49.0,False,False,False,0,False
ridge_state_loco_lambda100,2018_cross_year_prospective,20180619_00,event,SA-03,48,target_window,44.2686,44.2686,45.414276,0.0,44.2686,0.8961091342585629,45.164709134258565,47.0,47.0,49.0,True,False,False,0,False
ridge_state_loco_lambda100,2018_cross_year_prospective,20180619_00,event,SA-03,72,target_window,44.862366,44.862366,47.78302,0.0,44.862366,0.8541641365205762,45.716530136520575,47.0,47.0,49.0,True,False,False,0,False
ridge_state_loco_lambda100,2018_cross_year_prospective,20180623_00,control,SA-03,24,target_window,43.710217,43.710217,47.004944,0.0,43.710217,1.0941467734213945,44.80436377342139,43.4,47.0,49.0,False,False,False,0,False
ridge_state_loco_lambda100,2018_cross_year_prospective,20180623_00,control,SA-03,48,target_window,43.328873,43.328873,44.586487,0.0,43.328873,1.1552919766397167,44.48416497663972,44.0,47.0,49.0,False,False,False,0,False
ridge_state_loco_lambda100,2018_cross_year_prospective,20180623_00,control,SA-03,72,target_window,42.828177,42.828177,43.891113,0.0,42.828177,1.2047182361075208,44.03289523610752,43.0,47.0,49.0,False,False,False,0,False
ridge_state_loco_lambda100,2018_cross_year_prospective,20180709_00,event,SA-04,24,target_window,47.452081,47.452081,48.143402,0.0,47.452081,0.6505980861599571,48.10267908615996,47.0,47.249969,49.078418,False,True,False,1,False
ridge_state_loco_lambda100,2018_cross_year_prospective,20180709_00,event,SA-04,48,target_window,46.501558,46.501558,47.531647,0.0,46.501558,0.750715226611241,47.252273226611244,48.0,47.249969,49.078418,True,True,False,2,True
ridge_state_loco_lambda100,2018_cross_year_prospective,20180709_00,event,SA-04,72,target_window,46.41606,46.41606,47.837372,0.0,46.41606,0.7564816098926707,47.172541609892676,48.0,47.249969,49.078418,True,False,False,0,False
ridge_state_loco_lambda100,2018_cross_year_prospective,20180719_00,control,SA-04,24,target_window,45.306812,45.306812,46.342468,0.0,45.306812,0.9696338467191415,46.27644584671914,45.0,47.249969,49.078418,False,False,False,0,False
ridge_state_loco_lambda100,2018_cross_year_prospective,20180719_00,control,SA-04,48,target_window,45.943123,45.943123,46.409851,0.0,45.943123,0.9658067955490642,46.908929795549064,45.0,47.249969,49.078418,False,False,False,0,False
ridge_state_loco_lambda100,2018_cross_year_prospective,20180719_00,control,SA-04,72,target_window,45.913065,45.913065,46.644348,0.0,45.913065,0.9756717088945511,46.888736708894555,44.0,47.249969,49.078418,False,False,False,0,False
ridge_state_loco_lambda100,2020_retrospective_sa04,20200619_00,control,SA-04,24,context_only,43.867627,43.867627,44.670044,0.0,43.867627,1.055536431565492,44.92316343156549,44.1,47.249969,49.078418,False,False,False,0,False
ridge_state_loco_lambda100,2020_retrospective_sa04,20200619_00,control,SA-04,48,target_window,44.084943,44.084943,44.893799,0.0,44.084943,1.0709187179394208,45.15586171793942,43.1,47.249969,49.078418,False,False,False,0,False
ridge_state_loco_lambda100,2020_retrospective_sa04,20200619_00,control,SA-04,72,target_window,44.450366,44.450366,45.464539,0.0,44.450366,1.0430518381025768,45.49341783810258,43.0,47.249969,49.078418,False,False,False,0,False
ridge_state_loco_lambda100,2020_retrospective_sa04,20200622_00,control,SA-04,24,context_only,43.013921,43.013921,43.666168,0.0,43.013921,1.0676232010831064,44.08154420108311,41.0,47.249969,49.078418,False,False,False,0,False
ridge_state_loco_lambda100,2020_retrospective_sa04,20200622_00,control,SA-04,48,target_window,42.062547,42.062547,43.851593,0.0,42.062547,1.1681055783499057,43.23065257834991,44.0,47.249969,49.078418,False,False,False,0,False
ridge_state_loco_lambda100,2020_retrospective_sa04,20200622_00,control,SA-04,72,target_window,42.636359,42.636359,44.274292,0.0,42.636359,1.1217956086197698,43.75815460861977,44.1,47.249969,49.078418,False,False,False,0,False
ridge_state_loco_lambda100,2020_prospective_sa08,20200623_00,control,SA-08,24,context_only,40.433228,40.433228,40.785156,0.0,40.433228,0.9637005388159836,41.396928538815985,42.0,47.0,49.0,False,False,False,0,False
ridge_state_loco_lambda100,2020_prospective_sa08,20200623_00,control,SA-08,48,target_window,39.605121,39.605121,40.024261,0.0,39.605121,1.009359675211654,40.61448067521165,42.0,47.0,49.0,False,False,False,0,False
ridge_state_loco_lambda100,2020_prospective_sa08,20200623_00,control,SA-08,72,target_window,39.205518,39.205518,39.506744,0.0,39.205518,1.0131615188840568,40.21867951888405,42.0,47.0,49.0,False,False,False,0,False
ridge_state_loco_lambda100,2020_retrospective_sa04,20200627_00,event,SA-04,24,context_only,44.956194,44.956194,45.773193,0.0,44.956194,0.7826157198133481,45.738809719813354,46.0,47.249969,49.078418,False,False,False,0,False
ridge_state_loco_lambda100,2020_retrospective_sa04,20200627_00,event,SA-04,48,target_window,45.007985,45.007985,46.384705,0.0,45.007985,0.8081929654375246,45.816177965437525,47.0,47.249969,49.078418,False,False,False,0,False
ridge_state_loco_lambda100,2020_retrospective_sa04,20200627_00,event,SA-04,72,target_window,45.463254,45.463254,45.994537,0.0,45.463254,0.7636914862414428,46.22694548624144,48.0,47.249969,49.078418,True,False,False,0,False
ridge_state_loco_lambda100,2020_prospective_sa08,20200702_00,event,SA-08,24,context_only,43.316388,43.316388,44.237,0.0,43.316388,1.0045420666407325,44.320930066640734,44.2,47.0,49.0,False,False,False,0,False
ridge_state_loco_lambda100,2020_prospective_sa08,20200702_00,event,SA-08,48,target_window,44.190881,44.190881,44.5672,0.0,44.190881,0.956254066076731,45.14713506607673,47.0,47.0,49.0,True,False,False,0,False
ridge_state_loco_lambda100,2020_prospective_sa08,20200702_00,event,SA-08,72,target_window,45.036707,45.036707,45.202515,0.0,45.036707,0.8938309915144584,45.930537991514456,47.0,47.0,49.0,True,False,False,0,False
ridge_state_loco_lambda100,2020_retrospective_sa04,20200706_00,event,SA-04,24,context_only,47.378952,47.378952,48.129761,0.0,47.378952,0.5518577251299169,47.93080972512991,49.0,47.249969,49.078418,True,True,False,1,False
ridge_state_loco_lambda100,2020_retrospective_sa04,20200706_00,event,SA-04,48,target_window,47.848279,47.848279,48.488251,0.0,47.848279,0.5281801492967614,48.37645914929676,50.0,47.249969,49.078418,True,True,False,2,True
ridge_state_loco_lambda100,2020_retrospective_sa04,20200706_00,event,SA-04,72,context_only,47.985997,47.985997,48.391327,0.0,47.985997,0.5325013207994664,48.518498320799466,48.0,47.249969,49.078418,True,True,False,3,True
ridge_state_loco_lambda100,2020_retrospective_sa04,20200715_00,event,SA-04,24,context_only,47.150662,47.150662,47.497131,0.0,47.150662,0.6683955515487205,47.81905755154872,48.0,47.249969,49.078418,True,True,False,1,False
ridge_state_loco_lambda100,2020_retrospective_sa04,20200715_00,event,SA-04,48,target_window,46.327307,46.327307,46.84787,0.0,46.327307,0.7760841612160991,47.103391161216095,46.0,47.249969,49.078418,False,False,False,0,False
ridge_state_loco_lambda100,2020_retrospective_sa04,20200715_00,event,SA-04,72,target_window,45.934428,45.934428,47.112854,0.0,45.934428,0.7866825050593681,46.721110505059364,48.0,47.249969,49.078418,True,False,False,0,False
ridge_state_loco_lambda100,2020_retrospective_sa04,20200806_00,event,SA-04,24,context_only,45.273853,45.273853,46.228577,0.0,45.273853,0.7388991904829675,46.01275219048297,46.0,47.249969,49.078418,False,False,False,0,False
ridge_state_loco_lambda100,2020_retrospective_sa04,20200806_00,event,SA-04,48,target_window,45.082336,45.082336,45.62616,0.0,45.082336,0.7882881523415765,45.87062415234158,47.0,47.249969,49.078418,False,False,False,0,False
ridge_state_loco_lambda100,2020_retrospective_sa04,20200806_00,event,SA-04,72,target_window,45.384962,45.384962,46.726837,0.0,45.384962,0.7463094072049921,46.13127140720499,49.0,47.249969,49.078418,True,False,False,0,False
ridge_state_loco_lambda100,2020_retrospective_sa04,20200908_00,event,SA-04,24,context_only,44.458691,44.458691,46.451538,0.0,44.458691,0.7834053188767635,45.24209631887677,46.0,47.0,49.0,False,False,False,0,False
ridge_state_loco_lambda100,2020_retrospective_sa04,20200908_00,event,SA-04,48,target_window,44.70089,44.70089,45.819611,0.0,44.70089,0.7886945968914322,45.48958459689143,48.0,47.0,49.0,True,False,False,0,False
ridge_state_loco_lambda100,2020_retrospective_sa04,20200908_00,event,SA-04,72,target_window,44.312521,44.312521,45.126556,0.0,44.312521,0.8241692283678912,45.13669022836789,47.0,47.0,49.0,True,False,False,0,False
ridge_state_loco_lambda100,2020_retrospective_sa04,20200927_00,control,SA-04,24,context_only,42.87088,42.87088,44.483429,0.0,42.87088,1.0128937751049618,43.88377377510496,45.0,47.0,49.0,False,False,False,0,False
ridge_state_loco_lambda100,2020_retrospective_sa04,20200927_00,control,SA-04,48,target_window,40.859718,40.859718,41.427032,0.0,40.859718,1.2206946225794693,42.08041262257947,41.0,47.0,49.0,False,False,False,0,False
ridge_state_loco_lambda100,2020_retrospective_sa04,20200927_00,control,SA-04,72,target_window,40.499168,40.499168,40.668945,0.0,40.499168,1.2386092718825283,41.73777727188253,42.0,47.0,49.0,False,False,False,0,False
blend025_pooled_loco,2018_cross_year_prospective,20180601_00,event,SA-04,24,target_window,45.509152,45.509152,47.119934,0.25,45.9118475,1.0541577500000017,46.96600525,47.0,47.249969,49.078418,False,False,False,0,False
blend025_pooled_loco,2018_cross_year_prospective,20180601_00,event,SA-04,48,target_window,46.568024,46.568024,47.063049,0.25,46.69178025,1.0541577500000017,47.745938,48.2,47.249969,49.078418,True,True,False,1,False
blend025_pooled_loco,2018_cross_year_prospective,20180601_00,event,SA-04,72,target_window,46.616957,46.616957,47.945801,0.25,46.949168,1.0541577500000017,48.00332575,47.3,47.249969,49.078418,True,True,False,2,True
blend025_pooled_loco,2018_cross_year_prospective,20180614_00,control,SA-04,24,target_window,45.632617,45.632617,46.299377,0.25,45.799307,1.2286119999999983,47.027919,43.3,47.249969,49.078418,False,False,False,0,False
blend025_pooled_loco,2018_cross_year_prospective,20180614_00,control,SA-04,48,target_window,45.749274,45.749274,46.285767,0.25,45.88339725,1.2286119999999983,47.11200925,43.0,47.249969,49.078418,False,False,False,0,False
blend025_pooled_loco,2018_cross_year_prospective,20180614_00,control,SA-04,72,target_window,44.504704,44.504704,44.945923,0.25,44.61500875,1.2286119999999983,45.84362075,42.8,47.249969,49.078418,False,False,False,0,False
blend025_pooled_loco,2018_cross_year_prospective,20180619_00,event,SA-03,24,target_window,43.52858,43.52858,44.153992,0.25,43.684933,1.0430972500000024,44.72803025,45.0,47.0,49.0,False,False,False,0,False
blend025_pooled_loco,2018_cross_year_prospective,20180619_00,event,SA-03,48,target_window,44.2686,44.2686,45.414276,0.25,44.555019,1.0430972500000024,45.598116250000004,47.0,47.0,49.0,True,False,False,0,False
blend025_pooled_loco,2018_cross_year_prospective,20180619_00,event,SA-03,72,target_window,44.862366,44.862366,47.78302,0.25,45.5925295,1.0430972500000024,46.63562675,47.0,47.0,49.0,True,False,False,0,False
blend025_pooled_loco,2018_cross_year_prospective,20180623_00,control,SA-03,24,target_window,43.710217,43.710217,47.004944,0.25,44.53389875,1.2286119999999983,45.76251075,43.4,47.0,49.0,False,False,False,0,False
blend025_pooled_loco,2018_cross_year_prospective,20180623_00,control,SA-03,48,target_window,43.328873,43.328873,44.586487,0.25,43.6432765,1.2286119999999983,44.8718885,44.0,47.0,49.0,False,False,False,0,False
blend025_pooled_loco,2018_cross_year_prospective,20180623_00,control,SA-03,72,target_window,42.828177,42.828177,43.891113,0.25,43.093911,1.2286119999999983,44.322523,43.0,47.0,49.0,False,False,False,0,False
blend025_pooled_loco,2018_cross_year_prospective,20180709_00,event,SA-04,24,target_window,47.452081,47.452081,48.143402,0.25,47.62491125,1.0541577500000017,48.679069,47.0,47.249969,49.078418,False,True,False,1,False
blend025_pooled_loco,2018_cross_year_prospective,20180709_00,event,SA-04,48,target_window,46.501558,46.501558,47.531647,0.25,46.759080250000004,1.0541577500000017,47.813238000000005,48.0,47.249969,49.078418,True,True,False,2,True
blend025_pooled_loco,2018_cross_year_prospective,20180709_00,event,SA-04,72,target_window,46.41606,46.41606,47.837372,0.25,46.771388,1.0541577500000017,47.82554575,48.0,47.249969,49.078418,True,True,False,3,True
blend025_pooled_loco,2018_cross_year_prospective,20180719_00,control,SA-04,24,target_window,45.306812,45.306812,46.342468,0.25,45.565726,1.2286119999999983,46.794337999999996,45.0,47.249969,49.078418,False,False,False,0,False
blend025_pooled_loco,2018_cross_year_prospective,20180719_00,control,SA-04,48,target_window,45.943123,45.943123,46.409851,0.25,46.059805,1.2286119999999983,47.288416999999995,45.0,47.249969,49.078418,False,True,False,1,False
blend025_pooled_loco,2018_cross_year_prospective,20180719_00,control,SA-04,72,target_window,45.913065,45.913065,46.644348,0.25,46.09588575,1.2286119999999983,47.32449775,44.0,47.249969,49.078418,False,True,False,2,True
blend025_pooled_loco,2020_retrospective_sa04,20200619_00,control,SA-04,24,context_only,43.867627,43.867627,44.670044,0.25,44.06823125,1.2286119999999983,45.296843249999995,44.1,47.249969,49.078418,False,False,False,0,False
blend025_pooled_loco,2020_retrospective_sa04,20200619_00,control,SA-04,48,target_window,44.084943,44.084943,44.893799,0.25,44.287157,1.2286119999999983,45.515769,43.1,47.249969,49.078418,False,False,False,0,False
blend025_pooled_loco,2020_retrospective_sa04,20200619_00,control,SA-04,72,target_window,44.450366,44.450366,45.464539,0.25,44.70390925,1.2286119999999983,45.93252125,43.0,47.249969,49.078418,False,False,False,0,False
blend025_pooled_loco,2020_retrospective_sa04,20200622_00,control,SA-04,24,context_only,43.013921,43.013921,43.666168,0.25,43.17698275,1.0881524999999996,44.26513525,41.0,47.249969,49.078418,False,False,False,0,False
blend025_pooled_loco,2020_retrospective_sa04,20200622_00,control,SA-04,48,target_window,42.062547,42.062547,43.851593,0.25,42.509808500000005,1.0881524999999996,43.597961000000005,44.0,47.249969,49.078418,False,False,False,0,False
blend025_pooled_loco,2020_retrospective_sa04,20200622_00,control,SA-04,72,target_window,42.636359,42.636359,44.274292,0.25,43.04584225,1.0881524999999996,44.13399475,44.1,47.249969,49.078418,False,False,False,0,False
blend025_pooled_loco,2020_prospective_sa08,20200623_00,control,SA-08,24,context_only,40.433228,40.433228,40.785156,0.25,40.521209999999996,1.0430972500000024,41.56430725,42.0,47.0,49.0,False,False,False,0,False
blend025_pooled_loco,2020_prospective_sa08,20200623_00,control,SA-08,48,target_window,39.605121,39.605121,40.024261,0.25,39.709906,1.0430972500000024,40.75300325,42.0,47.0,49.0,False,False,False,0,False
blend025_pooled_loco,2020_prospective_sa08,20200623_00,control,SA-08,72,target_window,39.205518,39.205518,39.506744,0.25,39.280824499999994,1.0430972500000024,40.32392175,42.0,47.0,49.0,False,False,False,0,False
blend025_pooled_loco,2020_retrospective_sa04,20200627_00,event,SA-04,24,context_only,44.956194,44.956194,45.773193,0.25,45.16044375,1.0541577500000017,46.2146015,46.0,47.249969,49.078418,False,False,False,0,False
blend025_pooled_loco,2020_retrospective_sa04,20200627_00,event,SA-04,48,target_window,45.007985,45.007985,46.384705,0.25,45.352165,1.0541577500000017,46.40632275,47.0,47.249969,49.078418,False,False,False,0,False
blend025_pooled_loco,2020_retrospective_sa04,20200627_00,event,SA-04,72,target_window,45.463254,45.463254,45.994537,0.25,45.59607475,1.0541577500000017,46.6502325,48.0,47.249969,49.078418,True,False,False,0,False
blend025_pooled_loco,2020_prospective_sa08,20200702_00,event,SA-08,24,context_only,43.316388,43.316388,44.237,0.25,43.546541000000005,1.0541577500000017,44.60069875000001,44.2,47.0,49.0,False,False,False,0,False
blend025_pooled_loco,2020_prospective_sa08,20200702_00,event,SA-08,48,target_window,44.190881,44.190881,44.5672,0.25,44.284960749999996,1.0541577500000017,45.3391185,47.0,47.0,49.0,True,False,False,0,False
blend025_pooled_loco,2020_prospective_sa08,20200702_00,event,SA-08,72,target_window,45.036707,45.036707,45.202515,0.25,45.078159,1.0541577500000017,46.13231675,47.0,47.0,49.0,True,False,False,0,False
blend025_pooled_loco,2020_retrospective_sa04,20200706_00,event,SA-04,24,context_only,47.378952,47.378952,48.129761,0.25,47.56665425,1.0541577500000017,48.620812,49.0,47.249969,49.078418,True,True,False,1,False
blend025_pooled_loco,2020_retrospective_sa04,20200706_00,event,SA-04,48,target_window,47.848279,47.848279,48.488251,0.25,48.008272,1.0541577500000017,49.06242975,50.0,47.249969,49.078418,True,True,False,2,True
blend025_pooled_loco,2020_retrospective_sa04,20200706_00,event,SA-04,72,context_only,47.985997,47.985997,48.391327,0.25,48.087329499999996,1.0541577500000017,49.14148725,48.0,47.249969,49.078418,True,True,True,3,True
blend025_pooled_loco,2020_retrospective_sa04,20200715_00,event,SA-04,24,context_only,47.150662,47.150662,47.497131,0.25,47.23727925,1.0881524999999996,48.32543175,48.0,47.249969,49.078418,True,True,False,1,False
blend025_pooled_loco,2020_retrospective_sa04,20200715_00,event,SA-04,48,target_window,46.327307,46.327307,46.84787,0.25,46.45744775,1.0881524999999996,47.54560025,46.0,47.249969,49.078418,False,True,False,2,True
blend025_pooled_loco,2020_retrospective_sa04,20200715_00,event,SA-04,72,target_window,45.934428,45.934428,47.112854,0.25,46.2290345,1.0881524999999996,47.317187,48.0,47.249969,49.078418,True,True,False,3,True
blend025_pooled_loco,2020_retrospective_sa04,20200806_00,event,SA-04,24,context_only,45.273853,45.273853,46.228577,0.25,45.512534,1.0541577500000017,46.566691750000004,46.0,47.249969,49.078418,False,False,False,0,False
blend025_pooled_loco,2020_retrospective_sa04,20200806_00,event,SA-04,48,target_window,45.082336,45.082336,45.62616,0.25,45.218292,1.0541577500000017,46.27244975,47.0,47.249969,49.078418,False,False,False,0,False
blend025_pooled_loco,2020_retrospective_sa04,20200806_00,event,SA-04,72,target_window,45.384962,45.384962,46.726837,0.25,45.720430750000006,1.0541577500000017,46.77458850000001,49.0,47.249969,49.078418,True,False,False,0,False
blend025_pooled_loco,2020_retrospective_sa04,20200908_00,event,SA-04,24,context_only,44.458691,44.458691,46.451538,0.25,44.95690275,1.0541577500000017,46.0110605,46.0,47.0,49.0,False,False,False,0,False
blend025_pooled_loco,2020_retrospective_sa04,20200908_00,event,SA-04,48,target_window,44.70089,44.70089,45.819611,0.25,44.98057025,1.0541577500000017,46.034728,48.0,47.0,49.0,True,False,False,0,False
blend025_pooled_loco,2020_retrospective_sa04,20200908_00,event,SA-04,72,target_window,44.312521,44.312521,45.126556,0.25,44.51602975,1.0541577500000017,45.5701875,47.0,47.0,49.0,True,False,False,0,False
blend025_pooled_loco,2020_retrospective_sa04,20200927_00,control,SA-04,24,context_only,42.87088,42.87088,44.483429,0.25,43.27401725,1.0541577500000017,44.328175,45.0,47.0,49.0,False,False,False,0,False
blend025_pooled_loco,2020_retrospective_sa04,20200927_00,control,SA-04,48,target_window,40.859718,40.859718,41.427032,0.25,41.0015465,1.0541577500000017,42.055704250000005,41.0,47.0,49.0,False,False,False,0,False
blend025_pooled_loco,2020_retrospective_sa04,20200927_00,control,SA-04,72,target_window,40.499168,40.499168,40.668945,0.25,40.54161225,1.0541577500000017,41.59577,42.0,47.0,49.0,False,False,False,0,False
blend050_pooled_loco,2018_cross_year_prospective,20180601_00,event,SA-04,24,target_window,45.509152,45.509152,47.119934,0.5,46.314543,0.6761034999999964,46.9906465,47.0,47.249969,49.078418,False,False,False,0,False
blend050_pooled_loco,2018_cross_year_prospective,20180601_00,event,SA-04,48,target_window,46.568024,46.568024,47.063049,0.5,46.8155365,0.6761034999999964,47.49164,48.2,47.249969,49.078418,True,True,False,1,False
blend050_pooled_loco,2018_cross_year_prospective,20180601_00,event,SA-04,72,target_window,46.616957,46.616957,47.945801,0.5,47.281379,0.6761034999999964,47.9574825,47.3,47.249969,49.078418,True,True,False,2,True
blend050_pooled_loco,2018_cross_year_prospective,20180614_00,control,SA-04,24,target_window,45.632617,45.632617,46.299377,0.5,45.965997,0.6854569999999995,46.651454,43.3,47.249969,49.078418,False,False,False,0,False
blend050_pooled_loco,2018_cross_year_prospective,20180614_00,control,SA-04,48,target_window,45.749274,45.749274,46.285767,0.5,46.0175205,0.6854569999999995,46.7029775,43.0,47.249969,49.078418,False,False,False,0,False
blend050_pooled_loco,2018_cross_year_prospective,20180614_00,control,SA-04,72,target_window,44.504704,44.504704,44.945923,0.5,44.7253135,0.6854569999999995,45.4107705,42.8,47.249969,49.078418,False,False,False,0,False
blend050_pooled_loco,2018_cross_year_prospective,20180619_00,event,SA-03,24,target_window,43.52858,43.52858,44.153992,0.5,43.841286,0.6446745000000007,44.4859605,45.0,47.0,49.0,False,False,False,0,False
blend050_pooled_loco,2018_cross_year_prospective,20180619_00,event,SA-03,48,target_window,44.2686,44.2686,45.414276,0.5,44.841438,0.6446745000000007,45.4861125,47.0,47.0,49.0,True,False,False,0,False
blend050_pooled_loco,2018_cross_year_prospective,20180619_00,event,SA-03,72,target_window,44.862366,44.862366,47.78302,0.5,46.322693,0.6446745000000007,46.9673675,47.0,47.0,49.0,True,False,False,0,False
blend050_pooled_loco,2018_cross_year_prospective,20180623_00,control,SA-03,24,target_window,43.710217,43.710217,47.004944,0.5,45.3575805,0.6854569999999995,46.0430375,43.4,47.0,49.0,False,False,False,0,False
blend050_pooled_loco,2018_cross_year_prospective,20180623_00,control,SA-03,48,target_window,43.328873,43.328873,44.586487,0.5,43.957679999999996,0.6854569999999995,44.643136999999996,44.0,47.0,49.0,False,False,False,0,False
blend050_pooled_loco,2018_cross_year_prospective,20180623_00,control,SA-03,72,target_window,42.828177,42.828177,43.891113,0.5,43.359645,0.6854569999999995,44.045102,43.0,47.0,49.0,False,False,False,0,False
blend050_pooled_loco,2018_cross_year_prospective,20180709_00,event,SA-04,24,target_window,47.452081,47.452081,48.143402,0.5,47.7977415,0.6761034999999964,48.473845,47.0,47.249969,49.078418,False,True,False,1,False
blend050_pooled_loco,2018_cross_year_prospective,20180709_00,event,SA-04,48,target_window,46.501558,46.501558,47.531647,0.5,47.016602500000005,0.6761034999999964,47.692706,48.0,47.249969,49.078418,True,True,False,2,True
blend050_pooled_loco,2018_cross_year_prospective,20180709_00,event,SA-04,72,target_window,46.41606,46.41606,47.837372,0.5,47.126716,0.6761034999999964,47.8028195,48.0,47.249969,49.078418,True,True,False,3,True
blend050_pooled_loco,2018_cross_year_prospective,20180719_00,control,SA-04,24,target_window,45.306812,45.306812,46.342468,0.5,45.82464,0.6854569999999995,46.510097,45.0,47.249969,49.078418,False,False,False,0,False
blend050_pooled_loco,2018_cross_year_prospective,20180719_00,control,SA-04,48,target_window,45.943123,45.943123,46.409851,0.5,46.176487,0.6854569999999995,46.861944,45.0,47.249969,49.078418,False,False,False,0,False
blend050_pooled_loco,2018_cross_year_prospective,20180719_00,control,SA-04,72,target_window,45.913065,45.913065,46.644348,0.5,46.2787065,0.6854569999999995,46.9641635,44.0,47.249969,49.078418,False,False,False,0,False
blend050_pooled_loco,2020_retrospective_sa04,20200619_00,control,SA-04,24,context_only,43.867627,43.867627,44.670044,0.5,44.268835499999994,0.6854569999999995,44.954292499999994,44.1,47.249969,49.078418,False,False,False,0,False
blend050_pooled_loco,2020_retrospective_sa04,20200619_00,control,SA-04,48,target_window,44.084943,44.084943,44.893799,0.5,44.489371000000006,0.6854569999999995,45.174828000000005,43.1,47.249969,49.078418,False,False,False,0,False
blend050_pooled_loco,2020_retrospective_sa04,20200619_00,control,SA-04,72,target_window,44.450366,44.450366,45.464539,0.5,44.9574525,0.6854569999999995,45.6429095,43.0,47.249969,49.078418,False,False,False,0,False
blend050_pooled_loco,2020_retrospective_sa04,20200622_00,control,SA-04,24,context_only,43.013921,43.013921,43.666168,0.5,43.340044500000005,0.677306999999999,44.017351500000004,41.0,47.249969,49.078418,False,False,False,0,False
blend050_pooled_loco,2020_retrospective_sa04,20200622_00,control,SA-04,48,target_window,42.062547,42.062547,43.851593,0.5,42.95707,0.677306999999999,43.634377,44.0,47.249969,49.078418,False,False,False,0,False
blend050_pooled_loco,2020_retrospective_sa04,20200622_00,control,SA-04,72,target_window,42.636359,42.636359,44.274292,0.5,43.4553255,0.677306999999999,44.1326325,44.1,47.249969,49.078418,False,False,False,0,False
blend050_pooled_loco,2020_prospective_sa08,20200623_00,control,SA-08,24,context_only,40.433228,40.433228,40.785156,0.5,40.609192,0.6446745000000007,41.2538665,42.0,47.0,49.0,False,False,False,0,False
blend050_pooled_loco,2020_prospective_sa08,20200623_00,control,SA-08,48,target_window,39.605121,39.605121,40.024261,0.5,39.814690999999996,0.6446745000000007,40.4593655,42.0,47.0,49.0,False,False,False,0,False
blend050_pooled_loco,2020_prospective_sa08,20200623_00,control,SA-08,72,target_window,39.205518,39.205518,39.506744,0.5,39.356131,0.6446745000000007,40.0008055,42.0,47.0,49.0,False,False,False,0,False
blend050_pooled_loco,2020_retrospective_sa04,20200627_00,event,SA-04,24,context_only,44.956194,44.956194,45.773193,0.5,45.3646935,0.6761034999999964,46.040797,46.0,47.249969,49.078418,False,False,False,0,False
blend050_pooled_loco,2020_retrospective_sa04,20200627_00,event,SA-04,48,target_window,45.007985,45.007985,46.384705,0.5,45.696344999999994,0.6761034999999964,46.37244849999999,47.0,47.249969,49.078418,False,False,False,0,False
blend050_pooled_loco,2020_retrospective_sa04,20200627_00,event,SA-04,72,target_window,45.463254,45.463254,45.994537,0.5,45.7288955,0.6761034999999964,46.404999,48.0,47.249969,49.078418,True,False,False,0,False
blend050_pooled_loco,2020_prospective_sa08,20200702_00,event,SA-08,24,context_only,43.316388,43.316388,44.237,0.5,43.776694000000006,0.6761034999999964,44.4527975,44.2,47.0,49.0,False,False,False,0,False
blend050_pooled_loco,2020_prospective_sa08,20200702_00,event,SA-08,48,target_window,44.190881,44.190881,44.5672,0.5,44.3790405,0.6761034999999964,45.055144,47.0,47.0,49.0,True,False,False,0,False
blend050_pooled_loco,2020_prospective_sa08,20200702_00,event,SA-08,72,target_window,45.036707,45.036707,45.202515,0.5,45.119611,0.6761034999999964,45.795714499999995,47.0,47.0,49.0,True,False,False,0,False
blend050_pooled_loco,2020_retrospective_sa04,20200706_00,event,SA-04,24,context_only,47.378952,47.378952,48.129761,0.5,47.7543565,0.6761034999999964,48.43046,49.0,47.249969,49.078418,True,True,False,1,False
blend050_pooled_loco,2020_retrospective_sa04,20200706_00,event,SA-04,48,target_window,47.848279,47.848279,48.488251,0.5,48.168265,0.6761034999999964,48.844368499999995,50.0,47.249969,49.078418,True,True,False,2,True
blend050_pooled_loco,2020_retrospective_sa04,20200706_00,event,SA-04,72,context_only,47.985997,47.985997,48.391327,0.5,48.188661999999994,0.6761034999999964,48.86476549999999,48.0,47.249969,49.078418,True,True,False,3,True
blend050_pooled_loco,2020_retrospective_sa04,20200715_00,event,SA-04,24,context_only,47.150662,47.150662,47.497131,0.5,47.323896500000004,0.677306999999999,48.0012035,48.0,47.249969,49.078418,True,True,False,1,False
blend050_pooled_loco,2020_retrospective_sa04,20200715_00,event,SA-04,48,target_window,46.327307,46.327307,46.84787,0.5,46.587588499999995,0.677306999999999,47.264895499999994,46.0,47.249969,49.078418,False,True,False,2,True
blend050_pooled_loco,2020_retrospective_sa04,20200715_00,event,SA-04,72,target_window,45.934428,45.934428,47.112854,0.5,46.523641,0.677306999999999,47.200948,48.0,47.249969,49.078418,True,False,False,0,False
blend050_pooled_loco,2020_retrospective_sa04,20200806_00,event,SA-04,24,context_only,45.273853,45.273853,46.228577,0.5,45.751215,0.6761034999999964,46.4273185,46.0,47.249969,49.078418,False,False,False,0,False
blend050_pooled_loco,2020_retrospective_sa04,20200806_00,event,SA-04,48,target_window,45.082336,45.082336,45.62616,0.5,45.354248,0.6761034999999964,46.030351499999995,47.0,47.249969,49.078418,False,False,False,0,False
blend050_pooled_loco,2020_retrospective_sa04,20200806_00,event,SA-04,72,target_window,45.384962,45.384962,46.726837,0.5,46.0558995,0.6761034999999964,46.732003,49.0,47.249969,49.078418,True,False,False,0,False
blend050_pooled_loco,2020_retrospective_sa04,20200908_00,event,SA-04,24,context_only,44.458691,44.458691,46.451538,0.5,45.4551145,0.6761034999999964,46.131218,46.0,47.0,49.0,False,False,False,0,False
blend050_pooled_loco,2020_retrospective_sa04,20200908_00,event,SA-04,48,target_window,44.70089,44.70089,45.819611,0.5,45.2602505,0.6761034999999964,45.936353999999994,48.0,47.0,49.0,True,False,False,0,False
blend050_pooled_loco,2020_retrospective_sa04,20200908_00,event,SA-04,72,target_window,44.312521,44.312521,45.126556,0.5,44.7195385,0.6761034999999964,45.395641999999995,47.0,47.0,49.0,True,False,False,0,False
blend050_pooled_loco,2020_retrospective_sa04,20200927_00,control,SA-04,24,context_only,42.87088,42.87088,44.483429,0.5,43.6771545,0.6761034999999964,44.353258,45.0,47.0,49.0,False,False,False,0,False
blend050_pooled_loco,2020_retrospective_sa04,20200927_00,control,SA-04,48,target_window,40.859718,40.859718,41.427032,0.5,41.143375,0.6761034999999964,41.819478499999995,41.0,47.0,49.0,False,False,False,0,False
blend050_pooled_loco,2020_retrospective_sa04,20200927_00,control,SA-04,72,target_window,40.499168,40.499168,40.668945,0.5,40.5840565,0.6761034999999964,41.26016,42.0,47.0,49.0,False,False,False,0,False
blend075_pooled_loco,2018_cross_year_prospective,20180601_00,event,SA-04,24,target_window,45.509152,45.509152,47.119934,0.75,46.7172385,0.4310567499999962,47.14829525,47.0,47.249969,49.078418,False,False,False,0,False
blend075_pooled_loco,2018_cross_year_prospective,20180601_00,event,SA-04,48,target_window,46.568024,46.568024,47.063049,0.75,46.93929275,0.4310567499999962,47.370349499999996,48.2,47.249969,49.078418,True,True,False,1,False
blend075_pooled_loco,2018_cross_year_prospective,20180601_00,event,SA-04,72,target_window,46.616957,46.616957,47.945801,0.75,47.61359,0.4310567499999962,48.04464675,47.3,47.249969,49.078418,True,True,False,2,True
blend075_pooled_loco,2018_cross_year_prospective,20180614_00,control,SA-04,24,target_window,45.632617,45.632617,46.299377,0.75,46.132687000000004,0.5179559999999981,46.650643,43.3,47.249969,49.078418,False,False,False,0,False
blend075_pooled_loco,2018_cross_year_prospective,20180614_00,control,SA-04,48,target_window,45.749274,45.749274,46.285767,0.75,46.15164375,0.5179559999999981,46.669599749999996,43.0,47.249969,49.078418,False,False,False,0,False
blend075_pooled_loco,2018_cross_year_prospective,20180614_00,control,SA-04,72,target_window,44.504704,44.504704,44.945923,0.75,44.835618249999996,0.5179559999999981,45.353574249999994,42.8,47.249969,49.078418,False,False,False,0,False
blend075_pooled_loco,2018_cross_year_prospective,20180619_00,event,SA-03,24,target_window,43.52858,43.52858,44.153992,0.75,43.997639,0.28276149999999944,44.2804005,45.0,47.0,49.0,False,False,False,0,False
blend075_pooled_loco,2018_cross_year_prospective,20180619_00,event,SA-03,48,target_window,44.2686,44.2686,45.414276,0.75,45.127857,0.28276149999999944,45.4106185,47.0,47.0,49.0,True,False,False,0,False
blend075_pooled_loco,2018_cross_year_prospective,20180619_00,event,SA-03,72,target_window,44.862366,44.862366,47.78302,0.75,47.052856500000004,0.28276149999999944,47.335618000000004,47.0,47.0,49.0,True,True,False,1,False
blend075_pooled_loco,2018_cross_year_prospective,20180623_00,control,SA-03,24,target_window,43.710217,43.710217,47.004944,0.75,46.18126225,0.5179559999999981,46.69921825,43.4,47.0,49.0,False,False,False,0,False
blend075_pooled_loco,2018_cross_year_prospective,20180623_00,control,SA-03,48,target_window,43.328873,43.328873,44.586487,0.75,44.2720835,0.5179559999999981,44.7900395,44.0,47.0,49.0,False,False,False,0,False
blend075_pooled_loco,2018_cross_year_prospective,20180623_00,control,SA-03,72,target_window,42.828177,42.828177,43.891113,0.75,43.625378999999995,0.5179559999999981,44.14333499999999,43.0,47.0,49.0,False,False,False,0,False
blend075_pooled_loco,2018_cross_year_prospective,20180709_00,event,SA-04,24,target_window,47.452081,47.452081,48.143402,0.75,47.970571750000005,0.28276149999999944,48.253333250000004,47.0,47.249969,49.078418,False,True,False,1,False
blend075_pooled_loco,2018_cross_year_prospective,20180709_00,event,SA-04,48,target_window,46.501558,46.501558,47.531647,0.75,47.27412475,0.28276149999999944,47.55688625,48.0,47.249969,49.078418,True,True,False,2,True
blend075_pooled_loco,2018_cross_year_prospective,20180709_00,event,SA-04,72,target_window,46.41606,46.41606,47.837372,0.75,47.482044,0.28276149999999944,47.7648055,48.0,47.249969,49.078418,True,True,False,3,True
blend075_pooled_loco,2018_cross_year_prospective,20180719_00,control,SA-04,24,target_window,45.306812,45.306812,46.342468,0.75,46.083554,0.5179559999999981,46.60151,45.0,47.249969,49.078418,False,False,False,0,False
blend075_pooled_loco,2018_cross_year_prospective,20180719_00,control,SA-04,48,target_window,45.943123,45.943123,46.409851,0.75,46.293169000000006,0.5179559999999981,46.811125000000004,45.0,47.249969,49.078418,False,False,False,0,False
blend075_pooled_loco,2018_cross_year_prospective,20180719_00,control,SA-04,72,target_window,45.913065,45.913065,46.644348,0.75,46.46152725,0.5179559999999981,46.97948325,44.0,47.249969,49.078418,False,False,False,0,False
blend075_pooled_loco,2020_retrospective_sa04,20200619_00,control,SA-04,24,context_only,43.867627,43.867627,44.670044,0.75,44.46943975,0.5179559999999981,44.98739575,44.1,47.249969,49.078418,False,False,False,0,False
blend075_pooled_loco,2020_retrospective_sa04,20200619_00,control,SA-04,48,target_window,44.084943,44.084943,44.893799,0.75,44.691585,0.5179559999999981,45.209541,43.1,47.249969,49.078418,False,False,False,0,False
blend075_pooled_loco,2020_retrospective_sa04,20200619_00,control,SA-04,72,target_window,44.450366,44.450366,45.464539,0.75,45.21099575,0.5179559999999981,45.72895175,43.0,47.249969,49.078418,False,False,False,0,False
blend075_pooled_loco,2020_retrospective_sa04,20200622_00,control,SA-04,24,context_only,43.013921,43.013921,43.666168,0.75,43.50310625,0.4310567499999962,43.934163,41.0,47.249969,49.078418,False,False,False,0,False
blend075_pooled_loco,2020_retrospective_sa04,20200622_00,control,SA-04,48,target_window,42.062547,42.062547,43.851593,0.75,43.4043315,0.4310567499999962,43.835388249999994,44.0,47.249969,49.078418,False,False,False,0,False
blend075_pooled_loco,2020_retrospective_sa04,20200622_00,control,SA-04,72,target_window,42.636359,42.636359,44.274292,0.75,43.86480875,0.4310567499999962,44.2958655,44.1,47.249969,49.078418,False,False,False,0,False
blend075_pooled_loco,2020_prospective_sa08,20200623_00,control,SA-08,24,context_only,40.433228,40.433228,40.785156,0.75,40.697174000000004,0.23519124999999974,40.932365250000004,42.0,47.0,49.0,False,False,False,0,False
blend075_pooled_loco,2020_prospective_sa08,20200623_00,control,SA-08,48,target_window,39.605121,39.605121,40.024261,0.75,39.919476,0.23519124999999974,40.15466725,42.0,47.0,49.0,False,False,False,0,False
blend075_pooled_loco,2020_prospective_sa08,20200623_00,control,SA-08,72,target_window,39.205518,39.205518,39.506744,0.75,39.4314375,0.23519124999999974,39.66662875,42.0,47.0,49.0,False,False,False,0,False
blend075_pooled_loco,2020_retrospective_sa04,20200627_00,event,SA-04,24,context_only,44.956194,44.956194,45.773193,0.75,45.568943250000004,0.23519124999999974,45.8041345,46.0,47.249969,49.078418,False,False,False,0,False
blend075_pooled_loco,2020_retrospective_sa04,20200627_00,event,SA-04,48,target_window,45.007985,45.007985,46.384705,0.75,46.040524999999995,0.23519124999999974,46.275716249999995,47.0,47.249969,49.078418,False,False,False,0,False
blend075_pooled_loco,2020_retrospective_sa04,20200627_00,event,SA-04,72,target_window,45.463254,45.463254,45.994537,0.75,45.86171625,0.23519124999999974,46.0969075,48.0,47.249969,49.078418,True,False,False,0,False
blend075_pooled_loco,2020_prospective_sa08,20200702_00,event,SA-08,24,context_only,43.316388,43.316388,44.237,0.75,44.006847,0.28276149999999944,44.2896085,44.2,47.0,49.0,False,False,False,0,False
blend075_pooled_loco,2020_prospective_sa08,20200702_00,event,SA-08,48,target_window,44.190881,44.190881,44.5672,0.75,44.47312025,0.28276149999999944,44.75588175,47.0,47.0,49.0,True,False,False,0,False
blend075_pooled_loco,2020_prospective_sa08,20200702_00,event,SA-08,72,target_window,45.036707,45.036707,45.202515,0.75,45.161063,0.28276149999999944,45.4438245,47.0,47.0,49.0,True,False,False,0,False
blend075_pooled_loco,2020_retrospective_sa04,20200706_00,event,SA-04,24,context_only,47.378952,47.378952,48.129761,0.75,47.94205875,0.28276149999999944,48.22482025,49.0,47.249969,49.078418,True,True,False,1,False
blend075_pooled_loco,2020_retrospective_sa04,20200706_00,event,SA-04,48,target_window,47.848279,47.848279,48.488251,0.75,48.328258,0.28276149999999944,48.6110195,50.0,47.249969,49.078418,True,True,False,2,True
blend075_pooled_loco,2020_retrospective_sa04,20200706_00,event,SA-04,72,context_only,47.985997,47.985997,48.391327,0.75,48.2899945,0.28276149999999944,48.572756,48.0,47.249969,49.078418,True,True,False,3,True
blend075_pooled_loco,2020_retrospective_sa04,20200715_00,event,SA-04,24,context_only,47.150662,47.150662,47.497131,0.75,47.41051375,0.28276149999999944,47.69327525,48.0,47.249969,49.078418,True,True,False,1,False
blend075_pooled_loco,2020_retrospective_sa04,20200715_00,event,SA-04,48,target_window,46.327307,46.327307,46.84787,0.75,46.71772925,0.28276149999999944,47.00049075,46.0,47.249969,49.078418,False,False,False,0,False
blend075_pooled_loco,2020_retrospective_sa04,20200715_00,event,SA-04,72,target_window,45.934428,45.934428,47.112854,0.75,46.8182475,0.28276149999999944,47.101009,48.0,47.249969,49.078418,True,False,False,0,False
blend075_pooled_loco,2020_retrospective_sa04,20200806_00,event,SA-04,24,context_only,45.273853,45.273853,46.228577,0.75,45.989896,0.28276149999999944,46.2726575,46.0,47.249969,49.078418,False,False,False,0,False
blend075_pooled_loco,2020_retrospective_sa04,20200806_00,event,SA-04,48,target_window,45.082336,45.082336,45.62616,0.75,45.490204,0.28276149999999944,45.7729655,47.0,47.249969,49.078418,False,False,False,0,False
blend075_pooled_loco,2020_retrospective_sa04,20200806_00,event,SA-04,72,target_window,45.384962,45.384962,46.726837,0.75,46.39136825,0.28276149999999944,46.67412975,49.0,47.249969,49.078418,True,False,False,0,False
blend075_pooled_loco,2020_retrospective_sa04,20200908_00,event,SA-04,24,context_only,44.458691,44.458691,46.451538,0.75,45.95332625,0.28276149999999944,46.23608775,46.0,47.0,49.0,False,False,False,0,False
blend075_pooled_loco,2020_retrospective_sa04,20200908_00,event,SA-04,48,target_window,44.70089,44.70089,45.819611,0.75,45.53993075,0.28276149999999944,45.82269225,48.0,47.0,49.0,True,False,False,0,False
blend075_pooled_loco,2020_retrospective_sa04,20200908_00,event,SA-04,72,target_window,44.312521,44.312521,45.126556,0.75,44.923047249999996,0.28276149999999944,45.205808749999996,47.0,47.0,49.0,True,False,False,0,False
blend075_pooled_loco,2020_retrospective_sa04,20200927_00,control,SA-04,24,context_only,42.87088,42.87088,44.483429,0.75,44.08029175,0.28276149999999944,44.36305325,45.0,47.0,49.0,False,False,False,0,False
blend075_pooled_loco,2020_retrospective_sa04,20200927_00,control,SA-04,48,target_window,40.859718,40.859718,41.427032,0.75,41.285203499999994,0.28276149999999944,41.567964999999994,41.0,47.0,49.0,False,False,False,0,False
blend075_pooled_loco,2020_retrospective_sa04,20200927_00,control,SA-04,72,target_window,40.499168,40.499168,40.668945,0.75,40.62650075,0.28276149999999944,40.90926225,42.0,47.0,49.0,False,False,False,0,False
maximum_pooled_loco,2018_cross_year_prospective,20180601_00,event,SA-04,24,target_window,45.509152,45.509152,47.119934,1.0,47.119934,0.14840699999999885,47.268341,47.0,47.249969,49.078418,False,True,False,1,False
maximum_pooled_loco,2018_cross_year_prospective,20180601_00,event,SA-04,48,target_window,46.568024,46.568024,47.063049,1.0,47.063049,0.14840699999999885,47.211456,48.2,47.249969,49.078418,True,False,False,0,False
maximum_pooled_loco,2018_cross_year_prospective,20180601_00,event,SA-04,72,target_window,46.616957,46.616957,47.945801,1.0,47.945801,0.14840699999999885,48.094208,47.3,47.249969,49.078418,True,True,False,1,False
maximum_pooled_loco,2018_cross_year_prospective,20180614_00,control,SA-04,24,target_window,45.632617,45.632617,46.299377,1.0,46.299377,0.162627999999998,46.462005,43.3,47.249969,49.078418,False,False,False,0,False
maximum_pooled_loco,2018_cross_year_prospective,20180614_00,control,SA-04,48,target_window,45.749274,45.749274,46.285767,1.0,46.285767,0.162627999999998,46.448395,43.0,47.249969,49.078418,False,False,False,0,False
maximum_pooled_loco,2018_cross_year_prospective,20180614_00,control,SA-04,72,target_window,44.504704,44.504704,44.945923,1.0,44.945923,0.162627999999998,45.108551,42.8,47.249969,49.078418,False,False,False,0,False
maximum_pooled_loco,2018_cross_year_prospective,20180619_00,event,SA-03,24,target_window,43.52858,43.52858,44.153992,1.0,44.153992,-0.036999999999999034,44.116992,45.0,47.0,49.0,False,False,False,0,False
maximum_pooled_loco,2018_cross_year_prospective,20180619_00,event,SA-03,48,target_window,44.2686,44.2686,45.414276,1.0,45.414276,-0.036999999999999034,45.377276,47.0,47.0,49.0,True,False,False,0,False
maximum_pooled_loco,2018_cross_year_prospective,20180619_00,event,SA-03,72,target_window,44.862366,44.862366,47.78302,1.0,47.78302,-0.036999999999999034,47.74602,47.0,47.0,49.0,True,True,False,1,False
maximum_pooled_loco,2018_cross_year_prospective,20180623_00,control,SA-03,24,target_window,43.710217,43.710217,47.004944,1.0,47.004944,0.162627999999998,47.167572,43.4,47.0,49.0,False,True,False,1,False
maximum_pooled_loco,2018_cross_year_prospective,20180623_00,control,SA-03,48,target_window,43.328873,43.328873,44.586487,1.0,44.586487,0.162627999999998,44.749114999999996,44.0,47.0,49.0,False,False,False,0,False
maximum_pooled_loco,2018_cross_year_prospective,20180623_00,control,SA-03,72,target_window,42.828177,42.828177,43.891113,1.0,43.891113,0.162627999999998,44.053740999999995,43.0,47.0,49.0,False,False,False,0,False
maximum_pooled_loco,2018_cross_year_prospective,20180709_00,event,SA-04,24,target_window,47.452081,47.452081,48.143402,1.0,48.143402,-0.036999999999999034,48.106402,47.0,47.249969,49.078418,False,True,False,1,False
maximum_pooled_loco,2018_cross_year_prospective,20180709_00,event,SA-04,48,target_window,46.501558,46.501558,47.531647,1.0,47.531647,-0.036999999999999034,47.494647,48.0,47.249969,49.078418,True,True,False,2,True
maximum_pooled_loco,2018_cross_year_prospective,20180709_00,event,SA-04,72,target_window,46.41606,46.41606,47.837372,1.0,47.837372,-0.036999999999999034,47.800372,48.0,47.249969,49.078418,True,True,False,3,True
maximum_pooled_loco,2018_cross_year_prospective,20180719_00,control,SA-04,24,target_window,45.306812,45.306812,46.342468,1.0,46.342468,0.162627999999998,46.505095999999995,45.0,47.249969,49.078418,False,False,False,0,False
maximum_pooled_loco,2018_cross_year_prospective,20180719_00,control,SA-04,48,target_window,45.943123,45.943123,46.409851,1.0,46.409851,0.162627999999998,46.572479,45.0,47.249969,49.078418,False,False,False,0,False
maximum_pooled_loco,2018_cross_year_prospective,20180719_00,control,SA-04,72,target_window,45.913065,45.913065,46.644348,1.0,46.644348,0.162627999999998,46.806976,44.0,47.249969,49.078418,False,False,False,0,False
maximum_pooled_loco,2020_retrospective_sa04,20200619_00,control,SA-04,24,context_only,43.867627,43.867627,44.670044,1.0,44.670044,0.162627999999998,44.832671999999995,44.1,47.249969,49.078418,False,False,False,0,False
maximum_pooled_loco,2020_retrospective_sa04,20200619_00,control,SA-04,48,target_window,44.084943,44.084943,44.893799,1.0,44.893799,0.162627999999998,45.056427,43.1,47.249969,49.078418,False,False,False,0,False
maximum_pooled_loco,2020_retrospective_sa04,20200619_00,control,SA-04,72,target_window,44.450366,44.450366,45.464539,1.0,45.464539,0.162627999999998,45.627167,43.0,47.249969,49.078418,False,False,False,0,False
maximum_pooled_loco,2020_retrospective_sa04,20200622_00,control,SA-04,24,context_only,43.013921,43.013921,43.666168,1.0,43.666168,0.162627999999998,43.828796,41.0,47.249969,49.078418,False,False,False,0,False
maximum_pooled_loco,2020_retrospective_sa04,20200622_00,control,SA-04,48,target_window,42.062547,42.062547,43.851593,1.0,43.851593,0.162627999999998,44.014221,44.0,47.249969,49.078418,False,False,False,0,False
maximum_pooled_loco,2020_retrospective_sa04,20200622_00,control,SA-04,72,target_window,42.636359,42.636359,44.274292,1.0,44.274292,0.162627999999998,44.43692,44.1,47.249969,49.078418,False,False,False,0,False
maximum_pooled_loco,2020_prospective_sa08,20200623_00,control,SA-08,24,context_only,40.433228,40.433228,40.785156,1.0,40.785156,-0.11993400000000065,40.665222,42.0,47.0,49.0,False,False,False,0,False
maximum_pooled_loco,2020_prospective_sa08,20200623_00,control,SA-08,48,target_window,39.605121,39.605121,40.024261,1.0,40.024261,-0.11993400000000065,39.904327,42.0,47.0,49.0,False,False,False,0,False
maximum_pooled_loco,2020_prospective_sa08,20200623_00,control,SA-08,72,target_window,39.205518,39.205518,39.506744,1.0,39.506744,-0.11993400000000065,39.38681,42.0,47.0,49.0,False,False,False,0,False
maximum_pooled_loco,2020_retrospective_sa04,20200627_00,event,SA-04,24,context_only,44.956194,44.956194,45.773193,1.0,45.773193,-0.11993400000000065,45.653259,46.0,47.249969,49.078418,False,False,False,0,False
maximum_pooled_loco,2020_retrospective_sa04,20200627_00,event,SA-04,48,target_window,45.007985,45.007985,46.384705,1.0,46.384705,-0.11993400000000065,46.264770999999996,47.0,47.249969,49.078418,False,False,False,0,False
maximum_pooled_loco,2020_retrospective_sa04,20200627_00,event,SA-04,72,target_window,45.463254,45.463254,45.994537,1.0,45.994537,-0.11993400000000065,45.874603,48.0,47.249969,49.078418,True,False,False,0,False
maximum_pooled_loco,2020_prospective_sa08,20200702_00,event,SA-08,24,context_only,43.316388,43.316388,44.237,1.0,44.237,-0.11993400000000065,44.117066,44.2,47.0,49.0,False,False,False,0,False
maximum_pooled_loco,2020_prospective_sa08,20200702_00,event,SA-08,48,target_window,44.190881,44.190881,44.5672,1.0,44.5672,-0.11993400000000065,44.447266,47.0,47.0,49.0,True,False,False,0,False
maximum_pooled_loco,2020_prospective_sa08,20200702_00,event,SA-08,72,target_window,45.036707,45.036707,45.202515,1.0,45.202515,-0.11993400000000065,45.082581,47.0,47.0,49.0,True,False,False,0,False
maximum_pooled_loco,2020_retrospective_sa04,20200706_00,event,SA-04,24,context_only,47.378952,47.378952,48.129761,1.0,48.129761,-0.036999999999999034,48.092761,49.0,47.249969,49.078418,True,True,False,1,False
maximum_pooled_loco,2020_retrospective_sa04,20200706_00,event,SA-04,48,target_window,47.848279,47.848279,48.488251,1.0,48.488251,-0.036999999999999034,48.451251,50.0,47.249969,49.078418,True,True,False,2,True
maximum_pooled_loco,2020_retrospective_sa04,20200706_00,event,SA-04,72,context_only,47.985997,47.985997,48.391327,1.0,48.391327,-0.036999999999999034,48.354327,48.0,47.249969,49.078418,True,True,False,3,True
maximum_pooled_loco,2020_retrospective_sa04,20200715_00,event,SA-04,24,context_only,47.150662,47.150662,47.497131,1.0,47.497131,-0.036999999999999034,47.460131000000004,48.0,47.249969,49.078418,True,True,False,1,False
maximum_pooled_loco,2020_retrospective_sa04,20200715_00,event,SA-04,48,target_window,46.327307,46.327307,46.84787,1.0,46.84787,-0.036999999999999034,46.81087,46.0,47.249969,49.078418,False,False,False,0,False
maximum_pooled_loco,2020_retrospective_sa04,20200715_00,event,SA-04,72,target_window,45.934428,45.934428,47.112854,1.0,47.112854,-0.036999999999999034,47.075854,48.0,47.249969,49.078418,True,False,False,0,False
maximum_pooled_loco,2020_retrospective_sa04,20200806_00,event,SA-04,24,context_only,45.273853,45.273853,46.228577,1.0,46.228577,-0.036999999999999034,46.191577,46.0,47.249969,49.078418,False,False,False,0,False
maximum_pooled_loco,2020_retrospective_sa04,20200806_00,event,SA-04,48,target_window,45.082336,45.082336,45.62616,1.0,45.62616,-0.036999999999999034,45.58916,47.0,47.249969,49.078418,False,False,False,0,False
maximum_pooled_loco,2020_retrospective_sa04,20200806_00,event,SA-04,72,target_window,45.384962,45.384962,46.726837,1.0,46.726837,-0.036999999999999034,46.689837000000004,49.0,47.249969,49.078418,True,False,False,0,False
maximum_pooled_loco,2020_retrospective_sa04,20200908_00,event,SA-04,24,context_only,44.458691,44.458691,46.451538,1.0,46.451538,-0.036999999999999034,46.414538,46.0,47.0,49.0,False,False,False,0,False
maximum_pooled_loco,2020_retrospective_sa04,20200908_00,event,SA-04,48,target_window,44.70089,44.70089,45.819611,1.0,45.819611,-0.036999999999999034,45.782611,48.0,47.0,49.0,True,False,False,0,False
maximum_pooled_loco,2020_retrospective_sa04,20200908_00,event,SA-04,72,target_window,44.312521,44.312521,45.126556,1.0,45.126556,-0.036999999999999034,45.089556,47.0,47.0,49.0,True,False,False,0,False
maximum_pooled_loco,2020_retrospective_sa04,20200927_00,control,SA-04,24,context_only,42.87088,42.87088,44.483429,1.0,44.483429,-0.036999999999999034,44.446429,45.0,47.0,49.0,False,False,False,0,False
maximum_pooled_loco,2020_retrospective_sa04,20200927_00,control,SA-04,48,target_window,40.859718,40.859718,41.427032,1.0,41.427032,-0.036999999999999034,41.390032,41.0,47.0,49.0,False,False,False,0,False
maximum_pooled_loco,2020_retrospective_sa04,20200927_00,control,SA-04,72,target_window,40.499168,40.499168,40.668945,1.0,40.668945,-0.036999999999999034,40.631945,42.0,47.0,49.0,False,False,False,0,False
